
#
# general parameters
# 
max_step  =  50000    # maximum timestep
stop_time =  2e-08 # maximum problem time


# 
# geometry description
# 
# Coordinate system: XY -> 0, RZ -> 1 
geometry.coord_sys = 1
# Simulation window, limit the real domain of simulation
geometry.prob_lo =   0.0000000e+00   0.0000000e+00 # lower corner  ##falta
geometry.prob_hi =   3.0000000e-03   3.0000000e-03 # upper corner  ##falta
# Periodicity of the domain: no PBC -> 0, PBC -> 1 (must specify the value for both dimensions)
geometry.is_periodic =  0 0

#
# adaptive mesh refinement parameters	##esto hay que cambiarlo?
#
amr.v               = 1               # Verbose output
amr.n_cell          = 256 256          # number of cells for base level
amr.max_level       = 3              # maximum level number allowed
amr.ref_ratio       = 2 2 2 2 2 2 2 2 # refinement ratio 
amr.regrid_int      = 2               # how often to regrid
amr.n_error_buf     = 2 2 2 2 2 2 2 2 # number of buffer cells in error est
amr.grid_eff        = 0.6             # what constitutes an efficient grid
amr.blocking_factor = 4               # block factor in grid generation

#checkpoints
amr.check_file      = ./chk/omega_target # root name for checkpoint files
amr.check_int       = 80          # frequency to create checkpoints
# plot files, not really used
amr.plot_file       = ./plt/omega_target # root name for plot files
amr.plot_int        = -1          # frequency for plot files
# rwm files
amr.rwm_file        = omega_target   # root name for output file
amr.rwm_int         = 20      # plot frequency
# restart form checkpoint ? init means start from the beginin, otherwise use the path to checkpoint
amr.restart         = init
amr.max_grid_size   = 2048
amr.errmlt          = 1.0

#
# tagging parameters
#
tag.mat_idx         = 1 # always tag material with this index (statrting with 0)
tag.mat_lev         = 0 # use material tagging for levels from this
tag.floor_den       = 5.0e-01 # density floor value for tagging
tag.err_den         = 0.05 # criteria to tag density
tag.err_tem         = 0.25 # criteria to tag temperature

#
# hydrodynamic parameters  
#
hyp.active         = 1     # 0 -> no hydro, !=0 do hydro
hyp.unsplit        = 1     # deprecated
hyp.use2t          = 0     # 0 -> 1T, !=0 -> 2T
hyp.sekora         = false
hyp.nadv           = 0     # no need of advected variables
hyp.v              = 1     # Verbose output?
hyp.dt_cutoff      = 0.0   # no dt curoff
hyp.cfl            = 0.3   # cfl number for hyperbolic system
hyp.init_shrink    = 0.01 # scale back initial timestep, for RZ coordinates, it must be reduced further
hyp.change_max     = 1.01  # maxumum allowed change in time step (1.01 means 1%)
hyp.artvis         = 0.1   # deprecated
hyp.gravity        = 0.0   # derecated
hyp.sum_interval   = 0     # deprected
hyp.do_reflux      = 1     # 1 => do refluxing
hyp.bogus_value    = 5.0e+5 # error value to fill new cells
#hyp.fixdt           = 1.0e-12 # use fixed time step, just for debug purposes

#
# problem description
#
# boundary conditions for hydro
Prob.lo_bc          = 3 3 # lower edge BC's 
Prob.hi_bc          = 2 2 # upper edge BC's 
# Prob.lo_bc = A B
# A is for x = xlo and B is for y = ylo
# >>>>>>>>>>>>>  BC FLAGS <<<<<<<<<<<<<<<<
# 0 = Interior/Periodic  3 = Symmetry
# 1 = Inflow             4 = SlipWall
# 2 = Outflow            5 = NoSlipWall

#
# output format for boxlib FArrayBox
#
fab.format = ASCII

#
# Initializes distribution strategy from ParmParse.
#
# ParmParse options are:
#
#   DistributionMapping.strategy = ROUNDROBIN
#   DistributionMapping.strategy = KNAPSACK
#
# The default strategy is ROUNDROBIN.
#
DistributionMapping.strategy = ROUNDROBIN
#DistributionMapping.strategy = KNAPSACK

#
# Diffusion solver parameters Solvers
#
solver.type         = BiCGStab
solver.weight       = 0.0
solver.maxIter      = 30
solver.iterPicard   = 8
solver.operator     = opJ
solver.verbose      = 1
solver.verbosity    = 1

#
# heat condution parameters
# 
cond.useOldSolver   = 0
cond.active         = 1
cond.fluxlimit      = 0.15
# boundary conditions for heat condution
BC.cond_lo  = 3 3
BC.cond_hi  = 3 3

lo.tol_rel = 1.e-4
lo.max_iter = 100

# 
# Radiation
#
# boundary condition, flags with same meaning as hydro BC minus one
BC.radt_lo=  2 2
BC.radt_hi=  1 1

rad.active  = true
rad.order   = 6 # Sn order
rad.verbose = 0
rad.iter_energia = 0
rad.wrdata  = 1
rad.radiom = 0
rad.tolerance = 1.0e-09
rad.iter_max = 10

rad.package = dafne
rad.reflux = true

rad.outer_rol = 1.0e-06
rad.inner_tol = 1.0e-06

rad.outer_it = 81
rad.inner_it_early = 81
rad.inner_it = 81

# 
# laser 
#
# use raytracing ? 0 -> no, 1 -> yes
laser.raytracing  =  1
laser.rayfile = rays_init_mathod_A.txt

laser.ray_int = -1

laser.win = false
laser.win_lo = -1.0 -1.0
laser.win_hi =  1.0  1.0e-04

# all these are deprecated
laser.basex1 =   0.0  0.0 0.0    
laser.basex2 =   1.0  1.0 1.0
boxlib.basea  =   1.0  1.0 1.0
laser.axisx1 =   0.0  0.0 0.0
laser.axisx2 =  -1.0 -1.0 -1.0
laser.focusx1=   0.0  0.0 0.0
laser.focusx2=   1.0  1.0 1.0
laser.pax1   =   0.0  0.0 0.0
laser.pax2   =  -1.0 -1.0 -1.0
laser.pbx1   =   1.0  1.0 1.0
laser.pbx2   =  -1.0 -1.0 -1.0

laser.nrays       =  -1

# laser parameters
laser.nlaser     = 1
laser.typepulse  = 89
laser.lambda     = 3.51e-07
laser.lasener    = 30000.0
laser.rcen       = 0.0          0.0 0.0
laser.hwhmx      = 500.0e-06  500.0e-06  500.0e-06
laser.tm         = 2.0e-09      2.0e-09 2.0e-9
laser.fwhmt      = 4.e-09       4.0e-09 4.0e-9
laser.exphg      = 4            4       4 # Hipergaussian exponent
laser.kabsnc     = 0.50         0.50    0.50  # absorption at critical density

# laser time profile, pairs (t, f(t))
laser.points   =	  0.0000000e+00   1.8157704e-03
  3.7988331e-11   3.3993398e-03
  6.5683171e-11   2.6167595e-02
  8.9976560e-11   6.5589477e-02
  9.3556293e-11   1.0648824e-01
  1.0750458e-10   1.5043491e-01
  1.1453737e-10   1.9133995e-01
  1.1814526e-10   2.4132593e-01
  1.3212170e-10   2.9435982e-01
  1.3579057e-10   3.6403478e-01
  1.4976701e-10   4.1706866e-01
  1.4989838e-10   4.5947569e-01
  1.5348280e-10   5.0188899e-01
  1.7427153e-10   5.2464469e-01
  2.0177401e-10   4.8531694e-01
  2.0510508e-10   4.4594527e-01
  2.1185638e-10   3.9597811e-01
  2.2198566e-10   3.2178464e-01
  2.2209826e-10   3.5813352e-01
  2.3565714e-10   2.7637365e-01
  2.4239436e-10   2.2186288e-01
  2.4564098e-10   1.5522954e-01
  2.5932185e-10   1.1284762e-01
  2.6955435e-10   7.1973960e-02
  2.8673050e-10   4.3229143e-02
  2.9358031e-10   2.5067255e-02
  3.1082215e-10   1.7525950e-02
  3.2117194e-10   1.4515704e-02
  3.4537149e-10   2.3646854e-02
  3.7306633e-10   4.6415109e-02
  3.9041607e-10   7.3708146e-02
  4.2515778e-10   1.4192505e-01
  4.4602626e-10   1.9042788e-01
  4.7723984e-10   2.3440592e-01
  4.9457082e-10   2.5564081e-01
  5.1186426e-10   2.6475941e-01
  5.2223751e-10   2.6932185e-01
  5.3258730e-10   2.6631160e-01
  5.6020238e-10   2.6333273e-01
  5.8092542e-10   2.6488492e-01
  6.0168130e-10   2.7703887e-01
  6.2598877e-10   3.2100436e-01
  6.5733371e-10   4.0738943e-01
  6.9222555e-10   5.2407151e-01
  7.1318787e-10   6.0286507e-01
  7.3410796e-10   6.6802780e-01
  7.5847172e-10   7.3016773e-01
  7.7945280e-10   8.1501943e-01
  8.2459122e-10   8.9537146e-01
  8.4547846e-10   9.4993243e-01
  8.5938453e-10   9.8024827e-01
  8.7322960e-10   9.9087513e-01
  8.9397610e-10   1.0000000e+00
  9.3194567e-10   9.9552542e-01
  9.8022280e-10   9.7440977e-01
  1.0215281e-09   9.3207805e-01
  1.0524555e-09   8.8366936e-01
  1.0730378e-09   8.3978545e-01
  1.1177634e-09   7.8685826e-01
  1.1555875e-09   7.3543304e-01
  1.1796557e-09   7.0215717e-01
  1.2106441e-09   6.7343745e-01
  1.2278859e-09   6.6589615e-01
  1.2485948e-09   6.6290473e-01
  1.2693226e-09   6.6597146e-01
  1.2970174e-09   6.8873971e-01
  1.3178390e-09   7.2209717e-01
  1.3490854e-09   7.7667697e-01
  1.3837849e-09   8.3126305e-01
  1.4219327e-09   8.8434086e-01
  1.4635055e-09   9.2833773e-01
  1.4911816e-09   9.4504784e-01
  1.5050032e-09   9.4810202e-01
  1.5326230e-09   9.4663769e-01
  1.5567287e-09   9.2547810e-01
  1.5911326e-09   8.8464837e-01
  1.6289426e-09   8.2867955e-01
  1.6495437e-09   7.9085379e-01
  1.7078140e-09   6.5162311e-01
  1.7283353e-09   5.8805022e-01
  1.7625422e-09   4.8360995e-01
  1.7898523e-09   3.8218620e-01
  1.8000145e-09   3.1859449e-01
  1.8273246e-09   2.1717075e-01
  1.8683343e-09   7.9423221e-02
  1.8855058e-09   4.9163867e-02
  1.9061444e-09   2.3454399e-02
  1.9268205e-09   9.8612233e-03
  1.9578886e-09   6.8886314e-03

#
# Materials
#
# number
mat.nmat    = 2  # 1:DT 2:HDC 
mat.eosid   = 230000 10006 
mat.opaid   =   1000  6000 
mat.zffid   = 230000 10006 

mat.file_eos =
/home/mcotelo/work/arwen/sim.arwen/sim.omega_target_dd/data_eos/dt_qeos.rwm
/home/mcotelo/work/arwen/sim.arwen/sim.omega_target_dd/data_eos/c_qeos.rwm
mat.file_opa =
/home/mcotelo/work/arwen/sim.arwen/sim.omega_target_dd/data_opa/opa_h_id01000_bart_dla_lte_8g.rwm
/home/mcotelo/work/arwen/sim.arwen/sim.omega_target_dd/data_opa/opa_c_id06000_bart_dla_lte_8g.rwm
mat.file_zff=
/home/mcotelo/work/arwen/sim.arwen/sim.omega_target_dd/data_eos/dt_qeos.rwm
/home/mcotelo/work/arwen/sim.arwen/sim.omega_target_dd/data_eos/c_qeos.rwm

# type of EOS
mat.eos_tot = real
mat.eos_ion = real
mat.eos_ele = real

#
# regions
#

# ambient 
reg.densityAmbient     = 1.e-2  # kg/m3
reg.temperatureAmbient = 300.0     
reg.uxAmbient          = 0.0
reg.uyAmbient          = 0.0 
reg.materialAmbient    = 2

# number of regions 
reg.regions = 3

# 1: shell (CH plastic ablator)
# 2: DT ice shell (Cryogenic fuel ice)
# 3: DT gas core (Light gas core)
#
# Replacing false values with true densities (in kg/m3) and temperatures (in Kelvin):
reg.den = 1.05e+03  1.62e+02  0.45e+00  
reg.tem = 3.00e+02  1.80e+01  1.80e+01 
reg.ux  = 0.00e+00  0.00e+00  0.00e+00 
reg.uy  = 0.00e+00  0.00e+00  0.00e+00 
reg.mat = 2         1         1        

# Formatting integers for the end of the file
reg.np     = 4001 4001 2001
reg.points = 
 -1.0000000e-03   0.0000000e+00
 -9.9999506e-04   3.1431591e-06
 -9.9998024e-04   6.2862871e-06
 -9.9995554e-04   9.4293530e-06
 -9.9992097e-04   1.2572326e-05
 -9.9987651e-04   1.5715174e-05
 -9.9982217e-04   1.8857868e-05
 -9.9975796e-04   2.2000375e-05
 -9.9968387e-04   2.5142664e-05
 -9.9959991e-04   2.8284705e-05
 -9.9950607e-04   3.1426467e-05
 -9.9940235e-04   3.4567918e-05
 -9.9928876e-04   3.7709028e-05
 -9.9916530e-04   4.0849766e-05
 -9.9903197e-04   4.3990099e-05
 -9.9888876e-04   4.7129998e-05
 -9.9873569e-04   5.0269432e-05
 -9.9857275e-04   5.3408369e-05
 -9.9839995e-04   5.6546778e-05
 -9.9821728e-04   5.9684628e-05
 -9.9802475e-04   6.2821889e-05
 -9.9782237e-04   6.5958529e-05
 -9.9761012e-04   6.9094518e-05
 -9.9738802e-04   7.2229824e-05
 -9.9715606e-04   7.5364416e-05
 -9.9691425e-04   7.8498264e-05
 -9.9666259e-04   8.1631336e-05
 -9.9640109e-04   8.4763602e-05
 -9.9612974e-04   8.7895031e-05
 -9.9584855e-04   9.1025591e-05
 -9.9555753e-04   9.4155251e-05
 -9.9525666e-04   9.7283982e-05
 -9.9494597e-04   1.0041175e-04
 -9.9462544e-04   1.0353853e-04
 -9.9429509e-04   1.0666428e-04
 -9.9395492e-04   1.0978898e-04
 -9.9360492e-04   1.1291260e-04
 -9.9324511e-04   1.1603510e-04
 -9.9287549e-04   1.1915645e-04
 -9.9249606e-04   1.2227663e-04
 -9.9210682e-04   1.2539560e-04
 -9.9170778e-04   1.2851333e-04
 -9.9129894e-04   1.3162979e-04
 -9.9088031e-04   1.3474495e-04
 -9.9045190e-04   1.3785878e-04
 -9.9001369e-04   1.4097125e-04
 -9.8956571e-04   1.4408232e-04
 -9.8910794e-04   1.4719197e-04
 -9.8864041e-04   1.5030017e-04
 -9.8816311e-04   1.5340688e-04
 -9.8767605e-04   1.5651208e-04
 -9.8717922e-04   1.5961573e-04
 -9.8667265e-04   1.6271780e-04
 -9.8615633e-04   1.6581826e-04
 -9.8563026e-04   1.6891709e-04
 -9.8509446e-04   1.7201425e-04
 -9.8454893e-04   1.7510971e-04
 -9.8399367e-04   1.7820344e-04
 -9.8342868e-04   1.8129541e-04
 -9.8285399e-04   1.8438558e-04
 -9.8226958e-04   1.8747394e-04
 -9.8167546e-04   1.9056044e-04
 -9.8107165e-04   1.9364506e-04
 -9.8045815e-04   1.9672777e-04
 -9.7983496e-04   1.9980853e-04
 -9.7920209e-04   2.0288732e-04
 -9.7855955e-04   2.0596411e-04
 -9.7790733e-04   2.0903886e-04
 -9.7724546e-04   2.1211155e-04
 -9.7657393e-04   2.1518214e-04
 -9.7589276e-04   2.1825060e-04
 -9.7520194e-04   2.2131691e-04
 -9.7450149e-04   2.2438103e-04
 -9.7379141e-04   2.2744294e-04
 -9.7307171e-04   2.3050259e-04
 -9.7234240e-04   2.3355997e-04
 -9.7160348e-04   2.3661505e-04
 -9.7085496e-04   2.3966778e-04
 -9.7009685e-04   2.4271815e-04
 -9.6932916e-04   2.4576612e-04
 -9.6855189e-04   2.4881166e-04
 -9.6776505e-04   2.5185475e-04
 -9.6696865e-04   2.5489534e-04
 -9.6616269e-04   2.5793342e-04
 -9.6534720e-04   2.6096895e-04
 -9.6452216e-04   2.6400190e-04
 -9.6368760e-04   2.6703224e-04
 -9.6284351e-04   2.7005994e-04
 -9.6198991e-04   2.7308498e-04
 -9.6112681e-04   2.7610732e-04
 -9.6025421e-04   2.7912693e-04
 -9.5937213e-04   2.8214378e-04
 -9.5848057e-04   2.8515785e-04
 -9.5757954e-04   2.8816910e-04
 -9.5666905e-04   2.9117750e-04
 -9.5574910e-04   2.9418302e-04
 -9.5481972e-04   2.9718564e-04
 -9.5388090e-04   3.0018532e-04
 -9.5293266e-04   3.0318204e-04
 -9.5197500e-04   3.0617576e-04
 -9.5100794e-04   3.0916646e-04
 -9.5003148e-04   3.1215410e-04
 -9.4904564e-04   3.1513866e-04
 -9.4805042e-04   3.1812010e-04
 -9.4704584e-04   3.2109840e-04
 -9.4603189e-04   3.2407353e-04
 -9.4500861e-04   3.2704546e-04
 -9.4397598e-04   3.3001416e-04
 -9.4293403e-04   3.3297959e-04
 -9.4188277e-04   3.3594174e-04
 -9.4082220e-04   3.3890057e-04
 -9.3975233e-04   3.4185605e-04
 -9.3867318e-04   3.4480815e-04
 -9.3758476e-04   3.4775685e-04
 -9.3648707e-04   3.5070211e-04
 -9.3538013e-04   3.5364390e-04
 -9.3426395e-04   3.5658220e-04
 -9.3313854e-04   3.5951698e-04
 -9.3200391e-04   3.6244821e-04
 -9.3086008e-04   3.6537586e-04
 -9.2970704e-04   3.6829989e-04
 -9.2854483e-04   3.7122029e-04
 -9.2737344e-04   3.7413702e-04
 -9.2619288e-04   3.7705005e-04
 -9.2500318e-04   3.7995936e-04
 -9.2380434e-04   3.8286492e-04
 -9.2259637e-04   3.8576669e-04
 -9.2137929e-04   3.8866465e-04
 -9.2015310e-04   3.9155878e-04
 -9.1891782e-04   3.9444903e-04
 -9.1767347e-04   3.9733538e-04
 -9.1642005e-04   4.0021782e-04
 -9.1515757e-04   4.0309629e-04
 -9.1388605e-04   4.0597079e-04
 -9.1260551e-04   4.0884127e-04
 -9.1131595e-04   4.1170772e-04
 -9.1001738e-04   4.1457009e-04
 -9.0870983e-04   4.1742837e-04
 -9.0739330e-04   4.2028253e-04
 -9.0606780e-04   4.2313254e-04
 -9.0473335e-04   4.2597836e-04
 -9.0338996e-04   4.2881998e-04
 -9.0203765e-04   4.3165736e-04
 -9.0067643e-04   4.3449047e-04
 -8.9930631e-04   4.3731930e-04
 -8.9792730e-04   4.4014380e-04
 -8.9653942e-04   4.4296395e-04
 -8.9514269e-04   4.4577973e-04
 -8.9373711e-04   4.4859111e-04
 -8.9232270e-04   4.5139805e-04
 -8.9089948e-04   4.5420053e-04
 -8.8946745e-04   4.5699853e-04
 -8.8802664e-04   4.5979201e-04
 -8.8657705e-04   4.6258094e-04
 -8.8511871e-04   4.6536531e-04
 -8.8365162e-04   4.6814508e-04
 -8.8217580e-04   4.7092023e-04
 -8.8069126e-04   4.7369072e-04
 -8.7919803e-04   4.7645653e-04
 -8.7769611e-04   4.7921764e-04
 -8.7618551e-04   4.8197401e-04
 -8.7466626e-04   4.8472562e-04
 -8.7313837e-04   4.8747244e-04
 -8.7160186e-04   4.9021444e-04
 -8.7005673e-04   4.9295161e-04
 -8.6850301e-04   4.9568390e-04
 -8.6694070e-04   4.9841129e-04
 -8.6536984e-04   5.0113376e-04
 -8.6379042e-04   5.0385128e-04
 -8.6220247e-04   5.0656382e-04
 -8.6060600e-04   5.0927136e-04
 -8.5900102e-04   5.1197387e-04
 -8.5738757e-04   5.1467131e-04
 -8.5576564e-04   5.1736368e-04
 -8.5413525e-04   5.2005093e-04
 -8.5249643e-04   5.2273304e-04
 -8.5084919e-04   5.2540999e-04
 -8.4919354e-04   5.2808175e-04
 -8.4752950e-04   5.3074829e-04
 -8.4585708e-04   5.3340959e-04
 -8.4417631e-04   5.3606562e-04
 -8.4248720e-04   5.3871635e-04
 -8.4078977e-04   5.4136176e-04
 -8.3908403e-04   5.4400183e-04
 -8.3737000e-04   5.4663651e-04
 -8.3564770e-04   5.4926580e-04
 -8.3391714e-04   5.5188966e-04
 -8.3217835e-04   5.5450807e-04
 -8.3043133e-04   5.5712100e-04
 -8.2867611e-04   5.5972842e-04
 -8.2691270e-04   5.6233032e-04
 -8.2514112e-04   5.6492666e-04
 -8.2336139e-04   5.6751742e-04
 -8.2157353e-04   5.7010257e-04
 -8.1977754e-04   5.7268209e-04
 -8.1797346e-04   5.7525595e-04
 -8.1616130e-04   5.7782413e-04
 -8.1434108e-04   5.8038660e-04
 -8.1251281e-04   5.8294334e-04
 -8.1067651e-04   5.8549432e-04
 -8.0883220e-04   5.8803951e-04
 -8.0697991e-04   5.9057889e-04
 -8.0511964e-04   5.9311244e-04
 -8.0325141e-04   5.9564013e-04
 -8.0137525e-04   5.9816194e-04
 -7.9949118e-04   6.0067783e-04
 -7.9759920e-04   6.0318779e-04
 -7.9569935e-04   6.0569179e-04
 -7.9379163e-04   6.0818981e-04
 -7.9187607e-04   6.1068182e-04
 -7.8995269e-04   6.1316780e-04
 -7.8802150e-04   6.1564771e-04
 -7.8608253e-04   6.1812155e-04
 -7.8413580e-04   6.2058928e-04
 -7.8218131e-04   6.2305088e-04
 -7.8021910e-04   6.2550632e-04
 -7.7824918e-04   6.2795558e-04
 -7.7627157e-04   6.3039864e-04
 -7.7428629e-04   6.3283547e-04
 -7.7229337e-04   6.3526605e-04
 -7.7029281e-04   6.3769036e-04
 -7.6828464e-04   6.4010836e-04
 -7.6626888e-04   6.4252004e-04
 -7.6424556e-04   6.4492537e-04
 -7.6221468e-04   6.4732433e-04
 -7.6017627e-04   6.4971689e-04
 -7.5813035e-04   6.5210304e-04
 -7.5607694e-04   6.5448274e-04
 -7.5401606e-04   6.5685598e-04
 -7.5194774e-04   6.5922273e-04
 -7.4987198e-04   6.6158296e-04
 -7.4778882e-04   6.6393666e-04
 -7.4569826e-04   6.6628380e-04
 -7.4360034e-04   6.6862436e-04
 -7.4149508e-04   6.7095831e-04
 -7.3938249e-04   6.7328563e-04
 -7.3726259e-04   6.7560630e-04
 -7.3513541e-04   6.7792030e-04
 -7.3300097e-04   6.8022760e-04
 -7.3085928e-04   6.8252817e-04
 -7.2871038e-04   6.8482201e-04
 -7.2655427e-04   6.8710908e-04
 -7.2439099e-04   6.8938936e-04
 -7.2222055e-04   6.9166283e-04
 -7.2004298e-04   6.9392947e-04
 -7.1785829e-04   6.9618925e-04
 -7.1566651e-04   6.9844215e-04
 -7.1346766e-04   7.0068816e-04
 -7.1126176e-04   7.0292724e-04
 -7.0904884e-04   7.0515938e-04
 -7.0682891e-04   7.0738455e-04
 -7.0460199e-04   7.0960273e-04
 -7.0236812e-04   7.1181390e-04
 -7.0012731e-04   7.1401804e-04
 -6.9787957e-04   7.1621512e-04
 -6.9562495e-04   7.1840513e-04
 -6.9336345e-04   7.2058804e-04
 -6.9109510e-04   7.2276383e-04
 -6.8881993e-04   7.2493248e-04
 -6.8653795e-04   7.2709397e-04
 -6.8424918e-04   7.2924828e-04
 -6.8195366e-04   7.3139538e-04
 -6.7965140e-04   7.3353526e-04
 -6.7734242e-04   7.3566789e-04
 -6.7502676e-04   7.3779325e-04
 -6.7270442e-04   7.3991132e-04
 -6.7037544e-04   7.4202208e-04
 -6.6803983e-04   7.4412551e-04
 -6.6569763e-04   7.4622159e-04
 -6.6334885e-04   7.4831030e-04
 -6.6099351e-04   7.5039161e-04
 -6.5863165e-04   7.5246552e-04
 -6.5626328e-04   7.5453198e-04
 -6.5388842e-04   7.5659100e-04
 -6.5150710e-04   7.5864253e-04
 -6.4911935e-04   7.6068658e-04
 -6.4672519e-04   7.6272310e-04
 -6.4432463e-04   7.6475210e-04
 -6.4191771e-04   7.6677353e-04
 -6.3950445e-04   7.6878740e-04
 -6.3708487e-04   7.7079366e-04
 -6.3465899e-04   7.7279231e-04
 -6.3222685e-04   7.7478333e-04
 -6.2978846e-04   7.7676669e-04
 -6.2734385e-04   7.7874238e-04
 -6.2489304e-04   7.8071038e-04
 -6.2243605e-04   7.8267066e-04
 -6.1997292e-04   7.8462321e-04
 -6.1750366e-04   7.8656800e-04
 -6.1502830e-04   7.8850503e-04
 -6.1254687e-04   7.9043427e-04
 -6.1005938e-04   7.9235570e-04
 -6.0756587e-04   7.9426930e-04
 -6.0506635e-04   7.9617505e-04
 -6.0256086e-04   7.9807294e-04
 -6.0004941e-04   7.9996294e-04
 -5.9753204e-04   8.0184504e-04
 -5.9500876e-04   8.0371921e-04
 -5.9247960e-04   8.0558545e-04
 -5.8994459e-04   8.0744373e-04
 -5.8740376e-04   8.0929403e-04
 -5.8485711e-04   8.1113634e-04
 -5.8230469e-04   8.1297063e-04
 -5.7974652e-04   8.1479689e-04
 -5.7718262e-04   8.1661510e-04
 -5.7461302e-04   8.1842524e-04
 -5.7203774e-04   8.2022730e-04
 -5.6945681e-04   8.2202125e-04
 -5.6687025e-04   8.2380709e-04
 -5.6427810e-04   8.2558478e-04
 -5.6168037e-04   8.2735432e-04
 -5.5907708e-04   8.2911568e-04
 -5.5646828e-04   8.3086885e-04
 -5.5385398e-04   8.3261382e-04
 -5.5123421e-04   8.3435056e-04
 -5.4860899e-04   8.3607905e-04
 -5.4597835e-04   8.3779929e-04
 -5.4334231e-04   8.3951125e-04
 -5.4070091e-04   8.4121491e-04
 -5.3805417e-04   8.4291026e-04
 -5.3540211e-04   8.4459729e-04
 -5.3274476e-04   8.4627597e-04
 -5.3008215e-04   8.4794629e-04
 -5.2741430e-04   8.4960824e-04
 -5.2474124e-04   8.5126179e-04
 -5.2206300e-04   8.5290693e-04
 -5.1937960e-04   8.5454364e-04
 -5.1669107e-04   8.5617191e-04
 -5.1399743e-04   8.5779172e-04
 -5.1129871e-04   8.5940306e-04
 -5.0859495e-04   8.6100591e-04
 -5.0588616e-04   8.6260025e-04
 -5.0317237e-04   8.6418607e-04
 -5.0045361e-04   8.6576335e-04
 -4.9772990e-04   8.6733208e-04
 -4.9500128e-04   8.6889224e-04
 -4.9226777e-04   8.7044382e-04
 -4.8952940e-04   8.7198679e-04
 -4.8678618e-04   8.7352116e-04
 -4.8403816e-04   8.7504689e-04
 -4.8128536e-04   8.7656397e-04
 -4.7852780e-04   8.7807240e-04
 -4.7576552e-04   8.7957215e-04
 -4.7299853e-04   8.8106321e-04
 -4.7022688e-04   8.8254557e-04
 -4.6745057e-04   8.8401921e-04
 -4.6466965e-04   8.8548411e-04
 -4.6188414e-04   8.8694027e-04
 -4.5909406e-04   8.8838767e-04
 -4.5629945e-04   8.8982628e-04
 -4.5350033e-04   8.9125611e-04
 -4.5069673e-04   8.9267713e-04
 -4.4788868e-04   8.9408933e-04
 -4.4507620e-04   8.9549270e-04
 -4.4225933e-04   8.9688722e-04
 -4.3943808e-04   8.9827288e-04
 -4.3661250e-04   8.9964967e-04
 -4.3378260e-04   9.0101757e-04
 -4.3094841e-04   9.0237657e-04
 -4.2810997e-04   9.0372665e-04
 -4.2526730e-04   9.0506780e-04
 -4.2242043e-04   9.0640001e-04
 -4.1956938e-04   9.0772327e-04
 -4.1671419e-04   9.0903756e-04
 -4.1385488e-04   9.1034287e-04
 -4.1099148e-04   9.1163918e-04
 -4.0812403e-04   9.1292649e-04
 -4.0525254e-04   9.1420478e-04
 -4.0237705e-04   9.1547404e-04
 -3.9949758e-04   9.1673425e-04
 -3.9661416e-04   9.1798541e-04
 -3.9372683e-04   9.1922749e-04
 -3.9083561e-04   9.2046050e-04
 -3.8794052e-04   9.2168441e-04
 -3.8504160e-04   9.2289922e-04
 -3.8213888e-04   9.2410490e-04
 -3.7923239e-04   9.2530146e-04
 -3.7632214e-04   9.2648888e-04
 -3.7340818e-04   9.2766714e-04
 -3.7049053e-04   9.2883624e-04
 -3.6756922e-04   9.2999616e-04
 -3.6464428e-04   9.3114690e-04
 -3.6171574e-04   9.3228843e-04
 -3.5878362e-04   9.3342076e-04
 -3.5584796e-04   9.3454386e-04
 -3.5290878e-04   9.3565773e-04
 -3.4996612e-04   9.3676236e-04
 -3.4701999e-04   9.3785773e-04
 -3.4407044e-04   9.3894384e-04
 -3.4111749e-04   9.4002067e-04
 -3.3816117e-04   9.4108821e-04
 -3.3520151e-04   9.4214646e-04
 -3.3223854e-04   9.4319539e-04
 -3.2927229e-04   9.4423501e-04
 -3.2630278e-04   9.4526530e-04
 -3.2333005e-04   9.4628626e-04
 -3.2035412e-04   9.4729786e-04
 -3.1737503e-04   9.4830010e-04
 -3.1439281e-04   9.4929298e-04
 -3.1140748e-04   9.5027648e-04
 -3.0841907e-04   9.5125059e-04
 -3.0542761e-04   9.5221530e-04
 -3.0243314e-04   9.5317060e-04
 -2.9943568e-04   9.5411649e-04
 -2.9643526e-04   9.5505295e-04
 -2.9343191e-04   9.5597998e-04
 -2.9042567e-04   9.5689756e-04
 -2.8741655e-04   9.5780568e-04
 -2.8440459e-04   9.5870435e-04
 -2.8138983e-04   9.5959354e-04
 -2.7837228e-04   9.6047325e-04
 -2.7535199e-04   9.6134348e-04
 -2.7232897e-04   9.6220420e-04
 -2.6930327e-04   9.6305542e-04
 -2.6627490e-04   9.6389713e-04
 -2.6324390e-04   9.6472931e-04
 -2.6021031e-04   9.6555196e-04
 -2.5717414e-04   9.6636508e-04
 -2.5413543e-04   9.6716864e-04
 -2.5109421e-04   9.6796265e-04
 -2.4805051e-04   9.6874710e-04
 -2.4500435e-04   9.6952198e-04
 -2.4195578e-04   9.7028728e-04
 -2.3890482e-04   9.7104299e-04
 -2.3585150e-04   9.7178911e-04
 -2.3279584e-04   9.7252563e-04
 -2.2973789e-04   9.7325254e-04
 -2.2667767e-04   9.7396983e-04
 -2.2361521e-04   9.7467751e-04
 -2.2055054e-04   9.7537555e-04
 -2.1748369e-04   9.7606396e-04
 -2.1441469e-04   9.7674272e-04
 -2.1134357e-04   9.7741183e-04
 -2.0827037e-04   9.7807129e-04
 -2.0519510e-04   9.7872109e-04
 -2.0211781e-04   9.7936121e-04
 -1.9903853e-04   9.7999167e-04
 -1.9595727e-04   9.8061243e-04
 -1.9287409e-04   9.8122352e-04
 -1.8978899e-04   9.8182490e-04
 -1.8670202e-04   9.8241659e-04
 -1.8361321e-04   9.8299857e-04
 -1.8052258e-04   9.8357084e-04
 -1.7743017e-04   9.8413339e-04
 -1.7433600e-04   9.8468622e-04
 -1.7124012e-04   9.8522932e-04
 -1.6814254e-04   9.8576269e-04
 -1.6504330e-04   9.8628632e-04
 -1.6194243e-04   9.8680021e-04
 -1.5883996e-04   9.8730434e-04
 -1.5573592e-04   9.8779873e-04
 -1.5263034e-04   9.8828335e-04
 -1.4952326e-04   9.8875821e-04
 -1.4641469e-04   9.8922330e-04
 -1.4330469e-04   9.8967862e-04
 -1.4019326e-04   9.9012416e-04
 -1.3708045e-04   9.9055992e-04
 -1.3396629e-04   9.9098589e-04
 -1.3085080e-04   9.9140207e-04
 -1.2773402e-04   9.9180846e-04
 -1.2461597e-04   9.9220505e-04
 -1.2149670e-04   9.9259184e-04
 -1.1837623e-04   9.9296882e-04
 -1.1525458e-04   9.9333599e-04
 -1.1213180e-04   9.9369334e-04
 -1.0900791e-04   9.9404088e-04
 -1.0588294e-04   9.9437860e-04
 -1.0275693e-04   9.9470650e-04
 -9.9629901e-05   9.9502456e-04
 -9.6501888e-05   9.9533280e-04
 -9.3372922e-05   9.9563121e-04
 -9.0243034e-05   9.9591977e-04
 -8.7112254e-05   9.9619850e-04
 -8.3980613e-05   9.9646739e-04
 -8.0848143e-05   9.9672643e-04
 -7.7714874e-05   9.9697563e-04
 -7.4580837e-05   9.9721497e-04
 -7.1446063e-05   9.9744446e-04
 -6.8310584e-05   9.9766410e-04
 -6.5174429e-05   9.9787389e-04
 -6.2037631e-05   9.9807381e-04
 -5.8900220e-05   9.9826387e-04
 -5.5762227e-05   9.9844408e-04
 -5.2623683e-05   9.9861441e-04
 -4.9484619e-05   9.9877489e-04
 -4.6345066e-05   9.9892549e-04
 -4.3205055e-05   9.9906623e-04
 -4.0064618e-05   9.9919709e-04
 -3.6923785e-05   9.9931808e-04
 -3.3782586e-05   9.9942921e-04
 -3.0641055e-05   9.9953045e-04
 -2.7499220e-05   9.9962182e-04
 -2.4357114e-05   9.9970332e-04
 -2.1214767e-05   9.9977494e-04
 -1.8072210e-05   9.9983668e-04
 -1.4929475e-05   9.9988855e-04
 -1.1786593e-05   9.9993054e-04
 -8.6435940e-06   9.9996264e-04
 -5.5005097e-06   9.9998487e-04
 -2.3573710e-06   9.9999722e-04
  7.8579098e-07   9.9999969e-04
  3.9289452e-06   9.9999228e-04
  7.0720606e-06   9.9997499e-04
  1.0215106e-05   9.9994782e-04
  1.3358051e-05   9.9991078e-04
  1.6500863e-05   9.9986385e-04
  1.9643513e-05   9.9980705e-04
  2.2785969e-05   9.9974037e-04
  2.5928199e-05   9.9966381e-04
  2.9070173e-05   9.9957737e-04
  3.2211860e-05   9.9948106e-04
  3.5353229e-05   9.9937488e-04
  3.8494249e-05   9.9925882e-04
  4.1634888e-05   9.9913289e-04
  4.4775116e-05   9.9899709e-04
  4.7914901e-05   9.9885142e-04
  5.1054214e-05   9.9869588e-04
  5.4193022e-05   9.9853048e-04
  5.7331294e-05   9.9835521e-04
  6.0469000e-05   9.9817008e-04
  6.3606109e-05   9.9797508e-04
  6.6742589e-05   9.9777023e-04
  6.9878410e-05   9.9755552e-04
  7.3013540e-05   9.9733095e-04
  7.6147949e-05   9.9709653e-04
  7.9281606e-05   9.9685226e-04
  8.2414480e-05   9.9659814e-04
  8.5546539e-05   9.9633418e-04
  8.8677753e-05   9.9606037e-04
  9.1808091e-05   9.9577672e-04
  9.4937522e-05   9.9548323e-04
  9.8066016e-05   9.9517991e-04
  1.0119354e-04   9.9486676e-04
  1.0432006e-04   9.9454378e-04
  1.0744556e-04   9.9421097e-04
  1.1056999e-04   9.9386834e-04
  1.1369333e-04   9.9351589e-04
  1.1681555e-04   9.9315363e-04
  1.1993661e-04   9.9278155e-04
  1.2305649e-04   9.9239967e-04
  1.2617515e-04   9.9200798e-04
  1.2929257e-04   9.9160649e-04
  1.3240870e-04   9.9119521e-04
  1.3552353e-04   9.9077413e-04
  1.3863703e-04   9.9034326e-04
  1.4174915e-04   9.8990261e-04
  1.4485987e-04   9.8945218e-04
  1.4796916e-04   9.8899198e-04
  1.5107699e-04   9.8852200e-04
  1.5418332e-04   9.8804226e-04
  1.5728813e-04   9.8755275e-04
  1.6039139e-04   9.8705349e-04
  1.6349307e-04   9.8654448e-04
  1.6659313e-04   9.8602573e-04
  1.6969154e-04   9.8549723e-04
  1.7278827e-04   9.8495899e-04
  1.7588330e-04   9.8441102e-04
  1.7897660e-04   9.8385333e-04
  1.8206812e-04   9.8328592e-04
  1.8515784e-04   9.8270879e-04
  1.8824574e-04   9.8212196e-04
  1.9133177e-04   9.8152542e-04
  1.9441592e-04   9.8091919e-04
  1.9749814e-04   9.8030326e-04
  2.0057842e-04   9.7967765e-04
  2.0365671e-04   9.7904236e-04
  2.0673299e-04   9.7839740e-04
  2.0980723e-04   9.7774277e-04
  2.1287939e-04   9.7707848e-04
  2.1594945e-04   9.7640454e-04
  2.1901738e-04   9.7572096e-04
  2.2208315e-04   9.7502773e-04
  2.2514672e-04   9.7432487e-04
  2.2820806e-04   9.7361239e-04
  2.3126715e-04   9.7289028e-04
  2.3432396e-04   9.7215857e-04
  2.3737845e-04   9.7141725e-04
  2.4043060e-04   9.7066633e-04
  2.4348037e-04   9.6990583e-04
  2.4652773e-04   9.6913574e-04
  2.4957266e-04   9.6835607e-04
  2.5261513e-04   9.6756684e-04
  2.5565510e-04   9.6676805e-04
  2.5869254e-04   9.6595971e-04
  2.6172743e-04   9.6514183e-04
  2.6475973e-04   9.6431441e-04
  2.6778941e-04   9.6347747e-04
  2.7081645e-04   9.6263100e-04
  2.7384082e-04   9.6177503e-04
  2.7686248e-04   9.6090955e-04
  2.7988140e-04   9.6003458e-04
  2.8289756e-04   9.5915013e-04
  2.8591093e-04   9.5825620e-04
  2.8892146e-04   9.5735280e-04
  2.9192915e-04   9.5643995e-04
  2.9493395e-04   9.5551764e-04
  2.9793584e-04   9.5458590e-04
  3.0093478e-04   9.5364472e-04
  3.0393075e-04   9.5269413e-04
  3.0692372e-04   9.5173412e-04
  3.0991365e-04   9.5076471e-04
  3.1290053e-04   9.4978590e-04
  3.1588431e-04   9.4879771e-04
  3.1886497e-04   9.4780015e-04
  3.2184248e-04   9.4679323e-04
  3.2481682e-04   9.4577695e-04
  3.2778794e-04   9.4475133e-04
  3.3075582e-04   9.4371637e-04
  3.3372044e-04   9.4267209e-04
  3.3668176e-04   9.4161850e-04
  3.3963975e-04   9.4055560e-04
  3.4259439e-04   9.3948341e-04
  3.4554565e-04   9.3840194e-04
  3.4849349e-04   9.3731120e-04
  3.5143788e-04   9.3621120e-04
  3.5437881e-04   9.3510195e-04
  3.5731623e-04   9.3398346e-04
  3.6025012e-04   9.3285575e-04
  3.6318046e-04   9.3171882e-04
  3.6610720e-04   9.3057268e-04
  3.6903033e-04   9.2941735e-04
  3.7194982e-04   9.2825284e-04
  3.7486563e-04   9.2707916e-04
  3.7777773e-04   9.2589631e-04
  3.8068611e-04   9.2470433e-04
  3.8359072e-04   9.2350320e-04
  3.8649154e-04   9.2229295e-04
  3.8938854e-04   9.2107359e-04
  3.9228170e-04   9.1984513e-04
  3.9517098e-04   9.1860758e-04
  3.9805636e-04   9.1736096e-04
  4.0093781e-04   9.1610528e-04
  4.0381529e-04   9.1484054e-04
  4.0668879e-04   9.1356676e-04
  4.0955826e-04   9.1228396e-04
  4.1242369e-04   9.1099215e-04
  4.1528505e-04   9.0969134e-04
  4.1814230e-04   9.0838154e-04
  4.2099542e-04   9.0706276e-04
  4.2384439e-04   9.0573503e-04
  4.2668916e-04   9.0439834e-04
  4.2952972e-04   9.0305272e-04
  4.3236604e-04   9.0169818e-04
  4.3519808e-04   9.0033473e-04
  4.3802583e-04   8.9896239e-04
  4.4084925e-04   8.9758116e-04
  4.4366831e-04   8.9619107e-04
  4.4648299e-04   8.9479212e-04
  4.4929326e-04   8.9338433e-04
  4.5209909e-04   8.9196772e-04
  4.5490045e-04   8.9054230e-04
  4.5769732e-04   8.8910807e-04
  4.6048967e-04   8.8766506e-04
  4.6327747e-04   8.8621329e-04
  4.6606069e-04   8.8475275e-04
  4.6883930e-04   8.8328348e-04
  4.7161329e-04   8.8180548e-04
  4.7438261e-04   8.8031877e-04
  4.7714725e-04   8.7882336e-04
  4.7990718e-04   8.7731927e-04
  4.8266236e-04   8.7580651e-04
  4.8541277e-04   8.7428510e-04
  4.8815839e-04   8.7275505e-04
  4.9089919e-04   8.7121638e-04
  4.9363514e-04   8.6966910e-04
  4.9636621e-04   8.6811324e-04
  4.9909237e-04   8.6654879e-04
  5.0181361e-04   8.6497578e-04
  5.0452989e-04   8.6339423e-04
  5.0724118e-04   8.6180415e-04
  5.0994746e-04   8.6020555e-04
  5.1264870e-04   8.5859845e-04
  5.1534488e-04   8.5698288e-04
  5.1803597e-04   8.5535883e-04
  5.2072194e-04   8.5372634e-04
  5.2340277e-04   8.5208541e-04
  5.2607842e-04   8.5043606e-04
  5.2874888e-04   8.4877831e-04
  5.3141411e-04   8.4711218e-04
  5.3407409e-04   8.4543767e-04
  5.3672880e-04   8.4375482e-04
  5.3937821e-04   8.4206363e-04
  5.4202228e-04   8.4036412e-04
  5.4466100e-04   8.3865630e-04
  5.4729434e-04   8.3694020e-04
  5.4992227e-04   8.3521584e-04
  5.5254477e-04   8.3348322e-04
  5.5516182e-04   8.3174236e-04
  5.5777337e-04   8.2999329e-04
  5.6037942e-04   8.2823602e-04
  5.6297993e-04   8.2647057e-04
  5.6557487e-04   8.2469695e-04
  5.6816423e-04   8.2291519e-04
  5.7074798e-04   8.2112529e-04
  5.7332609e-04   8.1932728e-04
  5.7589853e-04   8.1752118e-04
  5.7846529e-04   8.1570700e-04
  5.8102633e-04   8.1388476e-04
  5.8358163e-04   8.1205448e-04
  5.8613116e-04   8.1021618e-04
  5.8867490e-04   8.0836988e-04
  5.9121283e-04   8.0651559e-04
  5.9374492e-04   8.0465333e-04
  5.9627114e-04   8.0278312e-04
  5.9879147e-04   8.0090498e-04
  6.0130588e-04   7.9901892e-04
  6.0381435e-04   7.9712498e-04
  6.0631686e-04   7.9522315e-04
  6.0881338e-04   7.9331348e-04
  6.1130388e-04   7.9139596e-04
  6.1378835e-04   7.8947062e-04
  6.1626675e-04   7.8753749e-04
  6.1873906e-04   7.8559658e-04
  6.2120526e-04   7.8364790e-04
  6.2366532e-04   7.8169148e-04
  6.2611922e-04   7.7972734e-04
  6.2856693e-04   7.7775550e-04
  6.3100843e-04   7.7577597e-04
  6.3344371e-04   7.7378878e-04
  6.3587272e-04   7.7179394e-04
  6.3829545e-04   7.6979148e-04
  6.4071187e-04   7.6778141e-04
  6.4312197e-04   7.6576376e-04
  6.4552571e-04   7.6373854e-04
  6.4792307e-04   7.6170578e-04
  6.5031403e-04   7.5966549e-04
  6.5269857e-04   7.5761770e-04
  6.5507666e-04   7.5556242e-04
  6.5744827e-04   7.5349968e-04
  6.5981340e-04   7.5142949e-04
  6.6217200e-04   7.4935188e-04
  6.6452406e-04   7.4726687e-04
  6.6686956e-04   7.4517447e-04
  6.6920846e-04   7.4307472e-04
  6.7154076e-04   7.4096762e-04
  6.7386642e-04   7.3885320e-04
  6.7618543e-04   7.3673148e-04
  6.7849775e-04   7.3460248e-04
  6.8080337e-04   7.3246622e-04
  6.8310227e-04   7.3032273e-04
  6.8539441e-04   7.2817203e-04
  6.8767979e-04   7.2601413e-04
  6.8995837e-04   7.2384905e-04
  6.9223013e-04   7.2167683e-04
  6.9449506e-04   7.1949747e-04
  6.9675312e-04   7.1731101e-04
  6.9900430e-04   7.1511746e-04
  7.0124858e-04   7.1291685e-04
  7.0348593e-04   7.1070919e-04
  7.0571632e-04   7.0849451e-04
  7.0793975e-04   7.0627283e-04
  7.1015618e-04   7.0404418e-04
  7.1236559e-04   7.0180857e-04
  7.1456797e-04   6.9956602e-04
  7.1676329e-04   6.9731656e-04
  7.1895152e-04   6.9506022e-04
  7.2113266e-04   6.9279701e-04
  7.2330667e-04   6.9052695e-04
  7.2547353e-04   6.8825007e-04
  7.2763322e-04   6.8596639e-04
  7.2978573e-04   6.8367594e-04
  7.3193103e-04   6.8137873e-04
  7.3406910e-04   6.7907478e-04
  7.3619991e-04   6.7676413e-04
  7.3832345e-04   6.7444680e-04
  7.4043970e-04   6.7212280e-04
  7.4254863e-04   6.6979216e-04
  7.4465022e-04   6.6745490e-04
  7.4674446e-04   6.6511105e-04
  7.4883132e-04   6.6276063e-04
  7.5091079e-04   6.6040366e-04
  7.5298283e-04   6.5804016e-04
  7.5504744e-04   6.5567017e-04
  7.5710458e-04   6.5329370e-04
  7.5915425e-04   6.5091077e-04
  7.6119641e-04   6.4852141e-04
  7.6323106e-04   6.4612565e-04
  7.6525816e-04   6.4372350e-04
  7.6727771e-04   6.4131499e-04
  7.6928968e-04   6.3890015e-04
  7.7129404e-04   6.3647899e-04
  7.7329078e-04   6.3405155e-04
  7.7527989e-04   6.3161784e-04
  7.7726134e-04   6.2917789e-04
  7.7923510e-04   6.2673173e-04
  7.8120117e-04   6.2427937e-04
  7.8315952e-04   6.2182085e-04
  7.8511013e-04   6.1935618e-04
  7.8705299e-04   6.1688539e-04
  7.8898807e-04   6.1440851e-04
  7.9091536e-04   6.1192556e-04
  7.9283483e-04   6.0943657e-04
  7.9474647e-04   6.0694155e-04
  7.9665026e-04   6.0444054e-04
  7.9854618e-04   6.0193356e-04
  8.0043420e-04   5.9942062e-04
  8.0231432e-04   5.9690177e-04
  8.0418652e-04   5.9437702e-04
  8.0605077e-04   5.9184640e-04
  8.0790705e-04   5.8930993e-04
  8.0975536e-04   5.8676764e-04
  8.1159566e-04   5.8421955e-04
  8.1342795e-04   5.8166569e-04
  8.1525220e-04   5.7910608e-04
  8.1706839e-04   5.7654076e-04
  8.1887652e-04   5.7396973e-04
  8.2067655e-04   5.7139304e-04
  8.2246847e-04   5.6881070e-04
  8.2425227e-04   5.6622274e-04
  8.2602793e-04   5.6362919e-04
  8.2779543e-04   5.6103006e-04
  8.2955474e-04   5.5842540e-04
  8.3130587e-04   5.5581522e-04
  8.3304877e-04   5.5319955e-04
  8.3478345e-04   5.5057841e-04
  8.3650989e-04   5.4795183e-04
  8.3822805e-04   5.4531984e-04
  8.3993794e-04   5.4268246e-04
  8.4163953e-04   5.4003973e-04
  8.4333280e-04   5.3739165e-04
  8.4501774e-04   5.3473827e-04
  8.4669434e-04   5.3207960e-04
  8.4836256e-04   5.2941568e-04
  8.5002241e-04   5.2674652e-04
  8.5167386e-04   5.2407217e-04
  8.5331690e-04   5.2139263e-04
  8.5495150e-04   5.1870794e-04
  8.5657766e-04   5.1601813e-04
  8.5819535e-04   5.1332322e-04
  8.5980457e-04   5.1062324e-04
  8.6140529e-04   5.0791822e-04
  8.6299751e-04   5.0520818e-04
  8.6458119e-04   5.0249314e-04
  8.6615634e-04   4.9977314e-04
  8.6772293e-04   4.9704821e-04
  8.6928094e-04   4.9431836e-04
  8.7083037e-04   4.9158363e-04
  8.7237119e-04   4.8884405e-04
  8.7390340e-04   4.8609963e-04
  8.7542697e-04   4.8335041e-04
  8.7694189e-04   4.8059642e-04
  8.7844815e-04   4.7783767e-04
  8.7994573e-04   4.7507421e-04
  8.8143462e-04   4.7230606e-04
  8.8291480e-04   4.6953323e-04
  8.8438626e-04   4.6675577e-04
  8.8584897e-04   4.6397370e-04
  8.8730294e-04   4.6118704e-04
  8.8874814e-04   4.5839583e-04
  8.9018456e-04   4.5560009e-04
  8.9161219e-04   4.5279985e-04
  8.9303101e-04   4.4999513e-04
  8.9444100e-04   4.4718597e-04
  8.9584216e-04   4.4437239e-04
  8.9723447e-04   4.4155442e-04
  8.9861791e-04   4.3873209e-04
  8.9999248e-04   4.3590542e-04
  9.0135815e-04   4.3307445e-04
  9.0271492e-04   4.3023920e-04
  9.0406277e-04   4.2739970e-04
  9.0540169e-04   4.2455597e-04
  9.0673167e-04   4.2170806e-04
  9.0805268e-04   4.1885597e-04
  9.0936473e-04   4.1599975e-04
  9.1066779e-04   4.1313941e-04
  9.1196185e-04   4.1027500e-04
  9.1324691e-04   4.0740653e-04
  9.1452294e-04   4.0453404e-04
  9.1578994e-04   4.0165755e-04
  9.1704789e-04   3.9877709e-04
  9.1829678e-04   3.9589270e-04
  9.1953660e-04   3.9300439e-04
  9.2076733e-04   3.9011220e-04
  9.2198897e-04   3.8721615e-04
  9.2320149e-04   3.8431628e-04
  9.2440490e-04   3.8141261e-04
  9.2559917e-04   3.7850518e-04
  9.2678430e-04   3.7559400e-04
  9.2796028e-04   3.7267912e-04
  9.2912708e-04   3.6976055e-04
  9.3028471e-04   3.6683833e-04
  9.3143315e-04   3.6391248e-04
  9.3257238e-04   3.6098304e-04
  9.3370240e-04   3.5805004e-04
  9.3482320e-04   3.5511349e-04
  9.3593476e-04   3.5217344e-04
  9.3703707e-04   3.4922991e-04
  9.3813013e-04   3.4628293e-04
  9.3921391e-04   3.4333252e-04
  9.4028842e-04   3.4037873e-04
  9.4135364e-04   3.3742157e-04
  9.4240956e-04   3.3446108e-04
  9.4345617e-04   3.3149729e-04
  9.4449346e-04   3.2853022e-04
  9.4552142e-04   3.2555990e-04
  9.4654003e-04   3.2258637e-04
  9.4754930e-04   3.1960965e-04
  9.4854920e-04   3.1662977e-04
  9.4953973e-04   3.1364677e-04
  9.5052089e-04   3.1066066e-04
  9.5149265e-04   3.0767149e-04
  9.5245501e-04   3.0467928e-04
  9.5340796e-04   3.0168405e-04
  9.5435149e-04   2.9868585e-04
  9.5528559e-04   2.9568470e-04
  9.5621026e-04   2.9268062e-04
  9.5712547e-04   2.8967365e-04
  9.5803124e-04   2.8666383e-04
  9.5892753e-04   2.8365117e-04
  9.5981436e-04   2.8063570e-04
  9.6069170e-04   2.7761747e-04
  9.6155955e-04   2.7459649e-04
  9.6241790e-04   2.7157280e-04
  9.6326674e-04   2.6854642e-04
  9.6410607e-04   2.6551740e-04
  9.6493587e-04   2.6248575e-04
  9.6575614e-04   2.5945150e-04
  9.6656686e-04   2.5641470e-04
  9.6736804e-04   2.5337536e-04
  9.6815966e-04   2.5033351e-04
  9.6894172e-04   2.4728920e-04
  9.6971420e-04   2.4424244e-04
  9.7047710e-04   2.4119326e-04
  9.7123042e-04   2.3814171e-04
  9.7197414e-04   2.3508780e-04
  9.7270826e-04   2.3203157e-04
  9.7343276e-04   2.2897305e-04
  9.7414765e-04   2.2591226e-04
  9.7485292e-04   2.2284925e-04
  9.7554855e-04   2.1978403e-04
  9.7623455e-04   2.1671664e-04
  9.7691090e-04   2.1364711e-04
  9.7757761e-04   2.1057546e-04
  9.7823465e-04   2.0750174e-04
  9.7888203e-04   2.0442597e-04
  9.7951973e-04   2.0134818e-04
  9.8014777e-04   1.9826840e-04
  9.8076611e-04   1.9518666e-04
  9.8137477e-04   1.9210299e-04
  9.8197373e-04   1.8901742e-04
  9.8256299e-04   1.8592999e-04
  9.8314255e-04   1.8284072e-04
  9.8371239e-04   1.7974964e-04
  9.8427251e-04   1.7665679e-04
  9.8482291e-04   1.7356219e-04
  9.8536358e-04   1.7046588e-04
  9.8589451e-04   1.6736788e-04
  9.8641571e-04   1.6426823e-04
  9.8692716e-04   1.6116696e-04
  9.8742885e-04   1.5806410e-04
  9.8792080e-04   1.5495967e-04
  9.8840298e-04   1.5185371e-04
  9.8887540e-04   1.4874625e-04
  9.8933805e-04   1.4563733e-04
  9.8979092e-04   1.4252696e-04
  9.9023402e-04   1.3941519e-04
  9.9066733e-04   1.3630203e-04
  9.9109085e-04   1.3318754e-04
  9.9150459e-04   1.3007172e-04
  9.9190853e-04   1.2695462e-04
  9.9230266e-04   1.2383627e-04
  9.9268700e-04   1.2071669e-04
  9.9306153e-04   1.1759592e-04
  9.9342625e-04   1.1447399e-04
  9.9378115e-04   1.1135093e-04
  9.9412623e-04   1.0822677e-04
  9.9446150e-04   1.0510154e-04
  9.9478693e-04   1.0197527e-04
  9.9510255e-04   9.8847989e-05
  9.9540832e-04   9.5719735e-05
  9.9570427e-04   9.2590535e-05
  9.9599038e-04   8.9460421e-05
  9.9626665e-04   8.6329423e-05
  9.9653307e-04   8.3197572e-05
  9.9678965e-04   8.0064899e-05
  9.9703639e-04   7.6931435e-05
  9.9727327e-04   7.3797211e-05
  9.9750030e-04   7.0662258e-05
  9.9771747e-04   6.7526607e-05
  9.9792479e-04   6.4390289e-05
  9.9812225e-04   6.1253334e-05
  9.9830985e-04   5.8115775e-05
  9.9848759e-04   5.4977641e-05
  9.9865546e-04   5.1838964e-05
  9.9881346e-04   4.8699775e-05
  9.9896160e-04   4.5560105e-05
  9.9909987e-04   4.2419985e-05
  9.9922826e-04   3.9279445e-05
  9.9934679e-04   3.6138518e-05
  9.9945544e-04   3.2997234e-05
  9.9955422e-04   2.9855623e-05
  9.9964312e-04   2.6713718e-05
  9.9972215e-04   2.3571548e-05
  9.9979130e-04   2.0429146e-05
  9.9985058e-04   1.7286542e-05
  9.9989997e-04   1.4143767e-05
  9.9993949e-04   1.1000853e-05
  9.9996913e-04   7.8578297e-06
  9.9998889e-04   4.7147289e-06
  9.9999877e-04   1.5715815e-06
  9.9999877e-04  -1.5715815e-06
  9.9998889e-04  -4.7147289e-06
  9.9996913e-04  -7.8578297e-06
  9.9993949e-04  -1.1000853e-05
  9.9989997e-04  -1.4143767e-05
  9.9985058e-04  -1.7286542e-05
  9.9979130e-04  -2.0429146e-05
  9.9972215e-04  -2.3571548e-05
  9.9964312e-04  -2.6713718e-05
  9.9955422e-04  -2.9855623e-05
  9.9945544e-04  -3.2997234e-05
  9.9934679e-04  -3.6138518e-05
  9.9922826e-04  -3.9279445e-05
  9.9909987e-04  -4.2419985e-05
  9.9896160e-04  -4.5560105e-05
  9.9881346e-04  -4.8699775e-05
  9.9865546e-04  -5.1838964e-05
  9.9848759e-04  -5.4977641e-05
  9.9830985e-04  -5.8115775e-05
  9.9812225e-04  -6.1253334e-05
  9.9792479e-04  -6.4390289e-05
  9.9771747e-04  -6.7526607e-05
  9.9750030e-04  -7.0662258e-05
  9.9727327e-04  -7.3797211e-05
  9.9703639e-04  -7.6931435e-05
  9.9678965e-04  -8.0064899e-05
  9.9653307e-04  -8.3197572e-05
  9.9626665e-04  -8.6329423e-05
  9.9599038e-04  -8.9460421e-05
  9.9570427e-04  -9.2590535e-05
  9.9540832e-04  -9.5719735e-05
  9.9510255e-04  -9.8847989e-05
  9.9478693e-04  -1.0197527e-04
  9.9446150e-04  -1.0510154e-04
  9.9412623e-04  -1.0822677e-04
  9.9378115e-04  -1.1135093e-04
  9.9342625e-04  -1.1447399e-04
  9.9306153e-04  -1.1759592e-04
  9.9268700e-04  -1.2071669e-04
  9.9230266e-04  -1.2383627e-04
  9.9190853e-04  -1.2695462e-04
  9.9150459e-04  -1.3007172e-04
  9.9109085e-04  -1.3318754e-04
  9.9066733e-04  -1.3630203e-04
  9.9023402e-04  -1.3941519e-04
  9.8979092e-04  -1.4252696e-04
  9.8933805e-04  -1.4563733e-04
  9.8887540e-04  -1.4874625e-04
  9.8840298e-04  -1.5185371e-04
  9.8792080e-04  -1.5495967e-04
  9.8742885e-04  -1.5806410e-04
  9.8692716e-04  -1.6116696e-04
  9.8641571e-04  -1.6426823e-04
  9.8589451e-04  -1.6736788e-04
  9.8536358e-04  -1.7046588e-04
  9.8482291e-04  -1.7356219e-04
  9.8427251e-04  -1.7665679e-04
  9.8371239e-04  -1.7974964e-04
  9.8314255e-04  -1.8284072e-04
  9.8256299e-04  -1.8592999e-04
  9.8197373e-04  -1.8901742e-04
  9.8137477e-04  -1.9210299e-04
  9.8076611e-04  -1.9518666e-04
  9.8014777e-04  -1.9826840e-04
  9.7951973e-04  -2.0134818e-04
  9.7888203e-04  -2.0442597e-04
  9.7823465e-04  -2.0750174e-04
  9.7757761e-04  -2.1057546e-04
  9.7691090e-04  -2.1364711e-04
  9.7623455e-04  -2.1671664e-04
  9.7554855e-04  -2.1978403e-04
  9.7485292e-04  -2.2284925e-04
  9.7414765e-04  -2.2591226e-04
  9.7343276e-04  -2.2897305e-04
  9.7270826e-04  -2.3203157e-04
  9.7197414e-04  -2.3508780e-04
  9.7123042e-04  -2.3814171e-04
  9.7047710e-04  -2.4119326e-04
  9.6971420e-04  -2.4424244e-04
  9.6894172e-04  -2.4728920e-04
  9.6815966e-04  -2.5033351e-04
  9.6736804e-04  -2.5337536e-04
  9.6656686e-04  -2.5641470e-04
  9.6575614e-04  -2.5945150e-04
  9.6493587e-04  -2.6248575e-04
  9.6410607e-04  -2.6551740e-04
  9.6326674e-04  -2.6854642e-04
  9.6241790e-04  -2.7157280e-04
  9.6155955e-04  -2.7459649e-04
  9.6069170e-04  -2.7761747e-04
  9.5981436e-04  -2.8063570e-04
  9.5892753e-04  -2.8365117e-04
  9.5803124e-04  -2.8666383e-04
  9.5712547e-04  -2.8967365e-04
  9.5621026e-04  -2.9268062e-04
  9.5528559e-04  -2.9568470e-04
  9.5435149e-04  -2.9868585e-04
  9.5340796e-04  -3.0168405e-04
  9.5245501e-04  -3.0467928e-04
  9.5149265e-04  -3.0767149e-04
  9.5052089e-04  -3.1066066e-04
  9.4953973e-04  -3.1364677e-04
  9.4854920e-04  -3.1662977e-04
  9.4754930e-04  -3.1960965e-04
  9.4654003e-04  -3.2258637e-04
  9.4552142e-04  -3.2555990e-04
  9.4449346e-04  -3.2853022e-04
  9.4345617e-04  -3.3149729e-04
  9.4240956e-04  -3.3446108e-04
  9.4135364e-04  -3.3742157e-04
  9.4028842e-04  -3.4037873e-04
  9.3921391e-04  -3.4333252e-04
  9.3813013e-04  -3.4628293e-04
  9.3703707e-04  -3.4922991e-04
  9.3593476e-04  -3.5217344e-04
  9.3482320e-04  -3.5511349e-04
  9.3370240e-04  -3.5805004e-04
  9.3257238e-04  -3.6098304e-04
  9.3143315e-04  -3.6391248e-04
  9.3028471e-04  -3.6683833e-04
  9.2912708e-04  -3.6976055e-04
  9.2796028e-04  -3.7267912e-04
  9.2678430e-04  -3.7559400e-04
  9.2559917e-04  -3.7850518e-04
  9.2440490e-04  -3.8141261e-04
  9.2320149e-04  -3.8431628e-04
  9.2198897e-04  -3.8721615e-04
  9.2076733e-04  -3.9011220e-04
  9.1953660e-04  -3.9300439e-04
  9.1829678e-04  -3.9589270e-04
  9.1704789e-04  -3.9877709e-04
  9.1578994e-04  -4.0165755e-04
  9.1452294e-04  -4.0453404e-04
  9.1324691e-04  -4.0740653e-04
  9.1196185e-04  -4.1027500e-04
  9.1066779e-04  -4.1313941e-04
  9.0936473e-04  -4.1599975e-04
  9.0805268e-04  -4.1885597e-04
  9.0673167e-04  -4.2170806e-04
  9.0540169e-04  -4.2455597e-04
  9.0406277e-04  -4.2739970e-04
  9.0271492e-04  -4.3023920e-04
  9.0135815e-04  -4.3307445e-04
  8.9999248e-04  -4.3590542e-04
  8.9861791e-04  -4.3873209e-04
  8.9723447e-04  -4.4155442e-04
  8.9584216e-04  -4.4437239e-04
  8.9444100e-04  -4.4718597e-04
  8.9303101e-04  -4.4999513e-04
  8.9161219e-04  -4.5279985e-04
  8.9018456e-04  -4.5560009e-04
  8.8874814e-04  -4.5839583e-04
  8.8730294e-04  -4.6118704e-04
  8.8584897e-04  -4.6397370e-04
  8.8438626e-04  -4.6675577e-04
  8.8291480e-04  -4.6953323e-04
  8.8143462e-04  -4.7230606e-04
  8.7994573e-04  -4.7507421e-04
  8.7844815e-04  -4.7783767e-04
  8.7694189e-04  -4.8059642e-04
  8.7542697e-04  -4.8335041e-04
  8.7390340e-04  -4.8609963e-04
  8.7237119e-04  -4.8884405e-04
  8.7083037e-04  -4.9158363e-04
  8.6928094e-04  -4.9431836e-04
  8.6772293e-04  -4.9704821e-04
  8.6615634e-04  -4.9977314e-04
  8.6458119e-04  -5.0249314e-04
  8.6299751e-04  -5.0520818e-04
  8.6140529e-04  -5.0791822e-04
  8.5980457e-04  -5.1062324e-04
  8.5819535e-04  -5.1332322e-04
  8.5657766e-04  -5.1601813e-04
  8.5495150e-04  -5.1870794e-04
  8.5331690e-04  -5.2139263e-04
  8.5167386e-04  -5.2407217e-04
  8.5002241e-04  -5.2674652e-04
  8.4836256e-04  -5.2941568e-04
  8.4669434e-04  -5.3207960e-04
  8.4501774e-04  -5.3473827e-04
  8.4333280e-04  -5.3739165e-04
  8.4163953e-04  -5.4003973e-04
  8.3993794e-04  -5.4268246e-04
  8.3822805e-04  -5.4531984e-04
  8.3650989e-04  -5.4795183e-04
  8.3478345e-04  -5.5057841e-04
  8.3304877e-04  -5.5319955e-04
  8.3130587e-04  -5.5581522e-04
  8.2955474e-04  -5.5842540e-04
  8.2779543e-04  -5.6103006e-04
  8.2602793e-04  -5.6362919e-04
  8.2425227e-04  -5.6622274e-04
  8.2246847e-04  -5.6881070e-04
  8.2067655e-04  -5.7139304e-04
  8.1887652e-04  -5.7396973e-04
  8.1706839e-04  -5.7654076e-04
  8.1525220e-04  -5.7910608e-04
  8.1342795e-04  -5.8166569e-04
  8.1159566e-04  -5.8421955e-04
  8.0975536e-04  -5.8676764e-04
  8.0790705e-04  -5.8930993e-04
  8.0605077e-04  -5.9184640e-04
  8.0418652e-04  -5.9437702e-04
  8.0231432e-04  -5.9690177e-04
  8.0043420e-04  -5.9942062e-04
  7.9854618e-04  -6.0193356e-04
  7.9665026e-04  -6.0444054e-04
  7.9474647e-04  -6.0694155e-04
  7.9283483e-04  -6.0943657e-04
  7.9091536e-04  -6.1192556e-04
  7.8898807e-04  -6.1440851e-04
  7.8705299e-04  -6.1688539e-04
  7.8511013e-04  -6.1935618e-04
  7.8315952e-04  -6.2182085e-04
  7.8120117e-04  -6.2427937e-04
  7.7923510e-04  -6.2673173e-04
  7.7726134e-04  -6.2917789e-04
  7.7527989e-04  -6.3161784e-04
  7.7329078e-04  -6.3405155e-04
  7.7129404e-04  -6.3647899e-04
  7.6928968e-04  -6.3890015e-04
  7.6727771e-04  -6.4131499e-04
  7.6525816e-04  -6.4372350e-04
  7.6323106e-04  -6.4612565e-04
  7.6119641e-04  -6.4852141e-04
  7.5915425e-04  -6.5091077e-04
  7.5710458e-04  -6.5329370e-04
  7.5504744e-04  -6.5567017e-04
  7.5298283e-04  -6.5804016e-04
  7.5091079e-04  -6.6040366e-04
  7.4883132e-04  -6.6276063e-04
  7.4674446e-04  -6.6511105e-04
  7.4465022e-04  -6.6745490e-04
  7.4254863e-04  -6.6979216e-04
  7.4043970e-04  -6.7212280e-04
  7.3832345e-04  -6.7444680e-04
  7.3619991e-04  -6.7676413e-04
  7.3406910e-04  -6.7907478e-04
  7.3193103e-04  -6.8137873e-04
  7.2978573e-04  -6.8367594e-04
  7.2763322e-04  -6.8596639e-04
  7.2547353e-04  -6.8825007e-04
  7.2330667e-04  -6.9052695e-04
  7.2113266e-04  -6.9279701e-04
  7.1895152e-04  -6.9506022e-04
  7.1676329e-04  -6.9731656e-04
  7.1456797e-04  -6.9956602e-04
  7.1236559e-04  -7.0180857e-04
  7.1015618e-04  -7.0404418e-04
  7.0793975e-04  -7.0627283e-04
  7.0571632e-04  -7.0849451e-04
  7.0348593e-04  -7.1070919e-04
  7.0124858e-04  -7.1291685e-04
  6.9900430e-04  -7.1511746e-04
  6.9675312e-04  -7.1731101e-04
  6.9449506e-04  -7.1949747e-04
  6.9223013e-04  -7.2167683e-04
  6.8995837e-04  -7.2384905e-04
  6.8767979e-04  -7.2601413e-04
  6.8539441e-04  -7.2817203e-04
  6.8310227e-04  -7.3032273e-04
  6.8080337e-04  -7.3246622e-04
  6.7849775e-04  -7.3460248e-04
  6.7618543e-04  -7.3673148e-04
  6.7386642e-04  -7.3885320e-04
  6.7154076e-04  -7.4096762e-04
  6.6920846e-04  -7.4307472e-04
  6.6686956e-04  -7.4517447e-04
  6.6452406e-04  -7.4726687e-04
  6.6217200e-04  -7.4935188e-04
  6.5981340e-04  -7.5142949e-04
  6.5744827e-04  -7.5349968e-04
  6.5507666e-04  -7.5556242e-04
  6.5269857e-04  -7.5761770e-04
  6.5031403e-04  -7.5966549e-04
  6.4792307e-04  -7.6170578e-04
  6.4552571e-04  -7.6373854e-04
  6.4312197e-04  -7.6576376e-04
  6.4071187e-04  -7.6778141e-04
  6.3829545e-04  -7.6979148e-04
  6.3587272e-04  -7.7179394e-04
  6.3344371e-04  -7.7378878e-04
  6.3100843e-04  -7.7577597e-04
  6.2856693e-04  -7.7775550e-04
  6.2611922e-04  -7.7972734e-04
  6.2366532e-04  -7.8169148e-04
  6.2120526e-04  -7.8364790e-04
  6.1873906e-04  -7.8559658e-04
  6.1626675e-04  -7.8753749e-04
  6.1378835e-04  -7.8947062e-04
  6.1130388e-04  -7.9139596e-04
  6.0881338e-04  -7.9331348e-04
  6.0631686e-04  -7.9522315e-04
  6.0381435e-04  -7.9712498e-04
  6.0130588e-04  -7.9901892e-04
  5.9879147e-04  -8.0090498e-04
  5.9627114e-04  -8.0278312e-04
  5.9374492e-04  -8.0465333e-04
  5.9121283e-04  -8.0651559e-04
  5.8867490e-04  -8.0836988e-04
  5.8613116e-04  -8.1021618e-04
  5.8358163e-04  -8.1205448e-04
  5.8102633e-04  -8.1388476e-04
  5.7846529e-04  -8.1570700e-04
  5.7589853e-04  -8.1752118e-04
  5.7332609e-04  -8.1932728e-04
  5.7074798e-04  -8.2112529e-04
  5.6816423e-04  -8.2291519e-04
  5.6557487e-04  -8.2469695e-04
  5.6297993e-04  -8.2647057e-04
  5.6037942e-04  -8.2823602e-04
  5.5777337e-04  -8.2999329e-04
  5.5516182e-04  -8.3174236e-04
  5.5254477e-04  -8.3348322e-04
  5.4992227e-04  -8.3521584e-04
  5.4729434e-04  -8.3694020e-04
  5.4466100e-04  -8.3865630e-04
  5.4202228e-04  -8.4036412e-04
  5.3937821e-04  -8.4206363e-04
  5.3672880e-04  -8.4375482e-04
  5.3407409e-04  -8.4543767e-04
  5.3141411e-04  -8.4711218e-04
  5.2874888e-04  -8.4877831e-04
  5.2607842e-04  -8.5043606e-04
  5.2340277e-04  -8.5208541e-04
  5.2072194e-04  -8.5372634e-04
  5.1803597e-04  -8.5535883e-04
  5.1534488e-04  -8.5698288e-04
  5.1264870e-04  -8.5859845e-04
  5.0994746e-04  -8.6020555e-04
  5.0724118e-04  -8.6180415e-04
  5.0452989e-04  -8.6339423e-04
  5.0181361e-04  -8.6497578e-04
  4.9909237e-04  -8.6654879e-04
  4.9636621e-04  -8.6811324e-04
  4.9363514e-04  -8.6966910e-04
  4.9089919e-04  -8.7121638e-04
  4.8815839e-04  -8.7275505e-04
  4.8541277e-04  -8.7428510e-04
  4.8266236e-04  -8.7580651e-04
  4.7990718e-04  -8.7731927e-04
  4.7714725e-04  -8.7882336e-04
  4.7438261e-04  -8.8031877e-04
  4.7161329e-04  -8.8180548e-04
  4.6883930e-04  -8.8328348e-04
  4.6606069e-04  -8.8475275e-04
  4.6327747e-04  -8.8621329e-04
  4.6048967e-04  -8.8766506e-04
  4.5769732e-04  -8.8910807e-04
  4.5490045e-04  -8.9054230e-04
  4.5209909e-04  -8.9196772e-04
  4.4929326e-04  -8.9338433e-04
  4.4648299e-04  -8.9479212e-04
  4.4366831e-04  -8.9619107e-04
  4.4084925e-04  -8.9758116e-04
  4.3802583e-04  -8.9896239e-04
  4.3519808e-04  -9.0033473e-04
  4.3236604e-04  -9.0169818e-04
  4.2952972e-04  -9.0305272e-04
  4.2668916e-04  -9.0439834e-04
  4.2384439e-04  -9.0573503e-04
  4.2099542e-04  -9.0706276e-04
  4.1814230e-04  -9.0838154e-04
  4.1528505e-04  -9.0969134e-04
  4.1242369e-04  -9.1099215e-04
  4.0955826e-04  -9.1228396e-04
  4.0668879e-04  -9.1356676e-04
  4.0381529e-04  -9.1484054e-04
  4.0093781e-04  -9.1610528e-04
  3.9805636e-04  -9.1736096e-04
  3.9517098e-04  -9.1860758e-04
  3.9228170e-04  -9.1984513e-04
  3.8938854e-04  -9.2107359e-04
  3.8649154e-04  -9.2229295e-04
  3.8359072e-04  -9.2350320e-04
  3.8068611e-04  -9.2470433e-04
  3.7777773e-04  -9.2589631e-04
  3.7486563e-04  -9.2707916e-04
  3.7194982e-04  -9.2825284e-04
  3.6903033e-04  -9.2941735e-04
  3.6610720e-04  -9.3057268e-04
  3.6318046e-04  -9.3171882e-04
  3.6025012e-04  -9.3285575e-04
  3.5731623e-04  -9.3398346e-04
  3.5437881e-04  -9.3510195e-04
  3.5143788e-04  -9.3621120e-04
  3.4849349e-04  -9.3731120e-04
  3.4554565e-04  -9.3840194e-04
  3.4259439e-04  -9.3948341e-04
  3.3963975e-04  -9.4055560e-04
  3.3668176e-04  -9.4161850e-04
  3.3372044e-04  -9.4267209e-04
  3.3075582e-04  -9.4371637e-04
  3.2778794e-04  -9.4475133e-04
  3.2481682e-04  -9.4577695e-04
  3.2184248e-04  -9.4679323e-04
  3.1886497e-04  -9.4780015e-04
  3.1588431e-04  -9.4879771e-04
  3.1290053e-04  -9.4978590e-04
  3.0991365e-04  -9.5076471e-04
  3.0692372e-04  -9.5173412e-04
  3.0393075e-04  -9.5269413e-04
  3.0093478e-04  -9.5364472e-04
  2.9793584e-04  -9.5458590e-04
  2.9493395e-04  -9.5551764e-04
  2.9192915e-04  -9.5643995e-04
  2.8892146e-04  -9.5735280e-04
  2.8591093e-04  -9.5825620e-04
  2.8289756e-04  -9.5915013e-04
  2.7988140e-04  -9.6003458e-04
  2.7686248e-04  -9.6090955e-04
  2.7384082e-04  -9.6177503e-04
  2.7081645e-04  -9.6263100e-04
  2.6778941e-04  -9.6347747e-04
  2.6475973e-04  -9.6431441e-04
  2.6172743e-04  -9.6514183e-04
  2.5869254e-04  -9.6595971e-04
  2.5565510e-04  -9.6676805e-04
  2.5261513e-04  -9.6756684e-04
  2.4957266e-04  -9.6835607e-04
  2.4652773e-04  -9.6913574e-04
  2.4348037e-04  -9.6990583e-04
  2.4043060e-04  -9.7066633e-04
  2.3737845e-04  -9.7141725e-04
  2.3432396e-04  -9.7215857e-04
  2.3126715e-04  -9.7289028e-04
  2.2820806e-04  -9.7361239e-04
  2.2514672e-04  -9.7432487e-04
  2.2208315e-04  -9.7502773e-04
  2.1901738e-04  -9.7572096e-04
  2.1594945e-04  -9.7640454e-04
  2.1287939e-04  -9.7707848e-04
  2.0980723e-04  -9.7774277e-04
  2.0673299e-04  -9.7839740e-04
  2.0365671e-04  -9.7904236e-04
  2.0057842e-04  -9.7967765e-04
  1.9749814e-04  -9.8030326e-04
  1.9441592e-04  -9.8091919e-04
  1.9133177e-04  -9.8152542e-04
  1.8824574e-04  -9.8212196e-04
  1.8515784e-04  -9.8270879e-04
  1.8206812e-04  -9.8328592e-04
  1.7897660e-04  -9.8385333e-04
  1.7588330e-04  -9.8441102e-04
  1.7278827e-04  -9.8495899e-04
  1.6969154e-04  -9.8549723e-04
  1.6659313e-04  -9.8602573e-04
  1.6349307e-04  -9.8654448e-04
  1.6039139e-04  -9.8705349e-04
  1.5728813e-04  -9.8755275e-04
  1.5418332e-04  -9.8804226e-04
  1.5107699e-04  -9.8852200e-04
  1.4796916e-04  -9.8899198e-04
  1.4485987e-04  -9.8945218e-04
  1.4174915e-04  -9.8990261e-04
  1.3863703e-04  -9.9034326e-04
  1.3552353e-04  -9.9077413e-04
  1.3240870e-04  -9.9119521e-04
  1.2929257e-04  -9.9160649e-04
  1.2617515e-04  -9.9200798e-04
  1.2305649e-04  -9.9239967e-04
  1.1993661e-04  -9.9278155e-04
  1.1681555e-04  -9.9315363e-04
  1.1369333e-04  -9.9351589e-04
  1.1056999e-04  -9.9386834e-04
  1.0744556e-04  -9.9421097e-04
  1.0432006e-04  -9.9454378e-04
  1.0119354e-04  -9.9486676e-04
  9.8066016e-05  -9.9517991e-04
  9.4937522e-05  -9.9548323e-04
  9.1808091e-05  -9.9577672e-04
  8.8677753e-05  -9.9606037e-04
  8.5546539e-05  -9.9633418e-04
  8.2414480e-05  -9.9659814e-04
  7.9281606e-05  -9.9685226e-04
  7.6147949e-05  -9.9709653e-04
  7.3013540e-05  -9.9733095e-04
  6.9878410e-05  -9.9755552e-04
  6.6742589e-05  -9.9777023e-04
  6.3606109e-05  -9.9797508e-04
  6.0469000e-05  -9.9817008e-04
  5.7331294e-05  -9.9835521e-04
  5.4193022e-05  -9.9853048e-04
  5.1054214e-05  -9.9869588e-04
  4.7914901e-05  -9.9885142e-04
  4.4775116e-05  -9.9899709e-04
  4.1634888e-05  -9.9913289e-04
  3.8494249e-05  -9.9925882e-04
  3.5353229e-05  -9.9937488e-04
  3.2211860e-05  -9.9948106e-04
  2.9070173e-05  -9.9957737e-04
  2.5928199e-05  -9.9966381e-04
  2.2785969e-05  -9.9974037e-04
  1.9643513e-05  -9.9980705e-04
  1.6500863e-05  -9.9986385e-04
  1.3358051e-05  -9.9991078e-04
  1.0215106e-05  -9.9994782e-04
  7.0720606e-06  -9.9997499e-04
  3.9289452e-06  -9.9999228e-04
  7.8579098e-07  -9.9999969e-04
 -2.3573710e-06  -9.9999722e-04
 -5.5005097e-06  -9.9998487e-04
 -8.6435940e-06  -9.9996264e-04
 -1.1786593e-05  -9.9993054e-04
 -1.4929475e-05  -9.9988855e-04
 -1.8072210e-05  -9.9983668e-04
 -2.1214767e-05  -9.9977494e-04
 -2.4357114e-05  -9.9970332e-04
 -2.7499220e-05  -9.9962182e-04
 -3.0641055e-05  -9.9953045e-04
 -3.3782586e-05  -9.9942921e-04
 -3.6923785e-05  -9.9931808e-04
 -4.0064618e-05  -9.9919709e-04
 -4.3205055e-05  -9.9906623e-04
 -4.6345066e-05  -9.9892549e-04
 -4.9484619e-05  -9.9877489e-04
 -5.2623683e-05  -9.9861441e-04
 -5.5762227e-05  -9.9844408e-04
 -5.8900220e-05  -9.9826387e-04
 -6.2037631e-05  -9.9807381e-04
 -6.5174429e-05  -9.9787389e-04
 -6.8310584e-05  -9.9766410e-04
 -7.1446063e-05  -9.9744446e-04
 -7.4580837e-05  -9.9721497e-04
 -7.7714874e-05  -9.9697563e-04
 -8.0848143e-05  -9.9672643e-04
 -8.3980613e-05  -9.9646739e-04
 -8.7112254e-05  -9.9619850e-04
 -9.0243034e-05  -9.9591977e-04
 -9.3372922e-05  -9.9563121e-04
 -9.6501888e-05  -9.9533280e-04
 -9.9629901e-05  -9.9502456e-04
 -1.0275693e-04  -9.9470650e-04
 -1.0588294e-04  -9.9437860e-04
 -1.0900791e-04  -9.9404088e-04
 -1.1213180e-04  -9.9369334e-04
 -1.1525458e-04  -9.9333599e-04
 -1.1837623e-04  -9.9296882e-04
 -1.2149670e-04  -9.9259184e-04
 -1.2461597e-04  -9.9220505e-04
 -1.2773402e-04  -9.9180846e-04
 -1.3085080e-04  -9.9140207e-04
 -1.3396629e-04  -9.9098589e-04
 -1.3708045e-04  -9.9055992e-04
 -1.4019326e-04  -9.9012416e-04
 -1.4330469e-04  -9.8967862e-04
 -1.4641469e-04  -9.8922330e-04
 -1.4952326e-04  -9.8875821e-04
 -1.5263034e-04  -9.8828335e-04
 -1.5573592e-04  -9.8779873e-04
 -1.5883996e-04  -9.8730434e-04
 -1.6194243e-04  -9.8680021e-04
 -1.6504330e-04  -9.8628632e-04
 -1.6814254e-04  -9.8576269e-04
 -1.7124012e-04  -9.8522932e-04
 -1.7433600e-04  -9.8468622e-04
 -1.7743017e-04  -9.8413339e-04
 -1.8052258e-04  -9.8357084e-04
 -1.8361321e-04  -9.8299857e-04
 -1.8670202e-04  -9.8241659e-04
 -1.8978899e-04  -9.8182490e-04
 -1.9287409e-04  -9.8122352e-04
 -1.9595727e-04  -9.8061243e-04
 -1.9903853e-04  -9.7999167e-04
 -2.0211781e-04  -9.7936121e-04
 -2.0519510e-04  -9.7872109e-04
 -2.0827037e-04  -9.7807129e-04
 -2.1134357e-04  -9.7741183e-04
 -2.1441469e-04  -9.7674272e-04
 -2.1748369e-04  -9.7606396e-04
 -2.2055054e-04  -9.7537555e-04
 -2.2361521e-04  -9.7467751e-04
 -2.2667767e-04  -9.7396983e-04
 -2.2973789e-04  -9.7325254e-04
 -2.3279584e-04  -9.7252563e-04
 -2.3585150e-04  -9.7178911e-04
 -2.3890482e-04  -9.7104299e-04
 -2.4195578e-04  -9.7028728e-04
 -2.4500435e-04  -9.6952198e-04
 -2.4805051e-04  -9.6874710e-04
 -2.5109421e-04  -9.6796265e-04
 -2.5413543e-04  -9.6716864e-04
 -2.5717414e-04  -9.6636508e-04
 -2.6021031e-04  -9.6555196e-04
 -2.6324390e-04  -9.6472931e-04
 -2.6627490e-04  -9.6389713e-04
 -2.6930327e-04  -9.6305542e-04
 -2.7232897e-04  -9.6220420e-04
 -2.7535199e-04  -9.6134348e-04
 -2.7837228e-04  -9.6047325e-04
 -2.8138983e-04  -9.5959354e-04
 -2.8440459e-04  -9.5870435e-04
 -2.8741655e-04  -9.5780568e-04
 -2.9042567e-04  -9.5689756e-04
 -2.9343191e-04  -9.5597998e-04
 -2.9643526e-04  -9.5505295e-04
 -2.9943568e-04  -9.5411649e-04
 -3.0243314e-04  -9.5317060e-04
 -3.0542761e-04  -9.5221530e-04
 -3.0841907e-04  -9.5125059e-04
 -3.1140748e-04  -9.5027648e-04
 -3.1439281e-04  -9.4929298e-04
 -3.1737503e-04  -9.4830010e-04
 -3.2035412e-04  -9.4729786e-04
 -3.2333005e-04  -9.4628626e-04
 -3.2630278e-04  -9.4526530e-04
 -3.2927229e-04  -9.4423501e-04
 -3.3223854e-04  -9.4319539e-04
 -3.3520151e-04  -9.4214646e-04
 -3.3816117e-04  -9.4108821e-04
 -3.4111749e-04  -9.4002067e-04
 -3.4407044e-04  -9.3894384e-04
 -3.4701999e-04  -9.3785773e-04
 -3.4996612e-04  -9.3676236e-04
 -3.5290878e-04  -9.3565773e-04
 -3.5584796e-04  -9.3454386e-04
 -3.5878362e-04  -9.3342076e-04
 -3.6171574e-04  -9.3228843e-04
 -3.6464428e-04  -9.3114690e-04
 -3.6756922e-04  -9.2999616e-04
 -3.7049053e-04  -9.2883624e-04
 -3.7340818e-04  -9.2766714e-04
 -3.7632214e-04  -9.2648888e-04
 -3.7923239e-04  -9.2530146e-04
 -3.8213888e-04  -9.2410490e-04
 -3.8504160e-04  -9.2289922e-04
 -3.8794052e-04  -9.2168441e-04
 -3.9083561e-04  -9.2046050e-04
 -3.9372683e-04  -9.1922749e-04
 -3.9661416e-04  -9.1798541e-04
 -3.9949758e-04  -9.1673425e-04
 -4.0237705e-04  -9.1547404e-04
 -4.0525254e-04  -9.1420478e-04
 -4.0812403e-04  -9.1292649e-04
 -4.1099148e-04  -9.1163918e-04
 -4.1385488e-04  -9.1034287e-04
 -4.1671419e-04  -9.0903756e-04
 -4.1956938e-04  -9.0772327e-04
 -4.2242043e-04  -9.0640001e-04
 -4.2526730e-04  -9.0506780e-04
 -4.2810997e-04  -9.0372665e-04
 -4.3094841e-04  -9.0237657e-04
 -4.3378260e-04  -9.0101757e-04
 -4.3661250e-04  -8.9964967e-04
 -4.3943808e-04  -8.9827288e-04
 -4.4225933e-04  -8.9688722e-04
 -4.4507620e-04  -8.9549270e-04
 -4.4788868e-04  -8.9408933e-04
 -4.5069673e-04  -8.9267713e-04
 -4.5350033e-04  -8.9125611e-04
 -4.5629945e-04  -8.8982628e-04
 -4.5909406e-04  -8.8838767e-04
 -4.6188414e-04  -8.8694027e-04
 -4.6466965e-04  -8.8548411e-04
 -4.6745057e-04  -8.8401921e-04
 -4.7022688e-04  -8.8254557e-04
 -4.7299853e-04  -8.8106321e-04
 -4.7576552e-04  -8.7957215e-04
 -4.7852780e-04  -8.7807240e-04
 -4.8128536e-04  -8.7656397e-04
 -4.8403816e-04  -8.7504689e-04
 -4.8678618e-04  -8.7352116e-04
 -4.8952940e-04  -8.7198679e-04
 -4.9226777e-04  -8.7044382e-04
 -4.9500128e-04  -8.6889224e-04
 -4.9772990e-04  -8.6733208e-04
 -5.0045361e-04  -8.6576335e-04
 -5.0317237e-04  -8.6418607e-04
 -5.0588616e-04  -8.6260025e-04
 -5.0859495e-04  -8.6100591e-04
 -5.1129871e-04  -8.5940306e-04
 -5.1399743e-04  -8.5779172e-04
 -5.1669107e-04  -8.5617191e-04
 -5.1937960e-04  -8.5454364e-04
 -5.2206300e-04  -8.5290693e-04
 -5.2474124e-04  -8.5126179e-04
 -5.2741430e-04  -8.4960824e-04
 -5.3008215e-04  -8.4794629e-04
 -5.3274476e-04  -8.4627597e-04
 -5.3540211e-04  -8.4459729e-04
 -5.3805417e-04  -8.4291026e-04
 -5.4070091e-04  -8.4121491e-04
 -5.4334231e-04  -8.3951125e-04
 -5.4597835e-04  -8.3779929e-04
 -5.4860899e-04  -8.3607905e-04
 -5.5123421e-04  -8.3435056e-04
 -5.5385398e-04  -8.3261382e-04
 -5.5646828e-04  -8.3086885e-04
 -5.5907708e-04  -8.2911568e-04
 -5.6168037e-04  -8.2735432e-04
 -5.6427810e-04  -8.2558478e-04
 -5.6687025e-04  -8.2380709e-04
 -5.6945681e-04  -8.2202125e-04
 -5.7203774e-04  -8.2022730e-04
 -5.7461302e-04  -8.1842524e-04
 -5.7718262e-04  -8.1661510e-04
 -5.7974652e-04  -8.1479689e-04
 -5.8230469e-04  -8.1297063e-04
 -5.8485711e-04  -8.1113634e-04
 -5.8740376e-04  -8.0929403e-04
 -5.8994459e-04  -8.0744373e-04
 -5.9247960e-04  -8.0558545e-04
 -5.9500876e-04  -8.0371921e-04
 -5.9753204e-04  -8.0184504e-04
 -6.0004941e-04  -7.9996294e-04
 -6.0256086e-04  -7.9807294e-04
 -6.0506635e-04  -7.9617505e-04
 -6.0756587e-04  -7.9426930e-04
 -6.1005938e-04  -7.9235570e-04
 -6.1254687e-04  -7.9043427e-04
 -6.1502830e-04  -7.8850503e-04
 -6.1750366e-04  -7.8656800e-04
 -6.1997292e-04  -7.8462321e-04
 -6.2243605e-04  -7.8267066e-04
 -6.2489304e-04  -7.8071038e-04
 -6.2734385e-04  -7.7874238e-04
 -6.2978846e-04  -7.7676669e-04
 -6.3222685e-04  -7.7478333e-04
 -6.3465899e-04  -7.7279231e-04
 -6.3708487e-04  -7.7079366e-04
 -6.3950445e-04  -7.6878740e-04
 -6.4191771e-04  -7.6677353e-04
 -6.4432463e-04  -7.6475210e-04
 -6.4672519e-04  -7.6272310e-04
 -6.4911935e-04  -7.6068658e-04
 -6.5150710e-04  -7.5864253e-04
 -6.5388842e-04  -7.5659100e-04
 -6.5626328e-04  -7.5453198e-04
 -6.5863165e-04  -7.5246552e-04
 -6.6099351e-04  -7.5039161e-04
 -6.6334885e-04  -7.4831030e-04
 -6.6569763e-04  -7.4622159e-04
 -6.6803983e-04  -7.4412551e-04
 -6.7037544e-04  -7.4202208e-04
 -6.7270442e-04  -7.3991132e-04
 -6.7502676e-04  -7.3779325e-04
 -6.7734242e-04  -7.3566789e-04
 -6.7965140e-04  -7.3353526e-04
 -6.8195366e-04  -7.3139538e-04
 -6.8424918e-04  -7.2924828e-04
 -6.8653795e-04  -7.2709397e-04
 -6.8881993e-04  -7.2493248e-04
 -6.9109510e-04  -7.2276383e-04
 -6.9336345e-04  -7.2058804e-04
 -6.9562495e-04  -7.1840513e-04
 -6.9787957e-04  -7.1621512e-04
 -7.0012731e-04  -7.1401804e-04
 -7.0236812e-04  -7.1181390e-04
 -7.0460199e-04  -7.0960273e-04
 -7.0682891e-04  -7.0738455e-04
 -7.0904884e-04  -7.0515938e-04
 -7.1126176e-04  -7.0292724e-04
 -7.1346766e-04  -7.0068816e-04
 -7.1566651e-04  -6.9844215e-04
 -7.1785829e-04  -6.9618925e-04
 -7.2004298e-04  -6.9392947e-04
 -7.2222055e-04  -6.9166283e-04
 -7.2439099e-04  -6.8938936e-04
 -7.2655427e-04  -6.8710908e-04
 -7.2871038e-04  -6.8482201e-04
 -7.3085928e-04  -6.8252817e-04
 -7.3300097e-04  -6.8022760e-04
 -7.3513541e-04  -6.7792030e-04
 -7.3726259e-04  -6.7560630e-04
 -7.3938249e-04  -6.7328563e-04
 -7.4149508e-04  -6.7095831e-04
 -7.4360034e-04  -6.6862436e-04
 -7.4569826e-04  -6.6628380e-04
 -7.4778882e-04  -6.6393666e-04
 -7.4987198e-04  -6.6158296e-04
 -7.5194774e-04  -6.5922273e-04
 -7.5401606e-04  -6.5685598e-04
 -7.5607694e-04  -6.5448274e-04
 -7.5813035e-04  -6.5210304e-04
 -7.6017627e-04  -6.4971689e-04
 -7.6221468e-04  -6.4732433e-04
 -7.6424556e-04  -6.4492537e-04
 -7.6626888e-04  -6.4252004e-04
 -7.6828464e-04  -6.4010836e-04
 -7.7029281e-04  -6.3769036e-04
 -7.7229337e-04  -6.3526605e-04
 -7.7428629e-04  -6.3283547e-04
 -7.7627157e-04  -6.3039864e-04
 -7.7824918e-04  -6.2795558e-04
 -7.8021910e-04  -6.2550632e-04
 -7.8218131e-04  -6.2305088e-04
 -7.8413580e-04  -6.2058928e-04
 -7.8608253e-04  -6.1812155e-04
 -7.8802150e-04  -6.1564771e-04
 -7.8995269e-04  -6.1316780e-04
 -7.9187607e-04  -6.1068182e-04
 -7.9379163e-04  -6.0818981e-04
 -7.9569935e-04  -6.0569179e-04
 -7.9759920e-04  -6.0318779e-04
 -7.9949118e-04  -6.0067783e-04
 -8.0137525e-04  -5.9816194e-04
 -8.0325141e-04  -5.9564013e-04
 -8.0511964e-04  -5.9311244e-04
 -8.0697991e-04  -5.9057889e-04
 -8.0883220e-04  -5.8803951e-04
 -8.1067651e-04  -5.8549432e-04
 -8.1251281e-04  -5.8294334e-04
 -8.1434108e-04  -5.8038660e-04
 -8.1616130e-04  -5.7782413e-04
 -8.1797346e-04  -5.7525595e-04
 -8.1977754e-04  -5.7268209e-04
 -8.2157353e-04  -5.7010257e-04
 -8.2336139e-04  -5.6751742e-04
 -8.2514112e-04  -5.6492666e-04
 -8.2691270e-04  -5.6233032e-04
 -8.2867611e-04  -5.5972842e-04
 -8.3043133e-04  -5.5712100e-04
 -8.3217835e-04  -5.5450807e-04
 -8.3391714e-04  -5.5188966e-04
 -8.3564770e-04  -5.4926580e-04
 -8.3737000e-04  -5.4663651e-04
 -8.3908403e-04  -5.4400183e-04
 -8.4078977e-04  -5.4136176e-04
 -8.4248720e-04  -5.3871635e-04
 -8.4417631e-04  -5.3606562e-04
 -8.4585708e-04  -5.3340959e-04
 -8.4752950e-04  -5.3074829e-04
 -8.4919354e-04  -5.2808175e-04
 -8.5084919e-04  -5.2540999e-04
 -8.5249643e-04  -5.2273304e-04
 -8.5413525e-04  -5.2005093e-04
 -8.5576564e-04  -5.1736368e-04
 -8.5738757e-04  -5.1467131e-04
 -8.5900102e-04  -5.1197387e-04
 -8.6060600e-04  -5.0927136e-04
 -8.6220247e-04  -5.0656382e-04
 -8.6379042e-04  -5.0385128e-04
 -8.6536984e-04  -5.0113376e-04
 -8.6694070e-04  -4.9841129e-04
 -8.6850301e-04  -4.9568390e-04
 -8.7005673e-04  -4.9295161e-04
 -8.7160186e-04  -4.9021444e-04
 -8.7313837e-04  -4.8747244e-04
 -8.7466626e-04  -4.8472562e-04
 -8.7618551e-04  -4.8197401e-04
 -8.7769611e-04  -4.7921764e-04
 -8.7919803e-04  -4.7645653e-04
 -8.8069126e-04  -4.7369072e-04
 -8.8217580e-04  -4.7092023e-04
 -8.8365162e-04  -4.6814508e-04
 -8.8511871e-04  -4.6536531e-04
 -8.8657705e-04  -4.6258094e-04
 -8.8802664e-04  -4.5979201e-04
 -8.8946745e-04  -4.5699853e-04
 -8.9089948e-04  -4.5420053e-04
 -8.9232270e-04  -4.5139805e-04
 -8.9373711e-04  -4.4859111e-04
 -8.9514269e-04  -4.4577973e-04
 -8.9653942e-04  -4.4296395e-04
 -8.9792730e-04  -4.4014380e-04
 -8.9930631e-04  -4.3731930e-04
 -9.0067643e-04  -4.3449047e-04
 -9.0203765e-04  -4.3165736e-04
 -9.0338996e-04  -4.2881998e-04
 -9.0473335e-04  -4.2597836e-04
 -9.0606780e-04  -4.2313254e-04
 -9.0739330e-04  -4.2028253e-04
 -9.0870983e-04  -4.1742837e-04
 -9.1001738e-04  -4.1457009e-04
 -9.1131595e-04  -4.1170772e-04
 -9.1260551e-04  -4.0884127e-04
 -9.1388605e-04  -4.0597079e-04
 -9.1515757e-04  -4.0309629e-04
 -9.1642005e-04  -4.0021782e-04
 -9.1767347e-04  -3.9733538e-04
 -9.1891782e-04  -3.9444903e-04
 -9.2015310e-04  -3.9155878e-04
 -9.2137929e-04  -3.8866465e-04
 -9.2259637e-04  -3.8576669e-04
 -9.2380434e-04  -3.8286492e-04
 -9.2500318e-04  -3.7995936e-04
 -9.2619288e-04  -3.7705005e-04
 -9.2737344e-04  -3.7413702e-04
 -9.2854483e-04  -3.7122029e-04
 -9.2970704e-04  -3.6829989e-04
 -9.3086008e-04  -3.6537586e-04
 -9.3200391e-04  -3.6244821e-04
 -9.3313854e-04  -3.5951698e-04
 -9.3426395e-04  -3.5658220e-04
 -9.3538013e-04  -3.5364390e-04
 -9.3648707e-04  -3.5070211e-04
 -9.3758476e-04  -3.4775685e-04
 -9.3867318e-04  -3.4480815e-04
 -9.3975233e-04  -3.4185605e-04
 -9.4082220e-04  -3.3890057e-04
 -9.4188277e-04  -3.3594174e-04
 -9.4293403e-04  -3.3297959e-04
 -9.4397598e-04  -3.3001416e-04
 -9.4500861e-04  -3.2704546e-04
 -9.4603189e-04  -3.2407353e-04
 -9.4704584e-04  -3.2109840e-04
 -9.4805042e-04  -3.1812010e-04
 -9.4904564e-04  -3.1513866e-04
 -9.5003148e-04  -3.1215410e-04
 -9.5100794e-04  -3.0916646e-04
 -9.5197500e-04  -3.0617576e-04
 -9.5293266e-04  -3.0318204e-04
 -9.5388090e-04  -3.0018532e-04
 -9.5481972e-04  -2.9718564e-04
 -9.5574910e-04  -2.9418302e-04
 -9.5666905e-04  -2.9117750e-04
 -9.5757954e-04  -2.8816910e-04
 -9.5848057e-04  -2.8515785e-04
 -9.5937213e-04  -2.8214378e-04
 -9.6025421e-04  -2.7912693e-04
 -9.6112681e-04  -2.7610732e-04
 -9.6198991e-04  -2.7308498e-04
 -9.6284351e-04  -2.7005994e-04
 -9.6368760e-04  -2.6703224e-04
 -9.6452216e-04  -2.6400190e-04
 -9.6534720e-04  -2.6096895e-04
 -9.6616269e-04  -2.5793342e-04
 -9.6696865e-04  -2.5489534e-04
 -9.6776505e-04  -2.5185475e-04
 -9.6855189e-04  -2.4881166e-04
 -9.6932916e-04  -2.4576612e-04
 -9.7009685e-04  -2.4271815e-04
 -9.7085496e-04  -2.3966778e-04
 -9.7160348e-04  -2.3661505e-04
 -9.7234240e-04  -2.3355997e-04
 -9.7307171e-04  -2.3050259e-04
 -9.7379141e-04  -2.2744294e-04
 -9.7450149e-04  -2.2438103e-04
 -9.7520194e-04  -2.2131691e-04
 -9.7589276e-04  -2.1825060e-04
 -9.7657393e-04  -2.1518214e-04
 -9.7724546e-04  -2.1211155e-04
 -9.7790733e-04  -2.0903886e-04
 -9.7855955e-04  -2.0596411e-04
 -9.7920209e-04  -2.0288732e-04
 -9.7983496e-04  -1.9980853e-04
 -9.8045815e-04  -1.9672777e-04
 -9.8107165e-04  -1.9364506e-04
 -9.8167546e-04  -1.9056044e-04
 -9.8226958e-04  -1.8747394e-04
 -9.8285399e-04  -1.8438558e-04
 -9.8342868e-04  -1.8129541e-04
 -9.8399367e-04  -1.7820344e-04
 -9.8454893e-04  -1.7510971e-04
 -9.8509446e-04  -1.7201425e-04
 -9.8563026e-04  -1.6891709e-04
 -9.8615633e-04  -1.6581826e-04
 -9.8667265e-04  -1.6271780e-04
 -9.8717922e-04  -1.5961573e-04
 -9.8767605e-04  -1.5651208e-04
 -9.8816311e-04  -1.5340688e-04
 -9.8864041e-04  -1.5030017e-04
 -9.8910794e-04  -1.4719197e-04
 -9.8956571e-04  -1.4408232e-04
 -9.9001369e-04  -1.4097125e-04
 -9.9045190e-04  -1.3785878e-04
 -9.9088031e-04  -1.3474495e-04
 -9.9129894e-04  -1.3162979e-04
 -9.9170778e-04  -1.2851333e-04
 -9.9210682e-04  -1.2539560e-04
 -9.9249606e-04  -1.2227663e-04
 -9.9287549e-04  -1.1915645e-04
 -9.9324511e-04  -1.1603510e-04
 -9.9360492e-04  -1.1291260e-04
 -9.9395492e-04  -1.0978898e-04
 -9.9429509e-04  -1.0666428e-04
 -9.9462544e-04  -1.0353853e-04
 -9.9494597e-04  -1.0041175e-04
 -9.9525666e-04  -9.7283982e-05
 -9.9555753e-04  -9.4155251e-05
 -9.9584855e-04  -9.1025591e-05
 -9.9612974e-04  -8.7895031e-05
 -9.9640109e-04  -8.4763602e-05
 -9.9666259e-04  -8.1631336e-05
 -9.9691425e-04  -7.8498264e-05
 -9.9715606e-04  -7.5364416e-05
 -9.9738802e-04  -7.2229824e-05
 -9.9761012e-04  -6.9094518e-05
 -9.9782237e-04  -6.5958529e-05
 -9.9802475e-04  -6.2821889e-05
 -9.9821728e-04  -5.9684628e-05
 -9.9839995e-04  -5.6546778e-05
 -9.9857275e-04  -5.3408369e-05
 -9.9873569e-04  -5.0269432e-05
 -9.9888876e-04  -4.7129998e-05
 -9.9903197e-04  -4.3990099e-05
 -9.9916530e-04  -4.0849766e-05
 -9.9928876e-04  -3.7709028e-05
 -9.9940235e-04  -3.4567918e-05
 -9.9950607e-04  -3.1426467e-05
 -9.9959991e-04  -2.8284705e-05
 -9.9968387e-04  -2.5142664e-05
 -9.9975796e-04  -2.2000375e-05
 -9.9982217e-04  -1.8857868e-05
 -9.9987651e-04  -1.5715174e-05
 -9.9992097e-04  -1.2572326e-05
 -9.9995554e-04  -9.4293530e-06
 -9.9998024e-04  -6.2862871e-06
 -9.9999506e-04  -3.1431591e-06
 -1.0000000e-03  -2.4492936e-19
 -9.3272500e-04  -2.2845174e-19
 -9.3272039e-04  -2.9317030e-06
 -9.3270657e-04  -5.8633771e-06
 -9.3268353e-04  -8.7949932e-06
 -9.3265128e-04  -1.1726523e-05
 -9.3260982e-04  -1.4657936e-05
 -9.3255914e-04  -1.7589204e-05
 -9.3249925e-04  -2.0520299e-05
 -9.3243014e-04  -2.3451191e-05
 -9.3235182e-04  -2.6381852e-05
 -9.3226430e-04  -2.9312252e-05
 -9.3216756e-04  -3.2242362e-05
 -9.3206161e-04  -3.5172153e-05
 -9.3194645e-04  -3.8101598e-05
 -9.3182209e-04  -4.1030665e-05
 -9.3168852e-04  -4.3959328e-05
 -9.3154575e-04  -4.6887556e-05
 -9.3139377e-04  -4.9815321e-05
 -9.3123259e-04  -5.2742593e-05
 -9.3106222e-04  -5.5669345e-05
 -9.3088264e-04  -5.8595547e-05
 -9.3069387e-04  -6.1521169e-05
 -9.3049590e-04  -6.4446184e-05
 -9.3028874e-04  -6.7370563e-05
 -9.3007238e-04  -7.0294275e-05
 -9.2984684e-04  -7.3217293e-05
 -9.2961212e-04  -7.6139588e-05
 -9.2936821e-04  -7.9061131e-05
 -9.2911511e-04  -8.1981892e-05
 -9.2885284e-04  -8.4901844e-05
 -9.2858139e-04  -8.7820957e-05
 -9.2830077e-04  -9.0739202e-05
 -9.2801098e-04  -9.3656551e-05
 -9.2771202e-04  -9.6572974e-05
 -9.2740389e-04  -9.9488444e-05
 -9.2708660e-04  -1.0240293e-04
 -9.2676015e-04  -1.0531641e-04
 -9.2642455e-04  -1.0822884e-04
 -9.2607979e-04  -1.1114020e-04
 -9.2572589e-04  -1.1405047e-04
 -9.2536283e-04  -1.1695961e-04
 -9.2499064e-04  -1.1986760e-04
 -9.2460931e-04  -1.2277440e-04
 -9.2421884e-04  -1.2567998e-04
 -9.2381924e-04  -1.2858433e-04
 -9.2341052e-04  -1.3148741e-04
 -9.2299267e-04  -1.3438918e-04
 -9.2256571e-04  -1.3728963e-04
 -9.2212963e-04  -1.4018872e-04
 -9.2168444e-04  -1.4308643e-04
 -9.2123014e-04  -1.4598273e-04
 -9.2076674e-04  -1.4887758e-04
 -9.2029425e-04  -1.5177096e-04
 -9.1981266e-04  -1.5466284e-04
 -9.1932199e-04  -1.5755319e-04
 -9.1882223e-04  -1.6044199e-04
 -9.1831340e-04  -1.6332920e-04
 -9.1779549e-04  -1.6621480e-04
 -9.1726852e-04  -1.6909876e-04
 -9.1673248e-04  -1.7198104e-04
 -9.1618739e-04  -1.7486163e-04
 -9.1563325e-04  -1.7774049e-04
 -9.1507006e-04  -1.8061759e-04
 -9.1449783e-04  -1.8349291e-04
 -9.1391656e-04  -1.8636642e-04
 -9.1332627e-04  -1.8923808e-04
 -9.1272695e-04  -1.9210787e-04
 -9.1211862e-04  -1.9497577e-04
 -9.1150127e-04  -1.9784174e-04
 -9.1087492e-04  -2.0070576e-04
 -9.1023957e-04  -2.0356779e-04
 -9.0959523e-04  -2.0642781e-04
 -9.0894190e-04  -2.0928580e-04
 -9.0827959e-04  -2.1214171e-04
 -9.0760831e-04  -2.1499553e-04
 -9.0692806e-04  -2.1784723e-04
 -9.0623885e-04  -2.2069677e-04
 -9.0554069e-04  -2.2354413e-04
 -9.0483358e-04  -2.2638929e-04
 -9.0411754e-04  -2.2923220e-04
 -9.0339256e-04  -2.3207286e-04
 -9.0265865e-04  -2.3491122e-04
 -9.0191583e-04  -2.3774726e-04
 -9.0116410e-04  -2.4058095e-04
 -9.0040346e-04  -2.4341226e-04
 -8.9963393e-04  -2.4624117e-04
 -8.9885551e-04  -2.4906765e-04
 -8.9806821e-04  -2.5189166e-04
 -8.9727204e-04  -2.5471319e-04
 -8.9646701e-04  -2.5753220e-04
 -8.9565311e-04  -2.6034867e-04
 -8.9483037e-04  -2.6316256e-04
 -8.9399879e-04  -2.6597385e-04
 -8.9315837e-04  -2.6878252e-04
 -8.9230914e-04  -2.7158853e-04
 -8.9145108e-04  -2.7439186e-04
 -8.9058422e-04  -2.7719248e-04
 -8.8970856e-04  -2.7999036e-04
 -8.8882411e-04  -2.8278547e-04
 -8.8793088e-04  -2.8557779e-04
 -8.8702888e-04  -2.8836728e-04
 -8.8611811e-04  -2.9115393e-04
 -8.8519859e-04  -2.9393770e-04
 -8.8427033e-04  -2.9671857e-04
 -8.8333333e-04  -2.9949651e-04
 -8.8238760e-04  -3.0227149e-04
 -8.8143315e-04  -3.0504348e-04
 -8.8047000e-04  -3.0781246e-04
 -8.7949815e-04  -3.1057839e-04
 -8.7851760e-04  -3.1334126e-04
 -8.7752838e-04  -3.1610103e-04
 -8.7653049e-04  -3.1885768e-04
 -8.7552394e-04  -3.2161118e-04
 -8.7450874e-04  -3.2436151e-04
 -8.7348490e-04  -3.2710862e-04
 -8.7245243e-04  -3.2985251e-04
 -8.7141134e-04  -3.3259314e-04
 -8.7036165e-04  -3.3533048e-04
 -8.6930335e-04  -3.3806451e-04
 -8.6823647e-04  -3.4079520e-04
 -8.6716100e-04  -3.4352252e-04
 -8.6607697e-04  -3.4624645e-04
 -8.6498439e-04  -3.4896695e-04
 -8.6388326e-04  -3.5168401e-04
 -8.6277359e-04  -3.5439760e-04
 -8.6165540e-04  -3.5710768e-04
 -8.6052870e-04  -3.5981424e-04
 -8.5939349e-04  -3.6251724e-04
 -8.5824980e-04  -3.6521666e-04
 -8.5709763e-04  -3.6791247e-04
 -8.5593698e-04  -3.7060465e-04
 -8.5476789e-04  -3.7329316e-04
 -8.5359034e-04  -3.7597799e-04
 -8.5240437e-04  -3.7865910e-04
 -8.5120997e-04  -3.8133647e-04
 -8.5000717e-04  -3.8401008e-04
 -8.4879596e-04  -3.8667989e-04
 -8.4757637e-04  -3.8934588e-04
 -8.4634841e-04  -3.9200802e-04
 -8.4511209e-04  -3.9466630e-04
 -8.4386741e-04  -3.9732067e-04
 -8.4261440e-04  -3.9997112e-04
 -8.4135307e-04  -4.0261761e-04
 -8.4008342e-04  -4.0526013e-04
 -8.3880547e-04  -4.0789864e-04
 -8.3751924e-04  -4.1053313e-04
 -8.3622473e-04  -4.1316355e-04
 -8.3492196e-04  -4.1578990e-04
 -8.3361094e-04  -4.1841214e-04
 -8.3229169e-04  -4.2103024e-04
 -8.3096421e-04  -4.2364419e-04
 -8.2962853e-04  -4.2625395e-04
 -8.2828465e-04  -4.2885950e-04
 -8.2693258e-04  -4.3146081e-04
 -8.2557235e-04  -4.3405786e-04
 -8.2420396e-04  -4.3665062e-04
 -8.2282742e-04  -4.3923907e-04
 -8.2144276e-04  -4.4182318e-04
 -8.2004998e-04  -4.4440292e-04
 -8.1864910e-04  -4.4697827e-04
 -8.1724013e-04  -4.4954921e-04
 -8.1582309e-04  -4.5211570e-04
 -8.1439799e-04  -4.5467773e-04
 -8.1296484e-04  -4.5723527e-04
 -8.1152366e-04  -4.5978829e-04
 -8.1007447e-04  -4.6233676e-04
 -8.0861727e-04  -4.6488067e-04
 -8.0715208e-04  -4.6741999e-04
 -8.0567892e-04  -4.6995469e-04
 -8.0419780e-04  -4.7248474e-04
 -8.0270873e-04  -4.7501013e-04
 -8.0121173e-04  -4.7753083e-04
 -7.9970682e-04  -4.8004680e-04
 -7.9819400e-04  -4.8255804e-04
 -7.9667330e-04  -4.8506450e-04
 -7.9514473e-04  -4.8756618e-04
 -7.9360831e-04  -4.9006304e-04
 -7.9206404e-04  -4.9255505e-04
 -7.9051195e-04  -4.9504220e-04
 -7.8895205e-04  -4.9752446e-04
 -7.8738435e-04  -5.0000181e-04
 -7.8580888e-04  -5.0247421e-04
 -7.8422564e-04  -5.0494165e-04
 -7.8263465e-04  -5.0740410e-04
 -7.8103594e-04  -5.0986154e-04
 -7.7942950e-04  -5.1231394e-04
 -7.7781537e-04  -5.1476128e-04
 -7.7619355e-04  -5.1720354e-04
 -7.7456406e-04  -5.1964068e-04
 -7.7292692e-04  -5.2207269e-04
 -7.7128215e-04  -5.2449955e-04
 -7.6962975e-04  -5.2692122e-04
 -7.6796975e-04  -5.2933768e-04
 -7.6630217e-04  -5.3174892e-04
 -7.6462701e-04  -5.3415490e-04
 -7.6294430e-04  -5.3655561e-04
 -7.6125405e-04  -5.3895101e-04
 -7.5955628e-04  -5.4134109e-04
 -7.5785101e-04  -5.4372583e-04
 -7.5613825e-04  -5.4610519e-04
 -7.5441802e-04  -5.4847915e-04
 -7.5269033e-04  -5.5084770e-04
 -7.5095521e-04  -5.5321080e-04
 -7.4921267e-04  -5.5556844e-04
 -7.4746273e-04  -5.5792059e-04
 -7.4570541e-04  -5.6026723e-04
 -7.4394072e-04  -5.6260833e-04
 -7.4216867e-04  -5.6494388e-04
 -7.4038930e-04  -5.6727384e-04
 -7.3860261e-04  -5.6959820e-04
 -7.3680862e-04  -5.7191693e-04
 -7.3500736e-04  -5.7423001e-04
 -7.3319883e-04  -5.7653742e-04
 -7.3138306e-04  -5.7883914e-04
 -7.2956006e-04  -5.8113513e-04
 -7.2772986e-04  -5.8342538e-04
 -7.2589247e-04  -5.8570987e-04
 -7.2404790e-04  -5.8798857e-04
 -7.2219618e-04  -5.9026147e-04
 -7.2033733e-04  -5.9252853e-04
 -7.1847136e-04  -5.9478974e-04
 -7.1659829e-04  -5.9704507e-04
 -7.1471814e-04  -5.9929450e-04
 -7.1283094e-04  -6.0153801e-04
 -7.1093669e-04  -6.0377558e-04
 -7.0903541e-04  -6.0600719e-04
 -7.0712713e-04  -6.0823281e-04
 -7.0521187e-04  -6.1045241e-04
 -7.0328963e-04  -6.1266599e-04
 -7.0136045e-04  -6.1487352e-04
 -6.9942434e-04  -6.1707497e-04
 -6.9748132e-04  -6.1927032e-04
 -6.9553141e-04  -6.2145956e-04
 -6.9357463e-04  -6.2364265e-04
 -6.9161100e-04  -6.2581959e-04
 -6.8964053e-04  -6.2799034e-04
 -6.8766325e-04  -6.3015489e-04
 -6.8567918e-04  -6.3231321e-04
 -6.8368833e-04  -6.3446528e-04
 -6.8169072e-04  -6.3661109e-04
 -6.7968639e-04  -6.3875061e-04
 -6.7767534e-04  -6.4088382e-04
 -6.7565759e-04  -6.4301069e-04
 -6.7363317e-04  -6.4513121e-04
 -6.7160209e-04  -6.4724536e-04
 -6.6956438e-04  -6.4935312e-04
 -6.6752005e-04  -6.5145446e-04
 -6.6546913e-04  -6.5354936e-04
 -6.6341163e-04  -6.5563781e-04
 -6.6134758e-04  -6.5771978e-04
 -6.5927699e-04  -6.5979525e-04
 -6.5719989e-04  -6.6186420e-04
 -6.5511630e-04  -6.6392662e-04
 -6.5302624e-04  -6.6598247e-04
 -6.5092973e-04  -6.6803175e-04
 -6.4882678e-04  -6.7007442e-04
 -6.4671743e-04  -6.7211048e-04
 -6.4460168e-04  -6.7413990e-04
 -6.4247957e-04  -6.7616265e-04
 -6.4035111e-04  -6.7817873e-04
 -6.3821632e-04  -6.8018810e-04
 -6.3607523e-04  -6.8219076e-04
 -6.3392785e-04  -6.8418667e-04
 -6.3177421e-04  -6.8617583e-04
 -6.2961433e-04  -6.8815821e-04
 -6.2744823e-04  -6.9013379e-04
 -6.2527593e-04  -6.9210255e-04
 -6.2309745e-04  -6.9406447e-04
 -6.2091282e-04  -6.9601954e-04
 -6.1872205e-04  -6.9796772e-04
 -6.1652517e-04  -6.9990902e-04
 -6.1432220e-04  -7.0184340e-04
 -6.1211316e-04  -7.0377084e-04
 -6.0989808e-04  -7.0569134e-04
 -6.0767696e-04  -7.0760486e-04
 -6.0544985e-04  -7.0951139e-04
 -6.0321675e-04  -7.1141091e-04
 -6.0097769e-04  -7.1330340e-04
 -5.9873270e-04  -7.1518884e-04
 -5.9648179e-04  -7.1706722e-04
 -5.9422498e-04  -7.1893852e-04
 -5.9196231e-04  -7.2080271e-04
 -5.8969379e-04  -7.2265978e-04
 -5.8741944e-04  -7.2450971e-04
 -5.8513929e-04  -7.2635249e-04
 -5.8285336e-04  -7.2818809e-04
 -5.8056167e-04  -7.3001649e-04
 -5.7826424e-04  -7.3183768e-04
 -5.7596110e-04  -7.3365164e-04
 -5.7365228e-04  -7.3545836e-04
 -5.7133778e-04  -7.3725780e-04
 -5.6901764e-04  -7.3904997e-04
 -5.6669188e-04  -7.4083483e-04
 -5.6436052e-04  -7.4261237e-04
 -5.6202358e-04  -7.4438258e-04
 -5.5968109e-04  -7.4614543e-04
 -5.5733307e-04  -7.4790091e-04
 -5.5497955e-04  -7.4964900e-04
 -5.5262054e-04  -7.5138969e-04
 -5.5025607e-04  -7.5312295e-04
 -5.4788617e-04  -7.5484877e-04
 -5.4551085e-04  -7.5656714e-04
 -5.4313015e-04  -7.5827803e-04
 -5.4074408e-04  -7.5998143e-04
 -5.3835266e-04  -7.6167732e-04
 -5.3595593e-04  -7.6336568e-04
 -5.3355390e-04  -7.6504651e-04
 -5.3114660e-04  -7.6671977e-04
 -5.2873406e-04  -7.6838546e-04
 -5.2631629e-04  -7.7004356e-04
 -5.2389332e-04  -7.7169406e-04
 -5.2146517e-04  -7.7333692e-04
 -5.1903188e-04  -7.7497215e-04
 -5.1659345e-04  -7.7659972e-04
 -5.1414992e-04  -7.7821962e-04
 -5.1170132e-04  -7.7983183e-04
 -5.0924765e-04  -7.8143634e-04
 -5.0678896e-04  -7.8303313e-04
 -5.0432526e-04  -7.8462218e-04
 -5.0185657e-04  -7.8620348e-04
 -4.9938293e-04  -7.8777701e-04
 -4.9690436e-04  -7.8934276e-04
 -4.9442087e-04  -7.9090071e-04
 -4.9193250e-04  -7.9245084e-04
 -4.8943927e-04  -7.9399315e-04
 -4.8694121e-04  -7.9552761e-04
 -4.8443834e-04  -7.9705422e-04
 -4.8193067e-04  -7.9857295e-04
 -4.7941825e-04  -8.0008379e-04
 -4.7690109e-04  -8.0158672e-04
 -4.7437922e-04  -8.0308174e-04
 -4.7185267e-04  -8.0456882e-04
 -4.6932145e-04  -8.0604795e-04
 -4.6678559e-04  -8.0751912e-04
 -4.6424512e-04  -8.0898232e-04
 -4.6170007e-04  -8.1043752e-04
 -4.5915046e-04  -8.1188471e-04
 -4.5659631e-04  -8.1332388e-04
 -4.5403764e-04  -8.1475502e-04
 -4.5147450e-04  -8.1617811e-04
 -4.4890689e-04  -8.1759313e-04
 -4.4633485e-04  -8.1900008e-04
 -4.4375839e-04  -8.2039894e-04
 -4.4117756e-04  -8.2178969e-04
 -4.3859236e-04  -8.2317232e-04
 -4.3600283e-04  -8.2454682e-04
 -4.3340900e-04  -8.2591317e-04
 -4.3081088e-04  -8.2727136e-04
 -4.2820851e-04  -8.2862138e-04
 -4.2560190e-04  -8.2996322e-04
 -4.2299109e-04  -8.3129685e-04
 -4.2037611e-04  -8.3262228e-04
 -4.1775697e-04  -8.3393947e-04
 -4.1513370e-04  -8.3524843e-04
 -4.1250633e-04  -8.3654913e-04
 -4.0987488e-04  -8.3784157e-04
 -4.0723939e-04  -8.3912574e-04
 -4.0459987e-04  -8.4040161e-04
 -4.0195636e-04  -8.4166918e-04
 -3.9930887e-04  -8.4292844e-04
 -3.9665744e-04  -8.4417936e-04
 -3.9400209e-04  -8.4542195e-04
 -3.9134285e-04  -8.4665619e-04
 -3.8867974e-04  -8.4788206e-04
 -3.8601279e-04  -8.4909955e-04
 -3.8334203e-04  -8.5030866e-04
 -3.8066748e-04  -8.5150936e-04
 -3.7798917e-04  -8.5270165e-04
 -3.7530713e-04  -8.5388552e-04
 -3.7262138e-04  -8.5506095e-04
 -3.6993194e-04  -8.5622794e-04
 -3.6723886e-04  -8.5738646e-04
 -3.6454214e-04  -8.5853652e-04
 -3.6184182e-04  -8.5967809e-04
 -3.5913793e-04  -8.6081117e-04
 -3.5643049e-04  -8.6193575e-04
 -3.5371953e-04  -8.6305181e-04
 -3.5100507e-04  -8.6415934e-04
 -3.4828715e-04  -8.6525834e-04
 -3.4556578e-04  -8.6634878e-04
 -3.4284100e-04  -8.6743067e-04
 -3.4011284e-04  -8.6850399e-04
 -3.3738131e-04  -8.6956873e-04
 -3.3464645e-04  -8.7062488e-04
 -3.3190829e-04  -8.7167242e-04
 -3.2916684e-04  -8.7271136e-04
 -3.2642215e-04  -8.7374167e-04
 -3.2367422e-04  -8.7476335e-04
 -3.2092310e-04  -8.7577639e-04
 -3.1816881e-04  -8.7678078e-04
 -3.1541138e-04  -8.7777650e-04
 -3.1265083e-04  -8.7876355e-04
 -3.0988719e-04  -8.7974192e-04
 -3.0712049e-04  -8.8071160e-04
 -3.0435076e-04  -8.8167258e-04
 -3.0157802e-04  -8.8262485e-04
 -2.9880230e-04  -8.8356840e-04
 -2.9602363e-04  -8.8450321e-04
 -2.9324203e-04  -8.8542929e-04
 -2.9045754e-04  -8.8634663e-04
 -2.8767018e-04  -8.8725520e-04
 -2.8487997e-04  -8.8815501e-04
 -2.8208695e-04  -8.8904605e-04
 -2.7929114e-04  -8.8992830e-04
 -2.7649258e-04  -8.9080176e-04
 -2.7369128e-04  -8.9166642e-04
 -2.7088728e-04  -8.9252227e-04
 -2.6808060e-04  -8.9336931e-04
 -2.6527128e-04  -8.9420751e-04
 -2.6245933e-04  -8.9503689e-04
 -2.5964479e-04  -8.9585742e-04
 -2.5682768e-04  -8.9666910e-04
 -2.5400804e-04  -8.9747192e-04
 -2.5118589e-04  -8.9826587e-04
 -2.4836126e-04  -8.9905095e-04
 -2.4553417e-04  -8.9982715e-04
 -2.4270466e-04  -9.0059446e-04
 -2.3987275e-04  -9.0135287e-04
 -2.3703847e-04  -9.0210237e-04
 -2.3420184e-04  -9.0284297e-04
 -2.3136291e-04  -9.0357464e-04
 -2.2852169e-04  -9.0429739e-04
 -2.2567821e-04  -9.0501120e-04
 -2.2283250e-04  -9.0571607e-04
 -2.1998459e-04  -9.0641200e-04
 -2.1713450e-04  -9.0709897e-04
 -2.1428227e-04  -9.0777697e-04
 -2.1142793e-04  -9.0844601e-04
 -2.0857149e-04  -9.0910608e-04
 -2.0571300e-04  -9.0975716e-04
 -2.0285247e-04  -9.1039925e-04
 -1.9998994e-04  -9.1103235e-04
 -1.9712543e-04  -9.1165645e-04
 -1.9425898e-04  -9.1227155e-04
 -1.9139060e-04  -9.1287763e-04
 -1.8852034e-04  -9.1347469e-04
 -1.8564821e-04  -9.1406273e-04
 -1.8277425e-04  -9.1464173e-04
 -1.7989848e-04  -9.1521170e-04
 -1.7702094e-04  -9.1577263e-04
 -1.7414164e-04  -9.1632451e-04
 -1.7126063e-04  -9.1686734e-04
 -1.6837792e-04  -9.1740111e-04
 -1.6549355e-04  -9.1792582e-04
 -1.6260755e-04  -9.1844146e-04
 -1.5971994e-04  -9.1894802e-04
 -1.5683075e-04  -9.1944551e-04
 -1.5394001e-04  -9.1993391e-04
 -1.5104775e-04  -9.2041322e-04
 -1.4815400e-04  -9.2088344e-04
 -1.4525879e-04  -9.2134457e-04
 -1.4236214e-04  -9.2179659e-04
 -1.3946408e-04  -9.2223950e-04
 -1.3656465e-04  -9.2267330e-04
 -1.3366386e-04  -9.2309799e-04
 -1.3076176e-04  -9.2351356e-04
 -1.2785836e-04  -9.2392000e-04
 -1.2495370e-04  -9.2431731e-04
 -1.2204781e-04  -9.2470550e-04
 -1.1914071e-04  -9.2508455e-04
 -1.1623243e-04  -9.2545445e-04
 -1.1332301e-04  -9.2581522e-04
 -1.1041246e-04  -9.2616684e-04
 -1.0750083e-04  -9.2650931e-04
 -1.0458813e-04  -9.2684262e-04
 -1.0167440e-04  -9.2716678e-04
 -9.8759667e-05  -9.2748178e-04
 -9.5843957e-05  -9.2778762e-04
 -9.2927299e-05  -9.2808429e-04
 -9.0009724e-05  -9.2837179e-04
 -8.7091259e-05  -9.2865012e-04
 -8.4171934e-05  -9.2891927e-04
 -8.1251777e-05  -9.2917925e-04
 -7.8330817e-05  -9.2943005e-04
 -7.5409084e-05  -9.2967166e-04
 -7.2486606e-05  -9.2990409e-04
 -6.9563411e-05  -9.3012733e-04
 -6.6639529e-05  -9.3034139e-04
 -6.3714989e-05  -9.3054625e-04
 -6.0789819e-05  -9.3074192e-04
 -5.7864049e-05  -9.3092840e-04
 -5.4937707e-05  -9.3110567e-04
 -5.2010823e-05  -9.3127375e-04
 -4.9083424e-05  -9.3143263e-04
 -4.6155541e-05  -9.3158231e-04
 -4.3227202e-05  -9.3172278e-04
 -4.0298435e-05  -9.3185405e-04
 -3.7369271e-05  -9.3197611e-04
 -3.4439737e-05  -9.3208896e-04
 -3.1509863e-05  -9.3219261e-04
 -2.8579678e-05  -9.3228704e-04
 -2.5649210e-05  -9.3237227e-04
 -2.2718489e-05  -9.3244828e-04
 -1.9787543e-05  -9.3251508e-04
 -1.6856403e-05  -9.3257267e-04
 -1.3925095e-05  -9.3262105e-04
 -1.0993650e-05  -9.3266021e-04
 -8.0620962e-06  -9.3269016e-04
 -5.1304629e-06  -9.3271089e-04
 -2.1987789e-06  -9.3272241e-04
  7.3292689e-07  -9.3272471e-04
  3.6646254e-06  -9.3271780e-04
  6.5962877e-06  -9.3270168e-04
  9.5278848e-06  -9.3267633e-04
  1.2459388e-05  -9.3264178e-04
  1.5390768e-05  -9.3259801e-04
  1.8321996e-05  -9.3254503e-04
  2.1253042e-05  -9.3248283e-04
  2.4183879e-05  -9.3241143e-04
  2.7114477e-05  -9.3233081e-04
  3.0044807e-05  -9.3224097e-04
  3.2974841e-05  -9.3214193e-04
  3.5904548e-05  -9.3203368e-04
  3.8833901e-05  -9.3191623e-04
  4.1762870e-05  -9.3178956e-04
  4.4691426e-05  -9.3165369e-04
  4.7619541e-05  -9.3150862e-04
  5.0547186e-05  -9.3135434e-04
  5.3474331e-05  -9.3119086e-04
  5.6400948e-05  -9.3101818e-04
  5.9327008e-05  -9.3083631e-04
  6.2252481e-05  -9.3064524e-04
  6.5177340e-05  -9.3044497e-04
  6.8101554e-05  -9.3023551e-04
  7.1025096e-05  -9.3001686e-04
  7.3947936e-05  -9.2978902e-04
  7.6870046e-05  -9.2955200e-04
  7.9791396e-05  -9.2930579e-04
  8.2711957e-05  -9.2905041e-04
  8.5631702e-05  -9.2878584e-04
  8.8550601e-05  -9.2851210e-04
  9.1468624e-05  -9.2822918e-04
  9.4385745e-05  -9.2793710e-04
  9.7301932e-05  -9.2763584e-04
  1.0021716e-04  -9.2732543e-04
  1.0313139e-04  -9.2700585e-04
  1.0604461e-04  -9.2667711e-04
  1.0895678e-04  -9.2633922e-04
  1.1186788e-04  -9.2599217e-04
  1.1477786e-04  -9.2563598e-04
  1.1768672e-04  -9.2527064e-04
  1.2059441e-04  -9.2489616e-04
  1.2350091e-04  -9.2451255e-04
  1.2640619e-04  -9.2411980e-04
  1.2931022e-04  -9.2371792e-04
  1.3221297e-04  -9.2330691e-04
  1.3511442e-04  -9.2288679e-04
  1.3801453e-04  -9.2245754e-04
  1.4091328e-04  -9.2201918e-04
  1.4381064e-04  -9.2157171e-04
  1.4670658e-04  -9.2111514e-04
  1.4960106e-04  -9.2064947e-04
  1.5249407e-04  -9.2017470e-04
  1.5538557e-04  -9.1969084e-04
  1.5827554e-04  -9.1919790e-04
  1.6116394e-04  -9.1869587e-04
  1.6405075e-04  -9.1818477e-04
  1.6693595e-04  -9.1766460e-04
  1.6981949e-04  -9.1713536e-04
  1.7270135e-04  -9.1659706e-04
  1.7558151e-04  -9.1604970e-04
  1.7845993e-04  -9.1549330e-04
  1.8133659e-04  -9.1492785e-04
  1.8421146e-04  -9.1435336e-04
  1.8708451e-04  -9.1376984e-04
  1.8995571e-04  -9.1317729e-04
  1.9282503e-04  -9.1257571e-04
  1.9569245e-04  -9.1196513e-04
  1.9855793e-04  -9.1134553e-04
  2.0142145e-04  -9.1071693e-04
  2.0428299e-04  -9.1007933e-04
  2.0714250e-04  -9.0943274e-04
  2.0999997e-04  -9.0877717e-04
  2.1285536e-04  -9.0811261e-04
  2.1570866e-04  -9.0743909e-04
  2.1855982e-04  -9.0675660e-04
  2.2140882e-04  -9.0606515e-04
  2.2425563e-04  -9.0536475e-04
  2.2710023e-04  -9.0465541e-04
  2.2994258e-04  -9.0393713e-04
  2.3278266e-04  -9.0320992e-04
  2.3562045e-04  -9.0247378e-04
  2.3845590e-04  -9.0172873e-04
  2.4128900e-04  -9.0097477e-04
  2.4411971e-04  -9.0021191e-04
  2.4694802e-04  -8.9944016e-04
  2.4977388e-04  -8.9865952e-04
  2.5259728e-04  -8.9787000e-04
  2.5541818e-04  -8.9707161e-04
  2.5823656e-04  -8.9626436e-04
  2.6105238e-04  -8.9544826e-04
  2.6386563e-04  -8.9462330e-04
  2.6667627e-04  -8.9378951e-04
  2.6948427e-04  -8.9294689e-04
  2.7228962e-04  -8.9209545e-04
  2.7509227e-04  -8.9123519e-04
  2.7789220e-04  -8.9036613e-04
  2.8068939e-04  -8.8948827e-04
  2.8348381e-04  -8.8860163e-04
  2.8627543e-04  -8.8770620e-04
  2.8906421e-04  -8.8680201e-04
  2.9185015e-04  -8.8588906e-04
  2.9463319e-04  -8.8496735e-04
  2.9741333e-04  -8.8403690e-04
  3.0019053e-04  -8.8309771e-04
  3.0296477e-04  -8.8214980e-04
  3.0573601e-04  -8.8119318e-04
  3.0850423e-04  -8.8022785e-04
  3.1126940e-04  -8.7925382e-04
  3.1403149e-04  -8.7827111e-04
  3.1679049e-04  -8.7727972e-04
  3.1954635e-04  -8.7627967e-04
  3.2229906e-04  -8.7527095e-04
  3.2504859e-04  -8.7425359e-04
  3.2779490e-04  -8.7322759e-04
  3.3053797e-04  -8.7219297e-04
  3.3327778e-04  -8.7114973e-04
  3.3601430e-04  -8.7009788e-04
  3.3874749e-04  -8.6903743e-04
  3.4147734e-04  -8.6796840e-04
  3.4420382e-04  -8.6689080e-04
  3.4692689e-04  -8.6580463e-04
  3.4964654e-04  -8.6470991e-04
  3.5236274e-04  -8.6360664e-04
  3.5507545e-04  -8.6249484e-04
  3.5778465e-04  -8.6137452e-04
  3.6049032e-04  -8.6024569e-04
  3.6319243e-04  -8.5910837e-04
  3.6589095e-04  -8.5796255e-04
  3.6858586e-04  -8.5680826e-04
  3.7127712e-04  -8.5564550e-04
  3.7396472e-04  -8.5447429e-04
  3.7664862e-04  -8.5329464e-04
  3.7932880e-04  -8.5210656e-04
  3.8200523e-04  -8.5091006e-04
  3.8467789e-04  -8.4970515e-04
  3.8734675e-04  -8.4849185e-04
  3.9001178e-04  -8.4727017e-04
  3.9267296e-04  -8.4604011e-04
  3.9533026e-04  -8.4480170e-04
  3.9798365e-04  -8.4355494e-04
  4.0063311e-04  -8.4229985e-04
  4.0327861e-04  -8.4103644e-04
  4.0592013e-04  -8.3976471e-04
  4.0855764e-04  -8.3848469e-04
  4.1119111e-04  -8.3719639e-04
  4.1382052e-04  -8.3589981e-04
  4.1644585e-04  -8.3459498e-04
  4.1906705e-04  -8.3328190e-04
  4.2168412e-04  -8.3196059e-04
  4.2429702e-04  -8.3063106e-04
  4.2690573e-04  -8.2929333e-04
  4.2951022e-04  -8.2794740e-04
  4.3211047e-04  -8.2659329e-04
  4.3470645e-04  -8.2523101e-04
  4.3729814e-04  -8.2386059e-04
  4.3988550e-04  -8.2248202e-04
  4.4246852e-04  -8.2109532e-04
  4.4504717e-04  -8.1970052e-04
  4.4762142e-04  -8.1829762e-04
  4.5019125e-04  -8.1688663e-04
  4.5275663e-04  -8.1546757e-04
  4.5531754e-04  -8.1404046e-04
  4.5787395e-04  -8.1260530e-04
  4.6042583e-04  -8.1116212e-04
  4.6297317e-04  -8.0971092e-04
  4.6551593e-04  -8.0825172e-04
  4.6805410e-04  -8.0678454e-04
  4.7058764e-04  -8.0530938e-04
  4.7311653e-04  -8.0382627e-04
  4.7564074e-04  -8.0233522e-04
  4.7816026e-04  -8.0083624e-04
  4.8067506e-04  -7.9932935e-04
  4.8318510e-04  -7.9781457e-04
  4.8569037e-04  -7.9629190e-04
  4.8819085e-04  -7.9476136e-04
  4.9068650e-04  -7.9322298e-04
  4.9317730e-04  -7.9167675e-04
  4.9566323e-04  -7.9012271e-04
  4.9814426e-04  -7.8856085e-04
  5.0062037e-04  -7.8699121e-04
  5.0309154e-04  -7.8541380e-04
  5.0555773e-04  -7.8382862e-04
  5.0801893e-04  -7.8223570e-04
  5.1047511e-04  -7.8063505e-04
  5.1292625e-04  -7.7902669e-04
  5.1537232e-04  -7.7741063e-04
  5.1781330e-04  -7.7578690e-04
  5.2024917e-04  -7.7415549e-04
  5.2267989e-04  -7.7251644e-04
  5.2510545e-04  -7.7086976e-04
  5.2752582e-04  -7.6921546e-04
  5.2994099e-04  -7.6755357e-04
  5.3235091e-04  -7.6588409e-04
  5.3475558e-04  -7.6420704e-04
  5.3715496e-04  -7.6252244e-04
  5.3954903e-04  -7.6083031e-04
  5.4193778e-04  -7.5913067e-04
  5.4432117e-04  -7.5742352e-04
  5.4669919e-04  -7.5570889e-04
  5.4907180e-04  -7.5398679e-04
  5.5143899e-04  -7.5225725e-04
  5.5380073e-04  -7.5052027e-04
  5.5615700e-04  -7.4877588e-04
  5.5850777e-04  -7.4702409e-04
  5.6085303e-04  -7.4526492e-04
  5.6319274e-04  -7.4349839e-04
  5.6552689e-04  -7.4172452e-04
  5.6785546e-04  -7.3994331e-04
  5.7017841e-04  -7.3815480e-04
  5.7249573e-04  -7.3635899e-04
  5.7480740e-04  -7.3455591e-04
  5.7711339e-04  -7.3274557e-04
  5.7941367e-04  -7.3092799e-04
  5.8170823e-04  -7.2910319e-04
  5.8399705e-04  -7.2727118e-04
  5.8628009e-04  -7.2543200e-04
  5.8855734e-04  -7.2358564e-04
  5.9082878e-04  -7.2173214e-04
  5.9309438e-04  -7.1987150e-04
  5.9535412e-04  -7.1800376e-04
  5.9760798e-04  -7.1612892e-04
  5.9985594e-04  -7.1424700e-04
  6.0209796e-04  -7.1235803e-04
  6.0433404e-04  -7.1046202e-04
  6.0656415e-04  -7.0855900e-04
  6.0878827e-04  -7.0664897e-04
  6.1100637e-04  -7.0473196e-04
  6.1321844e-04  -7.0280799e-04
  6.1542445e-04  -7.0087707e-04
  6.1762438e-04  -6.9893923e-04
  6.1981820e-04  -6.9699449e-04
  6.2200591e-04  -6.9504286e-04
  6.2418746e-04  -6.9308436e-04
  6.2636286e-04  -6.9111902e-04
  6.2853206e-04  -6.8914685e-04
  6.3069505e-04  -6.8716787e-04
  6.3285181e-04  -6.8518210e-04
  6.3500232e-04  -6.8318956e-04
  6.3714656e-04  -6.8119027e-04
  6.3928450e-04  -6.7918425e-04
  6.4141613e-04  -6.7717153e-04
  6.4354142e-04  -6.7515211e-04
  6.4566035e-04  -6.7312602e-04
  6.4777290e-04  -6.7109328e-04
  6.4987906e-04  -6.6905391e-04
  6.5197879e-04  -6.6700793e-04
  6.5407208e-04  -6.6495537e-04
  6.5615891e-04  -6.6289623e-04
  6.5823926e-04  -6.6083054e-04
  6.6031310e-04  -6.5875833e-04
  6.6238042e-04  -6.5667960e-04
  6.6444120e-04  -6.5459439e-04
  6.6649541e-04  -6.5250272e-04
  6.6854304e-04  -6.5040459e-04
  6.7058406e-04  -6.4830004e-04
  6.7261846e-04  -6.4618909e-04
  6.7464621e-04  -6.4407175e-04
  6.7666730e-04  -6.4194805e-04
  6.7868170e-04  -6.3981800e-04
  6.8068940e-04  -6.3768164e-04
  6.8269037e-04  -6.3553897e-04
  6.8468460e-04  -6.3339003e-04
  6.8667206e-04  -6.3123483e-04
  6.8865274e-04  -6.2907339e-04
  6.9062662e-04  -6.2690574e-04
  6.9259367e-04  -6.2473189e-04
  6.9455388e-04  -6.2255187e-04
  6.9650723e-04  -6.2036570e-04
  6.9845370e-04  -6.1817341e-04
  7.0039326e-04  -6.1597500e-04
  7.0232591e-04  -6.1377051e-04
  7.0425162e-04  -6.1155996e-04
  7.0617037e-04  -6.0934336e-04
  7.0808215e-04  -6.0712075e-04
  7.0998692e-04  -6.0489213e-04
  7.1188469e-04  -6.0265754e-04
  7.1377542e-04  -6.0041700e-04
  7.1565910e-04  -5.9817052e-04
  7.1753571e-04  -5.9591814e-04
  7.1940523e-04  -5.9365987e-04
  7.2126765e-04  -5.9139573e-04
  7.2312293e-04  -5.8912575e-04
  7.2497108e-04  -5.8684995e-04
  7.2681206e-04  -5.8456835e-04
  7.2864586e-04  -5.8228098e-04
  7.3047246e-04  -5.7998785e-04
  7.3229185e-04  -5.7768899e-04
  7.3410400e-04  -5.7538443e-04
  7.3590890e-04  -5.7307418e-04
  7.3770653e-04  -5.7075827e-04
  7.3949687e-04  -5.6843672e-04
  7.4127990e-04  -5.6610956e-04
  7.4305561e-04  -5.6377680e-04
  7.4482398e-04  -5.6143848e-04
  7.4658499e-04  -5.5909460e-04
  7.4833863e-04  -5.5674521e-04
  7.5008487e-04  -5.5439031e-04
  7.5182370e-04  -5.5202993e-04
  7.5355511e-04  -5.4966410e-04
  7.5527907e-04  -5.4729285e-04
  7.5699556e-04  -5.4491618e-04
  7.5870458e-04  -5.4253413e-04
  7.6040611e-04  -5.4014672e-04
  7.6210012e-04  -5.3775398e-04
  7.6378660e-04  -5.3535592e-04
  7.6546553e-04  -5.3295257e-04
  7.6713691e-04  -5.3054396e-04
  7.6880070e-04  -5.2813010e-04
  7.7045690e-04  -5.2571103e-04
  7.7210549e-04  -5.2328677e-04
  7.7374645e-04  -5.2085733e-04
  7.7537976e-04  -5.1842275e-04
  7.7700542e-04  -5.1598305e-04
  7.7862340e-04  -5.1353825e-04
  7.8023368e-04  -5.1108837e-04
  7.8183626e-04  -5.0863345e-04
  7.8343111e-04  -5.0617350e-04
  7.8501823e-04  -5.0370855e-04
  7.8659759e-04  -5.0123863e-04
  7.8816917e-04  -4.9876375e-04
  7.8973297e-04  -4.9628395e-04
  7.9128897e-04  -4.9379924e-04
  7.9283715e-04  -4.9130965e-04
  7.9437750e-04  -4.8881521e-04
  7.9591000e-04  -4.8631594e-04
  7.9743464e-04  -4.8381187e-04
  7.9895140e-04  -4.8130301e-04
  8.0046026e-04  -4.7878940e-04
  8.0196122e-04  -4.7627107e-04
  8.0345425e-04  -4.7374802e-04
  8.0493935e-04  -4.7122030e-04
  8.0641649e-04  -4.6868792e-04
  8.0788567e-04  -4.6615091e-04
  8.0934687e-04  -4.6360929e-04
  8.1080007e-04  -4.6106309e-04
  8.1224526e-04  -4.5851234e-04
  8.1368242e-04  -4.5595706e-04
  8.1511155e-04  -4.5339728e-04
  8.1653262e-04  -4.5083301e-04
  8.1794563e-04  -4.4826429e-04
  8.1935055e-04  -4.4569115e-04
  8.2074738e-04  -4.4311359e-04
  8.2213611e-04  -4.4053167e-04
  8.2351671e-04  -4.3794539e-04
  8.2488917e-04  -4.3535478e-04
  8.2625348e-04  -4.3275987e-04
  8.2760964e-04  -4.3016069e-04
  8.2895761e-04  -4.2755725e-04
  8.3029740e-04  -4.2494959e-04
  8.3162898e-04  -4.2233774e-04
  8.3295235e-04  -4.1972171e-04
  8.3426748e-04  -4.1710154e-04
  8.3557438e-04  -4.1447724e-04
  8.3687302e-04  -4.1184885e-04
  8.3816339e-04  -4.0921639e-04
  8.3944548e-04  -4.0657989e-04
  8.4071928e-04  -4.0393937e-04
  8.4198478e-04  -4.0129486e-04
  8.4324195e-04  -3.9864638e-04
  8.4449079e-04  -3.9599397e-04
  8.4573129e-04  -3.9333765e-04
  8.4696344e-04  -3.9067744e-04
  8.4818722e-04  -3.8801336e-04
  8.4940261e-04  -3.8534546e-04
  8.5060962e-04  -3.8267375e-04
  8.5180822e-04  -3.7999826e-04
  8.5299841e-04  -3.7731901e-04
  8.5418017e-04  -3.7463604e-04
  8.5535349e-04  -3.7194936e-04
  8.5651836e-04  -3.6925901e-04
  8.5767477e-04  -3.6656502e-04
  8.5882271e-04  -3.6386740e-04
  8.5996216e-04  -3.6116618e-04
  8.6109311e-04  -3.5846140e-04
  8.6221556e-04  -3.5575308e-04
  8.6332949e-04  -3.5304124e-04
  8.6443489e-04  -3.5032592e-04
  8.6553175e-04  -3.4760713e-04
  8.6662006e-04  -3.4488491e-04
  8.6769981e-04  -3.4215928e-04
  8.6877098e-04  -3.3943027e-04
  8.6983357e-04  -3.3669791e-04
  8.7088757e-04  -3.3396222e-04
  8.7193297e-04  -3.3122323e-04
  8.7296975e-04  -3.2848097e-04
  8.7399790e-04  -3.2573547e-04
  8.7501742e-04  -3.2298674e-04
  8.7602830e-04  -3.2023483e-04
  8.7703052e-04  -3.1747975e-04
  8.7802408e-04  -3.1472154e-04
  8.7900896e-04  -3.1196021e-04
  8.7998516e-04  -3.0919581e-04
  8.8095266e-04  -3.0642834e-04
  8.8191146e-04  -3.0365786e-04
  8.8286155e-04  -3.0088437e-04
  8.8380292e-04  -2.9810791e-04
  8.8473555e-04  -2.9532850e-04
  8.8565945e-04  -2.9254618e-04
  8.8657459e-04  -2.8976097e-04
  8.8748098e-04  -2.8697289e-04
  8.8837860e-04  -2.8418198e-04
  8.8926744e-04  -2.8138826e-04
  8.9014749e-04  -2.7859176e-04
  8.9101875e-04  -2.7579251e-04
  8.9188121e-04  -2.7299053e-04
  8.9273486e-04  -2.7018586e-04
  8.9357969e-04  -2.6737852e-04
  8.9441568e-04  -2.6456853e-04
  8.9524285e-04  -2.6175594e-04
  8.9606117e-04  -2.5894075e-04
  8.9687063e-04  -2.5612301e-04
  8.9767124e-04  -2.5330274e-04
  8.9846297e-04  -2.5047996e-04
  8.9924583e-04  -2.4765471e-04
  9.0001981e-04  -2.4482702e-04
  9.0078489e-04  -2.4199690e-04
  9.0154108e-04  -2.3916440e-04
  9.0228836e-04  -2.3632953e-04
  9.0302672e-04  -2.3349233e-04
  9.0375616e-04  -2.3065282e-04
  9.0447668e-04  -2.2781103e-04
  9.0518826e-04  -2.2496699e-04
  9.0589089e-04  -2.2212073e-04
  9.0658458e-04  -2.1927227e-04
  9.0726931e-04  -2.1642165e-04
  9.0794507e-04  -2.1356889e-04
  9.0861187e-04  -2.1071401e-04
  9.0926969e-04  -2.0785706e-04
  9.0991853e-04  -2.0499806e-04
  9.1055837e-04  -2.0213703e-04
  9.1118922e-04  -1.9927400e-04
  9.1181107e-04  -1.9640900e-04
  9.1242391e-04  -1.9354206e-04
  9.1302774e-04  -1.9067321e-04
  9.1362254e-04  -1.8780248e-04
  9.1420832e-04  -1.8492989e-04
  9.1478507e-04  -1.8205548e-04
  9.1535278e-04  -1.7917926e-04
  9.1591145e-04  -1.7630128e-04
  9.1646107e-04  -1.7342155e-04
  9.1700163e-04  -1.7054011e-04
  9.1753314e-04  -1.6765699e-04
  9.1805558e-04  -1.6477221e-04
  9.1856895e-04  -1.6188580e-04
  9.1907324e-04  -1.5899779e-04
  9.1956846e-04  -1.5610821e-04
  9.2005459e-04  -1.5321709e-04
  9.2053163e-04  -1.5032445e-04
  9.2099958e-04  -1.4743033e-04
  9.2145843e-04  -1.4453476e-04
  9.2190817e-04  -1.4163775e-04
  9.2234881e-04  -1.3873935e-04
  9.2278033e-04  -1.3583958e-04
  9.2320274e-04  -1.3293846e-04
  9.2361602e-04  -1.3003603e-04
  9.2402018e-04  -1.2713231e-04
  9.2441522e-04  -1.2422734e-04
  9.2480112e-04  -1.2132115e-04
  9.2517788e-04  -1.1841375e-04
  9.2554550e-04  -1.1550518e-04
  9.2590398e-04  -1.1259548e-04
  9.2625331e-04  -1.0968466e-04
  9.2659349e-04  -1.0677275e-04
  9.2692452e-04  -1.0385980e-04
  9.2724639e-04  -1.0094581e-04
  9.2755910e-04  -9.8030830e-05
  9.2786264e-04  -9.5114880e-05
  9.2815702e-04  -9.2197990e-05
  9.2844223e-04  -8.9280190e-05
  9.2871826e-04  -8.6361507e-05
  9.2898513e-04  -8.3441971e-05
  9.2924281e-04  -8.0521611e-05
  9.2949131e-04  -7.7600455e-05
  9.2973063e-04  -7.4678533e-05
  9.2996076e-04  -7.1755873e-05
  9.3018171e-04  -6.8832504e-05
  9.3039347e-04  -6.5908455e-05
  9.3059603e-04  -6.2983755e-05
  9.3078940e-04  -6.0058432e-05
  9.3097358e-04  -5.7132516e-05
  9.3114855e-04  -5.4206036e-05
  9.3131433e-04  -5.1279020e-05
  9.3147091e-04  -4.8351498e-05
  9.3161829e-04  -4.5423498e-05
  9.3175646e-04  -4.2495049e-05
  9.3188542e-04  -3.9566180e-05
  9.3200518e-04  -3.6636921e-05
  9.3211574e-04  -3.3707299e-05
  9.3221708e-04  -3.0777345e-05
  9.3230921e-04  -2.7847086e-05
  9.3239213e-04  -2.4916552e-05
  9.3246584e-04  -2.1985773e-05
  9.3253034e-04  -1.9054775e-05
  9.3258563e-04  -1.6123590e-05
  9.3263170e-04  -1.3192245e-05
  9.3266856e-04  -1.0260771e-05
  9.3269620e-04  -7.3291942e-06
  9.3271463e-04  -4.3975455e-06
  9.3272385e-04  -1.4658533e-06
  9.3272385e-04   1.4658533e-06
  9.3271463e-04   4.3975455e-06
  9.3269620e-04   7.3291942e-06
  9.3266856e-04   1.0260771e-05
  9.3263170e-04   1.3192245e-05
  9.3258563e-04   1.6123590e-05
  9.3253034e-04   1.9054775e-05
  9.3246584e-04   2.1985773e-05
  9.3239213e-04   2.4916552e-05
  9.3230921e-04   2.7847086e-05
  9.3221708e-04   3.0777345e-05
  9.3211574e-04   3.3707299e-05
  9.3200518e-04   3.6636921e-05
  9.3188542e-04   3.9566180e-05
  9.3175646e-04   4.2495049e-05
  9.3161829e-04   4.5423498e-05
  9.3147091e-04   4.8351498e-05
  9.3131433e-04   5.1279020e-05
  9.3114855e-04   5.4206036e-05
  9.3097358e-04   5.7132516e-05
  9.3078940e-04   6.0058432e-05
  9.3059603e-04   6.2983755e-05
  9.3039347e-04   6.5908455e-05
  9.3018171e-04   6.8832504e-05
  9.2996076e-04   7.1755873e-05
  9.2973063e-04   7.4678533e-05
  9.2949131e-04   7.7600455e-05
  9.2924281e-04   8.0521611e-05
  9.2898513e-04   8.3441971e-05
  9.2871826e-04   8.6361507e-05
  9.2844223e-04   8.9280190e-05
  9.2815702e-04   9.2197990e-05
  9.2786264e-04   9.5114880e-05
  9.2755910e-04   9.8030830e-05
  9.2724639e-04   1.0094581e-04
  9.2692452e-04   1.0385980e-04
  9.2659349e-04   1.0677275e-04
  9.2625331e-04   1.0968466e-04
  9.2590398e-04   1.1259548e-04
  9.2554550e-04   1.1550518e-04
  9.2517788e-04   1.1841375e-04
  9.2480112e-04   1.2132115e-04
  9.2441522e-04   1.2422734e-04
  9.2402018e-04   1.2713231e-04
  9.2361602e-04   1.3003603e-04
  9.2320274e-04   1.3293846e-04
  9.2278033e-04   1.3583958e-04
  9.2234881e-04   1.3873935e-04
  9.2190817e-04   1.4163775e-04
  9.2145843e-04   1.4453476e-04
  9.2099958e-04   1.4743033e-04
  9.2053163e-04   1.5032445e-04
  9.2005459e-04   1.5321709e-04
  9.1956846e-04   1.5610821e-04
  9.1907324e-04   1.5899779e-04
  9.1856895e-04   1.6188580e-04
  9.1805558e-04   1.6477221e-04
  9.1753314e-04   1.6765699e-04
  9.1700163e-04   1.7054011e-04
  9.1646107e-04   1.7342155e-04
  9.1591145e-04   1.7630128e-04
  9.1535278e-04   1.7917926e-04
  9.1478507e-04   1.8205548e-04
  9.1420832e-04   1.8492989e-04
  9.1362254e-04   1.8780248e-04
  9.1302774e-04   1.9067321e-04
  9.1242391e-04   1.9354206e-04
  9.1181107e-04   1.9640900e-04
  9.1118922e-04   1.9927400e-04
  9.1055837e-04   2.0213703e-04
  9.0991853e-04   2.0499806e-04
  9.0926969e-04   2.0785706e-04
  9.0861187e-04   2.1071401e-04
  9.0794507e-04   2.1356889e-04
  9.0726931e-04   2.1642165e-04
  9.0658458e-04   2.1927227e-04
  9.0589089e-04   2.2212073e-04
  9.0518826e-04   2.2496699e-04
  9.0447668e-04   2.2781103e-04
  9.0375616e-04   2.3065282e-04
  9.0302672e-04   2.3349233e-04
  9.0228836e-04   2.3632953e-04
  9.0154108e-04   2.3916440e-04
  9.0078489e-04   2.4199690e-04
  9.0001981e-04   2.4482702e-04
  8.9924583e-04   2.4765471e-04
  8.9846297e-04   2.5047996e-04
  8.9767124e-04   2.5330274e-04
  8.9687063e-04   2.5612301e-04
  8.9606117e-04   2.5894075e-04
  8.9524285e-04   2.6175594e-04
  8.9441568e-04   2.6456853e-04
  8.9357969e-04   2.6737852e-04
  8.9273486e-04   2.7018586e-04
  8.9188121e-04   2.7299053e-04
  8.9101875e-04   2.7579251e-04
  8.9014749e-04   2.7859176e-04
  8.8926744e-04   2.8138826e-04
  8.8837860e-04   2.8418198e-04
  8.8748098e-04   2.8697289e-04
  8.8657459e-04   2.8976097e-04
  8.8565945e-04   2.9254618e-04
  8.8473555e-04   2.9532850e-04
  8.8380292e-04   2.9810791e-04
  8.8286155e-04   3.0088437e-04
  8.8191146e-04   3.0365786e-04
  8.8095266e-04   3.0642834e-04
  8.7998516e-04   3.0919581e-04
  8.7900896e-04   3.1196021e-04
  8.7802408e-04   3.1472154e-04
  8.7703052e-04   3.1747975e-04
  8.7602830e-04   3.2023483e-04
  8.7501742e-04   3.2298674e-04
  8.7399790e-04   3.2573547e-04
  8.7296975e-04   3.2848097e-04
  8.7193297e-04   3.3122323e-04
  8.7088757e-04   3.3396222e-04
  8.6983357e-04   3.3669791e-04
  8.6877098e-04   3.3943027e-04
  8.6769981e-04   3.4215928e-04
  8.6662006e-04   3.4488491e-04
  8.6553175e-04   3.4760713e-04
  8.6443489e-04   3.5032592e-04
  8.6332949e-04   3.5304124e-04
  8.6221556e-04   3.5575308e-04
  8.6109311e-04   3.5846140e-04
  8.5996216e-04   3.6116618e-04
  8.5882271e-04   3.6386740e-04
  8.5767477e-04   3.6656502e-04
  8.5651836e-04   3.6925901e-04
  8.5535349e-04   3.7194936e-04
  8.5418017e-04   3.7463604e-04
  8.5299841e-04   3.7731901e-04
  8.5180822e-04   3.7999826e-04
  8.5060962e-04   3.8267375e-04
  8.4940261e-04   3.8534546e-04
  8.4818722e-04   3.8801336e-04
  8.4696344e-04   3.9067744e-04
  8.4573129e-04   3.9333765e-04
  8.4449079e-04   3.9599397e-04
  8.4324195e-04   3.9864638e-04
  8.4198478e-04   4.0129486e-04
  8.4071928e-04   4.0393937e-04
  8.3944548e-04   4.0657989e-04
  8.3816339e-04   4.0921639e-04
  8.3687302e-04   4.1184885e-04
  8.3557438e-04   4.1447724e-04
  8.3426748e-04   4.1710154e-04
  8.3295235e-04   4.1972171e-04
  8.3162898e-04   4.2233774e-04
  8.3029740e-04   4.2494959e-04
  8.2895761e-04   4.2755725e-04
  8.2760964e-04   4.3016069e-04
  8.2625348e-04   4.3275987e-04
  8.2488917e-04   4.3535478e-04
  8.2351671e-04   4.3794539e-04
  8.2213611e-04   4.4053167e-04
  8.2074738e-04   4.4311359e-04
  8.1935055e-04   4.4569115e-04
  8.1794563e-04   4.4826429e-04
  8.1653262e-04   4.5083301e-04
  8.1511155e-04   4.5339728e-04
  8.1368242e-04   4.5595706e-04
  8.1224526e-04   4.5851234e-04
  8.1080007e-04   4.6106309e-04
  8.0934687e-04   4.6360929e-04
  8.0788567e-04   4.6615091e-04
  8.0641649e-04   4.6868792e-04
  8.0493935e-04   4.7122030e-04
  8.0345425e-04   4.7374802e-04
  8.0196122e-04   4.7627107e-04
  8.0046026e-04   4.7878940e-04
  7.9895140e-04   4.8130301e-04
  7.9743464e-04   4.8381187e-04
  7.9591000e-04   4.8631594e-04
  7.9437750e-04   4.8881521e-04
  7.9283715e-04   4.9130965e-04
  7.9128897e-04   4.9379924e-04
  7.8973297e-04   4.9628395e-04
  7.8816917e-04   4.9876375e-04
  7.8659759e-04   5.0123863e-04
  7.8501823e-04   5.0370855e-04
  7.8343111e-04   5.0617350e-04
  7.8183626e-04   5.0863345e-04
  7.8023368e-04   5.1108837e-04
  7.7862340e-04   5.1353825e-04
  7.7700542e-04   5.1598305e-04
  7.7537976e-04   5.1842275e-04
  7.7374645e-04   5.2085733e-04
  7.7210549e-04   5.2328677e-04
  7.7045690e-04   5.2571103e-04
  7.6880070e-04   5.2813010e-04
  7.6713691e-04   5.3054396e-04
  7.6546553e-04   5.3295257e-04
  7.6378660e-04   5.3535592e-04
  7.6210012e-04   5.3775398e-04
  7.6040611e-04   5.4014672e-04
  7.5870458e-04   5.4253413e-04
  7.5699556e-04   5.4491618e-04
  7.5527907e-04   5.4729285e-04
  7.5355511e-04   5.4966410e-04
  7.5182370e-04   5.5202993e-04
  7.5008487e-04   5.5439031e-04
  7.4833863e-04   5.5674521e-04
  7.4658499e-04   5.5909460e-04
  7.4482398e-04   5.6143848e-04
  7.4305561e-04   5.6377680e-04
  7.4127990e-04   5.6610956e-04
  7.3949687e-04   5.6843672e-04
  7.3770653e-04   5.7075827e-04
  7.3590890e-04   5.7307418e-04
  7.3410400e-04   5.7538443e-04
  7.3229185e-04   5.7768899e-04
  7.3047246e-04   5.7998785e-04
  7.2864586e-04   5.8228098e-04
  7.2681206e-04   5.8456835e-04
  7.2497108e-04   5.8684995e-04
  7.2312293e-04   5.8912575e-04
  7.2126765e-04   5.9139573e-04
  7.1940523e-04   5.9365987e-04
  7.1753571e-04   5.9591814e-04
  7.1565910e-04   5.9817052e-04
  7.1377542e-04   6.0041700e-04
  7.1188469e-04   6.0265754e-04
  7.0998692e-04   6.0489213e-04
  7.0808215e-04   6.0712075e-04
  7.0617037e-04   6.0934336e-04
  7.0425162e-04   6.1155996e-04
  7.0232591e-04   6.1377051e-04
  7.0039326e-04   6.1597500e-04
  6.9845370e-04   6.1817341e-04
  6.9650723e-04   6.2036570e-04
  6.9455388e-04   6.2255187e-04
  6.9259367e-04   6.2473189e-04
  6.9062662e-04   6.2690574e-04
  6.8865274e-04   6.2907339e-04
  6.8667206e-04   6.3123483e-04
  6.8468460e-04   6.3339003e-04
  6.8269037e-04   6.3553897e-04
  6.8068940e-04   6.3768164e-04
  6.7868170e-04   6.3981800e-04
  6.7666730e-04   6.4194805e-04
  6.7464621e-04   6.4407175e-04
  6.7261846e-04   6.4618909e-04
  6.7058406e-04   6.4830004e-04
  6.6854304e-04   6.5040459e-04
  6.6649541e-04   6.5250272e-04
  6.6444120e-04   6.5459439e-04
  6.6238042e-04   6.5667960e-04
  6.6031310e-04   6.5875833e-04
  6.5823926e-04   6.6083054e-04
  6.5615891e-04   6.6289623e-04
  6.5407208e-04   6.6495537e-04
  6.5197879e-04   6.6700793e-04
  6.4987906e-04   6.6905391e-04
  6.4777290e-04   6.7109328e-04
  6.4566035e-04   6.7312602e-04
  6.4354142e-04   6.7515211e-04
  6.4141613e-04   6.7717153e-04
  6.3928450e-04   6.7918425e-04
  6.3714656e-04   6.8119027e-04
  6.3500232e-04   6.8318956e-04
  6.3285181e-04   6.8518210e-04
  6.3069505e-04   6.8716787e-04
  6.2853206e-04   6.8914685e-04
  6.2636286e-04   6.9111902e-04
  6.2418746e-04   6.9308436e-04
  6.2200591e-04   6.9504286e-04
  6.1981820e-04   6.9699449e-04
  6.1762438e-04   6.9893923e-04
  6.1542445e-04   7.0087707e-04
  6.1321844e-04   7.0280799e-04
  6.1100637e-04   7.0473196e-04
  6.0878827e-04   7.0664897e-04
  6.0656415e-04   7.0855900e-04
  6.0433404e-04   7.1046202e-04
  6.0209796e-04   7.1235803e-04
  5.9985594e-04   7.1424700e-04
  5.9760798e-04   7.1612892e-04
  5.9535412e-04   7.1800376e-04
  5.9309438e-04   7.1987150e-04
  5.9082878e-04   7.2173214e-04
  5.8855734e-04   7.2358564e-04
  5.8628009e-04   7.2543200e-04
  5.8399705e-04   7.2727118e-04
  5.8170823e-04   7.2910319e-04
  5.7941367e-04   7.3092799e-04
  5.7711339e-04   7.3274557e-04
  5.7480740e-04   7.3455591e-04
  5.7249573e-04   7.3635899e-04
  5.7017841e-04   7.3815480e-04
  5.6785546e-04   7.3994331e-04
  5.6552689e-04   7.4172452e-04
  5.6319274e-04   7.4349839e-04
  5.6085303e-04   7.4526492e-04
  5.5850777e-04   7.4702409e-04
  5.5615700e-04   7.4877588e-04
  5.5380073e-04   7.5052027e-04
  5.5143899e-04   7.5225725e-04
  5.4907180e-04   7.5398679e-04
  5.4669919e-04   7.5570889e-04
  5.4432117e-04   7.5742352e-04
  5.4193778e-04   7.5913067e-04
  5.3954903e-04   7.6083031e-04
  5.3715496e-04   7.6252244e-04
  5.3475558e-04   7.6420704e-04
  5.3235091e-04   7.6588409e-04
  5.2994099e-04   7.6755357e-04
  5.2752582e-04   7.6921546e-04
  5.2510545e-04   7.7086976e-04
  5.2267989e-04   7.7251644e-04
  5.2024917e-04   7.7415549e-04
  5.1781330e-04   7.7578690e-04
  5.1537232e-04   7.7741063e-04
  5.1292625e-04   7.7902669e-04
  5.1047511e-04   7.8063505e-04
  5.0801893e-04   7.8223570e-04
  5.0555773e-04   7.8382862e-04
  5.0309154e-04   7.8541380e-04
  5.0062037e-04   7.8699121e-04
  4.9814426e-04   7.8856085e-04
  4.9566323e-04   7.9012271e-04
  4.9317730e-04   7.9167675e-04
  4.9068650e-04   7.9322298e-04
  4.8819085e-04   7.9476136e-04
  4.8569037e-04   7.9629190e-04
  4.8318510e-04   7.9781457e-04
  4.8067506e-04   7.9932935e-04
  4.7816026e-04   8.0083624e-04
  4.7564074e-04   8.0233522e-04
  4.7311653e-04   8.0382627e-04
  4.7058764e-04   8.0530938e-04
  4.6805410e-04   8.0678454e-04
  4.6551593e-04   8.0825172e-04
  4.6297317e-04   8.0971092e-04
  4.6042583e-04   8.1116212e-04
  4.5787395e-04   8.1260530e-04
  4.5531754e-04   8.1404046e-04
  4.5275663e-04   8.1546757e-04
  4.5019125e-04   8.1688663e-04
  4.4762142e-04   8.1829762e-04
  4.4504717e-04   8.1970052e-04
  4.4246852e-04   8.2109532e-04
  4.3988550e-04   8.2248202e-04
  4.3729814e-04   8.2386059e-04
  4.3470645e-04   8.2523101e-04
  4.3211047e-04   8.2659329e-04
  4.2951022e-04   8.2794740e-04
  4.2690573e-04   8.2929333e-04
  4.2429702e-04   8.3063106e-04
  4.2168412e-04   8.3196059e-04
  4.1906705e-04   8.3328190e-04
  4.1644585e-04   8.3459498e-04
  4.1382052e-04   8.3589981e-04
  4.1119111e-04   8.3719639e-04
  4.0855764e-04   8.3848469e-04
  4.0592013e-04   8.3976471e-04
  4.0327861e-04   8.4103644e-04
  4.0063311e-04   8.4229985e-04
  3.9798365e-04   8.4355494e-04
  3.9533026e-04   8.4480170e-04
  3.9267296e-04   8.4604011e-04
  3.9001178e-04   8.4727017e-04
  3.8734675e-04   8.4849185e-04
  3.8467789e-04   8.4970515e-04
  3.8200523e-04   8.5091006e-04
  3.7932880e-04   8.5210656e-04
  3.7664862e-04   8.5329464e-04
  3.7396472e-04   8.5447429e-04
  3.7127712e-04   8.5564550e-04
  3.6858586e-04   8.5680826e-04
  3.6589095e-04   8.5796255e-04
  3.6319243e-04   8.5910837e-04
  3.6049032e-04   8.6024569e-04
  3.5778465e-04   8.6137452e-04
  3.5507545e-04   8.6249484e-04
  3.5236274e-04   8.6360664e-04
  3.4964654e-04   8.6470991e-04
  3.4692689e-04   8.6580463e-04
  3.4420382e-04   8.6689080e-04
  3.4147734e-04   8.6796840e-04
  3.3874749e-04   8.6903743e-04
  3.3601430e-04   8.7009788e-04
  3.3327778e-04   8.7114973e-04
  3.3053797e-04   8.7219297e-04
  3.2779490e-04   8.7322759e-04
  3.2504859e-04   8.7425359e-04
  3.2229906e-04   8.7527095e-04
  3.1954635e-04   8.7627967e-04
  3.1679049e-04   8.7727972e-04
  3.1403149e-04   8.7827111e-04
  3.1126940e-04   8.7925382e-04
  3.0850423e-04   8.8022785e-04
  3.0573601e-04   8.8119318e-04
  3.0296477e-04   8.8214980e-04
  3.0019053e-04   8.8309771e-04
  2.9741333e-04   8.8403690e-04
  2.9463319e-04   8.8496735e-04
  2.9185015e-04   8.8588906e-04
  2.8906421e-04   8.8680201e-04
  2.8627543e-04   8.8770620e-04
  2.8348381e-04   8.8860163e-04
  2.8068939e-04   8.8948827e-04
  2.7789220e-04   8.9036613e-04
  2.7509227e-04   8.9123519e-04
  2.7228962e-04   8.9209545e-04
  2.6948427e-04   8.9294689e-04
  2.6667627e-04   8.9378951e-04
  2.6386563e-04   8.9462330e-04
  2.6105238e-04   8.9544826e-04
  2.5823656e-04   8.9626436e-04
  2.5541818e-04   8.9707161e-04
  2.5259728e-04   8.9787000e-04
  2.4977388e-04   8.9865952e-04
  2.4694802e-04   8.9944016e-04
  2.4411971e-04   9.0021191e-04
  2.4128900e-04   9.0097477e-04
  2.3845590e-04   9.0172873e-04
  2.3562045e-04   9.0247378e-04
  2.3278266e-04   9.0320992e-04
  2.2994258e-04   9.0393713e-04
  2.2710023e-04   9.0465541e-04
  2.2425563e-04   9.0536475e-04
  2.2140882e-04   9.0606515e-04
  2.1855982e-04   9.0675660e-04
  2.1570866e-04   9.0743909e-04
  2.1285536e-04   9.0811261e-04
  2.0999997e-04   9.0877717e-04
  2.0714250e-04   9.0943274e-04
  2.0428299e-04   9.1007933e-04
  2.0142145e-04   9.1071693e-04
  1.9855793e-04   9.1134553e-04
  1.9569245e-04   9.1196513e-04
  1.9282503e-04   9.1257571e-04
  1.8995571e-04   9.1317729e-04
  1.8708451e-04   9.1376984e-04
  1.8421146e-04   9.1435336e-04
  1.8133659e-04   9.1492785e-04
  1.7845993e-04   9.1549330e-04
  1.7558151e-04   9.1604970e-04
  1.7270135e-04   9.1659706e-04
  1.6981949e-04   9.1713536e-04
  1.6693595e-04   9.1766460e-04
  1.6405075e-04   9.1818477e-04
  1.6116394e-04   9.1869587e-04
  1.5827554e-04   9.1919790e-04
  1.5538557e-04   9.1969084e-04
  1.5249407e-04   9.2017470e-04
  1.4960106e-04   9.2064947e-04
  1.4670658e-04   9.2111514e-04
  1.4381064e-04   9.2157171e-04
  1.4091328e-04   9.2201918e-04
  1.3801453e-04   9.2245754e-04
  1.3511442e-04   9.2288679e-04
  1.3221297e-04   9.2330691e-04
  1.2931022e-04   9.2371792e-04
  1.2640619e-04   9.2411980e-04
  1.2350091e-04   9.2451255e-04
  1.2059441e-04   9.2489616e-04
  1.1768672e-04   9.2527064e-04
  1.1477786e-04   9.2563598e-04
  1.1186788e-04   9.2599217e-04
  1.0895678e-04   9.2633922e-04
  1.0604461e-04   9.2667711e-04
  1.0313139e-04   9.2700585e-04
  1.0021716e-04   9.2732543e-04
  9.7301932e-05   9.2763584e-04
  9.4385745e-05   9.2793710e-04
  9.1468624e-05   9.2822918e-04
  8.8550601e-05   9.2851210e-04
  8.5631702e-05   9.2878584e-04
  8.2711957e-05   9.2905041e-04
  7.9791396e-05   9.2930579e-04
  7.6870046e-05   9.2955200e-04
  7.3947936e-05   9.2978902e-04
  7.1025096e-05   9.3001686e-04
  6.8101554e-05   9.3023551e-04
  6.5177340e-05   9.3044497e-04
  6.2252481e-05   9.3064524e-04
  5.9327008e-05   9.3083631e-04
  5.6400948e-05   9.3101818e-04
  5.3474331e-05   9.3119086e-04
  5.0547186e-05   9.3135434e-04
  4.7619541e-05   9.3150862e-04
  4.4691426e-05   9.3165369e-04
  4.1762870e-05   9.3178956e-04
  3.8833901e-05   9.3191623e-04
  3.5904548e-05   9.3203368e-04
  3.2974841e-05   9.3214193e-04
  3.0044807e-05   9.3224097e-04
  2.7114477e-05   9.3233081e-04
  2.4183879e-05   9.3241143e-04
  2.1253042e-05   9.3248283e-04
  1.8321996e-05   9.3254503e-04
  1.5390768e-05   9.3259801e-04
  1.2459388e-05   9.3264178e-04
  9.5278848e-06   9.3267633e-04
  6.5962877e-06   9.3270168e-04
  3.6646254e-06   9.3271780e-04
  7.3292689e-07   9.3272471e-04
 -2.1987789e-06   9.3272241e-04
 -5.1304629e-06   9.3271089e-04
 -8.0620962e-06   9.3269016e-04
 -1.0993650e-05   9.3266021e-04
 -1.3925095e-05   9.3262105e-04
 -1.6856403e-05   9.3257267e-04
 -1.9787543e-05   9.3251508e-04
 -2.2718489e-05   9.3244828e-04
 -2.5649210e-05   9.3237227e-04
 -2.8579678e-05   9.3228704e-04
 -3.1509863e-05   9.3219261e-04
 -3.4439737e-05   9.3208896e-04
 -3.7369271e-05   9.3197611e-04
 -4.0298435e-05   9.3185405e-04
 -4.3227202e-05   9.3172278e-04
 -4.6155541e-05   9.3158231e-04
 -4.9083424e-05   9.3143263e-04
 -5.2010823e-05   9.3127375e-04
 -5.4937707e-05   9.3110567e-04
 -5.7864049e-05   9.3092840e-04
 -6.0789819e-05   9.3074192e-04
 -6.3714989e-05   9.3054625e-04
 -6.6639529e-05   9.3034139e-04
 -6.9563411e-05   9.3012733e-04
 -7.2486606e-05   9.2990409e-04
 -7.5409084e-05   9.2967166e-04
 -7.8330817e-05   9.2943005e-04
 -8.1251777e-05   9.2917925e-04
 -8.4171934e-05   9.2891927e-04
 -8.7091259e-05   9.2865012e-04
 -9.0009724e-05   9.2837179e-04
 -9.2927299e-05   9.2808429e-04
 -9.5843957e-05   9.2778762e-04
 -9.8759667e-05   9.2748178e-04
 -1.0167440e-04   9.2716678e-04
 -1.0458813e-04   9.2684262e-04
 -1.0750083e-04   9.2650931e-04
 -1.1041246e-04   9.2616684e-04
 -1.1332301e-04   9.2581522e-04
 -1.1623243e-04   9.2545445e-04
 -1.1914071e-04   9.2508455e-04
 -1.2204781e-04   9.2470550e-04
 -1.2495370e-04   9.2431731e-04
 -1.2785836e-04   9.2392000e-04
 -1.3076176e-04   9.2351356e-04
 -1.3366386e-04   9.2309799e-04
 -1.3656465e-04   9.2267330e-04
 -1.3946408e-04   9.2223950e-04
 -1.4236214e-04   9.2179659e-04
 -1.4525879e-04   9.2134457e-04
 -1.4815400e-04   9.2088344e-04
 -1.5104775e-04   9.2041322e-04
 -1.5394001e-04   9.1993391e-04
 -1.5683075e-04   9.1944551e-04
 -1.5971994e-04   9.1894802e-04
 -1.6260755e-04   9.1844146e-04
 -1.6549355e-04   9.1792582e-04
 -1.6837792e-04   9.1740111e-04
 -1.7126063e-04   9.1686734e-04
 -1.7414164e-04   9.1632451e-04
 -1.7702094e-04   9.1577263e-04
 -1.7989848e-04   9.1521170e-04
 -1.8277425e-04   9.1464173e-04
 -1.8564821e-04   9.1406273e-04
 -1.8852034e-04   9.1347469e-04
 -1.9139060e-04   9.1287763e-04
 -1.9425898e-04   9.1227155e-04
 -1.9712543e-04   9.1165645e-04
 -1.9998994e-04   9.1103235e-04
 -2.0285247e-04   9.1039925e-04
 -2.0571300e-04   9.0975716e-04
 -2.0857149e-04   9.0910608e-04
 -2.1142793e-04   9.0844601e-04
 -2.1428227e-04   9.0777697e-04
 -2.1713450e-04   9.0709897e-04
 -2.1998459e-04   9.0641200e-04
 -2.2283250e-04   9.0571607e-04
 -2.2567821e-04   9.0501120e-04
 -2.2852169e-04   9.0429739e-04
 -2.3136291e-04   9.0357464e-04
 -2.3420184e-04   9.0284297e-04
 -2.3703847e-04   9.0210237e-04
 -2.3987275e-04   9.0135287e-04
 -2.4270466e-04   9.0059446e-04
 -2.4553417e-04   8.9982715e-04
 -2.4836126e-04   8.9905095e-04
 -2.5118589e-04   8.9826587e-04
 -2.5400804e-04   8.9747192e-04
 -2.5682768e-04   8.9666910e-04
 -2.5964479e-04   8.9585742e-04
 -2.6245933e-04   8.9503689e-04
 -2.6527128e-04   8.9420751e-04
 -2.6808060e-04   8.9336931e-04
 -2.7088728e-04   8.9252227e-04
 -2.7369128e-04   8.9166642e-04
 -2.7649258e-04   8.9080176e-04
 -2.7929114e-04   8.8992830e-04
 -2.8208695e-04   8.8904605e-04
 -2.8487997e-04   8.8815501e-04
 -2.8767018e-04   8.8725520e-04
 -2.9045754e-04   8.8634663e-04
 -2.9324203e-04   8.8542929e-04
 -2.9602363e-04   8.8450321e-04
 -2.9880230e-04   8.8356840e-04
 -3.0157802e-04   8.8262485e-04
 -3.0435076e-04   8.8167258e-04
 -3.0712049e-04   8.8071160e-04
 -3.0988719e-04   8.7974192e-04
 -3.1265083e-04   8.7876355e-04
 -3.1541138e-04   8.7777650e-04
 -3.1816881e-04   8.7678078e-04
 -3.2092310e-04   8.7577639e-04
 -3.2367422e-04   8.7476335e-04
 -3.2642215e-04   8.7374167e-04
 -3.2916684e-04   8.7271136e-04
 -3.3190829e-04   8.7167242e-04
 -3.3464645e-04   8.7062488e-04
 -3.3738131e-04   8.6956873e-04
 -3.4011284e-04   8.6850399e-04
 -3.4284100e-04   8.6743067e-04
 -3.4556578e-04   8.6634878e-04
 -3.4828715e-04   8.6525834e-04
 -3.5100507e-04   8.6415934e-04
 -3.5371953e-04   8.6305181e-04
 -3.5643049e-04   8.6193575e-04
 -3.5913793e-04   8.6081117e-04
 -3.6184182e-04   8.5967809e-04
 -3.6454214e-04   8.5853652e-04
 -3.6723886e-04   8.5738646e-04
 -3.6993194e-04   8.5622794e-04
 -3.7262138e-04   8.5506095e-04
 -3.7530713e-04   8.5388552e-04
 -3.7798917e-04   8.5270165e-04
 -3.8066748e-04   8.5150936e-04
 -3.8334203e-04   8.5030866e-04
 -3.8601279e-04   8.4909955e-04
 -3.8867974e-04   8.4788206e-04
 -3.9134285e-04   8.4665619e-04
 -3.9400209e-04   8.4542195e-04
 -3.9665744e-04   8.4417936e-04
 -3.9930887e-04   8.4292844e-04
 -4.0195636e-04   8.4166918e-04
 -4.0459987e-04   8.4040161e-04
 -4.0723939e-04   8.3912574e-04
 -4.0987488e-04   8.3784157e-04
 -4.1250633e-04   8.3654913e-04
 -4.1513370e-04   8.3524843e-04
 -4.1775697e-04   8.3393947e-04
 -4.2037611e-04   8.3262228e-04
 -4.2299109e-04   8.3129685e-04
 -4.2560190e-04   8.2996322e-04
 -4.2820851e-04   8.2862138e-04
 -4.3081088e-04   8.2727136e-04
 -4.3340900e-04   8.2591317e-04
 -4.3600283e-04   8.2454682e-04
 -4.3859236e-04   8.2317232e-04
 -4.4117756e-04   8.2178969e-04
 -4.4375839e-04   8.2039894e-04
 -4.4633485e-04   8.1900008e-04
 -4.4890689e-04   8.1759313e-04
 -4.5147450e-04   8.1617811e-04
 -4.5403764e-04   8.1475502e-04
 -4.5659631e-04   8.1332388e-04
 -4.5915046e-04   8.1188471e-04
 -4.6170007e-04   8.1043752e-04
 -4.6424512e-04   8.0898232e-04
 -4.6678559e-04   8.0751912e-04
 -4.6932145e-04   8.0604795e-04
 -4.7185267e-04   8.0456882e-04
 -4.7437922e-04   8.0308174e-04
 -4.7690109e-04   8.0158672e-04
 -4.7941825e-04   8.0008379e-04
 -4.8193067e-04   7.9857295e-04
 -4.8443834e-04   7.9705422e-04
 -4.8694121e-04   7.9552761e-04
 -4.8943927e-04   7.9399315e-04
 -4.9193250e-04   7.9245084e-04
 -4.9442087e-04   7.9090071e-04
 -4.9690436e-04   7.8934276e-04
 -4.9938293e-04   7.8777701e-04
 -5.0185657e-04   7.8620348e-04
 -5.0432526e-04   7.8462218e-04
 -5.0678896e-04   7.8303313e-04
 -5.0924765e-04   7.8143634e-04
 -5.1170132e-04   7.7983183e-04
 -5.1414992e-04   7.7821962e-04
 -5.1659345e-04   7.7659972e-04
 -5.1903188e-04   7.7497215e-04
 -5.2146517e-04   7.7333692e-04
 -5.2389332e-04   7.7169406e-04
 -5.2631629e-04   7.7004356e-04
 -5.2873406e-04   7.6838546e-04
 -5.3114660e-04   7.6671977e-04
 -5.3355390e-04   7.6504651e-04
 -5.3595593e-04   7.6336568e-04
 -5.3835266e-04   7.6167732e-04
 -5.4074408e-04   7.5998143e-04
 -5.4313015e-04   7.5827803e-04
 -5.4551085e-04   7.5656714e-04
 -5.4788617e-04   7.5484877e-04
 -5.5025607e-04   7.5312295e-04
 -5.5262054e-04   7.5138969e-04
 -5.5497955e-04   7.4964900e-04
 -5.5733307e-04   7.4790091e-04
 -5.5968109e-04   7.4614543e-04
 -5.6202358e-04   7.4438258e-04
 -5.6436052e-04   7.4261237e-04
 -5.6669188e-04   7.4083483e-04
 -5.6901764e-04   7.3904997e-04
 -5.7133778e-04   7.3725780e-04
 -5.7365228e-04   7.3545836e-04
 -5.7596110e-04   7.3365164e-04
 -5.7826424e-04   7.3183768e-04
 -5.8056167e-04   7.3001649e-04
 -5.8285336e-04   7.2818809e-04
 -5.8513929e-04   7.2635249e-04
 -5.8741944e-04   7.2450971e-04
 -5.8969379e-04   7.2265978e-04
 -5.9196231e-04   7.2080271e-04
 -5.9422498e-04   7.1893852e-04
 -5.9648179e-04   7.1706722e-04
 -5.9873270e-04   7.1518884e-04
 -6.0097769e-04   7.1330340e-04
 -6.0321675e-04   7.1141091e-04
 -6.0544985e-04   7.0951139e-04
 -6.0767696e-04   7.0760486e-04
 -6.0989808e-04   7.0569134e-04
 -6.1211316e-04   7.0377084e-04
 -6.1432220e-04   7.0184340e-04
 -6.1652517e-04   6.9990902e-04
 -6.1872205e-04   6.9796772e-04
 -6.2091282e-04   6.9601954e-04
 -6.2309745e-04   6.9406447e-04
 -6.2527593e-04   6.9210255e-04
 -6.2744823e-04   6.9013379e-04
 -6.2961433e-04   6.8815821e-04
 -6.3177421e-04   6.8617583e-04
 -6.3392785e-04   6.8418667e-04
 -6.3607523e-04   6.8219076e-04
 -6.3821632e-04   6.8018810e-04
 -6.4035111e-04   6.7817873e-04
 -6.4247957e-04   6.7616265e-04
 -6.4460168e-04   6.7413990e-04
 -6.4671743e-04   6.7211048e-04
 -6.4882678e-04   6.7007442e-04
 -6.5092973e-04   6.6803175e-04
 -6.5302624e-04   6.6598247e-04
 -6.5511630e-04   6.6392662e-04
 -6.5719989e-04   6.6186420e-04
 -6.5927699e-04   6.5979525e-04
 -6.6134758e-04   6.5771978e-04
 -6.6341163e-04   6.5563781e-04
 -6.6546913e-04   6.5354936e-04
 -6.6752005e-04   6.5145446e-04
 -6.6956438e-04   6.4935312e-04
 -6.7160209e-04   6.4724536e-04
 -6.7363317e-04   6.4513121e-04
 -6.7565759e-04   6.4301069e-04
 -6.7767534e-04   6.4088382e-04
 -6.7968639e-04   6.3875061e-04
 -6.8169072e-04   6.3661109e-04
 -6.8368833e-04   6.3446528e-04
 -6.8567918e-04   6.3231321e-04
 -6.8766325e-04   6.3015489e-04
 -6.8964053e-04   6.2799034e-04
 -6.9161100e-04   6.2581959e-04
 -6.9357463e-04   6.2364265e-04
 -6.9553141e-04   6.2145956e-04
 -6.9748132e-04   6.1927032e-04
 -6.9942434e-04   6.1707497e-04
 -7.0136045e-04   6.1487352e-04
 -7.0328963e-04   6.1266599e-04
 -7.0521187e-04   6.1045241e-04
 -7.0712713e-04   6.0823281e-04
 -7.0903541e-04   6.0600719e-04
 -7.1093669e-04   6.0377558e-04
 -7.1283094e-04   6.0153801e-04
 -7.1471814e-04   5.9929450e-04
 -7.1659829e-04   5.9704507e-04
 -7.1847136e-04   5.9478974e-04
 -7.2033733e-04   5.9252853e-04
 -7.2219618e-04   5.9026147e-04
 -7.2404790e-04   5.8798857e-04
 -7.2589247e-04   5.8570987e-04
 -7.2772986e-04   5.8342538e-04
 -7.2956006e-04   5.8113513e-04
 -7.3138306e-04   5.7883914e-04
 -7.3319883e-04   5.7653742e-04
 -7.3500736e-04   5.7423001e-04
 -7.3680862e-04   5.7191693e-04
 -7.3860261e-04   5.6959820e-04
 -7.4038930e-04   5.6727384e-04
 -7.4216867e-04   5.6494388e-04
 -7.4394072e-04   5.6260833e-04
 -7.4570541e-04   5.6026723e-04
 -7.4746273e-04   5.5792059e-04
 -7.4921267e-04   5.5556844e-04
 -7.5095521e-04   5.5321080e-04
 -7.5269033e-04   5.5084770e-04
 -7.5441802e-04   5.4847915e-04
 -7.5613825e-04   5.4610519e-04
 -7.5785101e-04   5.4372583e-04
 -7.5955628e-04   5.4134109e-04
 -7.6125405e-04   5.3895101e-04
 -7.6294430e-04   5.3655561e-04
 -7.6462701e-04   5.3415490e-04
 -7.6630217e-04   5.3174892e-04
 -7.6796975e-04   5.2933768e-04
 -7.6962975e-04   5.2692122e-04
 -7.7128215e-04   5.2449955e-04
 -7.7292692e-04   5.2207269e-04
 -7.7456406e-04   5.1964068e-04
 -7.7619355e-04   5.1720354e-04
 -7.7781537e-04   5.1476128e-04
 -7.7942950e-04   5.1231394e-04
 -7.8103594e-04   5.0986154e-04
 -7.8263465e-04   5.0740410e-04
 -7.8422564e-04   5.0494165e-04
 -7.8580888e-04   5.0247421e-04
 -7.8738435e-04   5.0000181e-04
 -7.8895205e-04   4.9752446e-04
 -7.9051195e-04   4.9504220e-04
 -7.9206404e-04   4.9255505e-04
 -7.9360831e-04   4.9006304e-04
 -7.9514473e-04   4.8756618e-04
 -7.9667330e-04   4.8506450e-04
 -7.9819400e-04   4.8255804e-04
 -7.9970682e-04   4.8004680e-04
 -8.0121173e-04   4.7753083e-04
 -8.0270873e-04   4.7501013e-04
 -8.0419780e-04   4.7248474e-04
 -8.0567892e-04   4.6995469e-04
 -8.0715208e-04   4.6741999e-04
 -8.0861727e-04   4.6488067e-04
 -8.1007447e-04   4.6233676e-04
 -8.1152366e-04   4.5978829e-04
 -8.1296484e-04   4.5723527e-04
 -8.1439799e-04   4.5467773e-04
 -8.1582309e-04   4.5211570e-04
 -8.1724013e-04   4.4954921e-04
 -8.1864910e-04   4.4697827e-04
 -8.2004998e-04   4.4440292e-04
 -8.2144276e-04   4.4182318e-04
 -8.2282742e-04   4.3923907e-04
 -8.2420396e-04   4.3665062e-04
 -8.2557235e-04   4.3405786e-04
 -8.2693258e-04   4.3146081e-04
 -8.2828465e-04   4.2885950e-04
 -8.2962853e-04   4.2625395e-04
 -8.3096421e-04   4.2364419e-04
 -8.3229169e-04   4.2103024e-04
 -8.3361094e-04   4.1841214e-04
 -8.3492196e-04   4.1578990e-04
 -8.3622473e-04   4.1316355e-04
 -8.3751924e-04   4.1053313e-04
 -8.3880547e-04   4.0789864e-04
 -8.4008342e-04   4.0526013e-04
 -8.4135307e-04   4.0261761e-04
 -8.4261440e-04   3.9997112e-04
 -8.4386741e-04   3.9732067e-04
 -8.4511209e-04   3.9466630e-04
 -8.4634841e-04   3.9200802e-04
 -8.4757637e-04   3.8934588e-04
 -8.4879596e-04   3.8667989e-04
 -8.5000717e-04   3.8401008e-04
 -8.5120997e-04   3.8133647e-04
 -8.5240437e-04   3.7865910e-04
 -8.5359034e-04   3.7597799e-04
 -8.5476789e-04   3.7329316e-04
 -8.5593698e-04   3.7060465e-04
 -8.5709763e-04   3.6791247e-04
 -8.5824980e-04   3.6521666e-04
 -8.5939349e-04   3.6251724e-04
 -8.6052870e-04   3.5981424e-04
 -8.6165540e-04   3.5710768e-04
 -8.6277359e-04   3.5439760e-04
 -8.6388326e-04   3.5168401e-04
 -8.6498439e-04   3.4896695e-04
 -8.6607697e-04   3.4624645e-04
 -8.6716100e-04   3.4352252e-04
 -8.6823647e-04   3.4079520e-04
 -8.6930335e-04   3.3806451e-04
 -8.7036165e-04   3.3533048e-04
 -8.7141134e-04   3.3259314e-04
 -8.7245243e-04   3.2985251e-04
 -8.7348490e-04   3.2710862e-04
 -8.7450874e-04   3.2436151e-04
 -8.7552394e-04   3.2161118e-04
 -8.7653049e-04   3.1885768e-04
 -8.7752838e-04   3.1610103e-04
 -8.7851760e-04   3.1334126e-04
 -8.7949815e-04   3.1057839e-04
 -8.8047000e-04   3.0781246e-04
 -8.8143315e-04   3.0504348e-04
 -8.8238760e-04   3.0227149e-04
 -8.8333333e-04   2.9949651e-04
 -8.8427033e-04   2.9671857e-04
 -8.8519859e-04   2.9393770e-04
 -8.8611811e-04   2.9115393e-04
 -8.8702888e-04   2.8836728e-04
 -8.8793088e-04   2.8557779e-04
 -8.8882411e-04   2.8278547e-04
 -8.8970856e-04   2.7999036e-04
 -8.9058422e-04   2.7719248e-04
 -8.9145108e-04   2.7439186e-04
 -8.9230914e-04   2.7158853e-04
 -8.9315837e-04   2.6878252e-04
 -8.9399879e-04   2.6597385e-04
 -8.9483037e-04   2.6316256e-04
 -8.9565311e-04   2.6034867e-04
 -8.9646701e-04   2.5753220e-04
 -8.9727204e-04   2.5471319e-04
 -8.9806821e-04   2.5189166e-04
 -8.9885551e-04   2.4906765e-04
 -8.9963393e-04   2.4624117e-04
 -9.0040346e-04   2.4341226e-04
 -9.0116410e-04   2.4058095e-04
 -9.0191583e-04   2.3774726e-04
 -9.0265865e-04   2.3491122e-04
 -9.0339256e-04   2.3207286e-04
 -9.0411754e-04   2.2923220e-04
 -9.0483358e-04   2.2638929e-04
 -9.0554069e-04   2.2354413e-04
 -9.0623885e-04   2.2069677e-04
 -9.0692806e-04   2.1784723e-04
 -9.0760831e-04   2.1499553e-04
 -9.0827959e-04   2.1214171e-04
 -9.0894190e-04   2.0928580e-04
 -9.0959523e-04   2.0642781e-04
 -9.1023957e-04   2.0356779e-04
 -9.1087492e-04   2.0070576e-04
 -9.1150127e-04   1.9784174e-04
 -9.1211862e-04   1.9497577e-04
 -9.1272695e-04   1.9210787e-04
 -9.1332627e-04   1.8923808e-04
 -9.1391656e-04   1.8636642e-04
 -9.1449783e-04   1.8349291e-04
 -9.1507006e-04   1.8061759e-04
 -9.1563325e-04   1.7774049e-04
 -9.1618739e-04   1.7486163e-04
 -9.1673248e-04   1.7198104e-04
 -9.1726852e-04   1.6909876e-04
 -9.1779549e-04   1.6621480e-04
 -9.1831340e-04   1.6332920e-04
 -9.1882223e-04   1.6044199e-04
 -9.1932199e-04   1.5755319e-04
 -9.1981266e-04   1.5466284e-04
 -9.2029425e-04   1.5177096e-04
 -9.2076674e-04   1.4887758e-04
 -9.2123014e-04   1.4598273e-04
 -9.2168444e-04   1.4308643e-04
 -9.2212963e-04   1.4018872e-04
 -9.2256571e-04   1.3728963e-04
 -9.2299267e-04   1.3438918e-04
 -9.2341052e-04   1.3148741e-04
 -9.2381924e-04   1.2858433e-04
 -9.2421884e-04   1.2567998e-04
 -9.2460931e-04   1.2277440e-04
 -9.2499064e-04   1.1986760e-04
 -9.2536283e-04   1.1695961e-04
 -9.2572589e-04   1.1405047e-04
 -9.2607979e-04   1.1114020e-04
 -9.2642455e-04   1.0822884e-04
 -9.2676015e-04   1.0531641e-04
 -9.2708660e-04   1.0240293e-04
 -9.2740389e-04   9.9488444e-05
 -9.2771202e-04   9.6572974e-05
 -9.2801098e-04   9.3656551e-05
 -9.2830077e-04   9.0739202e-05
 -9.2858139e-04   8.7820957e-05
 -9.2885284e-04   8.4901844e-05
 -9.2911511e-04   8.1981892e-05
 -9.2936821e-04   7.9061131e-05
 -9.2961212e-04   7.6139588e-05
 -9.2984684e-04   7.3217293e-05
 -9.3007238e-04   7.0294275e-05
 -9.3028874e-04   6.7370563e-05
 -9.3049590e-04   6.4446184e-05
 -9.3069387e-04   6.1521169e-05
 -9.3088264e-04   5.8595547e-05
 -9.3106222e-04   5.5669345e-05
 -9.3123259e-04   5.2742593e-05
 -9.3139377e-04   4.9815321e-05
 -9.3154575e-04   4.6887556e-05
 -9.3168852e-04   4.3959328e-05
 -9.3182209e-04   4.1030665e-05
 -9.3194645e-04   3.8101598e-05
 -9.3206161e-04   3.5172153e-05
 -9.3216756e-04   3.2242362e-05
 -9.3226430e-04   2.9312252e-05
 -9.3235182e-04   2.6381852e-05
 -9.3243014e-04   2.3451191e-05
 -9.3249925e-04   2.0520299e-05
 -9.3255914e-04   1.7589204e-05
 -9.3260982e-04   1.4657936e-05
 -9.3265128e-04   1.1726523e-05
 -9.3268353e-04   8.7949932e-06
 -9.3270657e-04   5.8633771e-06
 -9.3272039e-04   2.9317030e-06
 -9.3272500e-04   0.0000000e+00
 -1.0000000e-03   0.0000000e+00

 -9.3272500e-04   0.0000000e+00
 -9.3272039e-04   2.9317030e-06
 -9.3270657e-04   5.8633771e-06
 -9.3268353e-04   8.7949932e-06
 -9.3265128e-04   1.1726523e-05
 -9.3260982e-04   1.4657936e-05
 -9.3255914e-04   1.7589204e-05
 -9.3249925e-04   2.0520299e-05
 -9.3243014e-04   2.3451191e-05
 -9.3235182e-04   2.6381852e-05
 -9.3226430e-04   2.9312252e-05
 -9.3216756e-04   3.2242362e-05
 -9.3206161e-04   3.5172153e-05
 -9.3194645e-04   3.8101598e-05
 -9.3182209e-04   4.1030665e-05
 -9.3168852e-04   4.3959328e-05
 -9.3154575e-04   4.6887556e-05
 -9.3139377e-04   4.9815321e-05
 -9.3123259e-04   5.2742593e-05
 -9.3106222e-04   5.5669345e-05
 -9.3088264e-04   5.8595547e-05
 -9.3069387e-04   6.1521169e-05
 -9.3049590e-04   6.4446184e-05
 -9.3028874e-04   6.7370563e-05
 -9.3007238e-04   7.0294275e-05
 -9.2984684e-04   7.3217293e-05
 -9.2961212e-04   7.6139588e-05
 -9.2936821e-04   7.9061131e-05
 -9.2911511e-04   8.1981892e-05
 -9.2885284e-04   8.4901844e-05
 -9.2858139e-04   8.7820957e-05
 -9.2830077e-04   9.0739202e-05
 -9.2801098e-04   9.3656551e-05
 -9.2771202e-04   9.6572974e-05
 -9.2740389e-04   9.9488444e-05
 -9.2708660e-04   1.0240293e-04
 -9.2676015e-04   1.0531641e-04
 -9.2642455e-04   1.0822884e-04
 -9.2607979e-04   1.1114020e-04
 -9.2572589e-04   1.1405047e-04
 -9.2536283e-04   1.1695961e-04
 -9.2499064e-04   1.1986760e-04
 -9.2460931e-04   1.2277440e-04
 -9.2421884e-04   1.2567998e-04
 -9.2381924e-04   1.2858433e-04
 -9.2341052e-04   1.3148741e-04
 -9.2299267e-04   1.3438918e-04
 -9.2256571e-04   1.3728963e-04
 -9.2212963e-04   1.4018872e-04
 -9.2168444e-04   1.4308643e-04
 -9.2123014e-04   1.4598273e-04
 -9.2076674e-04   1.4887758e-04
 -9.2029425e-04   1.5177096e-04
 -9.1981266e-04   1.5466284e-04
 -9.1932199e-04   1.5755319e-04
 -9.1882223e-04   1.6044199e-04
 -9.1831340e-04   1.6332920e-04
 -9.1779549e-04   1.6621480e-04
 -9.1726852e-04   1.6909876e-04
 -9.1673248e-04   1.7198104e-04
 -9.1618739e-04   1.7486163e-04
 -9.1563325e-04   1.7774049e-04
 -9.1507006e-04   1.8061759e-04
 -9.1449783e-04   1.8349291e-04
 -9.1391656e-04   1.8636642e-04
 -9.1332627e-04   1.8923808e-04
 -9.1272695e-04   1.9210787e-04
 -9.1211862e-04   1.9497577e-04
 -9.1150127e-04   1.9784174e-04
 -9.1087492e-04   2.0070576e-04
 -9.1023957e-04   2.0356779e-04
 -9.0959523e-04   2.0642781e-04
 -9.0894190e-04   2.0928580e-04
 -9.0827959e-04   2.1214171e-04
 -9.0760831e-04   2.1499553e-04
 -9.0692806e-04   2.1784723e-04
 -9.0623885e-04   2.2069677e-04
 -9.0554069e-04   2.2354413e-04
 -9.0483358e-04   2.2638929e-04
 -9.0411754e-04   2.2923220e-04
 -9.0339256e-04   2.3207286e-04
 -9.0265865e-04   2.3491122e-04
 -9.0191583e-04   2.3774726e-04
 -9.0116410e-04   2.4058095e-04
 -9.0040346e-04   2.4341226e-04
 -8.9963393e-04   2.4624117e-04
 -8.9885551e-04   2.4906765e-04
 -8.9806821e-04   2.5189166e-04
 -8.9727204e-04   2.5471319e-04
 -8.9646701e-04   2.5753220e-04
 -8.9565311e-04   2.6034867e-04
 -8.9483037e-04   2.6316256e-04
 -8.9399879e-04   2.6597385e-04
 -8.9315837e-04   2.6878252e-04
 -8.9230914e-04   2.7158853e-04
 -8.9145108e-04   2.7439186e-04
 -8.9058422e-04   2.7719248e-04
 -8.8970856e-04   2.7999036e-04
 -8.8882411e-04   2.8278547e-04
 -8.8793088e-04   2.8557779e-04
 -8.8702888e-04   2.8836728e-04
 -8.8611811e-04   2.9115393e-04
 -8.8519859e-04   2.9393770e-04
 -8.8427033e-04   2.9671857e-04
 -8.8333333e-04   2.9949651e-04
 -8.8238760e-04   3.0227149e-04
 -8.8143315e-04   3.0504348e-04
 -8.8047000e-04   3.0781246e-04
 -8.7949815e-04   3.1057839e-04
 -8.7851760e-04   3.1334126e-04
 -8.7752838e-04   3.1610103e-04
 -8.7653049e-04   3.1885768e-04
 -8.7552394e-04   3.2161118e-04
 -8.7450874e-04   3.2436151e-04
 -8.7348490e-04   3.2710862e-04
 -8.7245243e-04   3.2985251e-04
 -8.7141134e-04   3.3259314e-04
 -8.7036165e-04   3.3533048e-04
 -8.6930335e-04   3.3806451e-04
 -8.6823647e-04   3.4079520e-04
 -8.6716100e-04   3.4352252e-04
 -8.6607697e-04   3.4624645e-04
 -8.6498439e-04   3.4896695e-04
 -8.6388326e-04   3.5168401e-04
 -8.6277359e-04   3.5439760e-04
 -8.6165540e-04   3.5710768e-04
 -8.6052870e-04   3.5981424e-04
 -8.5939349e-04   3.6251724e-04
 -8.5824980e-04   3.6521666e-04
 -8.5709763e-04   3.6791247e-04
 -8.5593698e-04   3.7060465e-04
 -8.5476789e-04   3.7329316e-04
 -8.5359034e-04   3.7597799e-04
 -8.5240437e-04   3.7865910e-04
 -8.5120997e-04   3.8133647e-04
 -8.5000717e-04   3.8401008e-04
 -8.4879596e-04   3.8667989e-04
 -8.4757637e-04   3.8934588e-04
 -8.4634841e-04   3.9200802e-04
 -8.4511209e-04   3.9466630e-04
 -8.4386741e-04   3.9732067e-04
 -8.4261440e-04   3.9997112e-04
 -8.4135307e-04   4.0261761e-04
 -8.4008342e-04   4.0526013e-04
 -8.3880547e-04   4.0789864e-04
 -8.3751924e-04   4.1053313e-04
 -8.3622473e-04   4.1316355e-04
 -8.3492196e-04   4.1578990e-04
 -8.3361094e-04   4.1841214e-04
 -8.3229169e-04   4.2103024e-04
 -8.3096421e-04   4.2364419e-04
 -8.2962853e-04   4.2625395e-04
 -8.2828465e-04   4.2885950e-04
 -8.2693258e-04   4.3146081e-04
 -8.2557235e-04   4.3405786e-04
 -8.2420396e-04   4.3665062e-04
 -8.2282742e-04   4.3923907e-04
 -8.2144276e-04   4.4182318e-04
 -8.2004998e-04   4.4440292e-04
 -8.1864910e-04   4.4697827e-04
 -8.1724013e-04   4.4954921e-04
 -8.1582309e-04   4.5211570e-04
 -8.1439799e-04   4.5467773e-04
 -8.1296484e-04   4.5723527e-04
 -8.1152366e-04   4.5978829e-04
 -8.1007447e-04   4.6233676e-04
 -8.0861727e-04   4.6488067e-04
 -8.0715208e-04   4.6741999e-04
 -8.0567892e-04   4.6995469e-04
 -8.0419780e-04   4.7248474e-04
 -8.0270873e-04   4.7501013e-04
 -8.0121173e-04   4.7753083e-04
 -7.9970682e-04   4.8004680e-04
 -7.9819400e-04   4.8255804e-04
 -7.9667330e-04   4.8506450e-04
 -7.9514473e-04   4.8756618e-04
 -7.9360831e-04   4.9006304e-04
 -7.9206404e-04   4.9255505e-04
 -7.9051195e-04   4.9504220e-04
 -7.8895205e-04   4.9752446e-04
 -7.8738435e-04   5.0000181e-04
 -7.8580888e-04   5.0247421e-04
 -7.8422564e-04   5.0494165e-04
 -7.8263465e-04   5.0740410e-04
 -7.8103594e-04   5.0986154e-04
 -7.7942950e-04   5.1231394e-04
 -7.7781537e-04   5.1476128e-04
 -7.7619355e-04   5.1720354e-04
 -7.7456406e-04   5.1964068e-04
 -7.7292692e-04   5.2207269e-04
 -7.7128215e-04   5.2449955e-04
 -7.6962975e-04   5.2692122e-04
 -7.6796975e-04   5.2933768e-04
 -7.6630217e-04   5.3174892e-04
 -7.6462701e-04   5.3415490e-04
 -7.6294430e-04   5.3655561e-04
 -7.6125405e-04   5.3895101e-04
 -7.5955628e-04   5.4134109e-04
 -7.5785101e-04   5.4372583e-04
 -7.5613825e-04   5.4610519e-04
 -7.5441802e-04   5.4847915e-04
 -7.5269033e-04   5.5084770e-04
 -7.5095521e-04   5.5321080e-04
 -7.4921267e-04   5.5556844e-04
 -7.4746273e-04   5.5792059e-04
 -7.4570541e-04   5.6026723e-04
 -7.4394072e-04   5.6260833e-04
 -7.4216867e-04   5.6494388e-04
 -7.4038930e-04   5.6727384e-04
 -7.3860261e-04   5.6959820e-04
 -7.3680862e-04   5.7191693e-04
 -7.3500736e-04   5.7423001e-04
 -7.3319883e-04   5.7653742e-04
 -7.3138306e-04   5.7883914e-04
 -7.2956006e-04   5.8113513e-04
 -7.2772986e-04   5.8342538e-04
 -7.2589247e-04   5.8570987e-04
 -7.2404790e-04   5.8798857e-04
 -7.2219618e-04   5.9026147e-04
 -7.2033733e-04   5.9252853e-04
 -7.1847136e-04   5.9478974e-04
 -7.1659829e-04   5.9704507e-04
 -7.1471814e-04   5.9929450e-04
 -7.1283094e-04   6.0153801e-04
 -7.1093669e-04   6.0377558e-04
 -7.0903541e-04   6.0600719e-04
 -7.0712713e-04   6.0823281e-04
 -7.0521187e-04   6.1045241e-04
 -7.0328963e-04   6.1266599e-04
 -7.0136045e-04   6.1487352e-04
 -6.9942434e-04   6.1707497e-04
 -6.9748132e-04   6.1927032e-04
 -6.9553141e-04   6.2145956e-04
 -6.9357463e-04   6.2364265e-04
 -6.9161100e-04   6.2581959e-04
 -6.8964053e-04   6.2799034e-04
 -6.8766325e-04   6.3015489e-04
 -6.8567918e-04   6.3231321e-04
 -6.8368833e-04   6.3446528e-04
 -6.8169072e-04   6.3661109e-04
 -6.7968639e-04   6.3875061e-04
 -6.7767534e-04   6.4088382e-04
 -6.7565759e-04   6.4301069e-04
 -6.7363317e-04   6.4513121e-04
 -6.7160209e-04   6.4724536e-04
 -6.6956438e-04   6.4935312e-04
 -6.6752005e-04   6.5145446e-04
 -6.6546913e-04   6.5354936e-04
 -6.6341163e-04   6.5563781e-04
 -6.6134758e-04   6.5771978e-04
 -6.5927699e-04   6.5979525e-04
 -6.5719989e-04   6.6186420e-04
 -6.5511630e-04   6.6392662e-04
 -6.5302624e-04   6.6598247e-04
 -6.5092973e-04   6.6803175e-04
 -6.4882678e-04   6.7007442e-04
 -6.4671743e-04   6.7211048e-04
 -6.4460168e-04   6.7413990e-04
 -6.4247957e-04   6.7616265e-04
 -6.4035111e-04   6.7817873e-04
 -6.3821632e-04   6.8018810e-04
 -6.3607523e-04   6.8219076e-04
 -6.3392785e-04   6.8418667e-04
 -6.3177421e-04   6.8617583e-04
 -6.2961433e-04   6.8815821e-04
 -6.2744823e-04   6.9013379e-04
 -6.2527593e-04   6.9210255e-04
 -6.2309745e-04   6.9406447e-04
 -6.2091282e-04   6.9601954e-04
 -6.1872205e-04   6.9796772e-04
 -6.1652517e-04   6.9990902e-04
 -6.1432220e-04   7.0184340e-04
 -6.1211316e-04   7.0377084e-04
 -6.0989808e-04   7.0569134e-04
 -6.0767696e-04   7.0760486e-04
 -6.0544985e-04   7.0951139e-04
 -6.0321675e-04   7.1141091e-04
 -6.0097769e-04   7.1330340e-04
 -5.9873270e-04   7.1518884e-04
 -5.9648179e-04   7.1706722e-04
 -5.9422498e-04   7.1893852e-04
 -5.9196231e-04   7.2080271e-04
 -5.8969379e-04   7.2265978e-04
 -5.8741944e-04   7.2450971e-04
 -5.8513929e-04   7.2635249e-04
 -5.8285336e-04   7.2818809e-04
 -5.8056167e-04   7.3001649e-04
 -5.7826424e-04   7.3183768e-04
 -5.7596110e-04   7.3365164e-04
 -5.7365228e-04   7.3545836e-04
 -5.7133778e-04   7.3725780e-04
 -5.6901764e-04   7.3904997e-04
 -5.6669188e-04   7.4083483e-04
 -5.6436052e-04   7.4261237e-04
 -5.6202358e-04   7.4438258e-04
 -5.5968109e-04   7.4614543e-04
 -5.5733307e-04   7.4790091e-04
 -5.5497955e-04   7.4964900e-04
 -5.5262054e-04   7.5138969e-04
 -5.5025607e-04   7.5312295e-04
 -5.4788617e-04   7.5484877e-04
 -5.4551085e-04   7.5656714e-04
 -5.4313015e-04   7.5827803e-04
 -5.4074408e-04   7.5998143e-04
 -5.3835266e-04   7.6167732e-04
 -5.3595593e-04   7.6336568e-04
 -5.3355390e-04   7.6504651e-04
 -5.3114660e-04   7.6671977e-04
 -5.2873406e-04   7.6838546e-04
 -5.2631629e-04   7.7004356e-04
 -5.2389332e-04   7.7169406e-04
 -5.2146517e-04   7.7333692e-04
 -5.1903188e-04   7.7497215e-04
 -5.1659345e-04   7.7659972e-04
 -5.1414992e-04   7.7821962e-04
 -5.1170132e-04   7.7983183e-04
 -5.0924765e-04   7.8143634e-04
 -5.0678896e-04   7.8303313e-04
 -5.0432526e-04   7.8462218e-04
 -5.0185657e-04   7.8620348e-04
 -4.9938293e-04   7.8777701e-04
 -4.9690436e-04   7.8934276e-04
 -4.9442087e-04   7.9090071e-04
 -4.9193250e-04   7.9245084e-04
 -4.8943927e-04   7.9399315e-04
 -4.8694121e-04   7.9552761e-04
 -4.8443834e-04   7.9705422e-04
 -4.8193067e-04   7.9857295e-04
 -4.7941825e-04   8.0008379e-04
 -4.7690109e-04   8.0158672e-04
 -4.7437922e-04   8.0308174e-04
 -4.7185267e-04   8.0456882e-04
 -4.6932145e-04   8.0604795e-04
 -4.6678559e-04   8.0751912e-04
 -4.6424512e-04   8.0898232e-04
 -4.6170007e-04   8.1043752e-04
 -4.5915046e-04   8.1188471e-04
 -4.5659631e-04   8.1332388e-04
 -4.5403764e-04   8.1475502e-04
 -4.5147450e-04   8.1617811e-04
 -4.4890689e-04   8.1759313e-04
 -4.4633485e-04   8.1900008e-04
 -4.4375839e-04   8.2039894e-04
 -4.4117756e-04   8.2178969e-04
 -4.3859236e-04   8.2317232e-04
 -4.3600283e-04   8.2454682e-04
 -4.3340900e-04   8.2591317e-04
 -4.3081088e-04   8.2727136e-04
 -4.2820851e-04   8.2862138e-04
 -4.2560190e-04   8.2996322e-04
 -4.2299109e-04   8.3129685e-04
 -4.2037611e-04   8.3262228e-04
 -4.1775697e-04   8.3393947e-04
 -4.1513370e-04   8.3524843e-04
 -4.1250633e-04   8.3654913e-04
 -4.0987488e-04   8.3784157e-04
 -4.0723939e-04   8.3912574e-04
 -4.0459987e-04   8.4040161e-04
 -4.0195636e-04   8.4166918e-04
 -3.9930887e-04   8.4292844e-04
 -3.9665744e-04   8.4417936e-04
 -3.9400209e-04   8.4542195e-04
 -3.9134285e-04   8.4665619e-04
 -3.8867974e-04   8.4788206e-04
 -3.8601279e-04   8.4909955e-04
 -3.8334203e-04   8.5030866e-04
 -3.8066748e-04   8.5150936e-04
 -3.7798917e-04   8.5270165e-04
 -3.7530713e-04   8.5388552e-04
 -3.7262138e-04   8.5506095e-04
 -3.6993194e-04   8.5622794e-04
 -3.6723886e-04   8.5738646e-04
 -3.6454214e-04   8.5853652e-04
 -3.6184182e-04   8.5967809e-04
 -3.5913793e-04   8.6081117e-04
 -3.5643049e-04   8.6193575e-04
 -3.5371953e-04   8.6305181e-04
 -3.5100507e-04   8.6415934e-04
 -3.4828715e-04   8.6525834e-04
 -3.4556578e-04   8.6634878e-04
 -3.4284100e-04   8.6743067e-04
 -3.4011284e-04   8.6850399e-04
 -3.3738131e-04   8.6956873e-04
 -3.3464645e-04   8.7062488e-04
 -3.3190829e-04   8.7167242e-04
 -3.2916684e-04   8.7271136e-04
 -3.2642215e-04   8.7374167e-04
 -3.2367422e-04   8.7476335e-04
 -3.2092310e-04   8.7577639e-04
 -3.1816881e-04   8.7678078e-04
 -3.1541138e-04   8.7777650e-04
 -3.1265083e-04   8.7876355e-04
 -3.0988719e-04   8.7974192e-04
 -3.0712049e-04   8.8071160e-04
 -3.0435076e-04   8.8167258e-04
 -3.0157802e-04   8.8262485e-04
 -2.9880230e-04   8.8356840e-04
 -2.9602363e-04   8.8450321e-04
 -2.9324203e-04   8.8542929e-04
 -2.9045754e-04   8.8634663e-04
 -2.8767018e-04   8.8725520e-04
 -2.8487997e-04   8.8815501e-04
 -2.8208695e-04   8.8904605e-04
 -2.7929114e-04   8.8992830e-04
 -2.7649258e-04   8.9080176e-04
 -2.7369128e-04   8.9166642e-04
 -2.7088728e-04   8.9252227e-04
 -2.6808060e-04   8.9336931e-04
 -2.6527128e-04   8.9420751e-04
 -2.6245933e-04   8.9503689e-04
 -2.5964479e-04   8.9585742e-04
 -2.5682768e-04   8.9666910e-04
 -2.5400804e-04   8.9747192e-04
 -2.5118589e-04   8.9826587e-04
 -2.4836126e-04   8.9905095e-04
 -2.4553417e-04   8.9982715e-04
 -2.4270466e-04   9.0059446e-04
 -2.3987275e-04   9.0135287e-04
 -2.3703847e-04   9.0210237e-04
 -2.3420184e-04   9.0284297e-04
 -2.3136291e-04   9.0357464e-04
 -2.2852169e-04   9.0429739e-04
 -2.2567821e-04   9.0501120e-04
 -2.2283250e-04   9.0571607e-04
 -2.1998459e-04   9.0641200e-04
 -2.1713450e-04   9.0709897e-04
 -2.1428227e-04   9.0777697e-04
 -2.1142793e-04   9.0844601e-04
 -2.0857149e-04   9.0910608e-04
 -2.0571300e-04   9.0975716e-04
 -2.0285247e-04   9.1039925e-04
 -1.9998994e-04   9.1103235e-04
 -1.9712543e-04   9.1165645e-04
 -1.9425898e-04   9.1227155e-04
 -1.9139060e-04   9.1287763e-04
 -1.8852034e-04   9.1347469e-04
 -1.8564821e-04   9.1406273e-04
 -1.8277425e-04   9.1464173e-04
 -1.7989848e-04   9.1521170e-04
 -1.7702094e-04   9.1577263e-04
 -1.7414164e-04   9.1632451e-04
 -1.7126063e-04   9.1686734e-04
 -1.6837792e-04   9.1740111e-04
 -1.6549355e-04   9.1792582e-04
 -1.6260755e-04   9.1844146e-04
 -1.5971994e-04   9.1894802e-04
 -1.5683075e-04   9.1944551e-04
 -1.5394001e-04   9.1993391e-04
 -1.5104775e-04   9.2041322e-04
 -1.4815400e-04   9.2088344e-04
 -1.4525879e-04   9.2134457e-04
 -1.4236214e-04   9.2179659e-04
 -1.3946408e-04   9.2223950e-04
 -1.3656465e-04   9.2267330e-04
 -1.3366386e-04   9.2309799e-04
 -1.3076176e-04   9.2351356e-04
 -1.2785836e-04   9.2392000e-04
 -1.2495370e-04   9.2431731e-04
 -1.2204781e-04   9.2470550e-04
 -1.1914071e-04   9.2508455e-04
 -1.1623243e-04   9.2545445e-04
 -1.1332301e-04   9.2581522e-04
 -1.1041246e-04   9.2616684e-04
 -1.0750083e-04   9.2650931e-04
 -1.0458813e-04   9.2684262e-04
 -1.0167440e-04   9.2716678e-04
 -9.8759667e-05   9.2748178e-04
 -9.5843957e-05   9.2778762e-04
 -9.2927299e-05   9.2808429e-04
 -9.0009724e-05   9.2837179e-04
 -8.7091259e-05   9.2865012e-04
 -8.4171934e-05   9.2891927e-04
 -8.1251777e-05   9.2917925e-04
 -7.8330817e-05   9.2943005e-04
 -7.5409084e-05   9.2967166e-04
 -7.2486606e-05   9.2990409e-04
 -6.9563411e-05   9.3012733e-04
 -6.6639529e-05   9.3034139e-04
 -6.3714989e-05   9.3054625e-04
 -6.0789819e-05   9.3074192e-04
 -5.7864049e-05   9.3092840e-04
 -5.4937707e-05   9.3110567e-04
 -5.2010823e-05   9.3127375e-04
 -4.9083424e-05   9.3143263e-04
 -4.6155541e-05   9.3158231e-04
 -4.3227202e-05   9.3172278e-04
 -4.0298435e-05   9.3185405e-04
 -3.7369271e-05   9.3197611e-04
 -3.4439737e-05   9.3208896e-04
 -3.1509863e-05   9.3219261e-04
 -2.8579678e-05   9.3228704e-04
 -2.5649210e-05   9.3237227e-04
 -2.2718489e-05   9.3244828e-04
 -1.9787543e-05   9.3251508e-04
 -1.6856403e-05   9.3257267e-04
 -1.3925095e-05   9.3262105e-04
 -1.0993650e-05   9.3266021e-04
 -8.0620962e-06   9.3269016e-04
 -5.1304629e-06   9.3271089e-04
 -2.1987789e-06   9.3272241e-04
  7.3292689e-07   9.3272471e-04
  3.6646254e-06   9.3271780e-04
  6.5962877e-06   9.3270168e-04
  9.5278848e-06   9.3267633e-04
  1.2459388e-05   9.3264178e-04
  1.5390768e-05   9.3259801e-04
  1.8321996e-05   9.3254503e-04
  2.1253042e-05   9.3248283e-04
  2.4183879e-05   9.3241143e-04
  2.7114477e-05   9.3233081e-04
  3.0044807e-05   9.3224097e-04
  3.2974841e-05   9.3214193e-04
  3.5904548e-05   9.3203368e-04
  3.8833901e-05   9.3191623e-04
  4.1762870e-05   9.3178956e-04
  4.4691426e-05   9.3165369e-04
  4.7619541e-05   9.3150862e-04
  5.0547186e-05   9.3135434e-04
  5.3474331e-05   9.3119086e-04
  5.6400948e-05   9.3101818e-04
  5.9327008e-05   9.3083631e-04
  6.2252481e-05   9.3064524e-04
  6.5177340e-05   9.3044497e-04
  6.8101554e-05   9.3023551e-04
  7.1025096e-05   9.3001686e-04
  7.3947936e-05   9.2978902e-04
  7.6870046e-05   9.2955200e-04
  7.9791396e-05   9.2930579e-04
  8.2711957e-05   9.2905041e-04
  8.5631702e-05   9.2878584e-04
  8.8550601e-05   9.2851210e-04
  9.1468624e-05   9.2822918e-04
  9.4385745e-05   9.2793710e-04
  9.7301932e-05   9.2763584e-04
  1.0021716e-04   9.2732543e-04
  1.0313139e-04   9.2700585e-04
  1.0604461e-04   9.2667711e-04
  1.0895678e-04   9.2633922e-04
  1.1186788e-04   9.2599217e-04
  1.1477786e-04   9.2563598e-04
  1.1768672e-04   9.2527064e-04
  1.2059441e-04   9.2489616e-04
  1.2350091e-04   9.2451255e-04
  1.2640619e-04   9.2411980e-04
  1.2931022e-04   9.2371792e-04
  1.3221297e-04   9.2330691e-04
  1.3511442e-04   9.2288679e-04
  1.3801453e-04   9.2245754e-04
  1.4091328e-04   9.2201918e-04
  1.4381064e-04   9.2157171e-04
  1.4670658e-04   9.2111514e-04
  1.4960106e-04   9.2064947e-04
  1.5249407e-04   9.2017470e-04
  1.5538557e-04   9.1969084e-04
  1.5827554e-04   9.1919790e-04
  1.6116394e-04   9.1869587e-04
  1.6405075e-04   9.1818477e-04
  1.6693595e-04   9.1766460e-04
  1.6981949e-04   9.1713536e-04
  1.7270135e-04   9.1659706e-04
  1.7558151e-04   9.1604970e-04
  1.7845993e-04   9.1549330e-04
  1.8133659e-04   9.1492785e-04
  1.8421146e-04   9.1435336e-04
  1.8708451e-04   9.1376984e-04
  1.8995571e-04   9.1317729e-04
  1.9282503e-04   9.1257571e-04
  1.9569245e-04   9.1196513e-04
  1.9855793e-04   9.1134553e-04
  2.0142145e-04   9.1071693e-04
  2.0428299e-04   9.1007933e-04
  2.0714250e-04   9.0943274e-04
  2.0999997e-04   9.0877717e-04
  2.1285536e-04   9.0811261e-04
  2.1570866e-04   9.0743909e-04
  2.1855982e-04   9.0675660e-04
  2.2140882e-04   9.0606515e-04
  2.2425563e-04   9.0536475e-04
  2.2710023e-04   9.0465541e-04
  2.2994258e-04   9.0393713e-04
  2.3278266e-04   9.0320992e-04
  2.3562045e-04   9.0247378e-04
  2.3845590e-04   9.0172873e-04
  2.4128900e-04   9.0097477e-04
  2.4411971e-04   9.0021191e-04
  2.4694802e-04   8.9944016e-04
  2.4977388e-04   8.9865952e-04
  2.5259728e-04   8.9787000e-04
  2.5541818e-04   8.9707161e-04
  2.5823656e-04   8.9626436e-04
  2.6105238e-04   8.9544826e-04
  2.6386563e-04   8.9462330e-04
  2.6667627e-04   8.9378951e-04
  2.6948427e-04   8.9294689e-04
  2.7228962e-04   8.9209545e-04
  2.7509227e-04   8.9123519e-04
  2.7789220e-04   8.9036613e-04
  2.8068939e-04   8.8948827e-04
  2.8348381e-04   8.8860163e-04
  2.8627543e-04   8.8770620e-04
  2.8906421e-04   8.8680201e-04
  2.9185015e-04   8.8588906e-04
  2.9463319e-04   8.8496735e-04
  2.9741333e-04   8.8403690e-04
  3.0019053e-04   8.8309771e-04
  3.0296477e-04   8.8214980e-04
  3.0573601e-04   8.8119318e-04
  3.0850423e-04   8.8022785e-04
  3.1126940e-04   8.7925382e-04
  3.1403149e-04   8.7827111e-04
  3.1679049e-04   8.7727972e-04
  3.1954635e-04   8.7627967e-04
  3.2229906e-04   8.7527095e-04
  3.2504859e-04   8.7425359e-04
  3.2779490e-04   8.7322759e-04
  3.3053797e-04   8.7219297e-04
  3.3327778e-04   8.7114973e-04
  3.3601430e-04   8.7009788e-04
  3.3874749e-04   8.6903743e-04
  3.4147734e-04   8.6796840e-04
  3.4420382e-04   8.6689080e-04
  3.4692689e-04   8.6580463e-04
  3.4964654e-04   8.6470991e-04
  3.5236274e-04   8.6360664e-04
  3.5507545e-04   8.6249484e-04
  3.5778465e-04   8.6137452e-04
  3.6049032e-04   8.6024569e-04
  3.6319243e-04   8.5910837e-04
  3.6589095e-04   8.5796255e-04
  3.6858586e-04   8.5680826e-04
  3.7127712e-04   8.5564550e-04
  3.7396472e-04   8.5447429e-04
  3.7664862e-04   8.5329464e-04
  3.7932880e-04   8.5210656e-04
  3.8200523e-04   8.5091006e-04
  3.8467789e-04   8.4970515e-04
  3.8734675e-04   8.4849185e-04
  3.9001178e-04   8.4727017e-04
  3.9267296e-04   8.4604011e-04
  3.9533026e-04   8.4480170e-04
  3.9798365e-04   8.4355494e-04
  4.0063311e-04   8.4229985e-04
  4.0327861e-04   8.4103644e-04
  4.0592013e-04   8.3976471e-04
  4.0855764e-04   8.3848469e-04
  4.1119111e-04   8.3719639e-04
  4.1382052e-04   8.3589981e-04
  4.1644585e-04   8.3459498e-04
  4.1906705e-04   8.3328190e-04
  4.2168412e-04   8.3196059e-04
  4.2429702e-04   8.3063106e-04
  4.2690573e-04   8.2929333e-04
  4.2951022e-04   8.2794740e-04
  4.3211047e-04   8.2659329e-04
  4.3470645e-04   8.2523101e-04
  4.3729814e-04   8.2386059e-04
  4.3988550e-04   8.2248202e-04
  4.4246852e-04   8.2109532e-04
  4.4504717e-04   8.1970052e-04
  4.4762142e-04   8.1829762e-04
  4.5019125e-04   8.1688663e-04
  4.5275663e-04   8.1546757e-04
  4.5531754e-04   8.1404046e-04
  4.5787395e-04   8.1260530e-04
  4.6042583e-04   8.1116212e-04
  4.6297317e-04   8.0971092e-04
  4.6551593e-04   8.0825172e-04
  4.6805410e-04   8.0678454e-04
  4.7058764e-04   8.0530938e-04
  4.7311653e-04   8.0382627e-04
  4.7564074e-04   8.0233522e-04
  4.7816026e-04   8.0083624e-04
  4.8067506e-04   7.9932935e-04
  4.8318510e-04   7.9781457e-04
  4.8569037e-04   7.9629190e-04
  4.8819085e-04   7.9476136e-04
  4.9068650e-04   7.9322298e-04
  4.9317730e-04   7.9167675e-04
  4.9566323e-04   7.9012271e-04
  4.9814426e-04   7.8856085e-04
  5.0062037e-04   7.8699121e-04
  5.0309154e-04   7.8541380e-04
  5.0555773e-04   7.8382862e-04
  5.0801893e-04   7.8223570e-04
  5.1047511e-04   7.8063505e-04
  5.1292625e-04   7.7902669e-04
  5.1537232e-04   7.7741063e-04
  5.1781330e-04   7.7578690e-04
  5.2024917e-04   7.7415549e-04
  5.2267989e-04   7.7251644e-04
  5.2510545e-04   7.7086976e-04
  5.2752582e-04   7.6921546e-04
  5.2994099e-04   7.6755357e-04
  5.3235091e-04   7.6588409e-04
  5.3475558e-04   7.6420704e-04
  5.3715496e-04   7.6252244e-04
  5.3954903e-04   7.6083031e-04
  5.4193778e-04   7.5913067e-04
  5.4432117e-04   7.5742352e-04
  5.4669919e-04   7.5570889e-04
  5.4907180e-04   7.5398679e-04
  5.5143899e-04   7.5225725e-04
  5.5380073e-04   7.5052027e-04
  5.5615700e-04   7.4877588e-04
  5.5850777e-04   7.4702409e-04
  5.6085303e-04   7.4526492e-04
  5.6319274e-04   7.4349839e-04
  5.6552689e-04   7.4172452e-04
  5.6785546e-04   7.3994331e-04
  5.7017841e-04   7.3815480e-04
  5.7249573e-04   7.3635899e-04
  5.7480740e-04   7.3455591e-04
  5.7711339e-04   7.3274557e-04
  5.7941367e-04   7.3092799e-04
  5.8170823e-04   7.2910319e-04
  5.8399705e-04   7.2727118e-04
  5.8628009e-04   7.2543200e-04
  5.8855734e-04   7.2358564e-04
  5.9082878e-04   7.2173214e-04
  5.9309438e-04   7.1987150e-04
  5.9535412e-04   7.1800376e-04
  5.9760798e-04   7.1612892e-04
  5.9985594e-04   7.1424700e-04
  6.0209796e-04   7.1235803e-04
  6.0433404e-04   7.1046202e-04
  6.0656415e-04   7.0855900e-04
  6.0878827e-04   7.0664897e-04
  6.1100637e-04   7.0473196e-04
  6.1321844e-04   7.0280799e-04
  6.1542445e-04   7.0087707e-04
  6.1762438e-04   6.9893923e-04
  6.1981820e-04   6.9699449e-04
  6.2200591e-04   6.9504286e-04
  6.2418746e-04   6.9308436e-04
  6.2636286e-04   6.9111902e-04
  6.2853206e-04   6.8914685e-04
  6.3069505e-04   6.8716787e-04
  6.3285181e-04   6.8518210e-04
  6.3500232e-04   6.8318956e-04
  6.3714656e-04   6.8119027e-04
  6.3928450e-04   6.7918425e-04
  6.4141613e-04   6.7717153e-04
  6.4354142e-04   6.7515211e-04
  6.4566035e-04   6.7312602e-04
  6.4777290e-04   6.7109328e-04
  6.4987906e-04   6.6905391e-04
  6.5197879e-04   6.6700793e-04
  6.5407208e-04   6.6495537e-04
  6.5615891e-04   6.6289623e-04
  6.5823926e-04   6.6083054e-04
  6.6031310e-04   6.5875833e-04
  6.6238042e-04   6.5667960e-04
  6.6444120e-04   6.5459439e-04
  6.6649541e-04   6.5250272e-04
  6.6854304e-04   6.5040459e-04
  6.7058406e-04   6.4830004e-04
  6.7261846e-04   6.4618909e-04
  6.7464621e-04   6.4407175e-04
  6.7666730e-04   6.4194805e-04
  6.7868170e-04   6.3981800e-04
  6.8068940e-04   6.3768164e-04
  6.8269037e-04   6.3553897e-04
  6.8468460e-04   6.3339003e-04
  6.8667206e-04   6.3123483e-04
  6.8865274e-04   6.2907339e-04
  6.9062662e-04   6.2690574e-04
  6.9259367e-04   6.2473189e-04
  6.9455388e-04   6.2255187e-04
  6.9650723e-04   6.2036570e-04
  6.9845370e-04   6.1817341e-04
  7.0039326e-04   6.1597500e-04
  7.0232591e-04   6.1377051e-04
  7.0425162e-04   6.1155996e-04
  7.0617037e-04   6.0934336e-04
  7.0808215e-04   6.0712075e-04
  7.0998692e-04   6.0489213e-04
  7.1188469e-04   6.0265754e-04
  7.1377542e-04   6.0041700e-04
  7.1565910e-04   5.9817052e-04
  7.1753571e-04   5.9591814e-04
  7.1940523e-04   5.9365987e-04
  7.2126765e-04   5.9139573e-04
  7.2312293e-04   5.8912575e-04
  7.2497108e-04   5.8684995e-04
  7.2681206e-04   5.8456835e-04
  7.2864586e-04   5.8228098e-04
  7.3047246e-04   5.7998785e-04
  7.3229185e-04   5.7768899e-04
  7.3410400e-04   5.7538443e-04
  7.3590890e-04   5.7307418e-04
  7.3770653e-04   5.7075827e-04
  7.3949687e-04   5.6843672e-04
  7.4127990e-04   5.6610956e-04
  7.4305561e-04   5.6377680e-04
  7.4482398e-04   5.6143848e-04
  7.4658499e-04   5.5909460e-04
  7.4833863e-04   5.5674521e-04
  7.5008487e-04   5.5439031e-04
  7.5182370e-04   5.5202993e-04
  7.5355511e-04   5.4966410e-04
  7.5527907e-04   5.4729285e-04
  7.5699556e-04   5.4491618e-04
  7.5870458e-04   5.4253413e-04
  7.6040611e-04   5.4014672e-04
  7.6210012e-04   5.3775398e-04
  7.6378660e-04   5.3535592e-04
  7.6546553e-04   5.3295257e-04
  7.6713691e-04   5.3054396e-04
  7.6880070e-04   5.2813010e-04
  7.7045690e-04   5.2571103e-04
  7.7210549e-04   5.2328677e-04
  7.7374645e-04   5.2085733e-04
  7.7537976e-04   5.1842275e-04
  7.7700542e-04   5.1598305e-04
  7.7862340e-04   5.1353825e-04
  7.8023368e-04   5.1108837e-04
  7.8183626e-04   5.0863345e-04
  7.8343111e-04   5.0617350e-04
  7.8501823e-04   5.0370855e-04
  7.8659759e-04   5.0123863e-04
  7.8816917e-04   4.9876375e-04
  7.8973297e-04   4.9628395e-04
  7.9128897e-04   4.9379924e-04
  7.9283715e-04   4.9130965e-04
  7.9437750e-04   4.8881521e-04
  7.9591000e-04   4.8631594e-04
  7.9743464e-04   4.8381187e-04
  7.9895140e-04   4.8130301e-04
  8.0046026e-04   4.7878940e-04
  8.0196122e-04   4.7627107e-04
  8.0345425e-04   4.7374802e-04
  8.0493935e-04   4.7122030e-04
  8.0641649e-04   4.6868792e-04
  8.0788567e-04   4.6615091e-04
  8.0934687e-04   4.6360929e-04
  8.1080007e-04   4.6106309e-04
  8.1224526e-04   4.5851234e-04
  8.1368242e-04   4.5595706e-04
  8.1511155e-04   4.5339728e-04
  8.1653262e-04   4.5083301e-04
  8.1794563e-04   4.4826429e-04
  8.1935055e-04   4.4569115e-04
  8.2074738e-04   4.4311359e-04
  8.2213611e-04   4.4053167e-04
  8.2351671e-04   4.3794539e-04
  8.2488917e-04   4.3535478e-04
  8.2625348e-04   4.3275987e-04
  8.2760964e-04   4.3016069e-04
  8.2895761e-04   4.2755725e-04
  8.3029740e-04   4.2494959e-04
  8.3162898e-04   4.2233774e-04
  8.3295235e-04   4.1972171e-04
  8.3426748e-04   4.1710154e-04
  8.3557438e-04   4.1447724e-04
  8.3687302e-04   4.1184885e-04
  8.3816339e-04   4.0921639e-04
  8.3944548e-04   4.0657989e-04
  8.4071928e-04   4.0393937e-04
  8.4198478e-04   4.0129486e-04
  8.4324195e-04   3.9864638e-04
  8.4449079e-04   3.9599397e-04
  8.4573129e-04   3.9333765e-04
  8.4696344e-04   3.9067744e-04
  8.4818722e-04   3.8801336e-04
  8.4940261e-04   3.8534546e-04
  8.5060962e-04   3.8267375e-04
  8.5180822e-04   3.7999826e-04
  8.5299841e-04   3.7731901e-04
  8.5418017e-04   3.7463604e-04
  8.5535349e-04   3.7194936e-04
  8.5651836e-04   3.6925901e-04
  8.5767477e-04   3.6656502e-04
  8.5882271e-04   3.6386740e-04
  8.5996216e-04   3.6116618e-04
  8.6109311e-04   3.5846140e-04
  8.6221556e-04   3.5575308e-04
  8.6332949e-04   3.5304124e-04
  8.6443489e-04   3.5032592e-04
  8.6553175e-04   3.4760713e-04
  8.6662006e-04   3.4488491e-04
  8.6769981e-04   3.4215928e-04
  8.6877098e-04   3.3943027e-04
  8.6983357e-04   3.3669791e-04
  8.7088757e-04   3.3396222e-04
  8.7193297e-04   3.3122323e-04
  8.7296975e-04   3.2848097e-04
  8.7399790e-04   3.2573547e-04
  8.7501742e-04   3.2298674e-04
  8.7602830e-04   3.2023483e-04
  8.7703052e-04   3.1747975e-04
  8.7802408e-04   3.1472154e-04
  8.7900896e-04   3.1196021e-04
  8.7998516e-04   3.0919581e-04
  8.8095266e-04   3.0642834e-04
  8.8191146e-04   3.0365786e-04
  8.8286155e-04   3.0088437e-04
  8.8380292e-04   2.9810791e-04
  8.8473555e-04   2.9532850e-04
  8.8565945e-04   2.9254618e-04
  8.8657459e-04   2.8976097e-04
  8.8748098e-04   2.8697289e-04
  8.8837860e-04   2.8418198e-04
  8.8926744e-04   2.8138826e-04
  8.9014749e-04   2.7859176e-04
  8.9101875e-04   2.7579251e-04
  8.9188121e-04   2.7299053e-04
  8.9273486e-04   2.7018586e-04
  8.9357969e-04   2.6737852e-04
  8.9441568e-04   2.6456853e-04
  8.9524285e-04   2.6175594e-04
  8.9606117e-04   2.5894075e-04
  8.9687063e-04   2.5612301e-04
  8.9767124e-04   2.5330274e-04
  8.9846297e-04   2.5047996e-04
  8.9924583e-04   2.4765471e-04
  9.0001981e-04   2.4482702e-04
  9.0078489e-04   2.4199690e-04
  9.0154108e-04   2.3916440e-04
  9.0228836e-04   2.3632953e-04
  9.0302672e-04   2.3349233e-04
  9.0375616e-04   2.3065282e-04
  9.0447668e-04   2.2781103e-04
  9.0518826e-04   2.2496699e-04
  9.0589089e-04   2.2212073e-04
  9.0658458e-04   2.1927227e-04
  9.0726931e-04   2.1642165e-04
  9.0794507e-04   2.1356889e-04
  9.0861187e-04   2.1071401e-04
  9.0926969e-04   2.0785706e-04
  9.0991853e-04   2.0499806e-04
  9.1055837e-04   2.0213703e-04
  9.1118922e-04   1.9927400e-04
  9.1181107e-04   1.9640900e-04
  9.1242391e-04   1.9354206e-04
  9.1302774e-04   1.9067321e-04
  9.1362254e-04   1.8780248e-04
  9.1420832e-04   1.8492989e-04
  9.1478507e-04   1.8205548e-04
  9.1535278e-04   1.7917926e-04
  9.1591145e-04   1.7630128e-04
  9.1646107e-04   1.7342155e-04
  9.1700163e-04   1.7054011e-04
  9.1753314e-04   1.6765699e-04
  9.1805558e-04   1.6477221e-04
  9.1856895e-04   1.6188580e-04
  9.1907324e-04   1.5899779e-04
  9.1956846e-04   1.5610821e-04
  9.2005459e-04   1.5321709e-04
  9.2053163e-04   1.5032445e-04
  9.2099958e-04   1.4743033e-04
  9.2145843e-04   1.4453476e-04
  9.2190817e-04   1.4163775e-04
  9.2234881e-04   1.3873935e-04
  9.2278033e-04   1.3583958e-04
  9.2320274e-04   1.3293846e-04
  9.2361602e-04   1.3003603e-04
  9.2402018e-04   1.2713231e-04
  9.2441522e-04   1.2422734e-04
  9.2480112e-04   1.2132115e-04
  9.2517788e-04   1.1841375e-04
  9.2554550e-04   1.1550518e-04
  9.2590398e-04   1.1259548e-04
  9.2625331e-04   1.0968466e-04
  9.2659349e-04   1.0677275e-04
  9.2692452e-04   1.0385980e-04
  9.2724639e-04   1.0094581e-04
  9.2755910e-04   9.8030830e-05
  9.2786264e-04   9.5114880e-05
  9.2815702e-04   9.2197990e-05
  9.2844223e-04   8.9280190e-05
  9.2871826e-04   8.6361507e-05
  9.2898513e-04   8.3441971e-05
  9.2924281e-04   8.0521611e-05
  9.2949131e-04   7.7600455e-05
  9.2973063e-04   7.4678533e-05
  9.2996076e-04   7.1755873e-05
  9.3018171e-04   6.8832504e-05
  9.3039347e-04   6.5908455e-05
  9.3059603e-04   6.2983755e-05
  9.3078940e-04   6.0058432e-05
  9.3097358e-04   5.7132516e-05
  9.3114855e-04   5.4206036e-05
  9.3131433e-04   5.1279020e-05
  9.3147091e-04   4.8351498e-05
  9.3161829e-04   4.5423498e-05
  9.3175646e-04   4.2495049e-05
  9.3188542e-04   3.9566180e-05
  9.3200518e-04   3.6636921e-05
  9.3211574e-04   3.3707299e-05
  9.3221708e-04   3.0777345e-05
  9.3230921e-04   2.7847086e-05
  9.3239213e-04   2.4916552e-05
  9.3246584e-04   2.1985773e-05
  9.3253034e-04   1.9054775e-05
  9.3258563e-04   1.6123590e-05
  9.3263170e-04   1.3192245e-05
  9.3266856e-04   1.0260771e-05
  9.3269620e-04   7.3291942e-06
  9.3271463e-04   4.3975455e-06
  9.3272385e-04   1.4658533e-06
  9.3272385e-04  -1.4658533e-06
  9.3271463e-04  -4.3975455e-06
  9.3269620e-04  -7.3291942e-06
  9.3266856e-04  -1.0260771e-05
  9.3263170e-04  -1.3192245e-05
  9.3258563e-04  -1.6123590e-05
  9.3253034e-04  -1.9054775e-05
  9.3246584e-04  -2.1985773e-05
  9.3239213e-04  -2.4916552e-05
  9.3230921e-04  -2.7847086e-05
  9.3221708e-04  -3.0777345e-05
  9.3211574e-04  -3.3707299e-05
  9.3200518e-04  -3.6636921e-05
  9.3188542e-04  -3.9566180e-05
  9.3175646e-04  -4.2495049e-05
  9.3161829e-04  -4.5423498e-05
  9.3147091e-04  -4.8351498e-05
  9.3131433e-04  -5.1279020e-05
  9.3114855e-04  -5.4206036e-05
  9.3097358e-04  -5.7132516e-05
  9.3078940e-04  -6.0058432e-05
  9.3059603e-04  -6.2983755e-05
  9.3039347e-04  -6.5908455e-05
  9.3018171e-04  -6.8832504e-05
  9.2996076e-04  -7.1755873e-05
  9.2973063e-04  -7.4678533e-05
  9.2949131e-04  -7.7600455e-05
  9.2924281e-04  -8.0521611e-05
  9.2898513e-04  -8.3441971e-05
  9.2871826e-04  -8.6361507e-05
  9.2844223e-04  -8.9280190e-05
  9.2815702e-04  -9.2197990e-05
  9.2786264e-04  -9.5114880e-05
  9.2755910e-04  -9.8030830e-05
  9.2724639e-04  -1.0094581e-04
  9.2692452e-04  -1.0385980e-04
  9.2659349e-04  -1.0677275e-04
  9.2625331e-04  -1.0968466e-04
  9.2590398e-04  -1.1259548e-04
  9.2554550e-04  -1.1550518e-04
  9.2517788e-04  -1.1841375e-04
  9.2480112e-04  -1.2132115e-04
  9.2441522e-04  -1.2422734e-04
  9.2402018e-04  -1.2713231e-04
  9.2361602e-04  -1.3003603e-04
  9.2320274e-04  -1.3293846e-04
  9.2278033e-04  -1.3583958e-04
  9.2234881e-04  -1.3873935e-04
  9.2190817e-04  -1.4163775e-04
  9.2145843e-04  -1.4453476e-04
  9.2099958e-04  -1.4743033e-04
  9.2053163e-04  -1.5032445e-04
  9.2005459e-04  -1.5321709e-04
  9.1956846e-04  -1.5610821e-04
  9.1907324e-04  -1.5899779e-04
  9.1856895e-04  -1.6188580e-04
  9.1805558e-04  -1.6477221e-04
  9.1753314e-04  -1.6765699e-04
  9.1700163e-04  -1.7054011e-04
  9.1646107e-04  -1.7342155e-04
  9.1591145e-04  -1.7630128e-04
  9.1535278e-04  -1.7917926e-04
  9.1478507e-04  -1.8205548e-04
  9.1420832e-04  -1.8492989e-04
  9.1362254e-04  -1.8780248e-04
  9.1302774e-04  -1.9067321e-04
  9.1242391e-04  -1.9354206e-04
  9.1181107e-04  -1.9640900e-04
  9.1118922e-04  -1.9927400e-04
  9.1055837e-04  -2.0213703e-04
  9.0991853e-04  -2.0499806e-04
  9.0926969e-04  -2.0785706e-04
  9.0861187e-04  -2.1071401e-04
  9.0794507e-04  -2.1356889e-04
  9.0726931e-04  -2.1642165e-04
  9.0658458e-04  -2.1927227e-04
  9.0589089e-04  -2.2212073e-04
  9.0518826e-04  -2.2496699e-04
  9.0447668e-04  -2.2781103e-04
  9.0375616e-04  -2.3065282e-04
  9.0302672e-04  -2.3349233e-04
  9.0228836e-04  -2.3632953e-04
  9.0154108e-04  -2.3916440e-04
  9.0078489e-04  -2.4199690e-04
  9.0001981e-04  -2.4482702e-04
  8.9924583e-04  -2.4765471e-04
  8.9846297e-04  -2.5047996e-04
  8.9767124e-04  -2.5330274e-04
  8.9687063e-04  -2.5612301e-04
  8.9606117e-04  -2.5894075e-04
  8.9524285e-04  -2.6175594e-04
  8.9441568e-04  -2.6456853e-04
  8.9357969e-04  -2.6737852e-04
  8.9273486e-04  -2.7018586e-04
  8.9188121e-04  -2.7299053e-04
  8.9101875e-04  -2.7579251e-04
  8.9014749e-04  -2.7859176e-04
  8.8926744e-04  -2.8138826e-04
  8.8837860e-04  -2.8418198e-04
  8.8748098e-04  -2.8697289e-04
  8.8657459e-04  -2.8976097e-04
  8.8565945e-04  -2.9254618e-04
  8.8473555e-04  -2.9532850e-04
  8.8380292e-04  -2.9810791e-04
  8.8286155e-04  -3.0088437e-04
  8.8191146e-04  -3.0365786e-04
  8.8095266e-04  -3.0642834e-04
  8.7998516e-04  -3.0919581e-04
  8.7900896e-04  -3.1196021e-04
  8.7802408e-04  -3.1472154e-04
  8.7703052e-04  -3.1747975e-04
  8.7602830e-04  -3.2023483e-04
  8.7501742e-04  -3.2298674e-04
  8.7399790e-04  -3.2573547e-04
  8.7296975e-04  -3.2848097e-04
  8.7193297e-04  -3.3122323e-04
  8.7088757e-04  -3.3396222e-04
  8.6983357e-04  -3.3669791e-04
  8.6877098e-04  -3.3943027e-04
  8.6769981e-04  -3.4215928e-04
  8.6662006e-04  -3.4488491e-04
  8.6553175e-04  -3.4760713e-04
  8.6443489e-04  -3.5032592e-04
  8.6332949e-04  -3.5304124e-04
  8.6221556e-04  -3.5575308e-04
  8.6109311e-04  -3.5846140e-04
  8.5996216e-04  -3.6116618e-04
  8.5882271e-04  -3.6386740e-04
  8.5767477e-04  -3.6656502e-04
  8.5651836e-04  -3.6925901e-04
  8.5535349e-04  -3.7194936e-04
  8.5418017e-04  -3.7463604e-04
  8.5299841e-04  -3.7731901e-04
  8.5180822e-04  -3.7999826e-04
  8.5060962e-04  -3.8267375e-04
  8.4940261e-04  -3.8534546e-04
  8.4818722e-04  -3.8801336e-04
  8.4696344e-04  -3.9067744e-04
  8.4573129e-04  -3.9333765e-04
  8.4449079e-04  -3.9599397e-04
  8.4324195e-04  -3.9864638e-04
  8.4198478e-04  -4.0129486e-04
  8.4071928e-04  -4.0393937e-04
  8.3944548e-04  -4.0657989e-04
  8.3816339e-04  -4.0921639e-04
  8.3687302e-04  -4.1184885e-04
  8.3557438e-04  -4.1447724e-04
  8.3426748e-04  -4.1710154e-04
  8.3295235e-04  -4.1972171e-04
  8.3162898e-04  -4.2233774e-04
  8.3029740e-04  -4.2494959e-04
  8.2895761e-04  -4.2755725e-04
  8.2760964e-04  -4.3016069e-04
  8.2625348e-04  -4.3275987e-04
  8.2488917e-04  -4.3535478e-04
  8.2351671e-04  -4.3794539e-04
  8.2213611e-04  -4.4053167e-04
  8.2074738e-04  -4.4311359e-04
  8.1935055e-04  -4.4569115e-04
  8.1794563e-04  -4.4826429e-04
  8.1653262e-04  -4.5083301e-04
  8.1511155e-04  -4.5339728e-04
  8.1368242e-04  -4.5595706e-04
  8.1224526e-04  -4.5851234e-04
  8.1080007e-04  -4.6106309e-04
  8.0934687e-04  -4.6360929e-04
  8.0788567e-04  -4.6615091e-04
  8.0641649e-04  -4.6868792e-04
  8.0493935e-04  -4.7122030e-04
  8.0345425e-04  -4.7374802e-04
  8.0196122e-04  -4.7627107e-04
  8.0046026e-04  -4.7878940e-04
  7.9895140e-04  -4.8130301e-04
  7.9743464e-04  -4.8381187e-04
  7.9591000e-04  -4.8631594e-04
  7.9437750e-04  -4.8881521e-04
  7.9283715e-04  -4.9130965e-04
  7.9128897e-04  -4.9379924e-04
  7.8973297e-04  -4.9628395e-04
  7.8816917e-04  -4.9876375e-04
  7.8659759e-04  -5.0123863e-04
  7.8501823e-04  -5.0370855e-04
  7.8343111e-04  -5.0617350e-04
  7.8183626e-04  -5.0863345e-04
  7.8023368e-04  -5.1108837e-04
  7.7862340e-04  -5.1353825e-04
  7.7700542e-04  -5.1598305e-04
  7.7537976e-04  -5.1842275e-04
  7.7374645e-04  -5.2085733e-04
  7.7210549e-04  -5.2328677e-04
  7.7045690e-04  -5.2571103e-04
  7.6880070e-04  -5.2813010e-04
  7.6713691e-04  -5.3054396e-04
  7.6546553e-04  -5.3295257e-04
  7.6378660e-04  -5.3535592e-04
  7.6210012e-04  -5.3775398e-04
  7.6040611e-04  -5.4014672e-04
  7.5870458e-04  -5.4253413e-04
  7.5699556e-04  -5.4491618e-04
  7.5527907e-04  -5.4729285e-04
  7.5355511e-04  -5.4966410e-04
  7.5182370e-04  -5.5202993e-04
  7.5008487e-04  -5.5439031e-04
  7.4833863e-04  -5.5674521e-04
  7.4658499e-04  -5.5909460e-04
  7.4482398e-04  -5.6143848e-04
  7.4305561e-04  -5.6377680e-04
  7.4127990e-04  -5.6610956e-04
  7.3949687e-04  -5.6843672e-04
  7.3770653e-04  -5.7075827e-04
  7.3590890e-04  -5.7307418e-04
  7.3410400e-04  -5.7538443e-04
  7.3229185e-04  -5.7768899e-04
  7.3047246e-04  -5.7998785e-04
  7.2864586e-04  -5.8228098e-04
  7.2681206e-04  -5.8456835e-04
  7.2497108e-04  -5.8684995e-04
  7.2312293e-04  -5.8912575e-04
  7.2126765e-04  -5.9139573e-04
  7.1940523e-04  -5.9365987e-04
  7.1753571e-04  -5.9591814e-04
  7.1565910e-04  -5.9817052e-04
  7.1377542e-04  -6.0041700e-04
  7.1188469e-04  -6.0265754e-04
  7.0998692e-04  -6.0489213e-04
  7.0808215e-04  -6.0712075e-04
  7.0617037e-04  -6.0934336e-04
  7.0425162e-04  -6.1155996e-04
  7.0232591e-04  -6.1377051e-04
  7.0039326e-04  -6.1597500e-04
  6.9845370e-04  -6.1817341e-04
  6.9650723e-04  -6.2036570e-04
  6.9455388e-04  -6.2255187e-04
  6.9259367e-04  -6.2473189e-04
  6.9062662e-04  -6.2690574e-04
  6.8865274e-04  -6.2907339e-04
  6.8667206e-04  -6.3123483e-04
  6.8468460e-04  -6.3339003e-04
  6.8269037e-04  -6.3553897e-04
  6.8068940e-04  -6.3768164e-04
  6.7868170e-04  -6.3981800e-04
  6.7666730e-04  -6.4194805e-04
  6.7464621e-04  -6.4407175e-04
  6.7261846e-04  -6.4618909e-04
  6.7058406e-04  -6.4830004e-04
  6.6854304e-04  -6.5040459e-04
  6.6649541e-04  -6.5250272e-04
  6.6444120e-04  -6.5459439e-04
  6.6238042e-04  -6.5667960e-04
  6.6031310e-04  -6.5875833e-04
  6.5823926e-04  -6.6083054e-04
  6.5615891e-04  -6.6289623e-04
  6.5407208e-04  -6.6495537e-04
  6.5197879e-04  -6.6700793e-04
  6.4987906e-04  -6.6905391e-04
  6.4777290e-04  -6.7109328e-04
  6.4566035e-04  -6.7312602e-04
  6.4354142e-04  -6.7515211e-04
  6.4141613e-04  -6.7717153e-04
  6.3928450e-04  -6.7918425e-04
  6.3714656e-04  -6.8119027e-04
  6.3500232e-04  -6.8318956e-04
  6.3285181e-04  -6.8518210e-04
  6.3069505e-04  -6.8716787e-04
  6.2853206e-04  -6.8914685e-04
  6.2636286e-04  -6.9111902e-04
  6.2418746e-04  -6.9308436e-04
  6.2200591e-04  -6.9504286e-04
  6.1981820e-04  -6.9699449e-04
  6.1762438e-04  -6.9893923e-04
  6.1542445e-04  -7.0087707e-04
  6.1321844e-04  -7.0280799e-04
  6.1100637e-04  -7.0473196e-04
  6.0878827e-04  -7.0664897e-04
  6.0656415e-04  -7.0855900e-04
  6.0433404e-04  -7.1046202e-04
  6.0209796e-04  -7.1235803e-04
  5.9985594e-04  -7.1424700e-04
  5.9760798e-04  -7.1612892e-04
  5.9535412e-04  -7.1800376e-04
  5.9309438e-04  -7.1987150e-04
  5.9082878e-04  -7.2173214e-04
  5.8855734e-04  -7.2358564e-04
  5.8628009e-04  -7.2543200e-04
  5.8399705e-04  -7.2727118e-04
  5.8170823e-04  -7.2910319e-04
  5.7941367e-04  -7.3092799e-04
  5.7711339e-04  -7.3274557e-04
  5.7480740e-04  -7.3455591e-04
  5.7249573e-04  -7.3635899e-04
  5.7017841e-04  -7.3815480e-04
  5.6785546e-04  -7.3994331e-04
  5.6552689e-04  -7.4172452e-04
  5.6319274e-04  -7.4349839e-04
  5.6085303e-04  -7.4526492e-04
  5.5850777e-04  -7.4702409e-04
  5.5615700e-04  -7.4877588e-04
  5.5380073e-04  -7.5052027e-04
  5.5143899e-04  -7.5225725e-04
  5.4907180e-04  -7.5398679e-04
  5.4669919e-04  -7.5570889e-04
  5.4432117e-04  -7.5742352e-04
  5.4193778e-04  -7.5913067e-04
  5.3954903e-04  -7.6083031e-04
  5.3715496e-04  -7.6252244e-04
  5.3475558e-04  -7.6420704e-04
  5.3235091e-04  -7.6588409e-04
  5.2994099e-04  -7.6755357e-04
  5.2752582e-04  -7.6921546e-04
  5.2510545e-04  -7.7086976e-04
  5.2267989e-04  -7.7251644e-04
  5.2024917e-04  -7.7415549e-04
  5.1781330e-04  -7.7578690e-04
  5.1537232e-04  -7.7741063e-04
  5.1292625e-04  -7.7902669e-04
  5.1047511e-04  -7.8063505e-04
  5.0801893e-04  -7.8223570e-04
  5.0555773e-04  -7.8382862e-04
  5.0309154e-04  -7.8541380e-04
  5.0062037e-04  -7.8699121e-04
  4.9814426e-04  -7.8856085e-04
  4.9566323e-04  -7.9012271e-04
  4.9317730e-04  -7.9167675e-04
  4.9068650e-04  -7.9322298e-04
  4.8819085e-04  -7.9476136e-04
  4.8569037e-04  -7.9629190e-04
  4.8318510e-04  -7.9781457e-04
  4.8067506e-04  -7.9932935e-04
  4.7816026e-04  -8.0083624e-04
  4.7564074e-04  -8.0233522e-04
  4.7311653e-04  -8.0382627e-04
  4.7058764e-04  -8.0530938e-04
  4.6805410e-04  -8.0678454e-04
  4.6551593e-04  -8.0825172e-04
  4.6297317e-04  -8.0971092e-04
  4.6042583e-04  -8.1116212e-04
  4.5787395e-04  -8.1260530e-04
  4.5531754e-04  -8.1404046e-04
  4.5275663e-04  -8.1546757e-04
  4.5019125e-04  -8.1688663e-04
  4.4762142e-04  -8.1829762e-04
  4.4504717e-04  -8.1970052e-04
  4.4246852e-04  -8.2109532e-04
  4.3988550e-04  -8.2248202e-04
  4.3729814e-04  -8.2386059e-04
  4.3470645e-04  -8.2523101e-04
  4.3211047e-04  -8.2659329e-04
  4.2951022e-04  -8.2794740e-04
  4.2690573e-04  -8.2929333e-04
  4.2429702e-04  -8.3063106e-04
  4.2168412e-04  -8.3196059e-04
  4.1906705e-04  -8.3328190e-04
  4.1644585e-04  -8.3459498e-04
  4.1382052e-04  -8.3589981e-04
  4.1119111e-04  -8.3719639e-04
  4.0855764e-04  -8.3848469e-04
  4.0592013e-04  -8.3976471e-04
  4.0327861e-04  -8.4103644e-04
  4.0063311e-04  -8.4229985e-04
  3.9798365e-04  -8.4355494e-04
  3.9533026e-04  -8.4480170e-04
  3.9267296e-04  -8.4604011e-04
  3.9001178e-04  -8.4727017e-04
  3.8734675e-04  -8.4849185e-04
  3.8467789e-04  -8.4970515e-04
  3.8200523e-04  -8.5091006e-04
  3.7932880e-04  -8.5210656e-04
  3.7664862e-04  -8.5329464e-04
  3.7396472e-04  -8.5447429e-04
  3.7127712e-04  -8.5564550e-04
  3.6858586e-04  -8.5680826e-04
  3.6589095e-04  -8.5796255e-04
  3.6319243e-04  -8.5910837e-04
  3.6049032e-04  -8.6024569e-04
  3.5778465e-04  -8.6137452e-04
  3.5507545e-04  -8.6249484e-04
  3.5236274e-04  -8.6360664e-04
  3.4964654e-04  -8.6470991e-04
  3.4692689e-04  -8.6580463e-04
  3.4420382e-04  -8.6689080e-04
  3.4147734e-04  -8.6796840e-04
  3.3874749e-04  -8.6903743e-04
  3.3601430e-04  -8.7009788e-04
  3.3327778e-04  -8.7114973e-04
  3.3053797e-04  -8.7219297e-04
  3.2779490e-04  -8.7322759e-04
  3.2504859e-04  -8.7425359e-04
  3.2229906e-04  -8.7527095e-04
  3.1954635e-04  -8.7627967e-04
  3.1679049e-04  -8.7727972e-04
  3.1403149e-04  -8.7827111e-04
  3.1126940e-04  -8.7925382e-04
  3.0850423e-04  -8.8022785e-04
  3.0573601e-04  -8.8119318e-04
  3.0296477e-04  -8.8214980e-04
  3.0019053e-04  -8.8309771e-04
  2.9741333e-04  -8.8403690e-04
  2.9463319e-04  -8.8496735e-04
  2.9185015e-04  -8.8588906e-04
  2.8906421e-04  -8.8680201e-04
  2.8627543e-04  -8.8770620e-04
  2.8348381e-04  -8.8860163e-04
  2.8068939e-04  -8.8948827e-04
  2.7789220e-04  -8.9036613e-04
  2.7509227e-04  -8.9123519e-04
  2.7228962e-04  -8.9209545e-04
  2.6948427e-04  -8.9294689e-04
  2.6667627e-04  -8.9378951e-04
  2.6386563e-04  -8.9462330e-04
  2.6105238e-04  -8.9544826e-04
  2.5823656e-04  -8.9626436e-04
  2.5541818e-04  -8.9707161e-04
  2.5259728e-04  -8.9787000e-04
  2.4977388e-04  -8.9865952e-04
  2.4694802e-04  -8.9944016e-04
  2.4411971e-04  -9.0021191e-04
  2.4128900e-04  -9.0097477e-04
  2.3845590e-04  -9.0172873e-04
  2.3562045e-04  -9.0247378e-04
  2.3278266e-04  -9.0320992e-04
  2.2994258e-04  -9.0393713e-04
  2.2710023e-04  -9.0465541e-04
  2.2425563e-04  -9.0536475e-04
  2.2140882e-04  -9.0606515e-04
  2.1855982e-04  -9.0675660e-04
  2.1570866e-04  -9.0743909e-04
  2.1285536e-04  -9.0811261e-04
  2.0999997e-04  -9.0877717e-04
  2.0714250e-04  -9.0943274e-04
  2.0428299e-04  -9.1007933e-04
  2.0142145e-04  -9.1071693e-04
  1.9855793e-04  -9.1134553e-04
  1.9569245e-04  -9.1196513e-04
  1.9282503e-04  -9.1257571e-04
  1.8995571e-04  -9.1317729e-04
  1.8708451e-04  -9.1376984e-04
  1.8421146e-04  -9.1435336e-04
  1.8133659e-04  -9.1492785e-04
  1.7845993e-04  -9.1549330e-04
  1.7558151e-04  -9.1604970e-04
  1.7270135e-04  -9.1659706e-04
  1.6981949e-04  -9.1713536e-04
  1.6693595e-04  -9.1766460e-04
  1.6405075e-04  -9.1818477e-04
  1.6116394e-04  -9.1869587e-04
  1.5827554e-04  -9.1919790e-04
  1.5538557e-04  -9.1969084e-04
  1.5249407e-04  -9.2017470e-04
  1.4960106e-04  -9.2064947e-04
  1.4670658e-04  -9.2111514e-04
  1.4381064e-04  -9.2157171e-04
  1.4091328e-04  -9.2201918e-04
  1.3801453e-04  -9.2245754e-04
  1.3511442e-04  -9.2288679e-04
  1.3221297e-04  -9.2330691e-04
  1.2931022e-04  -9.2371792e-04
  1.2640619e-04  -9.2411980e-04
  1.2350091e-04  -9.2451255e-04
  1.2059441e-04  -9.2489616e-04
  1.1768672e-04  -9.2527064e-04
  1.1477786e-04  -9.2563598e-04
  1.1186788e-04  -9.2599217e-04
  1.0895678e-04  -9.2633922e-04
  1.0604461e-04  -9.2667711e-04
  1.0313139e-04  -9.2700585e-04
  1.0021716e-04  -9.2732543e-04
  9.7301932e-05  -9.2763584e-04
  9.4385745e-05  -9.2793710e-04
  9.1468624e-05  -9.2822918e-04
  8.8550601e-05  -9.2851210e-04
  8.5631702e-05  -9.2878584e-04
  8.2711957e-05  -9.2905041e-04
  7.9791396e-05  -9.2930579e-04
  7.6870046e-05  -9.2955200e-04
  7.3947936e-05  -9.2978902e-04
  7.1025096e-05  -9.3001686e-04
  6.8101554e-05  -9.3023551e-04
  6.5177340e-05  -9.3044497e-04
  6.2252481e-05  -9.3064524e-04
  5.9327008e-05  -9.3083631e-04
  5.6400948e-05  -9.3101818e-04
  5.3474331e-05  -9.3119086e-04
  5.0547186e-05  -9.3135434e-04
  4.7619541e-05  -9.3150862e-04
  4.4691426e-05  -9.3165369e-04
  4.1762870e-05  -9.3178956e-04
  3.8833901e-05  -9.3191623e-04
  3.5904548e-05  -9.3203368e-04
  3.2974841e-05  -9.3214193e-04
  3.0044807e-05  -9.3224097e-04
  2.7114477e-05  -9.3233081e-04
  2.4183879e-05  -9.3241143e-04
  2.1253042e-05  -9.3248283e-04
  1.8321996e-05  -9.3254503e-04
  1.5390768e-05  -9.3259801e-04
  1.2459388e-05  -9.3264178e-04
  9.5278848e-06  -9.3267633e-04
  6.5962877e-06  -9.3270168e-04
  3.6646254e-06  -9.3271780e-04
  7.3292689e-07  -9.3272471e-04
 -2.1987789e-06  -9.3272241e-04
 -5.1304629e-06  -9.3271089e-04
 -8.0620962e-06  -9.3269016e-04
 -1.0993650e-05  -9.3266021e-04
 -1.3925095e-05  -9.3262105e-04
 -1.6856403e-05  -9.3257267e-04
 -1.9787543e-05  -9.3251508e-04
 -2.2718489e-05  -9.3244828e-04
 -2.5649210e-05  -9.3237227e-04
 -2.8579678e-05  -9.3228704e-04
 -3.1509863e-05  -9.3219261e-04
 -3.4439737e-05  -9.3208896e-04
 -3.7369271e-05  -9.3197611e-04
 -4.0298435e-05  -9.3185405e-04
 -4.3227202e-05  -9.3172278e-04
 -4.6155541e-05  -9.3158231e-04
 -4.9083424e-05  -9.3143263e-04
 -5.2010823e-05  -9.3127375e-04
 -5.4937707e-05  -9.3110567e-04
 -5.7864049e-05  -9.3092840e-04
 -6.0789819e-05  -9.3074192e-04
 -6.3714989e-05  -9.3054625e-04
 -6.6639529e-05  -9.3034139e-04
 -6.9563411e-05  -9.3012733e-04
 -7.2486606e-05  -9.2990409e-04
 -7.5409084e-05  -9.2967166e-04
 -7.8330817e-05  -9.2943005e-04
 -8.1251777e-05  -9.2917925e-04
 -8.4171934e-05  -9.2891927e-04
 -8.7091259e-05  -9.2865012e-04
 -9.0009724e-05  -9.2837179e-04
 -9.2927299e-05  -9.2808429e-04
 -9.5843957e-05  -9.2778762e-04
 -9.8759667e-05  -9.2748178e-04
 -1.0167440e-04  -9.2716678e-04
 -1.0458813e-04  -9.2684262e-04
 -1.0750083e-04  -9.2650931e-04
 -1.1041246e-04  -9.2616684e-04
 -1.1332301e-04  -9.2581522e-04
 -1.1623243e-04  -9.2545445e-04
 -1.1914071e-04  -9.2508455e-04
 -1.2204781e-04  -9.2470550e-04
 -1.2495370e-04  -9.2431731e-04
 -1.2785836e-04  -9.2392000e-04
 -1.3076176e-04  -9.2351356e-04
 -1.3366386e-04  -9.2309799e-04
 -1.3656465e-04  -9.2267330e-04
 -1.3946408e-04  -9.2223950e-04
 -1.4236214e-04  -9.2179659e-04
 -1.4525879e-04  -9.2134457e-04
 -1.4815400e-04  -9.2088344e-04
 -1.5104775e-04  -9.2041322e-04
 -1.5394001e-04  -9.1993391e-04
 -1.5683075e-04  -9.1944551e-04
 -1.5971994e-04  -9.1894802e-04
 -1.6260755e-04  -9.1844146e-04
 -1.6549355e-04  -9.1792582e-04
 -1.6837792e-04  -9.1740111e-04
 -1.7126063e-04  -9.1686734e-04
 -1.7414164e-04  -9.1632451e-04
 -1.7702094e-04  -9.1577263e-04
 -1.7989848e-04  -9.1521170e-04
 -1.8277425e-04  -9.1464173e-04
 -1.8564821e-04  -9.1406273e-04
 -1.8852034e-04  -9.1347469e-04
 -1.9139060e-04  -9.1287763e-04
 -1.9425898e-04  -9.1227155e-04
 -1.9712543e-04  -9.1165645e-04
 -1.9998994e-04  -9.1103235e-04
 -2.0285247e-04  -9.1039925e-04
 -2.0571300e-04  -9.0975716e-04
 -2.0857149e-04  -9.0910608e-04
 -2.1142793e-04  -9.0844601e-04
 -2.1428227e-04  -9.0777697e-04
 -2.1713450e-04  -9.0709897e-04
 -2.1998459e-04  -9.0641200e-04
 -2.2283250e-04  -9.0571607e-04
 -2.2567821e-04  -9.0501120e-04
 -2.2852169e-04  -9.0429739e-04
 -2.3136291e-04  -9.0357464e-04
 -2.3420184e-04  -9.0284297e-04
 -2.3703847e-04  -9.0210237e-04
 -2.3987275e-04  -9.0135287e-04
 -2.4270466e-04  -9.0059446e-04
 -2.4553417e-04  -8.9982715e-04
 -2.4836126e-04  -8.9905095e-04
 -2.5118589e-04  -8.9826587e-04
 -2.5400804e-04  -8.9747192e-04
 -2.5682768e-04  -8.9666910e-04
 -2.5964479e-04  -8.9585742e-04
 -2.6245933e-04  -8.9503689e-04
 -2.6527128e-04  -8.9420751e-04
 -2.6808060e-04  -8.9336931e-04
 -2.7088728e-04  -8.9252227e-04
 -2.7369128e-04  -8.9166642e-04
 -2.7649258e-04  -8.9080176e-04
 -2.7929114e-04  -8.8992830e-04
 -2.8208695e-04  -8.8904605e-04
 -2.8487997e-04  -8.8815501e-04
 -2.8767018e-04  -8.8725520e-04
 -2.9045754e-04  -8.8634663e-04
 -2.9324203e-04  -8.8542929e-04
 -2.9602363e-04  -8.8450321e-04
 -2.9880230e-04  -8.8356840e-04
 -3.0157802e-04  -8.8262485e-04
 -3.0435076e-04  -8.8167258e-04
 -3.0712049e-04  -8.8071160e-04
 -3.0988719e-04  -8.7974192e-04
 -3.1265083e-04  -8.7876355e-04
 -3.1541138e-04  -8.7777650e-04
 -3.1816881e-04  -8.7678078e-04
 -3.2092310e-04  -8.7577639e-04
 -3.2367422e-04  -8.7476335e-04
 -3.2642215e-04  -8.7374167e-04
 -3.2916684e-04  -8.7271136e-04
 -3.3190829e-04  -8.7167242e-04
 -3.3464645e-04  -8.7062488e-04
 -3.3738131e-04  -8.6956873e-04
 -3.4011284e-04  -8.6850399e-04
 -3.4284100e-04  -8.6743067e-04
 -3.4556578e-04  -8.6634878e-04
 -3.4828715e-04  -8.6525834e-04
 -3.5100507e-04  -8.6415934e-04
 -3.5371953e-04  -8.6305181e-04
 -3.5643049e-04  -8.6193575e-04
 -3.5913793e-04  -8.6081117e-04
 -3.6184182e-04  -8.5967809e-04
 -3.6454214e-04  -8.5853652e-04
 -3.6723886e-04  -8.5738646e-04
 -3.6993194e-04  -8.5622794e-04
 -3.7262138e-04  -8.5506095e-04
 -3.7530713e-04  -8.5388552e-04
 -3.7798917e-04  -8.5270165e-04
 -3.8066748e-04  -8.5150936e-04
 -3.8334203e-04  -8.5030866e-04
 -3.8601279e-04  -8.4909955e-04
 -3.8867974e-04  -8.4788206e-04
 -3.9134285e-04  -8.4665619e-04
 -3.9400209e-04  -8.4542195e-04
 -3.9665744e-04  -8.4417936e-04
 -3.9930887e-04  -8.4292844e-04
 -4.0195636e-04  -8.4166918e-04
 -4.0459987e-04  -8.4040161e-04
 -4.0723939e-04  -8.3912574e-04
 -4.0987488e-04  -8.3784157e-04
 -4.1250633e-04  -8.3654913e-04
 -4.1513370e-04  -8.3524843e-04
 -4.1775697e-04  -8.3393947e-04
 -4.2037611e-04  -8.3262228e-04
 -4.2299109e-04  -8.3129685e-04
 -4.2560190e-04  -8.2996322e-04
 -4.2820851e-04  -8.2862138e-04
 -4.3081088e-04  -8.2727136e-04
 -4.3340900e-04  -8.2591317e-04
 -4.3600283e-04  -8.2454682e-04
 -4.3859236e-04  -8.2317232e-04
 -4.4117756e-04  -8.2178969e-04
 -4.4375839e-04  -8.2039894e-04
 -4.4633485e-04  -8.1900008e-04
 -4.4890689e-04  -8.1759313e-04
 -4.5147450e-04  -8.1617811e-04
 -4.5403764e-04  -8.1475502e-04
 -4.5659631e-04  -8.1332388e-04
 -4.5915046e-04  -8.1188471e-04
 -4.6170007e-04  -8.1043752e-04
 -4.6424512e-04  -8.0898232e-04
 -4.6678559e-04  -8.0751912e-04
 -4.6932145e-04  -8.0604795e-04
 -4.7185267e-04  -8.0456882e-04
 -4.7437922e-04  -8.0308174e-04
 -4.7690109e-04  -8.0158672e-04
 -4.7941825e-04  -8.0008379e-04
 -4.8193067e-04  -7.9857295e-04
 -4.8443834e-04  -7.9705422e-04
 -4.8694121e-04  -7.9552761e-04
 -4.8943927e-04  -7.9399315e-04
 -4.9193250e-04  -7.9245084e-04
 -4.9442087e-04  -7.9090071e-04
 -4.9690436e-04  -7.8934276e-04
 -4.9938293e-04  -7.8777701e-04
 -5.0185657e-04  -7.8620348e-04
 -5.0432526e-04  -7.8462218e-04
 -5.0678896e-04  -7.8303313e-04
 -5.0924765e-04  -7.8143634e-04
 -5.1170132e-04  -7.7983183e-04
 -5.1414992e-04  -7.7821962e-04
 -5.1659345e-04  -7.7659972e-04
 -5.1903188e-04  -7.7497215e-04
 -5.2146517e-04  -7.7333692e-04
 -5.2389332e-04  -7.7169406e-04
 -5.2631629e-04  -7.7004356e-04
 -5.2873406e-04  -7.6838546e-04
 -5.3114660e-04  -7.6671977e-04
 -5.3355390e-04  -7.6504651e-04
 -5.3595593e-04  -7.6336568e-04
 -5.3835266e-04  -7.6167732e-04
 -5.4074408e-04  -7.5998143e-04
 -5.4313015e-04  -7.5827803e-04
 -5.4551085e-04  -7.5656714e-04
 -5.4788617e-04  -7.5484877e-04
 -5.5025607e-04  -7.5312295e-04
 -5.5262054e-04  -7.5138969e-04
 -5.5497955e-04  -7.4964900e-04
 -5.5733307e-04  -7.4790091e-04
 -5.5968109e-04  -7.4614543e-04
 -5.6202358e-04  -7.4438258e-04
 -5.6436052e-04  -7.4261237e-04
 -5.6669188e-04  -7.4083483e-04
 -5.6901764e-04  -7.3904997e-04
 -5.7133778e-04  -7.3725780e-04
 -5.7365228e-04  -7.3545836e-04
 -5.7596110e-04  -7.3365164e-04
 -5.7826424e-04  -7.3183768e-04
 -5.8056167e-04  -7.3001649e-04
 -5.8285336e-04  -7.2818809e-04
 -5.8513929e-04  -7.2635249e-04
 -5.8741944e-04  -7.2450971e-04
 -5.8969379e-04  -7.2265978e-04
 -5.9196231e-04  -7.2080271e-04
 -5.9422498e-04  -7.1893852e-04
 -5.9648179e-04  -7.1706722e-04
 -5.9873270e-04  -7.1518884e-04
 -6.0097769e-04  -7.1330340e-04
 -6.0321675e-04  -7.1141091e-04
 -6.0544985e-04  -7.0951139e-04
 -6.0767696e-04  -7.0760486e-04
 -6.0989808e-04  -7.0569134e-04
 -6.1211316e-04  -7.0377084e-04
 -6.1432220e-04  -7.0184340e-04
 -6.1652517e-04  -6.9990902e-04
 -6.1872205e-04  -6.9796772e-04
 -6.2091282e-04  -6.9601954e-04
 -6.2309745e-04  -6.9406447e-04
 -6.2527593e-04  -6.9210255e-04
 -6.2744823e-04  -6.9013379e-04
 -6.2961433e-04  -6.8815821e-04
 -6.3177421e-04  -6.8617583e-04
 -6.3392785e-04  -6.8418667e-04
 -6.3607523e-04  -6.8219076e-04
 -6.3821632e-04  -6.8018810e-04
 -6.4035111e-04  -6.7817873e-04
 -6.4247957e-04  -6.7616265e-04
 -6.4460168e-04  -6.7413990e-04
 -6.4671743e-04  -6.7211048e-04
 -6.4882678e-04  -6.7007442e-04
 -6.5092973e-04  -6.6803175e-04
 -6.5302624e-04  -6.6598247e-04
 -6.5511630e-04  -6.6392662e-04
 -6.5719989e-04  -6.6186420e-04
 -6.5927699e-04  -6.5979525e-04
 -6.6134758e-04  -6.5771978e-04
 -6.6341163e-04  -6.5563781e-04
 -6.6546913e-04  -6.5354936e-04
 -6.6752005e-04  -6.5145446e-04
 -6.6956438e-04  -6.4935312e-04
 -6.7160209e-04  -6.4724536e-04
 -6.7363317e-04  -6.4513121e-04
 -6.7565759e-04  -6.4301069e-04
 -6.7767534e-04  -6.4088382e-04
 -6.7968639e-04  -6.3875061e-04
 -6.8169072e-04  -6.3661109e-04
 -6.8368833e-04  -6.3446528e-04
 -6.8567918e-04  -6.3231321e-04
 -6.8766325e-04  -6.3015489e-04
 -6.8964053e-04  -6.2799034e-04
 -6.9161100e-04  -6.2581959e-04
 -6.9357463e-04  -6.2364265e-04
 -6.9553141e-04  -6.2145956e-04
 -6.9748132e-04  -6.1927032e-04
 -6.9942434e-04  -6.1707497e-04
 -7.0136045e-04  -6.1487352e-04
 -7.0328963e-04  -6.1266599e-04
 -7.0521187e-04  -6.1045241e-04
 -7.0712713e-04  -6.0823281e-04
 -7.0903541e-04  -6.0600719e-04
 -7.1093669e-04  -6.0377558e-04
 -7.1283094e-04  -6.0153801e-04
 -7.1471814e-04  -5.9929450e-04
 -7.1659829e-04  -5.9704507e-04
 -7.1847136e-04  -5.9478974e-04
 -7.2033733e-04  -5.9252853e-04
 -7.2219618e-04  -5.9026147e-04
 -7.2404790e-04  -5.8798857e-04
 -7.2589247e-04  -5.8570987e-04
 -7.2772986e-04  -5.8342538e-04
 -7.2956006e-04  -5.8113513e-04
 -7.3138306e-04  -5.7883914e-04
 -7.3319883e-04  -5.7653742e-04
 -7.3500736e-04  -5.7423001e-04
 -7.3680862e-04  -5.7191693e-04
 -7.3860261e-04  -5.6959820e-04
 -7.4038930e-04  -5.6727384e-04
 -7.4216867e-04  -5.6494388e-04
 -7.4394072e-04  -5.6260833e-04
 -7.4570541e-04  -5.6026723e-04
 -7.4746273e-04  -5.5792059e-04
 -7.4921267e-04  -5.5556844e-04
 -7.5095521e-04  -5.5321080e-04
 -7.5269033e-04  -5.5084770e-04
 -7.5441802e-04  -5.4847915e-04
 -7.5613825e-04  -5.4610519e-04
 -7.5785101e-04  -5.4372583e-04
 -7.5955628e-04  -5.4134109e-04
 -7.6125405e-04  -5.3895101e-04
 -7.6294430e-04  -5.3655561e-04
 -7.6462701e-04  -5.3415490e-04
 -7.6630217e-04  -5.3174892e-04
 -7.6796975e-04  -5.2933768e-04
 -7.6962975e-04  -5.2692122e-04
 -7.7128215e-04  -5.2449955e-04
 -7.7292692e-04  -5.2207269e-04
 -7.7456406e-04  -5.1964068e-04
 -7.7619355e-04  -5.1720354e-04
 -7.7781537e-04  -5.1476128e-04
 -7.7942950e-04  -5.1231394e-04
 -7.8103594e-04  -5.0986154e-04
 -7.8263465e-04  -5.0740410e-04
 -7.8422564e-04  -5.0494165e-04
 -7.8580888e-04  -5.0247421e-04
 -7.8738435e-04  -5.0000181e-04
 -7.8895205e-04  -4.9752446e-04
 -7.9051195e-04  -4.9504220e-04
 -7.9206404e-04  -4.9255505e-04
 -7.9360831e-04  -4.9006304e-04
 -7.9514473e-04  -4.8756618e-04
 -7.9667330e-04  -4.8506450e-04
 -7.9819400e-04  -4.8255804e-04
 -7.9970682e-04  -4.8004680e-04
 -8.0121173e-04  -4.7753083e-04
 -8.0270873e-04  -4.7501013e-04
 -8.0419780e-04  -4.7248474e-04
 -8.0567892e-04  -4.6995469e-04
 -8.0715208e-04  -4.6741999e-04
 -8.0861727e-04  -4.6488067e-04
 -8.1007447e-04  -4.6233676e-04
 -8.1152366e-04  -4.5978829e-04
 -8.1296484e-04  -4.5723527e-04
 -8.1439799e-04  -4.5467773e-04
 -8.1582309e-04  -4.5211570e-04
 -8.1724013e-04  -4.4954921e-04
 -8.1864910e-04  -4.4697827e-04
 -8.2004998e-04  -4.4440292e-04
 -8.2144276e-04  -4.4182318e-04
 -8.2282742e-04  -4.3923907e-04
 -8.2420396e-04  -4.3665062e-04
 -8.2557235e-04  -4.3405786e-04
 -8.2693258e-04  -4.3146081e-04
 -8.2828465e-04  -4.2885950e-04
 -8.2962853e-04  -4.2625395e-04
 -8.3096421e-04  -4.2364419e-04
 -8.3229169e-04  -4.2103024e-04
 -8.3361094e-04  -4.1841214e-04
 -8.3492196e-04  -4.1578990e-04
 -8.3622473e-04  -4.1316355e-04
 -8.3751924e-04  -4.1053313e-04
 -8.3880547e-04  -4.0789864e-04
 -8.4008342e-04  -4.0526013e-04
 -8.4135307e-04  -4.0261761e-04
 -8.4261440e-04  -3.9997112e-04
 -8.4386741e-04  -3.9732067e-04
 -8.4511209e-04  -3.9466630e-04
 -8.4634841e-04  -3.9200802e-04
 -8.4757637e-04  -3.8934588e-04
 -8.4879596e-04  -3.8667989e-04
 -8.5000717e-04  -3.8401008e-04
 -8.5120997e-04  -3.8133647e-04
 -8.5240437e-04  -3.7865910e-04
 -8.5359034e-04  -3.7597799e-04
 -8.5476789e-04  -3.7329316e-04
 -8.5593698e-04  -3.7060465e-04
 -8.5709763e-04  -3.6791247e-04
 -8.5824980e-04  -3.6521666e-04
 -8.5939349e-04  -3.6251724e-04
 -8.6052870e-04  -3.5981424e-04
 -8.6165540e-04  -3.5710768e-04
 -8.6277359e-04  -3.5439760e-04
 -8.6388326e-04  -3.5168401e-04
 -8.6498439e-04  -3.4896695e-04
 -8.6607697e-04  -3.4624645e-04
 -8.6716100e-04  -3.4352252e-04
 -8.6823647e-04  -3.4079520e-04
 -8.6930335e-04  -3.3806451e-04
 -8.7036165e-04  -3.3533048e-04
 -8.7141134e-04  -3.3259314e-04
 -8.7245243e-04  -3.2985251e-04
 -8.7348490e-04  -3.2710862e-04
 -8.7450874e-04  -3.2436151e-04
 -8.7552394e-04  -3.2161118e-04
 -8.7653049e-04  -3.1885768e-04
 -8.7752838e-04  -3.1610103e-04
 -8.7851760e-04  -3.1334126e-04
 -8.7949815e-04  -3.1057839e-04
 -8.8047000e-04  -3.0781246e-04
 -8.8143315e-04  -3.0504348e-04
 -8.8238760e-04  -3.0227149e-04
 -8.8333333e-04  -2.9949651e-04
 -8.8427033e-04  -2.9671857e-04
 -8.8519859e-04  -2.9393770e-04
 -8.8611811e-04  -2.9115393e-04
 -8.8702888e-04  -2.8836728e-04
 -8.8793088e-04  -2.8557779e-04
 -8.8882411e-04  -2.8278547e-04
 -8.8970856e-04  -2.7999036e-04
 -8.9058422e-04  -2.7719248e-04
 -8.9145108e-04  -2.7439186e-04
 -8.9230914e-04  -2.7158853e-04
 -8.9315837e-04  -2.6878252e-04
 -8.9399879e-04  -2.6597385e-04
 -8.9483037e-04  -2.6316256e-04
 -8.9565311e-04  -2.6034867e-04
 -8.9646701e-04  -2.5753220e-04
 -8.9727204e-04  -2.5471319e-04
 -8.9806821e-04  -2.5189166e-04
 -8.9885551e-04  -2.4906765e-04
 -8.9963393e-04  -2.4624117e-04
 -9.0040346e-04  -2.4341226e-04
 -9.0116410e-04  -2.4058095e-04
 -9.0191583e-04  -2.3774726e-04
 -9.0265865e-04  -2.3491122e-04
 -9.0339256e-04  -2.3207286e-04
 -9.0411754e-04  -2.2923220e-04
 -9.0483358e-04  -2.2638929e-04
 -9.0554069e-04  -2.2354413e-04
 -9.0623885e-04  -2.2069677e-04
 -9.0692806e-04  -2.1784723e-04
 -9.0760831e-04  -2.1499553e-04
 -9.0827959e-04  -2.1214171e-04
 -9.0894190e-04  -2.0928580e-04
 -9.0959523e-04  -2.0642781e-04
 -9.1023957e-04  -2.0356779e-04
 -9.1087492e-04  -2.0070576e-04
 -9.1150127e-04  -1.9784174e-04
 -9.1211862e-04  -1.9497577e-04
 -9.1272695e-04  -1.9210787e-04
 -9.1332627e-04  -1.8923808e-04
 -9.1391656e-04  -1.8636642e-04
 -9.1449783e-04  -1.8349291e-04
 -9.1507006e-04  -1.8061759e-04
 -9.1563325e-04  -1.7774049e-04
 -9.1618739e-04  -1.7486163e-04
 -9.1673248e-04  -1.7198104e-04
 -9.1726852e-04  -1.6909876e-04
 -9.1779549e-04  -1.6621480e-04
 -9.1831340e-04  -1.6332920e-04
 -9.1882223e-04  -1.6044199e-04
 -9.1932199e-04  -1.5755319e-04
 -9.1981266e-04  -1.5466284e-04
 -9.2029425e-04  -1.5177096e-04
 -9.2076674e-04  -1.4887758e-04
 -9.2123014e-04  -1.4598273e-04
 -9.2168444e-04  -1.4308643e-04
 -9.2212963e-04  -1.4018872e-04
 -9.2256571e-04  -1.3728963e-04
 -9.2299267e-04  -1.3438918e-04
 -9.2341052e-04  -1.3148741e-04
 -9.2381924e-04  -1.2858433e-04
 -9.2421884e-04  -1.2567998e-04
 -9.2460931e-04  -1.2277440e-04
 -9.2499064e-04  -1.1986760e-04
 -9.2536283e-04  -1.1695961e-04
 -9.2572589e-04  -1.1405047e-04
 -9.2607979e-04  -1.1114020e-04
 -9.2642455e-04  -1.0822884e-04
 -9.2676015e-04  -1.0531641e-04
 -9.2708660e-04  -1.0240293e-04
 -9.2740389e-04  -9.9488444e-05
 -9.2771202e-04  -9.6572974e-05
 -9.2801098e-04  -9.3656551e-05
 -9.2830077e-04  -9.0739202e-05
 -9.2858139e-04  -8.7820957e-05
 -9.2885284e-04  -8.4901844e-05
 -9.2911511e-04  -8.1981892e-05
 -9.2936821e-04  -7.9061131e-05
 -9.2961212e-04  -7.6139588e-05
 -9.2984684e-04  -7.3217293e-05
 -9.3007238e-04  -7.0294275e-05
 -9.3028874e-04  -6.7370563e-05
 -9.3049590e-04  -6.4446184e-05
 -9.3069387e-04  -6.1521169e-05
 -9.3088264e-04  -5.8595547e-05
 -9.3106222e-04  -5.5669345e-05
 -9.3123259e-04  -5.2742593e-05
 -9.3139377e-04  -4.9815321e-05
 -9.3154575e-04  -4.6887556e-05
 -9.3168852e-04  -4.3959328e-05
 -9.3182209e-04  -4.1030665e-05
 -9.3194645e-04  -3.8101598e-05
 -9.3206161e-04  -3.5172153e-05
 -9.3216756e-04  -3.2242362e-05
 -9.3226430e-04  -2.9312252e-05
 -9.3235182e-04  -2.6381852e-05
 -9.3243014e-04  -2.3451191e-05
 -9.3249925e-04  -2.0520299e-05
 -9.3255914e-04  -1.7589204e-05
 -9.3260982e-04  -1.4657936e-05
 -9.3265128e-04  -1.1726523e-05
 -9.3268353e-04  -8.7949932e-06
 -9.3270657e-04  -5.8633771e-06
 -9.3272039e-04  -2.9317030e-06
 -9.3272500e-04  -2.2845174e-19
 -7.5500000e-04  -1.8492167e-19
 -7.5499627e-04  -2.3730851e-06
 -7.5498508e-04  -4.7461467e-06
 -7.5496643e-04  -7.1191615e-06
 -7.5494033e-04  -9.4921059e-06
 -7.5490676e-04  -1.1864957e-05
 -7.5486574e-04  -1.4237690e-05
 -7.5481726e-04  -1.6610283e-05
 -7.5476132e-04  -1.8982711e-05
 -7.5469793e-04  -2.1354953e-05
 -7.5462708e-04  -2.3726983e-05
 -7.5454877e-04  -2.6098778e-05
 -7.5446302e-04  -2.8470316e-05
 -7.5436980e-04  -3.0841573e-05
 -7.5426914e-04  -3.3212525e-05
 -7.5416102e-04  -3.5583149e-05
 -7.5404545e-04  -3.7953421e-05
 -7.5392243e-04  -4.0323318e-05
 -7.5379196e-04  -4.2692817e-05
 -7.5365405e-04  -4.5061894e-05
 -7.5350869e-04  -4.7430526e-05
 -7.5335589e-04  -4.9798690e-05
 -7.5319564e-04  -5.2166361e-05
 -7.5302795e-04  -5.4533517e-05
 -7.5285282e-04  -5.6900134e-05
 -7.5267026e-04  -5.9266189e-05
 -7.5248026e-04  -6.1631659e-05
 -7.5228282e-04  -6.3996520e-05
 -7.5207796e-04  -6.6360748e-05
 -7.5186566e-04  -6.8724321e-05
 -7.5164593e-04  -7.1087215e-05
 -7.5141878e-04  -7.3449406e-05
 -7.5118421e-04  -7.5810872e-05
 -7.5094221e-04  -7.8171589e-05
 -7.5069279e-04  -8.0531534e-05
 -7.5043596e-04  -8.2890683e-05
 -7.5017172e-04  -8.5249013e-05
 -7.4990006e-04  -8.7606501e-05
 -7.4962100e-04  -8.9963123e-05
 -7.4933452e-04  -9.2318857e-05
 -7.4904065e-04  -9.4673679e-05
 -7.4873937e-04  -9.7027565e-05
 -7.4843070e-04  -9.9380493e-05
 -7.4811464e-04  -1.0173244e-04
 -7.4779118e-04  -1.0408338e-04
 -7.4746034e-04  -1.0643329e-04
 -7.4712211e-04  -1.0878215e-04
 -7.4677650e-04  -1.1112994e-04
 -7.4642351e-04  -1.1347663e-04
 -7.4606315e-04  -1.1582219e-04
 -7.4569541e-04  -1.1816662e-04
 -7.4532031e-04  -1.2050987e-04
 -7.4493785e-04  -1.2285194e-04
 -7.4454803e-04  -1.2519279e-04
 -7.4415085e-04  -1.2753240e-04
 -7.4374632e-04  -1.2987076e-04
 -7.4333444e-04  -1.3220783e-04
 -7.4291522e-04  -1.3454360e-04
 -7.4248866e-04  -1.3687803e-04
 -7.4205476e-04  -1.3921112e-04
 -7.4161353e-04  -1.4154282e-04
 -7.4116498e-04  -1.4387313e-04
 -7.4070910e-04  -1.4620202e-04
 -7.4024590e-04  -1.4852947e-04
 -7.3977540e-04  -1.5085544e-04
 -7.3929758e-04  -1.5317993e-04
 -7.3881246e-04  -1.5550290e-04
 -7.3832004e-04  -1.5782434e-04
 -7.3782032e-04  -1.6014422e-04
 -7.3731332e-04  -1.6246251e-04
 -7.3679903e-04  -1.6477920e-04
 -7.3627747e-04  -1.6709427e-04
 -7.3574862e-04  -1.6940768e-04
 -7.3521251e-04  -1.7171942e-04
 -7.3466914e-04  -1.7402946e-04
 -7.3411851e-04  -1.7633778e-04
 -7.3356063e-04  -1.7864436e-04
 -7.3299550e-04  -1.8094918e-04
 -7.3242312e-04  -1.8325220e-04
 -7.3184351e-04  -1.8555342e-04
 -7.3125667e-04  -1.8785280e-04
 -7.3066261e-04  -1.9015033e-04
 -7.3006133e-04  -1.9244598e-04
 -7.2945283e-04  -1.9473973e-04
 -7.2883713e-04  -1.9703155e-04
 -7.2821423e-04  -1.9932143e-04
 -7.2758414e-04  -2.0160934e-04
 -7.2694685e-04  -2.0389526e-04
 -7.2630238e-04  -2.0617916e-04
 -7.2565074e-04  -2.0846103e-04
 -7.2499193e-04  -2.1074083e-04
 -7.2432596e-04  -2.1301856e-04
 -7.2365283e-04  -2.1529418e-04
 -7.2297255e-04  -2.1756767e-04
 -7.2228513e-04  -2.1983901e-04
 -7.2159057e-04  -2.2210818e-04
 -7.2088889e-04  -2.2437516e-04
 -7.2018008e-04  -2.2663992e-04
 -7.1946416e-04  -2.2890244e-04
 -7.1874113e-04  -2.3116270e-04
 -7.1801099e-04  -2.3342067e-04
 -7.1727377e-04  -2.3567634e-04
 -7.1652946e-04  -2.3792969e-04
 -7.1577807e-04  -2.4018068e-04
 -7.1501961e-04  -2.4242929e-04
 -7.1425408e-04  -2.4467552e-04
 -7.1348150e-04  -2.4691932e-04
 -7.1270187e-04  -2.4916069e-04
 -7.1191519e-04  -2.5139959e-04
 -7.1112149e-04  -2.5363601e-04
 -7.1032076e-04  -2.5586993e-04
 -7.0951301e-04  -2.5810132e-04
 -7.0869825e-04  -2.6033015e-04
 -7.0787649e-04  -2.6255642e-04
 -7.0704774e-04  -2.6478009e-04
 -7.0621200e-04  -2.6700115e-04
 -7.0536928e-04  -2.6921956e-04
 -7.0451960e-04  -2.7143532e-04
 -7.0366295e-04  -2.7364840e-04
 -7.0279936e-04  -2.7585877e-04
 -7.0192882e-04  -2.7806642e-04
 -7.0105134e-04  -2.8027132e-04
 -7.0016694e-04  -2.8247345e-04
 -6.9927563e-04  -2.8467279e-04
 -6.9837740e-04  -2.8686932e-04
 -6.9747227e-04  -2.8906301e-04
 -6.9656026e-04  -2.9125385e-04
 -6.9564136e-04  -2.9344181e-04
 -6.9471559e-04  -2.9562688e-04
 -6.9378296e-04  -2.9780902e-04
 -6.9284347e-04  -2.9998822e-04
 -6.9189713e-04  -3.0216445e-04
 -6.9094397e-04  -3.0433770e-04
 -6.8998397e-04  -3.0650794e-04
 -6.8901716e-04  -3.0867516e-04
 -6.8804354e-04  -3.1083933e-04
 -6.8706312e-04  -3.1300042e-04
 -6.8607592e-04  -3.1515842e-04
 -6.8508194e-04  -3.1731331e-04
 -6.8408119e-04  -3.1946507e-04
 -6.8307368e-04  -3.2161366e-04
 -6.8205942e-04  -3.2375908e-04
 -6.8103843e-04  -3.2590131e-04
 -6.8001070e-04  -3.2804031e-04
 -6.7897626e-04  -3.3017607e-04
 -6.7793511e-04  -3.3230857e-04
 -6.7688726e-04  -3.3443779e-04
 -6.7583273e-04  -3.3656370e-04
 -6.7477152e-04  -3.3868629e-04
 -6.7370364e-04  -3.4080553e-04
 -6.7262911e-04  -3.4292140e-04
 -6.7154793e-04  -3.4503389e-04
 -6.7046011e-04  -3.4714296e-04
 -6.6936567e-04  -3.4924861e-04
 -6.6826462e-04  -3.5135081e-04
 -6.6715697e-04  -3.5344954e-04
 -6.6604273e-04  -3.5554477e-04
 -6.6492190e-04  -3.5763649e-04
 -6.6379451e-04  -3.5972468e-04
 -6.6266056e-04  -3.6180932e-04
 -6.6152006e-04  -3.6389038e-04
 -6.6037303e-04  -3.6596784e-04
 -6.5921947e-04  -3.6804169e-04
 -6.5805940e-04  -3.7011191e-04
 -6.5689283e-04  -3.7217846e-04
 -6.5571977e-04  -3.7424134e-04
 -6.5454023e-04  -3.7630053e-04
 -6.5335423e-04  -3.7835599e-04
 -6.5216177e-04  -3.8040772e-04
 -6.5096286e-04  -3.8245569e-04
 -6.4975753e-04  -3.8449988e-04
 -6.4854577e-04  -3.8654027e-04
 -6.4732761e-04  -3.8857684e-04
 -6.4610306e-04  -3.9060958e-04
 -6.4487212e-04  -3.9263845e-04
 -6.4363481e-04  -3.9466345e-04
 -6.4239114e-04  -3.9668455e-04
 -6.4114112e-04  -3.9870172e-04
 -6.3988477e-04  -4.0071496e-04
 -6.3862210e-04  -4.0272424e-04
 -6.3735312e-04  -4.0472954e-04
 -6.3607784e-04  -4.0673085e-04
 -6.3479628e-04  -4.0872813e-04
 -6.3350844e-04  -4.1072138e-04
 -6.3221435e-04  -4.1271057e-04
 -6.3091401e-04  -4.1469568e-04
 -6.2960744e-04  -4.1667669e-04
 -6.2829465e-04  -4.1865359e-04
 -6.2697565e-04  -4.2062635e-04
 -6.2565046e-04  -4.2259496e-04
 -6.2431909e-04  -4.2455939e-04
 -6.2298155e-04  -4.2651963e-04
 -6.2163785e-04  -4.2847565e-04
 -6.2028801e-04  -4.3042744e-04
 -6.1893205e-04  -4.3237498e-04
 -6.1756997e-04  -4.3431825e-04
 -6.1620178e-04  -4.3625722e-04
 -6.1482751e-04  -4.3819189e-04
 -6.1344717e-04  -4.4012222e-04
 -6.1206077e-04  -4.4204821e-04
 -6.1066831e-04  -4.4396983e-04
 -6.0926983e-04  -4.4588707e-04
 -6.0786533e-04  -4.4779989e-04
 -6.0645482e-04  -4.4970830e-04
 -6.0503832e-04  -4.5161226e-04
 -6.0361584e-04  -4.5351176e-04
 -6.0218740e-04  -4.5540678e-04
 -6.0075301e-04  -4.5729730e-04
 -5.9931268e-04  -4.5918331e-04
 -5.9786643e-04  -4.6106477e-04
 -5.9641428e-04  -4.6294169e-04
 -5.9495624e-04  -4.6481402e-04
 -5.9349231e-04  -4.6668177e-04
 -5.9202253e-04  -4.6854491e-04
 -5.9054689e-04  -4.7040341e-04
 -5.8906542e-04  -4.7225727e-04
 -5.8757813e-04  -4.7410647e-04
 -5.8608504e-04  -4.7595097e-04
 -5.8458615e-04  -4.7779078e-04
 -5.8308149e-04  -4.7962587e-04
 -5.8157107e-04  -4.8145622e-04
 -5.8005490e-04  -4.8328181e-04
 -5.7853301e-04  -4.8510263e-04
 -5.7700539e-04  -4.8691865e-04
 -5.7547208e-04  -4.8872987e-04
 -5.7393308e-04  -4.9053625e-04
 -5.7238841e-04  -4.9233779e-04
 -5.7083809e-04  -4.9413447e-04
 -5.6928213e-04  -4.9592626e-04
 -5.6772054e-04  -4.9771316e-04
 -5.6615335e-04  -4.9949513e-04
 -5.6458056e-04  -5.0127218e-04
 -5.6300219e-04  -5.0304427e-04
 -5.6141826e-04  -5.0481139e-04
 -5.5982878e-04  -5.0657352e-04
 -5.5823378e-04  -5.0833065e-04
 -5.5663326e-04  -5.1008276e-04
 -5.5502723e-04  -5.1182982e-04
 -5.5341573e-04  -5.1357183e-04
 -5.5179876e-04  -5.1530877e-04
 -5.5017634e-04  -5.1704062e-04
 -5.4854848e-04  -5.1876735e-04
 -5.4691520e-04  -5.2048897e-04
 -5.4527652e-04  -5.2220544e-04
 -5.4363245e-04  -5.2391675e-04
 -5.4198301e-04  -5.2562288e-04
 -5.4032822e-04  -5.2732383e-04
 -5.3866809e-04  -5.2901956e-04
 -5.3700263e-04  -5.3071007e-04
 -5.3533187e-04  -5.3239533e-04
 -5.3365583e-04  -5.3407533e-04
 -5.3197451e-04  -5.3575006e-04
 -5.3028793e-04  -5.3741949e-04
 -5.2859612e-04  -5.3908362e-04
 -5.2689908e-04  -5.4074242e-04
 -5.2519684e-04  -5.4239587e-04
 -5.2348941e-04  -5.4404397e-04
 -5.2177680e-04  -5.4568669e-04
 -5.2005905e-04  -5.4732403e-04
 -5.1833615e-04  -5.4895595e-04
 -5.1660813e-04  -5.5058245e-04
 -5.1487501e-04  -5.5220351e-04
 -5.1313681e-04  -5.5381912e-04
 -5.1139353e-04  -5.5542925e-04
 -5.0964520e-04  -5.5703390e-04
 -5.0789184e-04  -5.5863305e-04
 -5.0613346e-04  -5.6022667e-04
 -5.0437008e-04  -5.6181476e-04
 -5.0260171e-04  -5.6339730e-04
 -5.0082838e-04  -5.6497428e-04
 -4.9905010e-04  -5.6654567e-04
 -4.9726689e-04  -5.6811146e-04
 -4.9547877e-04  -5.6967165e-04
 -4.9368576e-04  -5.7122620e-04
 -4.9188786e-04  -5.7277511e-04
 -4.9008511e-04  -5.7431837e-04
 -4.8827752e-04  -5.7585594e-04
 -4.8646510e-04  -5.7738783e-04
 -4.8464787e-04  -5.7891402e-04
 -4.8282586e-04  -5.8043448e-04
 -4.8099908e-04  -5.8194921e-04
 -4.7916754e-04  -5.8345820e-04
 -4.7733127e-04  -5.8496141e-04
 -4.7549029e-04  -5.8645885e-04
 -4.7364461e-04  -5.8795050e-04
 -4.7179424e-04  -5.8943633e-04
 -4.6993922e-04  -5.9091635e-04
 -4.6807956e-04  -5.9239052e-04
 -4.6621527e-04  -5.9385884e-04
 -4.6434637e-04  -5.9532130e-04
 -4.6247289e-04  -5.9677787e-04
 -4.6059483e-04  -5.9822855e-04
 -4.5871223e-04  -5.9967332e-04
 -4.5682510e-04  -6.0111216e-04
 -4.5493345e-04  -6.0254507e-04
 -4.5303731e-04  -6.0397202e-04
 -4.5113669e-04  -6.0539300e-04
 -4.4923161e-04  -6.0680801e-04
 -4.4732210e-04  -6.0821702e-04
 -4.4540817e-04  -6.0962002e-04
 -4.4348984e-04  -6.1101699e-04
 -4.4156712e-04  -6.1240793e-04
 -4.3964004e-04  -6.1379282e-04
 -4.3770862e-04  -6.1517165e-04
 -4.3577288e-04  -6.1654440e-04
 -4.3383283e-04  -6.1791106e-04
 -4.3188849e-04  -6.1927161e-04
 -4.2993989e-04  -6.2062605e-04
 -4.2798704e-04  -6.2197435e-04
 -4.2602996e-04  -6.2331651e-04
 -4.2406868e-04  -6.2465251e-04
 -4.2210320e-04  -6.2598234e-04
 -4.2013355e-04  -6.2730598e-04
 -4.1815975e-04  -6.2862343e-04
 -4.1618182e-04  -6.2993467e-04
 -4.1419978e-04  -6.3123968e-04
 -4.1221365e-04  -6.3253846e-04
 -4.1022345e-04  -6.3383099e-04
 -4.0822919e-04  -6.3511726e-04
 -4.0623090e-04  -6.3639725e-04
 -4.0422859e-04  -6.3767095e-04
 -4.0222229e-04  -6.3893836e-04
 -4.0021202e-04  -6.4019945e-04
 -3.9819780e-04  -6.4145422e-04
 -3.9617964e-04  -6.4270265e-04
 -3.9415756e-04  -6.4394473e-04
 -3.9213160e-04  -6.4518045e-04
 -3.9010175e-04  -6.4640979e-04
 -3.8806806e-04  -6.4763275e-04
 -3.8603053e-04  -6.4884931e-04
 -3.8398919e-04  -6.5005946e-04
 -3.8194405e-04  -6.5126319e-04
 -3.7989514e-04  -6.5246048e-04
 -3.7784247e-04  -6.5365133e-04
 -3.7578608e-04  -6.5483572e-04
 -3.7372597e-04  -6.5601364e-04
 -3.7166217e-04  -6.5718508e-04
 -3.6959469e-04  -6.5835003e-04
 -3.6752357e-04  -6.5950847e-04
 -3.6544881e-04  -6.6066040e-04
 -3.6337045e-04  -6.6180580e-04
 -3.6128849e-04  -6.6294466e-04
 -3.5920297e-04  -6.6407697e-04
 -3.5711389e-04  -6.6520273e-04
 -3.5502129e-04  -6.6632191e-04
 -3.5292518e-04  -6.6743450e-04
 -3.5082559e-04  -6.6854051e-04
 -3.4872252e-04  -6.6963990e-04
 -3.4661602e-04  -6.7073269e-04
 -3.4450608e-04  -6.7181884e-04
 -3.4239275e-04  -6.7289836e-04
 -3.4027603e-04  -6.7397123e-04
 -3.3815595e-04  -6.7503745e-04
 -3.3603253e-04  -6.7609699e-04
 -3.3390579e-04  -6.7714985e-04
 -3.3177575e-04  -6.7819603e-04
 -3.2964243e-04  -6.7923550e-04
 -3.2750586e-04  -6.8026826e-04
 -3.2536605e-04  -6.8129431e-04
 -3.2322303e-04  -6.8231362e-04
 -3.2107681e-04  -6.8332619e-04
 -3.1892742e-04  -6.8433201e-04
 -3.1677488e-04  -6.8533107e-04
 -3.1461921e-04  -6.8632336e-04
 -3.1246044e-04  -6.8730887e-04
 -3.1029857e-04  -6.8828758e-04
 -3.0813364e-04  -6.8925950e-04
 -3.0596567e-04  -6.9022461e-04
 -3.0379467e-04  -6.9118290e-04
 -3.0162067e-04  -6.9213436e-04
 -2.9944369e-04  -6.9307898e-04
 -2.9726376e-04  -6.9401676e-04
 -2.9508088e-04  -6.9494768e-04
 -2.9289509e-04  -6.9587173e-04
 -2.9070641e-04  -6.9678891e-04
 -2.8851486e-04  -6.9769920e-04
 -2.8632045e-04  -6.9860260e-04
 -2.8412322e-04  -6.9949910e-04
 -2.8192318e-04  -7.0038869e-04
 -2.7972035e-04  -7.0127136e-04
 -2.7751476e-04  -7.0214710e-04
 -2.7530643e-04  -7.0301591e-04
 -2.7309538e-04  -7.0387777e-04
 -2.7088163e-04  -7.0473267e-04
 -2.6866521e-04  -7.0558062e-04
 -2.6644613e-04  -7.0642159e-04
 -2.6422442e-04  -7.0725558e-04
 -2.6200010e-04  -7.0808259e-04
 -2.5977319e-04  -7.0890260e-04
 -2.5754371e-04  -7.0971560e-04
 -2.5531169e-04  -7.1052160e-04
 -2.5307714e-04  -7.1132057e-04
 -2.5084010e-04  -7.1211252e-04
 -2.4860058e-04  -7.1289744e-04
 -2.4635860e-04  -7.1367530e-04
 -2.4411419e-04  -7.1444612e-04
 -2.4186736e-04  -7.1520988e-04
 -2.3961815e-04  -7.1596658e-04
 -2.3736657e-04  -7.1671620e-04
 -2.3511264e-04  -7.1745874e-04
 -2.3285640e-04  -7.1819419e-04
 -2.3059785e-04  -7.1892255e-04
 -2.2833702e-04  -7.1964380e-04
 -2.2607394e-04  -7.2035795e-04
 -2.2380862e-04  -7.2106498e-04
 -2.2154109e-04  -7.2176488e-04
 -2.1927138e-04  -7.2245765e-04
 -2.1699950e-04  -7.2314329e-04
 -2.1472547e-04  -7.2382178e-04
 -2.1244932e-04  -7.2449312e-04
 -2.1017107e-04  -7.2515731e-04
 -2.0789075e-04  -7.2581433e-04
 -2.0560837e-04  -7.2646417e-04
 -2.0332397e-04  -7.2710685e-04
 -2.0103755e-04  -7.2774233e-04
 -1.9874915e-04  -7.2837063e-04
 -1.9645878e-04  -7.2899173e-04
 -1.9416647e-04  -7.2960563e-04
 -1.9187225e-04  -7.3021233e-04
 -1.8957613e-04  -7.3081180e-04
 -1.8727813e-04  -7.3140406e-04
 -1.8497829e-04  -7.3198909e-04
 -1.8267662e-04  -7.3256689e-04
 -1.8037314e-04  -7.3313746e-04
 -1.7806788e-04  -7.3370078e-04
 -1.7576086e-04  -7.3425685e-04
 -1.7345211e-04  -7.3480567e-04
 -1.7114164e-04  -7.3534722e-04
 -1.6882948e-04  -7.3588152e-04
 -1.6651565e-04  -7.3640854e-04
 -1.6420018e-04  -7.3692829e-04
 -1.6188309e-04  -7.3744075e-04
 -1.5956440e-04  -7.3794594e-04
 -1.5724413e-04  -7.3844383e-04
 -1.5492230e-04  -7.3893442e-04
 -1.5259895e-04  -7.3941772e-04
 -1.5027409e-04  -7.3989371e-04
 -1.4794774e-04  -7.4036239e-04
 -1.4561993e-04  -7.4082375e-04
 -1.4329069e-04  -7.4127780e-04
 -1.4096003e-04  -7.4172452e-04
 -1.3862797e-04  -7.4216392e-04
 -1.3629455e-04  -7.4259598e-04
 -1.3395978e-04  -7.4302071e-04
 -1.3162368e-04  -7.4343810e-04
 -1.2928629e-04  -7.4384814e-04
 -1.2694762e-04  -7.4425083e-04
 -1.2460769e-04  -7.4464617e-04
 -1.2226653e-04  -7.4503416e-04
 -1.1992417e-04  -7.4541478e-04
 -1.1758062e-04  -7.4578804e-04
 -1.1523591e-04  -7.4615393e-04
 -1.1289006e-04  -7.4651245e-04
 -1.1054309e-04  -7.4686359e-04
 -1.0819504e-04  -7.4720736e-04
 -1.0584591e-04  -7.4754374e-04
 -1.0349574e-04  -7.4787274e-04
 -1.0114455e-04  -7.4819435e-04
 -9.8792352e-05  -7.4850856e-04
 -9.6439182e-05  -7.4881539e-04
 -9.4085060e-05  -7.4911481e-04
 -9.1730008e-05  -7.4940684e-04
 -8.9374050e-05  -7.4969146e-04
 -8.7017209e-05  -7.4996867e-04
 -8.4659509e-05  -7.5023847e-04
 -8.2300972e-05  -7.5050087e-04
 -7.9941621e-05  -7.5075584e-04
 -7.7581482e-05  -7.5100340e-04
 -7.5220575e-05  -7.5124355e-04
 -7.2858926e-05  -7.5147627e-04
 -7.0496556e-05  -7.5170156e-04
 -6.8133490e-05  -7.5191943e-04
 -6.5769752e-05  -7.5212987e-04
 -6.3405363e-05  -7.5233288e-04
 -6.1040348e-05  -7.5252846e-04
 -5.8674730e-05  -7.5271660e-04
 -5.6308532e-05  -7.5289730e-04
 -5.3941778e-05  -7.5307057e-04
 -5.1574491e-05  -7.5323640e-04
 -4.9206694e-05  -7.5339478e-04
 -4.6838411e-05  -7.5354573e-04
 -4.4469666e-05  -7.5368923e-04
 -4.2100481e-05  -7.5382528e-04
 -3.9730880e-05  -7.5395388e-04
 -3.7360887e-05  -7.5407504e-04
 -3.4990525e-05  -7.5418875e-04
 -3.2619817e-05  -7.5429500e-04
 -3.0248786e-05  -7.5439380e-04
 -2.7877457e-05  -7.5448515e-04
 -2.5505853e-05  -7.5456905e-04
 -2.3133996e-05  -7.5464549e-04
 -2.0761911e-05  -7.5471448e-04
 -1.8389621e-05  -7.5477601e-04
 -1.6017149e-05  -7.5483008e-04
 -1.3644519e-05  -7.5487670e-04
 -1.1271754e-05  -7.5491585e-04
 -8.8988777e-06  -7.5494755e-04
 -6.5259135e-06  -7.5497180e-04
 -4.1528848e-06  -7.5498858e-04
 -1.7798151e-06  -7.5499790e-04
  5.9327219e-07  -7.5499977e-04
  2.9663536e-06  -7.5499417e-04
  5.3394057e-06  -7.5498112e-04
  7.7124051e-06  -7.5496061e-04
  1.0085328e-05  -7.5493264e-04
  1.2458152e-05  -7.5489721e-04
  1.4830852e-05  -7.5485432e-04
  1.7203406e-05  -7.5480398e-04
  1.9575790e-05  -7.5474617e-04
  2.1947981e-05  -7.5468092e-04
  2.4319955e-05  -7.5460820e-04
  2.6691688e-05  -7.5452803e-04
  2.9063158e-05  -7.5444041e-04
  3.1434340e-05  -7.5434533e-04
  3.3805213e-05  -7.5424280e-04
  3.6175751e-05  -7.5413282e-04
  3.8545931e-05  -7.5401539e-04
  4.0915731e-05  -7.5389051e-04
  4.3285127e-05  -7.5375818e-04
  4.5654095e-05  -7.5361841e-04
  4.8022612e-05  -7.5347119e-04
  5.0390655e-05  -7.5331652e-04
  5.2758199e-05  -7.5315441e-04
  5.5125223e-05  -7.5298487e-04
  5.7491702e-05  -7.5280788e-04
  5.9857613e-05  -7.5262346e-04
  6.2222932e-05  -7.5243160e-04
  6.4587637e-05  -7.5223230e-04
  6.6951704e-05  -7.5202558e-04
  6.9315109e-05  -7.5181142e-04
  7.1677829e-05  -7.5158984e-04
  7.4039842e-05  -7.5136083e-04
  7.6401123e-05  -7.5112440e-04
  7.8761649e-05  -7.5088055e-04
  8.1121397e-05  -7.5062928e-04
  8.3480343e-05  -7.5037060e-04
  8.5838465e-05  -7.5010450e-04
  8.8195739e-05  -7.4983099e-04
  9.0552141e-05  -7.4955007e-04
  9.2907649e-05  -7.4926175e-04
  9.5262239e-05  -7.4896602e-04
  9.7615888e-05  -7.4866290e-04
  9.9968572e-05  -7.4835238e-04
  1.0232027e-04  -7.4803447e-04
  1.0467095e-04  -7.4770916e-04
  1.0702061e-04  -7.4737647e-04
  1.0936920e-04  -7.4703640e-04
  1.1171671e-04  -7.4668894e-04
  1.1406313e-04  -7.4633411e-04
  1.1640841e-04  -7.4597190e-04
  1.1875254e-04  -7.4560233e-04
  1.2109550e-04  -7.4522539e-04
  1.2343727e-04  -7.4484108e-04
  1.2577781e-04  -7.4444942e-04
  1.2811711e-04  -7.4405041e-04
  1.3045515e-04  -7.4364404e-04
  1.3279189e-04  -7.4323032e-04
  1.3512733e-04  -7.4280927e-04
  1.3746143e-04  -7.4238087e-04
  1.3979417e-04  -7.4194514e-04
  1.4212553e-04  -7.4150208e-04
  1.4445549e-04  -7.4105169e-04
  1.4678402e-04  -7.4059399e-04
  1.4911110e-04  -7.4012896e-04
  1.5143671e-04  -7.3965663e-04
  1.5376082e-04  -7.3917698e-04
  1.5608341e-04  -7.3869004e-04
  1.5840446e-04  -7.3819579e-04
  1.6072394e-04  -7.3769426e-04
  1.6304184e-04  -7.3718543e-04
  1.6535812e-04  -7.3666932e-04
  1.6767278e-04  -7.3614594e-04
  1.6998577e-04  -7.3561528e-04
  1.7229709e-04  -7.3507735e-04
  1.7460670e-04  -7.3453216e-04
  1.7691459e-04  -7.3397972e-04
  1.7922073e-04  -7.3342002e-04
  1.8152510e-04  -7.3285308e-04
  1.8382768e-04  -7.3227890e-04
  1.8612844e-04  -7.3169748e-04
  1.8842736e-04  -7.3110884e-04
  1.9072442e-04  -7.3051297e-04
  1.9301960e-04  -7.2990988e-04
  1.9531287e-04  -7.2929958e-04
  1.9760421e-04  -7.2868208e-04
  1.9989360e-04  -7.2805738e-04
  2.0218101e-04  -7.2742549e-04
  2.0446642e-04  -7.2678641e-04
  2.0674982e-04  -7.2614015e-04
  2.0903117e-04  -7.2548671e-04
  2.1131046e-04  -7.2482611e-04
  2.1358766e-04  -7.2415835e-04
  2.1586275e-04  -7.2348343e-04
  2.1813571e-04  -7.2280137e-04
  2.2040651e-04  -7.2211216e-04
  2.2267513e-04  -7.2141582e-04
  2.2494156e-04  -7.2071235e-04
  2.2720576e-04  -7.2000177e-04
  2.2946772e-04  -7.1928407e-04
  2.3172741e-04  -7.1855926e-04
  2.3398481e-04  -7.1782735e-04
  2.3623990e-04  -7.1708836e-04
  2.3849265e-04  -7.1634227e-04
  2.4074305e-04  -7.1558912e-04
  2.4299108e-04  -7.1482889e-04
  2.4523670e-04  -7.1406160e-04
  2.4747989e-04  -7.1328725e-04
  2.4972065e-04  -7.1250586e-04
  2.5195893e-04  -7.1171743e-04
  2.5419473e-04  -7.1092196e-04
  2.5642801e-04  -7.1011948e-04
  2.5865877e-04  -7.0930998e-04
  2.6088696e-04  -7.0849347e-04
  2.6311258e-04  -7.0766996e-04
  2.6533560e-04  -7.0683946e-04
  2.6755600e-04  -7.0600197e-04
  2.6977375e-04  -7.0515752e-04
  2.7198884e-04  -7.0430609e-04
  2.7420125e-04  -7.0344771e-04
  2.7641094e-04  -7.0258237e-04
  2.7861790e-04  -7.0171010e-04
  2.8082211e-04  -7.0083089e-04
  2.8302355e-04  -6.9994476e-04
  2.8522219e-04  -6.9905172e-04
  2.8741801e-04  -6.9815177e-04
  2.8961099e-04  -6.9724492e-04
  2.9180111e-04  -6.9633118e-04
  2.9398835e-04  -6.9541056e-04
  2.9617269e-04  -6.9448307e-04
  2.9835409e-04  -6.9354873e-04
  3.0053255e-04  -6.9260753e-04
  3.0270804e-04  -6.9165948e-04
  3.0488054e-04  -6.9070461e-04
  3.0705003e-04  -6.8974291e-04
  3.0921649e-04  -6.8877439e-04
  3.1137989e-04  -6.8779907e-04
  3.1354021e-04  -6.8681696e-04
  3.1569744e-04  -6.8582806e-04
  3.1785155e-04  -6.8483238e-04
  3.2000251e-04  -6.8382994e-04
  3.2215032e-04  -6.8282075e-04
  3.2429494e-04  -6.8180480e-04
  3.2643636e-04  -6.8078213e-04
  3.2857455e-04  -6.7975272e-04
  3.3070950e-04  -6.7871660e-04
  3.3284118e-04  -6.7767378e-04
  3.3496957e-04  -6.7662426e-04
  3.3709466e-04  -6.7556805e-04
  3.3921641e-04  -6.7450517e-04
  3.4133481e-04  -6.7343563e-04
  3.4344984e-04  -6.7235943e-04
  3.4556148e-04  -6.7127659e-04
  3.4766970e-04  -6.7018712e-04
  3.4977449e-04  -6.6909103e-04
  3.5187582e-04  -6.6798833e-04
  3.5397367e-04  -6.6687903e-04
  3.5606803e-04  -6.6576314e-04
  3.5815887e-04  -6.6464067e-04
  3.6024617e-04  -6.6351164e-04
  3.6232992e-04  -6.6237605e-04
  3.6441008e-04  -6.6123392e-04
  3.6648664e-04  -6.6008525e-04
  3.6855959e-04  -6.5893007e-04
  3.7062889e-04  -6.5776837e-04
  3.7269453e-04  -6.5660017e-04
  3.7475649e-04  -6.5542549e-04
  3.7681474e-04  -6.5424434e-04
  3.7886927e-04  -6.5305672e-04
  3.8092006e-04  -6.5186264e-04
  3.8296709e-04  -6.5066213e-04
  3.8501033e-04  -6.4945519e-04
  3.8704977e-04  -6.4824183e-04
  3.8908539e-04  -6.4702207e-04
  3.9111716e-04  -6.4579592e-04
  3.9314507e-04  -6.4456339e-04
  3.9516909e-04  -6.4332448e-04
  3.9718921e-04  -6.4207923e-04
  3.9920540e-04  -6.4082763e-04
  4.0121765e-04  -6.3956969e-04
  4.0322594e-04  -6.3830544e-04
  4.0523025e-04  -6.3703489e-04
  4.0723055e-04  -6.3575804e-04
  4.0922682e-04  -6.3447491e-04
  4.1121906e-04  -6.3318551e-04
  4.1320723e-04  -6.3188985e-04
  4.1519132e-04  -6.3058796e-04
  4.1717130e-04  -6.2927983e-04
  4.1914717e-04  -6.2796548e-04
  4.2111890e-04  -6.2664494e-04
  4.2308646e-04  -6.2531820e-04
  4.2504984e-04  -6.2398528e-04
  4.2700903e-04  -6.2264620e-04
  4.2896400e-04  -6.2130097e-04
  4.3091473e-04  -6.1994959e-04
  4.3286120e-04  -6.1859210e-04
  4.3480339e-04  -6.1722849e-04
  4.3674129e-04  -6.1585879e-04
  4.3867488e-04  -6.1448300e-04
  4.4060413e-04  -6.1310114e-04
  4.4252903e-04  -6.1171322e-04
  4.4444955e-04  -6.1031926e-04
  4.4636569e-04  -6.0891927e-04
  4.4827741e-04  -6.0751326e-04
  4.5018471e-04  -6.0610125e-04
  4.5208756e-04  -6.0468326e-04
  4.5398594e-04  -6.0325929e-04
  4.5587984e-04  -6.0182936e-04
  4.5776923e-04  -6.0039348e-04
  4.5965410e-04  -5.9895167e-04
  4.6153443e-04  -5.9750395e-04
  4.6341020e-04  -5.9605032e-04
  4.6528139e-04  -5.9459081e-04
  4.6714799e-04  -5.9312541e-04
  4.6900997e-04  -5.9165416e-04
  4.7086731e-04  -5.9017707e-04
  4.7272001e-04  -5.8869414e-04
  4.7456803e-04  -5.8720540e-04
  4.7641137e-04  -5.8571086e-04
  4.7825000e-04  -5.8421053e-04
  4.8008390e-04  -5.8270443e-04
  4.8191306e-04  -5.8119257e-04
  4.8373746e-04  -5.7967497e-04
  4.8555708e-04  -5.7815164e-04
  4.8737191e-04  -5.7662260e-04
  4.8918192e-04  -5.7508786e-04
  4.9098709e-04  -5.7354745e-04
  4.9278742e-04  -5.7200136e-04
  4.9458288e-04  -5.7044963e-04
  4.9637345e-04  -5.6889226e-04
  4.9815911e-04  -5.6732927e-04
  4.9993986e-04  -5.6576067e-04
  5.0171567e-04  -5.6418649e-04
  5.0348651e-04  -5.6260673e-04
  5.0525239e-04  -5.6102141e-04
  5.0701327e-04  -5.5943055e-04
  5.0876915e-04  -5.5783416e-04
  5.1052000e-04  -5.5623227e-04
  5.1226580e-04  -5.5462487e-04
  5.1400655e-04  -5.5301200e-04
  5.1574221e-04  -5.5139366e-04
  5.1747278e-04  -5.4976988e-04
  5.1919824e-04  -5.4814066e-04
  5.2091857e-04  -5.4650603e-04
  5.2263375e-04  -5.4486601e-04
  5.2434377e-04  -5.4322059e-04
  5.2604861e-04  -5.4156981e-04
  5.2774825e-04  -5.3991368e-04
  5.2944268e-04  -5.3825222e-04
  5.3113187e-04  -5.3658544e-04
  5.3281582e-04  -5.3491336e-04
  5.3449451e-04  -5.3323599e-04
  5.3616791e-04  -5.3155335e-04
  5.3783602e-04  -5.2986547e-04
  5.3949882e-04  -5.2817235e-04
  5.4115628e-04  -5.2647401e-04
  5.4280840e-04  -5.2477046e-04
  5.4445516e-04  -5.2306174e-04
  5.4609653e-04  -5.2134785e-04
  5.4773251e-04  -5.1962880e-04
  5.4936308e-04  -5.1790463e-04
  5.5098823e-04  -5.1617533e-04
  5.5260793e-04  -5.1444094e-04
  5.5422217e-04  -5.1270146e-04
  5.5583093e-04  -5.1095692e-04
  5.5743420e-04  -5.0920733e-04
  5.5903197e-04  -5.0745271e-04
  5.6062421e-04  -5.0569308e-04
  5.6221092e-04  -5.0392845e-04
  5.6379207e-04  -5.0215884e-04
  5.6536765e-04  -5.0038427e-04
  5.6693764e-04  -4.9860476e-04
  5.6850204e-04  -4.9682032e-04
  5.7006081e-04  -4.9503098e-04
  5.7161396e-04  -4.9323674e-04
  5.7316146e-04  -4.9143763e-04
  5.7470329e-04  -4.8963366e-04
  5.7623945e-04  -4.8782486e-04
  5.7776991e-04  -4.8601124e-04
  5.7929467e-04  -4.8419282e-04
  5.8081370e-04  -4.8236961e-04
  5.8232700e-04  -4.8054164e-04
  5.8383454e-04  -4.7870892e-04
  5.8533632e-04  -4.7687147e-04
  5.8683231e-04  -4.7502931e-04
  5.8832250e-04  -4.7318245e-04
  5.8980688e-04  -4.7133092e-04
  5.9128544e-04  -4.6947474e-04
  5.9275815e-04  -4.6761392e-04
  5.9422501e-04  -4.6574847e-04
  5.9568599e-04  -4.6387843e-04
  5.9714110e-04  -4.6200380e-04
  5.9859030e-04  -4.6012461e-04
  6.0003358e-04  -4.5824087e-04
  6.0147094e-04  -4.5635261e-04
  6.0290236e-04  -4.5445983e-04
  6.0432782e-04  -4.5256257e-04
  6.0574731e-04  -4.5066084e-04
  6.0716082e-04  -4.4875465e-04
  6.0856833e-04  -4.4684403e-04
  6.0996983e-04  -4.4492900e-04
  6.1136529e-04  -4.4300957e-04
  6.1275472e-04  -4.4108576e-04
  6.1413810e-04  -4.3915760e-04
  6.1551541e-04  -4.3722509e-04
  6.1688664e-04  -4.3528827e-04
  6.1825177e-04  -4.3334715e-04
  6.1961079e-04  -4.3140174e-04
  6.2096370e-04  -4.2945208e-04
  6.2231047e-04  -4.2749817e-04
  6.2365109e-04  -4.2554004e-04
  6.2498555e-04  -4.2357770e-04
  6.2631383e-04  -4.2161118e-04
  6.2763593e-04  -4.1964049e-04
  6.2895182e-04  -4.1766566e-04
  6.3026151e-04  -4.1568670e-04
  6.3156496e-04  -4.1370363e-04
  6.3286218e-04  -4.1171648e-04
  6.3415314e-04  -4.0972526e-04
  6.3543784e-04  -4.0772999e-04
  6.3671626e-04  -4.0573070e-04
  6.3798840e-04  -4.0372739e-04
  6.3925422e-04  -4.0172010e-04
  6.4051374e-04  -3.9970884e-04
  6.4176692e-04  -3.9769363e-04
  6.4301376e-04  -3.9567449e-04
  6.4425426e-04  -3.9365144e-04
  6.4548838e-04  -3.9162450e-04
  6.4671613e-04  -3.8959369e-04
  6.4793749e-04  -3.8755903e-04
  6.4915245e-04  -3.8552055e-04
  6.5036100e-04  -3.8347826e-04
  6.5156312e-04  -3.8143217e-04
  6.5275880e-04  -3.7938232e-04
  6.5394804e-04  -3.7732872e-04
  6.5513081e-04  -3.7527140e-04
  6.5630711e-04  -3.7321036e-04
  6.5747693e-04  -3.7114564e-04
  6.5864025e-04  -3.6907725e-04
  6.5979707e-04  -3.6700522e-04
  6.6094736e-04  -3.6492956e-04
  6.6209113e-04  -3.6285029e-04
  6.6322836e-04  -3.6076744e-04
  6.6435903e-04  -3.5868103e-04
  6.6548314e-04  -3.5659107e-04
  6.6660067e-04  -3.5449759e-04
  6.6771162e-04  -3.5240061e-04
  6.6881598e-04  -3.5030014e-04
  6.6991372e-04  -3.4819622e-04
  6.7100485e-04  -3.4608885e-04
  6.7208935e-04  -3.4397807e-04
  6.7316720e-04  -3.4186389e-04
  6.7423841e-04  -3.3974633e-04
  6.7530296e-04  -3.3762541e-04
  6.7636083e-04  -3.3550116e-04
  6.7741202e-04  -3.3337359e-04
  6.7845652e-04  -3.3124273e-04
  6.7949432e-04  -3.2910860e-04
  6.8052541e-04  -3.2697121e-04
  6.8154977e-04  -3.2483060e-04
  6.8256739e-04  -3.2268677e-04
  6.8357828e-04  -3.2053976e-04
  6.8458241e-04  -3.1838958e-04
  6.8557978e-04  -3.1623626e-04
  6.8657037e-04  -3.1407981e-04
  6.8755418e-04  -3.1192026e-04
  6.8853120e-04  -3.0975763e-04
  6.8950142e-04  -3.0759193e-04
  6.9046482e-04  -3.0542320e-04
  6.9142140e-04  -3.0325145e-04
  6.9237116e-04  -3.0107671e-04
  6.9331407e-04  -2.9889899e-04
  6.9425013e-04  -2.9671831e-04
  6.9517933e-04  -2.9453471e-04
  6.9610167e-04  -2.9234819e-04
  6.9701713e-04  -2.9015879e-04
  6.9792570e-04  -2.8796652e-04
  6.9882738e-04  -2.8577141e-04
  6.9972215e-04  -2.8357347e-04
  7.0061001e-04  -2.8137273e-04
  7.0149095e-04  -2.7916921e-04
  7.0236496e-04  -2.7696294e-04
  7.0323203e-04  -2.7475392e-04
  7.0409215e-04  -2.7254220e-04
  7.0494531e-04  -2.7032778e-04
  7.0579151e-04  -2.6811069e-04
  7.0663074e-04  -2.6589095e-04
  7.0746299e-04  -2.6366858e-04
  7.0828825e-04  -2.6144361e-04
  7.0910651e-04  -2.5921606e-04
  7.0991776e-04  -2.5698594e-04
  7.1072200e-04  -2.5475329e-04
  7.1151922e-04  -2.5251812e-04
  7.1230941e-04  -2.5028045e-04
  7.1309256e-04  -2.4804031e-04
  7.1386867e-04  -2.4579772e-04
  7.1463773e-04  -2.4355271e-04
  7.1539972e-04  -2.4130528e-04
  7.1615465e-04  -2.3905548e-04
  7.1690250e-04  -2.3680331e-04
  7.1764327e-04  -2.3454880e-04
  7.1837695e-04  -2.3229197e-04
  7.1910353e-04  -2.3003285e-04
  7.1982301e-04  -2.2777146e-04
  7.2053537e-04  -2.2550782e-04
  7.2124062e-04  -2.2324195e-04
  7.2193874e-04  -2.2097387e-04
  7.2262973e-04  -2.1870361e-04
  7.2331358e-04  -2.1643119e-04
  7.2399029e-04  -2.1415663e-04
  7.2465984e-04  -2.1187996e-04
  7.2532223e-04  -2.0960119e-04
  7.2597746e-04  -2.0732035e-04
  7.2662551e-04  -2.0503746e-04
  7.2726639e-04  -2.0275255e-04
  7.2790008e-04  -2.0046563e-04
  7.2852658e-04  -1.9817674e-04
  7.2914588e-04  -1.9588588e-04
  7.2975798e-04  -1.9359310e-04
  7.3036287e-04  -1.9129839e-04
  7.3096055e-04  -1.8900180e-04
  7.3155100e-04  -1.8670334e-04
  7.3213422e-04  -1.8440304e-04
  7.3271021e-04  -1.8210091e-04
  7.3327897e-04  -1.7979699e-04
  7.3384047e-04  -1.7749129e-04
  7.3439473e-04  -1.7518384e-04
  7.3494174e-04  -1.7287465e-04
  7.3548148e-04  -1.7056376e-04
  7.3601395e-04  -1.6825118e-04
  7.3653916e-04  -1.6593694e-04
  7.3705709e-04  -1.6362106e-04
  7.3756773e-04  -1.6130356e-04
  7.3807109e-04  -1.5898448e-04
  7.3856716e-04  -1.5666382e-04
  7.3905593e-04  -1.5434161e-04
  7.3953740e-04  -1.5201787e-04
  7.4001156e-04  -1.4969264e-04
  7.4047842e-04  -1.4736593e-04
  7.4093795e-04  -1.4503776e-04
  7.4139017e-04  -1.4270815e-04
  7.4183506e-04  -1.4037714e-04
  7.4227262e-04  -1.3804474e-04
  7.4270285e-04  -1.3571098e-04
  7.4312575e-04  -1.3337588e-04
  7.4354130e-04  -1.3103946e-04
  7.4394950e-04  -1.2870174e-04
  7.4435036e-04  -1.2636275e-04
  7.4474386e-04  -1.2402252e-04
  7.4513000e-04  -1.2168106e-04
  7.4550878e-04  -1.1933839e-04
  7.4588020e-04  -1.1699455e-04
  7.4624425e-04  -1.1464955e-04
  7.4660093e-04  -1.1230342e-04
  7.4695022e-04  -1.0995618e-04
  7.4729214e-04  -1.0760786e-04
  7.4762668e-04  -1.0525847e-04
  7.4795383e-04  -1.0290804e-04
  7.4827359e-04  -1.0055659e-04
  7.4858596e-04  -9.8204150e-05
  7.4889094e-04  -9.5850740e-05
  7.4918851e-04  -9.3496383e-05
  7.4947869e-04  -9.1141103e-05
  7.4976145e-04  -8.8784922e-05
  7.5003682e-04  -8.6427864e-05
  7.5030477e-04  -8.4069952e-05
  7.5056531e-04  -8.1711209e-05
  7.5081843e-04  -7.9351660e-05
  7.5106414e-04  -7.6991326e-05
  7.5130242e-04  -7.4630232e-05
  7.5153328e-04  -7.2268400e-05
  7.5175672e-04  -6.9905854e-05
  7.5197274e-04  -6.7542618e-05
  7.5218132e-04  -6.5178714e-05
  7.5238247e-04  -6.2814167e-05
  7.5257619e-04  -6.0448999e-05
  7.5276247e-04  -5.8083234e-05
  7.5294132e-04  -5.5716894e-05
  7.5311273e-04  -5.3350005e-05
  7.5327669e-04  -5.0982588e-05
  7.5343322e-04  -4.8614668e-05
  7.5358230e-04  -4.6246267e-05
  7.5372394e-04  -4.3877410e-05
  7.5385813e-04  -4.1508119e-05
  7.5398487e-04  -3.9138418e-05
  7.5410416e-04  -3.6768330e-05
  7.5421601e-04  -3.4397879e-05
  7.5432040e-04  -3.2027088e-05
  7.5441734e-04  -2.9655981e-05
  7.5450683e-04  -2.7284581e-05
  7.5458886e-04  -2.4912911e-05
  7.5466344e-04  -2.2540995e-05
  7.5473056e-04  -2.0168857e-05
  7.5479023e-04  -1.7796519e-05
  7.5484243e-04  -1.5424005e-05
  7.5488719e-04  -1.3051339e-05
  7.5492448e-04  -1.0678544e-05
  7.5495431e-04  -8.3056440e-06
  7.5497669e-04  -5.9326614e-06
  7.5499161e-04  -3.5596203e-06
  7.5499907e-04  -1.1865440e-06
  7.5499907e-04   1.1865440e-06
  7.5499161e-04   3.5596203e-06
  7.5497669e-04   5.9326614e-06
  7.5495431e-04   8.3056440e-06
  7.5492448e-04   1.0678544e-05
  7.5488719e-04   1.3051339e-05
  7.5484243e-04   1.5424005e-05
  7.5479023e-04   1.7796519e-05
  7.5473056e-04   2.0168857e-05
  7.5466344e-04   2.2540995e-05
  7.5458886e-04   2.4912911e-05
  7.5450683e-04   2.7284581e-05
  7.5441734e-04   2.9655981e-05
  7.5432040e-04   3.2027088e-05
  7.5421601e-04   3.4397879e-05
  7.5410416e-04   3.6768330e-05
  7.5398487e-04   3.9138418e-05
  7.5385813e-04   4.1508119e-05
  7.5372394e-04   4.3877410e-05
  7.5358230e-04   4.6246267e-05
  7.5343322e-04   4.8614668e-05
  7.5327669e-04   5.0982588e-05
  7.5311273e-04   5.3350005e-05
  7.5294132e-04   5.5716894e-05
  7.5276247e-04   5.8083234e-05
  7.5257619e-04   6.0448999e-05
  7.5238247e-04   6.2814167e-05
  7.5218132e-04   6.5178714e-05
  7.5197274e-04   6.7542618e-05
  7.5175672e-04   6.9905854e-05
  7.5153328e-04   7.2268400e-05
  7.5130242e-04   7.4630232e-05
  7.5106414e-04   7.6991326e-05
  7.5081843e-04   7.9351660e-05
  7.5056531e-04   8.1711209e-05
  7.5030477e-04   8.4069952e-05
  7.5003682e-04   8.6427864e-05
  7.4976145e-04   8.8784922e-05
  7.4947869e-04   9.1141103e-05
  7.4918851e-04   9.3496383e-05
  7.4889094e-04   9.5850740e-05
  7.4858596e-04   9.8204150e-05
  7.4827359e-04   1.0055659e-04
  7.4795383e-04   1.0290804e-04
  7.4762668e-04   1.0525847e-04
  7.4729214e-04   1.0760786e-04
  7.4695022e-04   1.0995618e-04
  7.4660093e-04   1.1230342e-04
  7.4624425e-04   1.1464955e-04
  7.4588020e-04   1.1699455e-04
  7.4550878e-04   1.1933839e-04
  7.4513000e-04   1.2168106e-04
  7.4474386e-04   1.2402252e-04
  7.4435036e-04   1.2636275e-04
  7.4394950e-04   1.2870174e-04
  7.4354130e-04   1.3103946e-04
  7.4312575e-04   1.3337588e-04
  7.4270285e-04   1.3571098e-04
  7.4227262e-04   1.3804474e-04
  7.4183506e-04   1.4037714e-04
  7.4139017e-04   1.4270815e-04
  7.4093795e-04   1.4503776e-04
  7.4047842e-04   1.4736593e-04
  7.4001156e-04   1.4969264e-04
  7.3953740e-04   1.5201787e-04
  7.3905593e-04   1.5434161e-04
  7.3856716e-04   1.5666382e-04
  7.3807109e-04   1.5898448e-04
  7.3756773e-04   1.6130356e-04
  7.3705709e-04   1.6362106e-04
  7.3653916e-04   1.6593694e-04
  7.3601395e-04   1.6825118e-04
  7.3548148e-04   1.7056376e-04
  7.3494174e-04   1.7287465e-04
  7.3439473e-04   1.7518384e-04
  7.3384047e-04   1.7749129e-04
  7.3327897e-04   1.7979699e-04
  7.3271021e-04   1.8210091e-04
  7.3213422e-04   1.8440304e-04
  7.3155100e-04   1.8670334e-04
  7.3096055e-04   1.8900180e-04
  7.3036287e-04   1.9129839e-04
  7.2975798e-04   1.9359310e-04
  7.2914588e-04   1.9588588e-04
  7.2852658e-04   1.9817674e-04
  7.2790008e-04   2.0046563e-04
  7.2726639e-04   2.0275255e-04
  7.2662551e-04   2.0503746e-04
  7.2597746e-04   2.0732035e-04
  7.2532223e-04   2.0960119e-04
  7.2465984e-04   2.1187996e-04
  7.2399029e-04   2.1415663e-04
  7.2331358e-04   2.1643119e-04
  7.2262973e-04   2.1870361e-04
  7.2193874e-04   2.2097387e-04
  7.2124062e-04   2.2324195e-04
  7.2053537e-04   2.2550782e-04
  7.1982301e-04   2.2777146e-04
  7.1910353e-04   2.3003285e-04
  7.1837695e-04   2.3229197e-04
  7.1764327e-04   2.3454880e-04
  7.1690250e-04   2.3680331e-04
  7.1615465e-04   2.3905548e-04
  7.1539972e-04   2.4130528e-04
  7.1463773e-04   2.4355271e-04
  7.1386867e-04   2.4579772e-04
  7.1309256e-04   2.4804031e-04
  7.1230941e-04   2.5028045e-04
  7.1151922e-04   2.5251812e-04
  7.1072200e-04   2.5475329e-04
  7.0991776e-04   2.5698594e-04
  7.0910651e-04   2.5921606e-04
  7.0828825e-04   2.6144361e-04
  7.0746299e-04   2.6366858e-04
  7.0663074e-04   2.6589095e-04
  7.0579151e-04   2.6811069e-04
  7.0494531e-04   2.7032778e-04
  7.0409215e-04   2.7254220e-04
  7.0323203e-04   2.7475392e-04
  7.0236496e-04   2.7696294e-04
  7.0149095e-04   2.7916921e-04
  7.0061001e-04   2.8137273e-04
  6.9972215e-04   2.8357347e-04
  6.9882738e-04   2.8577141e-04
  6.9792570e-04   2.8796652e-04
  6.9701713e-04   2.9015879e-04
  6.9610167e-04   2.9234819e-04
  6.9517933e-04   2.9453471e-04
  6.9425013e-04   2.9671831e-04
  6.9331407e-04   2.9889899e-04
  6.9237116e-04   3.0107671e-04
  6.9142140e-04   3.0325145e-04
  6.9046482e-04   3.0542320e-04
  6.8950142e-04   3.0759193e-04
  6.8853120e-04   3.0975763e-04
  6.8755418e-04   3.1192026e-04
  6.8657037e-04   3.1407981e-04
  6.8557978e-04   3.1623626e-04
  6.8458241e-04   3.1838958e-04
  6.8357828e-04   3.2053976e-04
  6.8256739e-04   3.2268677e-04
  6.8154977e-04   3.2483060e-04
  6.8052541e-04   3.2697121e-04
  6.7949432e-04   3.2910860e-04
  6.7845652e-04   3.3124273e-04
  6.7741202e-04   3.3337359e-04
  6.7636083e-04   3.3550116e-04
  6.7530296e-04   3.3762541e-04
  6.7423841e-04   3.3974633e-04
  6.7316720e-04   3.4186389e-04
  6.7208935e-04   3.4397807e-04
  6.7100485e-04   3.4608885e-04
  6.6991372e-04   3.4819622e-04
  6.6881598e-04   3.5030014e-04
  6.6771162e-04   3.5240061e-04
  6.6660067e-04   3.5449759e-04
  6.6548314e-04   3.5659107e-04
  6.6435903e-04   3.5868103e-04
  6.6322836e-04   3.6076744e-04
  6.6209113e-04   3.6285029e-04
  6.6094736e-04   3.6492956e-04
  6.5979707e-04   3.6700522e-04
  6.5864025e-04   3.6907725e-04
  6.5747693e-04   3.7114564e-04
  6.5630711e-04   3.7321036e-04
  6.5513081e-04   3.7527140e-04
  6.5394804e-04   3.7732872e-04
  6.5275880e-04   3.7938232e-04
  6.5156312e-04   3.8143217e-04
  6.5036100e-04   3.8347826e-04
  6.4915245e-04   3.8552055e-04
  6.4793749e-04   3.8755903e-04
  6.4671613e-04   3.8959369e-04
  6.4548838e-04   3.9162450e-04
  6.4425426e-04   3.9365144e-04
  6.4301376e-04   3.9567449e-04
  6.4176692e-04   3.9769363e-04
  6.4051374e-04   3.9970884e-04
  6.3925422e-04   4.0172010e-04
  6.3798840e-04   4.0372739e-04
  6.3671626e-04   4.0573070e-04
  6.3543784e-04   4.0772999e-04
  6.3415314e-04   4.0972526e-04
  6.3286218e-04   4.1171648e-04
  6.3156496e-04   4.1370363e-04
  6.3026151e-04   4.1568670e-04
  6.2895182e-04   4.1766566e-04
  6.2763593e-04   4.1964049e-04
  6.2631383e-04   4.2161118e-04
  6.2498555e-04   4.2357770e-04
  6.2365109e-04   4.2554004e-04
  6.2231047e-04   4.2749817e-04
  6.2096370e-04   4.2945208e-04
  6.1961079e-04   4.3140174e-04
  6.1825177e-04   4.3334715e-04
  6.1688664e-04   4.3528827e-04
  6.1551541e-04   4.3722509e-04
  6.1413810e-04   4.3915760e-04
  6.1275472e-04   4.4108576e-04
  6.1136529e-04   4.4300957e-04
  6.0996983e-04   4.4492900e-04
  6.0856833e-04   4.4684403e-04
  6.0716082e-04   4.4875465e-04
  6.0574731e-04   4.5066084e-04
  6.0432782e-04   4.5256257e-04
  6.0290236e-04   4.5445983e-04
  6.0147094e-04   4.5635261e-04
  6.0003358e-04   4.5824087e-04
  5.9859030e-04   4.6012461e-04
  5.9714110e-04   4.6200380e-04
  5.9568599e-04   4.6387843e-04
  5.9422501e-04   4.6574847e-04
  5.9275815e-04   4.6761392e-04
  5.9128544e-04   4.6947474e-04
  5.8980688e-04   4.7133092e-04
  5.8832250e-04   4.7318245e-04
  5.8683231e-04   4.7502931e-04
  5.8533632e-04   4.7687147e-04
  5.8383454e-04   4.7870892e-04
  5.8232700e-04   4.8054164e-04
  5.8081370e-04   4.8236961e-04
  5.7929467e-04   4.8419282e-04
  5.7776991e-04   4.8601124e-04
  5.7623945e-04   4.8782486e-04
  5.7470329e-04   4.8963366e-04
  5.7316146e-04   4.9143763e-04
  5.7161396e-04   4.9323674e-04
  5.7006081e-04   4.9503098e-04
  5.6850204e-04   4.9682032e-04
  5.6693764e-04   4.9860476e-04
  5.6536765e-04   5.0038427e-04
  5.6379207e-04   5.0215884e-04
  5.6221092e-04   5.0392845e-04
  5.6062421e-04   5.0569308e-04
  5.5903197e-04   5.0745271e-04
  5.5743420e-04   5.0920733e-04
  5.5583093e-04   5.1095692e-04
  5.5422217e-04   5.1270146e-04
  5.5260793e-04   5.1444094e-04
  5.5098823e-04   5.1617533e-04
  5.4936308e-04   5.1790463e-04
  5.4773251e-04   5.1962880e-04
  5.4609653e-04   5.2134785e-04
  5.4445516e-04   5.2306174e-04
  5.4280840e-04   5.2477046e-04
  5.4115628e-04   5.2647401e-04
  5.3949882e-04   5.2817235e-04
  5.3783602e-04   5.2986547e-04
  5.3616791e-04   5.3155335e-04
  5.3449451e-04   5.3323599e-04
  5.3281582e-04   5.3491336e-04
  5.3113187e-04   5.3658544e-04
  5.2944268e-04   5.3825222e-04
  5.2774825e-04   5.3991368e-04
  5.2604861e-04   5.4156981e-04
  5.2434377e-04   5.4322059e-04
  5.2263375e-04   5.4486601e-04
  5.2091857e-04   5.4650603e-04
  5.1919824e-04   5.4814066e-04
  5.1747278e-04   5.4976988e-04
  5.1574221e-04   5.5139366e-04
  5.1400655e-04   5.5301200e-04
  5.1226580e-04   5.5462487e-04
  5.1052000e-04   5.5623227e-04
  5.0876915e-04   5.5783416e-04
  5.0701327e-04   5.5943055e-04
  5.0525239e-04   5.6102141e-04
  5.0348651e-04   5.6260673e-04
  5.0171567e-04   5.6418649e-04
  4.9993986e-04   5.6576067e-04
  4.9815911e-04   5.6732927e-04
  4.9637345e-04   5.6889226e-04
  4.9458288e-04   5.7044963e-04
  4.9278742e-04   5.7200136e-04
  4.9098709e-04   5.7354745e-04
  4.8918192e-04   5.7508786e-04
  4.8737191e-04   5.7662260e-04
  4.8555708e-04   5.7815164e-04
  4.8373746e-04   5.7967497e-04
  4.8191306e-04   5.8119257e-04
  4.8008390e-04   5.8270443e-04
  4.7825000e-04   5.8421053e-04
  4.7641137e-04   5.8571086e-04
  4.7456803e-04   5.8720540e-04
  4.7272001e-04   5.8869414e-04
  4.7086731e-04   5.9017707e-04
  4.6900997e-04   5.9165416e-04
  4.6714799e-04   5.9312541e-04
  4.6528139e-04   5.9459081e-04
  4.6341020e-04   5.9605032e-04
  4.6153443e-04   5.9750395e-04
  4.5965410e-04   5.9895167e-04
  4.5776923e-04   6.0039348e-04
  4.5587984e-04   6.0182936e-04
  4.5398594e-04   6.0325929e-04
  4.5208756e-04   6.0468326e-04
  4.5018471e-04   6.0610125e-04
  4.4827741e-04   6.0751326e-04
  4.4636569e-04   6.0891927e-04
  4.4444955e-04   6.1031926e-04
  4.4252903e-04   6.1171322e-04
  4.4060413e-04   6.1310114e-04
  4.3867488e-04   6.1448300e-04
  4.3674129e-04   6.1585879e-04
  4.3480339e-04   6.1722849e-04
  4.3286120e-04   6.1859210e-04
  4.3091473e-04   6.1994959e-04
  4.2896400e-04   6.2130097e-04
  4.2700903e-04   6.2264620e-04
  4.2504984e-04   6.2398528e-04
  4.2308646e-04   6.2531820e-04
  4.2111890e-04   6.2664494e-04
  4.1914717e-04   6.2796548e-04
  4.1717130e-04   6.2927983e-04
  4.1519132e-04   6.3058796e-04
  4.1320723e-04   6.3188985e-04
  4.1121906e-04   6.3318551e-04
  4.0922682e-04   6.3447491e-04
  4.0723055e-04   6.3575804e-04
  4.0523025e-04   6.3703489e-04
  4.0322594e-04   6.3830544e-04
  4.0121765e-04   6.3956969e-04
  3.9920540e-04   6.4082763e-04
  3.9718921e-04   6.4207923e-04
  3.9516909e-04   6.4332448e-04
  3.9314507e-04   6.4456339e-04
  3.9111716e-04   6.4579592e-04
  3.8908539e-04   6.4702207e-04
  3.8704977e-04   6.4824183e-04
  3.8501033e-04   6.4945519e-04
  3.8296709e-04   6.5066213e-04
  3.8092006e-04   6.5186264e-04
  3.7886927e-04   6.5305672e-04
  3.7681474e-04   6.5424434e-04
  3.7475649e-04   6.5542549e-04
  3.7269453e-04   6.5660017e-04
  3.7062889e-04   6.5776837e-04
  3.6855959e-04   6.5893007e-04
  3.6648664e-04   6.6008525e-04
  3.6441008e-04   6.6123392e-04
  3.6232992e-04   6.6237605e-04
  3.6024617e-04   6.6351164e-04
  3.5815887e-04   6.6464067e-04
  3.5606803e-04   6.6576314e-04
  3.5397367e-04   6.6687903e-04
  3.5187582e-04   6.6798833e-04
  3.4977449e-04   6.6909103e-04
  3.4766970e-04   6.7018712e-04
  3.4556148e-04   6.7127659e-04
  3.4344984e-04   6.7235943e-04
  3.4133481e-04   6.7343563e-04
  3.3921641e-04   6.7450517e-04
  3.3709466e-04   6.7556805e-04
  3.3496957e-04   6.7662426e-04
  3.3284118e-04   6.7767378e-04
  3.3070950e-04   6.7871660e-04
  3.2857455e-04   6.7975272e-04
  3.2643636e-04   6.8078213e-04
  3.2429494e-04   6.8180480e-04
  3.2215032e-04   6.8282075e-04
  3.2000251e-04   6.8382994e-04
  3.1785155e-04   6.8483238e-04
  3.1569744e-04   6.8582806e-04
  3.1354021e-04   6.8681696e-04
  3.1137989e-04   6.8779907e-04
  3.0921649e-04   6.8877439e-04
  3.0705003e-04   6.8974291e-04
  3.0488054e-04   6.9070461e-04
  3.0270804e-04   6.9165948e-04
  3.0053255e-04   6.9260753e-04
  2.9835409e-04   6.9354873e-04
  2.9617269e-04   6.9448307e-04
  2.9398835e-04   6.9541056e-04
  2.9180111e-04   6.9633118e-04
  2.8961099e-04   6.9724492e-04
  2.8741801e-04   6.9815177e-04
  2.8522219e-04   6.9905172e-04
  2.8302355e-04   6.9994476e-04
  2.8082211e-04   7.0083089e-04
  2.7861790e-04   7.0171010e-04
  2.7641094e-04   7.0258237e-04
  2.7420125e-04   7.0344771e-04
  2.7198884e-04   7.0430609e-04
  2.6977375e-04   7.0515752e-04
  2.6755600e-04   7.0600197e-04
  2.6533560e-04   7.0683946e-04
  2.6311258e-04   7.0766996e-04
  2.6088696e-04   7.0849347e-04
  2.5865877e-04   7.0930998e-04
  2.5642801e-04   7.1011948e-04
  2.5419473e-04   7.1092196e-04
  2.5195893e-04   7.1171743e-04
  2.4972065e-04   7.1250586e-04
  2.4747989e-04   7.1328725e-04
  2.4523670e-04   7.1406160e-04
  2.4299108e-04   7.1482889e-04
  2.4074305e-04   7.1558912e-04
  2.3849265e-04   7.1634227e-04
  2.3623990e-04   7.1708836e-04
  2.3398481e-04   7.1782735e-04
  2.3172741e-04   7.1855926e-04
  2.2946772e-04   7.1928407e-04
  2.2720576e-04   7.2000177e-04
  2.2494156e-04   7.2071235e-04
  2.2267513e-04   7.2141582e-04
  2.2040651e-04   7.2211216e-04
  2.1813571e-04   7.2280137e-04
  2.1586275e-04   7.2348343e-04
  2.1358766e-04   7.2415835e-04
  2.1131046e-04   7.2482611e-04
  2.0903117e-04   7.2548671e-04
  2.0674982e-04   7.2614015e-04
  2.0446642e-04   7.2678641e-04
  2.0218101e-04   7.2742549e-04
  1.9989360e-04   7.2805738e-04
  1.9760421e-04   7.2868208e-04
  1.9531287e-04   7.2929958e-04
  1.9301960e-04   7.2990988e-04
  1.9072442e-04   7.3051297e-04
  1.8842736e-04   7.3110884e-04
  1.8612844e-04   7.3169748e-04
  1.8382768e-04   7.3227890e-04
  1.8152510e-04   7.3285308e-04
  1.7922073e-04   7.3342002e-04
  1.7691459e-04   7.3397972e-04
  1.7460670e-04   7.3453216e-04
  1.7229709e-04   7.3507735e-04
  1.6998577e-04   7.3561528e-04
  1.6767278e-04   7.3614594e-04
  1.6535812e-04   7.3666932e-04
  1.6304184e-04   7.3718543e-04
  1.6072394e-04   7.3769426e-04
  1.5840446e-04   7.3819579e-04
  1.5608341e-04   7.3869004e-04
  1.5376082e-04   7.3917698e-04
  1.5143671e-04   7.3965663e-04
  1.4911110e-04   7.4012896e-04
  1.4678402e-04   7.4059399e-04
  1.4445549e-04   7.4105169e-04
  1.4212553e-04   7.4150208e-04
  1.3979417e-04   7.4194514e-04
  1.3746143e-04   7.4238087e-04
  1.3512733e-04   7.4280927e-04
  1.3279189e-04   7.4323032e-04
  1.3045515e-04   7.4364404e-04
  1.2811711e-04   7.4405041e-04
  1.2577781e-04   7.4444942e-04
  1.2343727e-04   7.4484108e-04
  1.2109550e-04   7.4522539e-04
  1.1875254e-04   7.4560233e-04
  1.1640841e-04   7.4597190e-04
  1.1406313e-04   7.4633411e-04
  1.1171671e-04   7.4668894e-04
  1.0936920e-04   7.4703640e-04
  1.0702061e-04   7.4737647e-04
  1.0467095e-04   7.4770916e-04
  1.0232027e-04   7.4803447e-04
  9.9968572e-05   7.4835238e-04
  9.7615888e-05   7.4866290e-04
  9.5262239e-05   7.4896602e-04
  9.2907649e-05   7.4926175e-04
  9.0552141e-05   7.4955007e-04
  8.8195739e-05   7.4983099e-04
  8.5838465e-05   7.5010450e-04
  8.3480343e-05   7.5037060e-04
  8.1121397e-05   7.5062928e-04
  7.8761649e-05   7.5088055e-04
  7.6401123e-05   7.5112440e-04
  7.4039842e-05   7.5136083e-04
  7.1677829e-05   7.5158984e-04
  6.9315109e-05   7.5181142e-04
  6.6951704e-05   7.5202558e-04
  6.4587637e-05   7.5223230e-04
  6.2222932e-05   7.5243160e-04
  5.9857613e-05   7.5262346e-04
  5.7491702e-05   7.5280788e-04
  5.5125223e-05   7.5298487e-04
  5.2758199e-05   7.5315441e-04
  5.0390655e-05   7.5331652e-04
  4.8022612e-05   7.5347119e-04
  4.5654095e-05   7.5361841e-04
  4.3285127e-05   7.5375818e-04
  4.0915731e-05   7.5389051e-04
  3.8545931e-05   7.5401539e-04
  3.6175751e-05   7.5413282e-04
  3.3805213e-05   7.5424280e-04
  3.1434340e-05   7.5434533e-04
  2.9063158e-05   7.5444041e-04
  2.6691688e-05   7.5452803e-04
  2.4319955e-05   7.5460820e-04
  2.1947981e-05   7.5468092e-04
  1.9575790e-05   7.5474617e-04
  1.7203406e-05   7.5480398e-04
  1.4830852e-05   7.5485432e-04
  1.2458152e-05   7.5489721e-04
  1.0085328e-05   7.5493264e-04
  7.7124051e-06   7.5496061e-04
  5.3394057e-06   7.5498112e-04
  2.9663536e-06   7.5499417e-04
  5.9327219e-07   7.5499977e-04
 -1.7798151e-06   7.5499790e-04
 -4.1528848e-06   7.5498858e-04
 -6.5259135e-06   7.5497180e-04
 -8.8988777e-06   7.5494755e-04
 -1.1271754e-05   7.5491585e-04
 -1.3644519e-05   7.5487670e-04
 -1.6017149e-05   7.5483008e-04
 -1.8389621e-05   7.5477601e-04
 -2.0761911e-05   7.5471448e-04
 -2.3133996e-05   7.5464549e-04
 -2.5505853e-05   7.5456905e-04
 -2.7877457e-05   7.5448515e-04
 -3.0248786e-05   7.5439380e-04
 -3.2619817e-05   7.5429500e-04
 -3.4990525e-05   7.5418875e-04
 -3.7360887e-05   7.5407504e-04
 -3.9730880e-05   7.5395388e-04
 -4.2100481e-05   7.5382528e-04
 -4.4469666e-05   7.5368923e-04
 -4.6838411e-05   7.5354573e-04
 -4.9206694e-05   7.5339478e-04
 -5.1574491e-05   7.5323640e-04
 -5.3941778e-05   7.5307057e-04
 -5.6308532e-05   7.5289730e-04
 -5.8674730e-05   7.5271660e-04
 -6.1040348e-05   7.5252846e-04
 -6.3405363e-05   7.5233288e-04
 -6.5769752e-05   7.5212987e-04
 -6.8133490e-05   7.5191943e-04
 -7.0496556e-05   7.5170156e-04
 -7.2858926e-05   7.5147627e-04
 -7.5220575e-05   7.5124355e-04
 -7.7581482e-05   7.5100340e-04
 -7.9941621e-05   7.5075584e-04
 -8.2300972e-05   7.5050087e-04
 -8.4659509e-05   7.5023847e-04
 -8.7017209e-05   7.4996867e-04
 -8.9374050e-05   7.4969146e-04
 -9.1730008e-05   7.4940684e-04
 -9.4085060e-05   7.4911481e-04
 -9.6439182e-05   7.4881539e-04
 -9.8792352e-05   7.4850856e-04
 -1.0114455e-04   7.4819435e-04
 -1.0349574e-04   7.4787274e-04
 -1.0584591e-04   7.4754374e-04
 -1.0819504e-04   7.4720736e-04
 -1.1054309e-04   7.4686359e-04
 -1.1289006e-04   7.4651245e-04
 -1.1523591e-04   7.4615393e-04
 -1.1758062e-04   7.4578804e-04
 -1.1992417e-04   7.4541478e-04
 -1.2226653e-04   7.4503416e-04
 -1.2460769e-04   7.4464617e-04
 -1.2694762e-04   7.4425083e-04
 -1.2928629e-04   7.4384814e-04
 -1.3162368e-04   7.4343810e-04
 -1.3395978e-04   7.4302071e-04
 -1.3629455e-04   7.4259598e-04
 -1.3862797e-04   7.4216392e-04
 -1.4096003e-04   7.4172452e-04
 -1.4329069e-04   7.4127780e-04
 -1.4561993e-04   7.4082375e-04
 -1.4794774e-04   7.4036239e-04
 -1.5027409e-04   7.3989371e-04
 -1.5259895e-04   7.3941772e-04
 -1.5492230e-04   7.3893442e-04
 -1.5724413e-04   7.3844383e-04
 -1.5956440e-04   7.3794594e-04
 -1.6188309e-04   7.3744075e-04
 -1.6420018e-04   7.3692829e-04
 -1.6651565e-04   7.3640854e-04
 -1.6882948e-04   7.3588152e-04
 -1.7114164e-04   7.3534722e-04
 -1.7345211e-04   7.3480567e-04
 -1.7576086e-04   7.3425685e-04
 -1.7806788e-04   7.3370078e-04
 -1.8037314e-04   7.3313746e-04
 -1.8267662e-04   7.3256689e-04
 -1.8497829e-04   7.3198909e-04
 -1.8727813e-04   7.3140406e-04
 -1.8957613e-04   7.3081180e-04
 -1.9187225e-04   7.3021233e-04
 -1.9416647e-04   7.2960563e-04
 -1.9645878e-04   7.2899173e-04
 -1.9874915e-04   7.2837063e-04
 -2.0103755e-04   7.2774233e-04
 -2.0332397e-04   7.2710685e-04
 -2.0560837e-04   7.2646417e-04
 -2.0789075e-04   7.2581433e-04
 -2.1017107e-04   7.2515731e-04
 -2.1244932e-04   7.2449312e-04
 -2.1472547e-04   7.2382178e-04
 -2.1699950e-04   7.2314329e-04
 -2.1927138e-04   7.2245765e-04
 -2.2154109e-04   7.2176488e-04
 -2.2380862e-04   7.2106498e-04
 -2.2607394e-04   7.2035795e-04
 -2.2833702e-04   7.1964380e-04
 -2.3059785e-04   7.1892255e-04
 -2.3285640e-04   7.1819419e-04
 -2.3511264e-04   7.1745874e-04
 -2.3736657e-04   7.1671620e-04
 -2.3961815e-04   7.1596658e-04
 -2.4186736e-04   7.1520988e-04
 -2.4411419e-04   7.1444612e-04
 -2.4635860e-04   7.1367530e-04
 -2.4860058e-04   7.1289744e-04
 -2.5084010e-04   7.1211252e-04
 -2.5307714e-04   7.1132057e-04
 -2.5531169e-04   7.1052160e-04
 -2.5754371e-04   7.0971560e-04
 -2.5977319e-04   7.0890260e-04
 -2.6200010e-04   7.0808259e-04
 -2.6422442e-04   7.0725558e-04
 -2.6644613e-04   7.0642159e-04
 -2.6866521e-04   7.0558062e-04
 -2.7088163e-04   7.0473267e-04
 -2.7309538e-04   7.0387777e-04
 -2.7530643e-04   7.0301591e-04
 -2.7751476e-04   7.0214710e-04
 -2.7972035e-04   7.0127136e-04
 -2.8192318e-04   7.0038869e-04
 -2.8412322e-04   6.9949910e-04
 -2.8632045e-04   6.9860260e-04
 -2.8851486e-04   6.9769920e-04
 -2.9070641e-04   6.9678891e-04
 -2.9289509e-04   6.9587173e-04
 -2.9508088e-04   6.9494768e-04
 -2.9726376e-04   6.9401676e-04
 -2.9944369e-04   6.9307898e-04
 -3.0162067e-04   6.9213436e-04
 -3.0379467e-04   6.9118290e-04
 -3.0596567e-04   6.9022461e-04
 -3.0813364e-04   6.8925950e-04
 -3.1029857e-04   6.8828758e-04
 -3.1246044e-04   6.8730887e-04
 -3.1461921e-04   6.8632336e-04
 -3.1677488e-04   6.8533107e-04
 -3.1892742e-04   6.8433201e-04
 -3.2107681e-04   6.8332619e-04
 -3.2322303e-04   6.8231362e-04
 -3.2536605e-04   6.8129431e-04
 -3.2750586e-04   6.8026826e-04
 -3.2964243e-04   6.7923550e-04
 -3.3177575e-04   6.7819603e-04
 -3.3390579e-04   6.7714985e-04
 -3.3603253e-04   6.7609699e-04
 -3.3815595e-04   6.7503745e-04
 -3.4027603e-04   6.7397123e-04
 -3.4239275e-04   6.7289836e-04
 -3.4450608e-04   6.7181884e-04
 -3.4661602e-04   6.7073269e-04
 -3.4872252e-04   6.6963990e-04
 -3.5082559e-04   6.6854051e-04
 -3.5292518e-04   6.6743450e-04
 -3.5502129e-04   6.6632191e-04
 -3.5711389e-04   6.6520273e-04
 -3.5920297e-04   6.6407697e-04
 -3.6128849e-04   6.6294466e-04
 -3.6337045e-04   6.6180580e-04
 -3.6544881e-04   6.6066040e-04
 -3.6752357e-04   6.5950847e-04
 -3.6959469e-04   6.5835003e-04
 -3.7166217e-04   6.5718508e-04
 -3.7372597e-04   6.5601364e-04
 -3.7578608e-04   6.5483572e-04
 -3.7784247e-04   6.5365133e-04
 -3.7989514e-04   6.5246048e-04
 -3.8194405e-04   6.5126319e-04
 -3.8398919e-04   6.5005946e-04
 -3.8603053e-04   6.4884931e-04
 -3.8806806e-04   6.4763275e-04
 -3.9010175e-04   6.4640979e-04
 -3.9213160e-04   6.4518045e-04
 -3.9415756e-04   6.4394473e-04
 -3.9617964e-04   6.4270265e-04
 -3.9819780e-04   6.4145422e-04
 -4.0021202e-04   6.4019945e-04
 -4.0222229e-04   6.3893836e-04
 -4.0422859e-04   6.3767095e-04
 -4.0623090e-04   6.3639725e-04
 -4.0822919e-04   6.3511726e-04
 -4.1022345e-04   6.3383099e-04
 -4.1221365e-04   6.3253846e-04
 -4.1419978e-04   6.3123968e-04
 -4.1618182e-04   6.2993467e-04
 -4.1815975e-04   6.2862343e-04
 -4.2013355e-04   6.2730598e-04
 -4.2210320e-04   6.2598234e-04
 -4.2406868e-04   6.2465251e-04
 -4.2602996e-04   6.2331651e-04
 -4.2798704e-04   6.2197435e-04
 -4.2993989e-04   6.2062605e-04
 -4.3188849e-04   6.1927161e-04
 -4.3383283e-04   6.1791106e-04
 -4.3577288e-04   6.1654440e-04
 -4.3770862e-04   6.1517165e-04
 -4.3964004e-04   6.1379282e-04
 -4.4156712e-04   6.1240793e-04
 -4.4348984e-04   6.1101699e-04
 -4.4540817e-04   6.0962002e-04
 -4.4732210e-04   6.0821702e-04
 -4.4923161e-04   6.0680801e-04
 -4.5113669e-04   6.0539300e-04
 -4.5303731e-04   6.0397202e-04
 -4.5493345e-04   6.0254507e-04
 -4.5682510e-04   6.0111216e-04
 -4.5871223e-04   5.9967332e-04
 -4.6059483e-04   5.9822855e-04
 -4.6247289e-04   5.9677787e-04
 -4.6434637e-04   5.9532130e-04
 -4.6621527e-04   5.9385884e-04
 -4.6807956e-04   5.9239052e-04
 -4.6993922e-04   5.9091635e-04
 -4.7179424e-04   5.8943633e-04
 -4.7364461e-04   5.8795050e-04
 -4.7549029e-04   5.8645885e-04
 -4.7733127e-04   5.8496141e-04
 -4.7916754e-04   5.8345820e-04
 -4.8099908e-04   5.8194921e-04
 -4.8282586e-04   5.8043448e-04
 -4.8464787e-04   5.7891402e-04
 -4.8646510e-04   5.7738783e-04
 -4.8827752e-04   5.7585594e-04
 -4.9008511e-04   5.7431837e-04
 -4.9188786e-04   5.7277511e-04
 -4.9368576e-04   5.7122620e-04
 -4.9547877e-04   5.6967165e-04
 -4.9726689e-04   5.6811146e-04
 -4.9905010e-04   5.6654567e-04
 -5.0082838e-04   5.6497428e-04
 -5.0260171e-04   5.6339730e-04
 -5.0437008e-04   5.6181476e-04
 -5.0613346e-04   5.6022667e-04
 -5.0789184e-04   5.5863305e-04
 -5.0964520e-04   5.5703390e-04
 -5.1139353e-04   5.5542925e-04
 -5.1313681e-04   5.5381912e-04
 -5.1487501e-04   5.5220351e-04
 -5.1660813e-04   5.5058245e-04
 -5.1833615e-04   5.4895595e-04
 -5.2005905e-04   5.4732403e-04
 -5.2177680e-04   5.4568669e-04
 -5.2348941e-04   5.4404397e-04
 -5.2519684e-04   5.4239587e-04
 -5.2689908e-04   5.4074242e-04
 -5.2859612e-04   5.3908362e-04
 -5.3028793e-04   5.3741949e-04
 -5.3197451e-04   5.3575006e-04
 -5.3365583e-04   5.3407533e-04
 -5.3533187e-04   5.3239533e-04
 -5.3700263e-04   5.3071007e-04
 -5.3866809e-04   5.2901956e-04
 -5.4032822e-04   5.2732383e-04
 -5.4198301e-04   5.2562288e-04
 -5.4363245e-04   5.2391675e-04
 -5.4527652e-04   5.2220544e-04
 -5.4691520e-04   5.2048897e-04
 -5.4854848e-04   5.1876735e-04
 -5.5017634e-04   5.1704062e-04
 -5.5179876e-04   5.1530877e-04
 -5.5341573e-04   5.1357183e-04
 -5.5502723e-04   5.1182982e-04
 -5.5663326e-04   5.1008276e-04
 -5.5823378e-04   5.0833065e-04
 -5.5982878e-04   5.0657352e-04
 -5.6141826e-04   5.0481139e-04
 -5.6300219e-04   5.0304427e-04
 -5.6458056e-04   5.0127218e-04
 -5.6615335e-04   4.9949513e-04
 -5.6772054e-04   4.9771316e-04
 -5.6928213e-04   4.9592626e-04
 -5.7083809e-04   4.9413447e-04
 -5.7238841e-04   4.9233779e-04
 -5.7393308e-04   4.9053625e-04
 -5.7547208e-04   4.8872987e-04
 -5.7700539e-04   4.8691865e-04
 -5.7853301e-04   4.8510263e-04
 -5.8005490e-04   4.8328181e-04
 -5.8157107e-04   4.8145622e-04
 -5.8308149e-04   4.7962587e-04
 -5.8458615e-04   4.7779078e-04
 -5.8608504e-04   4.7595097e-04
 -5.8757813e-04   4.7410647e-04
 -5.8906542e-04   4.7225727e-04
 -5.9054689e-04   4.7040341e-04
 -5.9202253e-04   4.6854491e-04
 -5.9349231e-04   4.6668177e-04
 -5.9495624e-04   4.6481402e-04
 -5.9641428e-04   4.6294169e-04
 -5.9786643e-04   4.6106477e-04
 -5.9931268e-04   4.5918331e-04
 -6.0075301e-04   4.5729730e-04
 -6.0218740e-04   4.5540678e-04
 -6.0361584e-04   4.5351176e-04
 -6.0503832e-04   4.5161226e-04
 -6.0645482e-04   4.4970830e-04
 -6.0786533e-04   4.4779989e-04
 -6.0926983e-04   4.4588707e-04
 -6.1066831e-04   4.4396983e-04
 -6.1206077e-04   4.4204821e-04
 -6.1344717e-04   4.4012222e-04
 -6.1482751e-04   4.3819189e-04
 -6.1620178e-04   4.3625722e-04
 -6.1756997e-04   4.3431825e-04
 -6.1893205e-04   4.3237498e-04
 -6.2028801e-04   4.3042744e-04
 -6.2163785e-04   4.2847565e-04
 -6.2298155e-04   4.2651963e-04
 -6.2431909e-04   4.2455939e-04
 -6.2565046e-04   4.2259496e-04
 -6.2697565e-04   4.2062635e-04
 -6.2829465e-04   4.1865359e-04
 -6.2960744e-04   4.1667669e-04
 -6.3091401e-04   4.1469568e-04
 -6.3221435e-04   4.1271057e-04
 -6.3350844e-04   4.1072138e-04
 -6.3479628e-04   4.0872813e-04
 -6.3607784e-04   4.0673085e-04
 -6.3735312e-04   4.0472954e-04
 -6.3862210e-04   4.0272424e-04
 -6.3988477e-04   4.0071496e-04
 -6.4114112e-04   3.9870172e-04
 -6.4239114e-04   3.9668455e-04
 -6.4363481e-04   3.9466345e-04
 -6.4487212e-04   3.9263845e-04
 -6.4610306e-04   3.9060958e-04
 -6.4732761e-04   3.8857684e-04
 -6.4854577e-04   3.8654027e-04
 -6.4975753e-04   3.8449988e-04
 -6.5096286e-04   3.8245569e-04
 -6.5216177e-04   3.8040772e-04
 -6.5335423e-04   3.7835599e-04
 -6.5454023e-04   3.7630053e-04
 -6.5571977e-04   3.7424134e-04
 -6.5689283e-04   3.7217846e-04
 -6.5805940e-04   3.7011191e-04
 -6.5921947e-04   3.6804169e-04
 -6.6037303e-04   3.6596784e-04
 -6.6152006e-04   3.6389038e-04
 -6.6266056e-04   3.6180932e-04
 -6.6379451e-04   3.5972468e-04
 -6.6492190e-04   3.5763649e-04
 -6.6604273e-04   3.5554477e-04
 -6.6715697e-04   3.5344954e-04
 -6.6826462e-04   3.5135081e-04
 -6.6936567e-04   3.4924861e-04
 -6.7046011e-04   3.4714296e-04
 -6.7154793e-04   3.4503389e-04
 -6.7262911e-04   3.4292140e-04
 -6.7370364e-04   3.4080553e-04
 -6.7477152e-04   3.3868629e-04
 -6.7583273e-04   3.3656370e-04
 -6.7688726e-04   3.3443779e-04
 -6.7793511e-04   3.3230857e-04
 -6.7897626e-04   3.3017607e-04
 -6.8001070e-04   3.2804031e-04
 -6.8103843e-04   3.2590131e-04
 -6.8205942e-04   3.2375908e-04
 -6.8307368e-04   3.2161366e-04
 -6.8408119e-04   3.1946507e-04
 -6.8508194e-04   3.1731331e-04
 -6.8607592e-04   3.1515842e-04
 -6.8706312e-04   3.1300042e-04
 -6.8804354e-04   3.1083933e-04
 -6.8901716e-04   3.0867516e-04
 -6.8998397e-04   3.0650794e-04
 -6.9094397e-04   3.0433770e-04
 -6.9189713e-04   3.0216445e-04
 -6.9284347e-04   2.9998822e-04
 -6.9378296e-04   2.9780902e-04
 -6.9471559e-04   2.9562688e-04
 -6.9564136e-04   2.9344181e-04
 -6.9656026e-04   2.9125385e-04
 -6.9747227e-04   2.8906301e-04
 -6.9837740e-04   2.8686932e-04
 -6.9927563e-04   2.8467279e-04
 -7.0016694e-04   2.8247345e-04
 -7.0105134e-04   2.8027132e-04
 -7.0192882e-04   2.7806642e-04
 -7.0279936e-04   2.7585877e-04
 -7.0366295e-04   2.7364840e-04
 -7.0451960e-04   2.7143532e-04
 -7.0536928e-04   2.6921956e-04
 -7.0621200e-04   2.6700115e-04
 -7.0704774e-04   2.6478009e-04
 -7.0787649e-04   2.6255642e-04
 -7.0869825e-04   2.6033015e-04
 -7.0951301e-04   2.5810132e-04
 -7.1032076e-04   2.5586993e-04
 -7.1112149e-04   2.5363601e-04
 -7.1191519e-04   2.5139959e-04
 -7.1270187e-04   2.4916069e-04
 -7.1348150e-04   2.4691932e-04
 -7.1425408e-04   2.4467552e-04
 -7.1501961e-04   2.4242929e-04
 -7.1577807e-04   2.4018068e-04
 -7.1652946e-04   2.3792969e-04
 -7.1727377e-04   2.3567634e-04
 -7.1801099e-04   2.3342067e-04
 -7.1874113e-04   2.3116270e-04
 -7.1946416e-04   2.2890244e-04
 -7.2018008e-04   2.2663992e-04
 -7.2088889e-04   2.2437516e-04
 -7.2159057e-04   2.2210818e-04
 -7.2228513e-04   2.1983901e-04
 -7.2297255e-04   2.1756767e-04
 -7.2365283e-04   2.1529418e-04
 -7.2432596e-04   2.1301856e-04
 -7.2499193e-04   2.1074083e-04
 -7.2565074e-04   2.0846103e-04
 -7.2630238e-04   2.0617916e-04
 -7.2694685e-04   2.0389526e-04
 -7.2758414e-04   2.0160934e-04
 -7.2821423e-04   1.9932143e-04
 -7.2883713e-04   1.9703155e-04
 -7.2945283e-04   1.9473973e-04
 -7.3006133e-04   1.9244598e-04
 -7.3066261e-04   1.9015033e-04
 -7.3125667e-04   1.8785280e-04
 -7.3184351e-04   1.8555342e-04
 -7.3242312e-04   1.8325220e-04
 -7.3299550e-04   1.8094918e-04
 -7.3356063e-04   1.7864436e-04
 -7.3411851e-04   1.7633778e-04
 -7.3466914e-04   1.7402946e-04
 -7.3521251e-04   1.7171942e-04
 -7.3574862e-04   1.6940768e-04
 -7.3627747e-04   1.6709427e-04
 -7.3679903e-04   1.6477920e-04
 -7.3731332e-04   1.6246251e-04
 -7.3782032e-04   1.6014422e-04
 -7.3832004e-04   1.5782434e-04
 -7.3881246e-04   1.5550290e-04
 -7.3929758e-04   1.5317993e-04
 -7.3977540e-04   1.5085544e-04
 -7.4024590e-04   1.4852947e-04
 -7.4070910e-04   1.4620202e-04
 -7.4116498e-04   1.4387313e-04
 -7.4161353e-04   1.4154282e-04
 -7.4205476e-04   1.3921112e-04
 -7.4248866e-04   1.3687803e-04
 -7.4291522e-04   1.3454360e-04
 -7.4333444e-04   1.3220783e-04
 -7.4374632e-04   1.2987076e-04
 -7.4415085e-04   1.2753240e-04
 -7.4454803e-04   1.2519279e-04
 -7.4493785e-04   1.2285194e-04
 -7.4532031e-04   1.2050987e-04
 -7.4569541e-04   1.1816662e-04
 -7.4606315e-04   1.1582219e-04
 -7.4642351e-04   1.1347663e-04
 -7.4677650e-04   1.1112994e-04
 -7.4712211e-04   1.0878215e-04
 -7.4746034e-04   1.0643329e-04
 -7.4779118e-04   1.0408338e-04
 -7.4811464e-04   1.0173244e-04
 -7.4843070e-04   9.9380493e-05
 -7.4873937e-04   9.7027565e-05
 -7.4904065e-04   9.4673679e-05
 -7.4933452e-04   9.2318857e-05
 -7.4962100e-04   8.9963123e-05
 -7.4990006e-04   8.7606501e-05
 -7.5017172e-04   8.5249013e-05
 -7.5043596e-04   8.2890683e-05
 -7.5069279e-04   8.0531534e-05
 -7.5094221e-04   7.8171589e-05
 -7.5118421e-04   7.5810872e-05
 -7.5141878e-04   7.3449406e-05
 -7.5164593e-04   7.1087215e-05
 -7.5186566e-04   6.8724321e-05
 -7.5207796e-04   6.6360748e-05
 -7.5228282e-04   6.3996520e-05
 -7.5248026e-04   6.1631659e-05
 -7.5267026e-04   5.9266189e-05
 -7.5285282e-04   5.6900134e-05
 -7.5302795e-04   5.4533517e-05
 -7.5319564e-04   5.2166361e-05
 -7.5335589e-04   4.9798690e-05
 -7.5350869e-04   4.7430526e-05
 -7.5365405e-04   4.5061894e-05
 -7.5379196e-04   4.2692817e-05
 -7.5392243e-04   4.0323318e-05
 -7.5404545e-04   3.7953421e-05
 -7.5416102e-04   3.5583149e-05
 -7.5426914e-04   3.3212525e-05
 -7.5436980e-04   3.0841573e-05
 -7.5446302e-04   2.8470316e-05
 -7.5454877e-04   2.6098778e-05
 -7.5462708e-04   2.3726983e-05
 -7.5469793e-04   2.1354953e-05
 -7.5476132e-04   1.8982711e-05
 -7.5481726e-04   1.6610283e-05
 -7.5486574e-04   1.4237690e-05
 -7.5490676e-04   1.1864957e-05
 -7.5494033e-04   9.4921059e-06
 -7.5496643e-04   7.1191615e-06
 -7.5498508e-04   4.7461467e-06
 -7.5499627e-04   2.3730851e-06
 -7.5500000e-04   0.0000000e+00
 -9.3272500e-04   0.0000000e+00

 -7.5500000e-04   0.0000000e+00
 -7.5499627e-04   2.3730851e-06
 -7.5498508e-04   4.7461467e-06
 -7.5496643e-04   7.1191615e-06
 -7.5494033e-04   9.4921059e-06
 -7.5490676e-04   1.1864957e-05
 -7.5486574e-04   1.4237690e-05
 -7.5481726e-04   1.6610283e-05
 -7.5476132e-04   1.8982711e-05
 -7.5469793e-04   2.1354953e-05
 -7.5462708e-04   2.3726983e-05
 -7.5454877e-04   2.6098778e-05
 -7.5446302e-04   2.8470316e-05
 -7.5436980e-04   3.0841573e-05
 -7.5426914e-04   3.3212525e-05
 -7.5416102e-04   3.5583149e-05
 -7.5404545e-04   3.7953421e-05
 -7.5392243e-04   4.0323318e-05
 -7.5379196e-04   4.2692817e-05
 -7.5365405e-04   4.5061894e-05
 -7.5350869e-04   4.7430526e-05
 -7.5335589e-04   4.9798690e-05
 -7.5319564e-04   5.2166361e-05
 -7.5302795e-04   5.4533517e-05
 -7.5285282e-04   5.6900134e-05
 -7.5267026e-04   5.9266189e-05
 -7.5248026e-04   6.1631659e-05
 -7.5228282e-04   6.3996520e-05
 -7.5207796e-04   6.6360748e-05
 -7.5186566e-04   6.8724321e-05
 -7.5164593e-04   7.1087215e-05
 -7.5141878e-04   7.3449406e-05
 -7.5118421e-04   7.5810872e-05
 -7.5094221e-04   7.8171589e-05
 -7.5069279e-04   8.0531534e-05
 -7.5043596e-04   8.2890683e-05
 -7.5017172e-04   8.5249013e-05
 -7.4990006e-04   8.7606501e-05
 -7.4962100e-04   8.9963123e-05
 -7.4933452e-04   9.2318857e-05
 -7.4904065e-04   9.4673679e-05
 -7.4873937e-04   9.7027565e-05
 -7.4843070e-04   9.9380493e-05
 -7.4811464e-04   1.0173244e-04
 -7.4779118e-04   1.0408338e-04
 -7.4746034e-04   1.0643329e-04
 -7.4712211e-04   1.0878215e-04
 -7.4677650e-04   1.1112994e-04
 -7.4642351e-04   1.1347663e-04
 -7.4606315e-04   1.1582219e-04
 -7.4569541e-04   1.1816662e-04
 -7.4532031e-04   1.2050987e-04
 -7.4493785e-04   1.2285194e-04
 -7.4454803e-04   1.2519279e-04
 -7.4415085e-04   1.2753240e-04
 -7.4374632e-04   1.2987076e-04
 -7.4333444e-04   1.3220783e-04
 -7.4291522e-04   1.3454360e-04
 -7.4248866e-04   1.3687803e-04
 -7.4205476e-04   1.3921112e-04
 -7.4161353e-04   1.4154282e-04
 -7.4116498e-04   1.4387313e-04
 -7.4070910e-04   1.4620202e-04
 -7.4024590e-04   1.4852947e-04
 -7.3977540e-04   1.5085544e-04
 -7.3929758e-04   1.5317993e-04
 -7.3881246e-04   1.5550290e-04
 -7.3832004e-04   1.5782434e-04
 -7.3782032e-04   1.6014422e-04
 -7.3731332e-04   1.6246251e-04
 -7.3679903e-04   1.6477920e-04
 -7.3627747e-04   1.6709427e-04
 -7.3574862e-04   1.6940768e-04
 -7.3521251e-04   1.7171942e-04
 -7.3466914e-04   1.7402946e-04
 -7.3411851e-04   1.7633778e-04
 -7.3356063e-04   1.7864436e-04
 -7.3299550e-04   1.8094918e-04
 -7.3242312e-04   1.8325220e-04
 -7.3184351e-04   1.8555342e-04
 -7.3125667e-04   1.8785280e-04
 -7.3066261e-04   1.9015033e-04
 -7.3006133e-04   1.9244598e-04
 -7.2945283e-04   1.9473973e-04
 -7.2883713e-04   1.9703155e-04
 -7.2821423e-04   1.9932143e-04
 -7.2758414e-04   2.0160934e-04
 -7.2694685e-04   2.0389526e-04
 -7.2630238e-04   2.0617916e-04
 -7.2565074e-04   2.0846103e-04
 -7.2499193e-04   2.1074083e-04
 -7.2432596e-04   2.1301856e-04
 -7.2365283e-04   2.1529418e-04
 -7.2297255e-04   2.1756767e-04
 -7.2228513e-04   2.1983901e-04
 -7.2159057e-04   2.2210818e-04
 -7.2088889e-04   2.2437516e-04
 -7.2018008e-04   2.2663992e-04
 -7.1946416e-04   2.2890244e-04
 -7.1874113e-04   2.3116270e-04
 -7.1801099e-04   2.3342067e-04
 -7.1727377e-04   2.3567634e-04
 -7.1652946e-04   2.3792969e-04
 -7.1577807e-04   2.4018068e-04
 -7.1501961e-04   2.4242929e-04
 -7.1425408e-04   2.4467552e-04
 -7.1348150e-04   2.4691932e-04
 -7.1270187e-04   2.4916069e-04
 -7.1191519e-04   2.5139959e-04
 -7.1112149e-04   2.5363601e-04
 -7.1032076e-04   2.5586993e-04
 -7.0951301e-04   2.5810132e-04
 -7.0869825e-04   2.6033015e-04
 -7.0787649e-04   2.6255642e-04
 -7.0704774e-04   2.6478009e-04
 -7.0621200e-04   2.6700115e-04
 -7.0536928e-04   2.6921956e-04
 -7.0451960e-04   2.7143532e-04
 -7.0366295e-04   2.7364840e-04
 -7.0279936e-04   2.7585877e-04
 -7.0192882e-04   2.7806642e-04
 -7.0105134e-04   2.8027132e-04
 -7.0016694e-04   2.8247345e-04
 -6.9927563e-04   2.8467279e-04
 -6.9837740e-04   2.8686932e-04
 -6.9747227e-04   2.8906301e-04
 -6.9656026e-04   2.9125385e-04
 -6.9564136e-04   2.9344181e-04
 -6.9471559e-04   2.9562688e-04
 -6.9378296e-04   2.9780902e-04
 -6.9284347e-04   2.9998822e-04
 -6.9189713e-04   3.0216445e-04
 -6.9094397e-04   3.0433770e-04
 -6.8998397e-04   3.0650794e-04
 -6.8901716e-04   3.0867516e-04
 -6.8804354e-04   3.1083933e-04
 -6.8706312e-04   3.1300042e-04
 -6.8607592e-04   3.1515842e-04
 -6.8508194e-04   3.1731331e-04
 -6.8408119e-04   3.1946507e-04
 -6.8307368e-04   3.2161366e-04
 -6.8205942e-04   3.2375908e-04
 -6.8103843e-04   3.2590131e-04
 -6.8001070e-04   3.2804031e-04
 -6.7897626e-04   3.3017607e-04
 -6.7793511e-04   3.3230857e-04
 -6.7688726e-04   3.3443779e-04
 -6.7583273e-04   3.3656370e-04
 -6.7477152e-04   3.3868629e-04
 -6.7370364e-04   3.4080553e-04
 -6.7262911e-04   3.4292140e-04
 -6.7154793e-04   3.4503389e-04
 -6.7046011e-04   3.4714296e-04
 -6.6936567e-04   3.4924861e-04
 -6.6826462e-04   3.5135081e-04
 -6.6715697e-04   3.5344954e-04
 -6.6604273e-04   3.5554477e-04
 -6.6492190e-04   3.5763649e-04
 -6.6379451e-04   3.5972468e-04
 -6.6266056e-04   3.6180932e-04
 -6.6152006e-04   3.6389038e-04
 -6.6037303e-04   3.6596784e-04
 -6.5921947e-04   3.6804169e-04
 -6.5805940e-04   3.7011191e-04
 -6.5689283e-04   3.7217846e-04
 -6.5571977e-04   3.7424134e-04
 -6.5454023e-04   3.7630053e-04
 -6.5335423e-04   3.7835599e-04
 -6.5216177e-04   3.8040772e-04
 -6.5096286e-04   3.8245569e-04
 -6.4975753e-04   3.8449988e-04
 -6.4854577e-04   3.8654027e-04
 -6.4732761e-04   3.8857684e-04
 -6.4610306e-04   3.9060958e-04
 -6.4487212e-04   3.9263845e-04
 -6.4363481e-04   3.9466345e-04
 -6.4239114e-04   3.9668455e-04
 -6.4114112e-04   3.9870172e-04
 -6.3988477e-04   4.0071496e-04
 -6.3862210e-04   4.0272424e-04
 -6.3735312e-04   4.0472954e-04
 -6.3607784e-04   4.0673085e-04
 -6.3479628e-04   4.0872813e-04
 -6.3350844e-04   4.1072138e-04
 -6.3221435e-04   4.1271057e-04
 -6.3091401e-04   4.1469568e-04
 -6.2960744e-04   4.1667669e-04
 -6.2829465e-04   4.1865359e-04
 -6.2697565e-04   4.2062635e-04
 -6.2565046e-04   4.2259496e-04
 -6.2431909e-04   4.2455939e-04
 -6.2298155e-04   4.2651963e-04
 -6.2163785e-04   4.2847565e-04
 -6.2028801e-04   4.3042744e-04
 -6.1893205e-04   4.3237498e-04
 -6.1756997e-04   4.3431825e-04
 -6.1620178e-04   4.3625722e-04
 -6.1482751e-04   4.3819189e-04
 -6.1344717e-04   4.4012222e-04
 -6.1206077e-04   4.4204821e-04
 -6.1066831e-04   4.4396983e-04
 -6.0926983e-04   4.4588707e-04
 -6.0786533e-04   4.4779989e-04
 -6.0645482e-04   4.4970830e-04
 -6.0503832e-04   4.5161226e-04
 -6.0361584e-04   4.5351176e-04
 -6.0218740e-04   4.5540678e-04
 -6.0075301e-04   4.5729730e-04
 -5.9931268e-04   4.5918331e-04
 -5.9786643e-04   4.6106477e-04
 -5.9641428e-04   4.6294169e-04
 -5.9495624e-04   4.6481402e-04
 -5.9349231e-04   4.6668177e-04
 -5.9202253e-04   4.6854491e-04
 -5.9054689e-04   4.7040341e-04
 -5.8906542e-04   4.7225727e-04
 -5.8757813e-04   4.7410647e-04
 -5.8608504e-04   4.7595097e-04
 -5.8458615e-04   4.7779078e-04
 -5.8308149e-04   4.7962587e-04
 -5.8157107e-04   4.8145622e-04
 -5.8005490e-04   4.8328181e-04
 -5.7853301e-04   4.8510263e-04
 -5.7700539e-04   4.8691865e-04
 -5.7547208e-04   4.8872987e-04
 -5.7393308e-04   4.9053625e-04
 -5.7238841e-04   4.9233779e-04
 -5.7083809e-04   4.9413447e-04
 -5.6928213e-04   4.9592626e-04
 -5.6772054e-04   4.9771316e-04
 -5.6615335e-04   4.9949513e-04
 -5.6458056e-04   5.0127218e-04
 -5.6300219e-04   5.0304427e-04
 -5.6141826e-04   5.0481139e-04
 -5.5982878e-04   5.0657352e-04
 -5.5823378e-04   5.0833065e-04
 -5.5663326e-04   5.1008276e-04
 -5.5502723e-04   5.1182982e-04
 -5.5341573e-04   5.1357183e-04
 -5.5179876e-04   5.1530877e-04
 -5.5017634e-04   5.1704062e-04
 -5.4854848e-04   5.1876735e-04
 -5.4691520e-04   5.2048897e-04
 -5.4527652e-04   5.2220544e-04
 -5.4363245e-04   5.2391675e-04
 -5.4198301e-04   5.2562288e-04
 -5.4032822e-04   5.2732383e-04
 -5.3866809e-04   5.2901956e-04
 -5.3700263e-04   5.3071007e-04
 -5.3533187e-04   5.3239533e-04
 -5.3365583e-04   5.3407533e-04
 -5.3197451e-04   5.3575006e-04
 -5.3028793e-04   5.3741949e-04
 -5.2859612e-04   5.3908362e-04
 -5.2689908e-04   5.4074242e-04
 -5.2519684e-04   5.4239587e-04
 -5.2348941e-04   5.4404397e-04
 -5.2177680e-04   5.4568669e-04
 -5.2005905e-04   5.4732403e-04
 -5.1833615e-04   5.4895595e-04
 -5.1660813e-04   5.5058245e-04
 -5.1487501e-04   5.5220351e-04
 -5.1313681e-04   5.5381912e-04
 -5.1139353e-04   5.5542925e-04
 -5.0964520e-04   5.5703390e-04
 -5.0789184e-04   5.5863305e-04
 -5.0613346e-04   5.6022667e-04
 -5.0437008e-04   5.6181476e-04
 -5.0260171e-04   5.6339730e-04
 -5.0082838e-04   5.6497428e-04
 -4.9905010e-04   5.6654567e-04
 -4.9726689e-04   5.6811146e-04
 -4.9547877e-04   5.6967165e-04
 -4.9368576e-04   5.7122620e-04
 -4.9188786e-04   5.7277511e-04
 -4.9008511e-04   5.7431837e-04
 -4.8827752e-04   5.7585594e-04
 -4.8646510e-04   5.7738783e-04
 -4.8464787e-04   5.7891402e-04
 -4.8282586e-04   5.8043448e-04
 -4.8099908e-04   5.8194921e-04
 -4.7916754e-04   5.8345820e-04
 -4.7733127e-04   5.8496141e-04
 -4.7549029e-04   5.8645885e-04
 -4.7364461e-04   5.8795050e-04
 -4.7179424e-04   5.8943633e-04
 -4.6993922e-04   5.9091635e-04
 -4.6807956e-04   5.9239052e-04
 -4.6621527e-04   5.9385884e-04
 -4.6434637e-04   5.9532130e-04
 -4.6247289e-04   5.9677787e-04
 -4.6059483e-04   5.9822855e-04
 -4.5871223e-04   5.9967332e-04
 -4.5682510e-04   6.0111216e-04
 -4.5493345e-04   6.0254507e-04
 -4.5303731e-04   6.0397202e-04
 -4.5113669e-04   6.0539300e-04
 -4.4923161e-04   6.0680801e-04
 -4.4732210e-04   6.0821702e-04
 -4.4540817e-04   6.0962002e-04
 -4.4348984e-04   6.1101699e-04
 -4.4156712e-04   6.1240793e-04
 -4.3964004e-04   6.1379282e-04
 -4.3770862e-04   6.1517165e-04
 -4.3577288e-04   6.1654440e-04
 -4.3383283e-04   6.1791106e-04
 -4.3188849e-04   6.1927161e-04
 -4.2993989e-04   6.2062605e-04
 -4.2798704e-04   6.2197435e-04
 -4.2602996e-04   6.2331651e-04
 -4.2406868e-04   6.2465251e-04
 -4.2210320e-04   6.2598234e-04
 -4.2013355e-04   6.2730598e-04
 -4.1815975e-04   6.2862343e-04
 -4.1618182e-04   6.2993467e-04
 -4.1419978e-04   6.3123968e-04
 -4.1221365e-04   6.3253846e-04
 -4.1022345e-04   6.3383099e-04
 -4.0822919e-04   6.3511726e-04
 -4.0623090e-04   6.3639725e-04
 -4.0422859e-04   6.3767095e-04
 -4.0222229e-04   6.3893836e-04
 -4.0021202e-04   6.4019945e-04
 -3.9819780e-04   6.4145422e-04
 -3.9617964e-04   6.4270265e-04
 -3.9415756e-04   6.4394473e-04
 -3.9213160e-04   6.4518045e-04
 -3.9010175e-04   6.4640979e-04
 -3.8806806e-04   6.4763275e-04
 -3.8603053e-04   6.4884931e-04
 -3.8398919e-04   6.5005946e-04
 -3.8194405e-04   6.5126319e-04
 -3.7989514e-04   6.5246048e-04
 -3.7784247e-04   6.5365133e-04
 -3.7578608e-04   6.5483572e-04
 -3.7372597e-04   6.5601364e-04
 -3.7166217e-04   6.5718508e-04
 -3.6959469e-04   6.5835003e-04
 -3.6752357e-04   6.5950847e-04
 -3.6544881e-04   6.6066040e-04
 -3.6337045e-04   6.6180580e-04
 -3.6128849e-04   6.6294466e-04
 -3.5920297e-04   6.6407697e-04
 -3.5711389e-04   6.6520273e-04
 -3.5502129e-04   6.6632191e-04
 -3.5292518e-04   6.6743450e-04
 -3.5082559e-04   6.6854051e-04
 -3.4872252e-04   6.6963990e-04
 -3.4661602e-04   6.7073269e-04
 -3.4450608e-04   6.7181884e-04
 -3.4239275e-04   6.7289836e-04
 -3.4027603e-04   6.7397123e-04
 -3.3815595e-04   6.7503745e-04
 -3.3603253e-04   6.7609699e-04
 -3.3390579e-04   6.7714985e-04
 -3.3177575e-04   6.7819603e-04
 -3.2964243e-04   6.7923550e-04
 -3.2750586e-04   6.8026826e-04
 -3.2536605e-04   6.8129431e-04
 -3.2322303e-04   6.8231362e-04
 -3.2107681e-04   6.8332619e-04
 -3.1892742e-04   6.8433201e-04
 -3.1677488e-04   6.8533107e-04
 -3.1461921e-04   6.8632336e-04
 -3.1246044e-04   6.8730887e-04
 -3.1029857e-04   6.8828758e-04
 -3.0813364e-04   6.8925950e-04
 -3.0596567e-04   6.9022461e-04
 -3.0379467e-04   6.9118290e-04
 -3.0162067e-04   6.9213436e-04
 -2.9944369e-04   6.9307898e-04
 -2.9726376e-04   6.9401676e-04
 -2.9508088e-04   6.9494768e-04
 -2.9289509e-04   6.9587173e-04
 -2.9070641e-04   6.9678891e-04
 -2.8851486e-04   6.9769920e-04
 -2.8632045e-04   6.9860260e-04
 -2.8412322e-04   6.9949910e-04
 -2.8192318e-04   7.0038869e-04
 -2.7972035e-04   7.0127136e-04
 -2.7751476e-04   7.0214710e-04
 -2.7530643e-04   7.0301591e-04
 -2.7309538e-04   7.0387777e-04
 -2.7088163e-04   7.0473267e-04
 -2.6866521e-04   7.0558062e-04
 -2.6644613e-04   7.0642159e-04
 -2.6422442e-04   7.0725558e-04
 -2.6200010e-04   7.0808259e-04
 -2.5977319e-04   7.0890260e-04
 -2.5754371e-04   7.0971560e-04
 -2.5531169e-04   7.1052160e-04
 -2.5307714e-04   7.1132057e-04
 -2.5084010e-04   7.1211252e-04
 -2.4860058e-04   7.1289744e-04
 -2.4635860e-04   7.1367530e-04
 -2.4411419e-04   7.1444612e-04
 -2.4186736e-04   7.1520988e-04
 -2.3961815e-04   7.1596658e-04
 -2.3736657e-04   7.1671620e-04
 -2.3511264e-04   7.1745874e-04
 -2.3285640e-04   7.1819419e-04
 -2.3059785e-04   7.1892255e-04
 -2.2833702e-04   7.1964380e-04
 -2.2607394e-04   7.2035795e-04
 -2.2380862e-04   7.2106498e-04
 -2.2154109e-04   7.2176488e-04
 -2.1927138e-04   7.2245765e-04
 -2.1699950e-04   7.2314329e-04
 -2.1472547e-04   7.2382178e-04
 -2.1244932e-04   7.2449312e-04
 -2.1017107e-04   7.2515731e-04
 -2.0789075e-04   7.2581433e-04
 -2.0560837e-04   7.2646417e-04
 -2.0332397e-04   7.2710685e-04
 -2.0103755e-04   7.2774233e-04
 -1.9874915e-04   7.2837063e-04
 -1.9645878e-04   7.2899173e-04
 -1.9416647e-04   7.2960563e-04
 -1.9187225e-04   7.3021233e-04
 -1.8957613e-04   7.3081180e-04
 -1.8727813e-04   7.3140406e-04
 -1.8497829e-04   7.3198909e-04
 -1.8267662e-04   7.3256689e-04
 -1.8037314e-04   7.3313746e-04
 -1.7806788e-04   7.3370078e-04
 -1.7576086e-04   7.3425685e-04
 -1.7345211e-04   7.3480567e-04
 -1.7114164e-04   7.3534722e-04
 -1.6882948e-04   7.3588152e-04
 -1.6651565e-04   7.3640854e-04
 -1.6420018e-04   7.3692829e-04
 -1.6188309e-04   7.3744075e-04
 -1.5956440e-04   7.3794594e-04
 -1.5724413e-04   7.3844383e-04
 -1.5492230e-04   7.3893442e-04
 -1.5259895e-04   7.3941772e-04
 -1.5027409e-04   7.3989371e-04
 -1.4794774e-04   7.4036239e-04
 -1.4561993e-04   7.4082375e-04
 -1.4329069e-04   7.4127780e-04
 -1.4096003e-04   7.4172452e-04
 -1.3862797e-04   7.4216392e-04
 -1.3629455e-04   7.4259598e-04
 -1.3395978e-04   7.4302071e-04
 -1.3162368e-04   7.4343810e-04
 -1.2928629e-04   7.4384814e-04
 -1.2694762e-04   7.4425083e-04
 -1.2460769e-04   7.4464617e-04
 -1.2226653e-04   7.4503416e-04
 -1.1992417e-04   7.4541478e-04
 -1.1758062e-04   7.4578804e-04
 -1.1523591e-04   7.4615393e-04
 -1.1289006e-04   7.4651245e-04
 -1.1054309e-04   7.4686359e-04
 -1.0819504e-04   7.4720736e-04
 -1.0584591e-04   7.4754374e-04
 -1.0349574e-04   7.4787274e-04
 -1.0114455e-04   7.4819435e-04
 -9.8792352e-05   7.4850856e-04
 -9.6439182e-05   7.4881539e-04
 -9.4085060e-05   7.4911481e-04
 -9.1730008e-05   7.4940684e-04
 -8.9374050e-05   7.4969146e-04
 -8.7017209e-05   7.4996867e-04
 -8.4659509e-05   7.5023847e-04
 -8.2300972e-05   7.5050087e-04
 -7.9941621e-05   7.5075584e-04
 -7.7581482e-05   7.5100340e-04
 -7.5220575e-05   7.5124355e-04
 -7.2858926e-05   7.5147627e-04
 -7.0496556e-05   7.5170156e-04
 -6.8133490e-05   7.5191943e-04
 -6.5769752e-05   7.5212987e-04
 -6.3405363e-05   7.5233288e-04
 -6.1040348e-05   7.5252846e-04
 -5.8674730e-05   7.5271660e-04
 -5.6308532e-05   7.5289730e-04
 -5.3941778e-05   7.5307057e-04
 -5.1574491e-05   7.5323640e-04
 -4.9206694e-05   7.5339478e-04
 -4.6838411e-05   7.5354573e-04
 -4.4469666e-05   7.5368923e-04
 -4.2100481e-05   7.5382528e-04
 -3.9730880e-05   7.5395388e-04
 -3.7360887e-05   7.5407504e-04
 -3.4990525e-05   7.5418875e-04
 -3.2619817e-05   7.5429500e-04
 -3.0248786e-05   7.5439380e-04
 -2.7877457e-05   7.5448515e-04
 -2.5505853e-05   7.5456905e-04
 -2.3133996e-05   7.5464549e-04
 -2.0761911e-05   7.5471448e-04
 -1.8389621e-05   7.5477601e-04
 -1.6017149e-05   7.5483008e-04
 -1.3644519e-05   7.5487670e-04
 -1.1271754e-05   7.5491585e-04
 -8.8988777e-06   7.5494755e-04
 -6.5259135e-06   7.5497180e-04
 -4.1528848e-06   7.5498858e-04
 -1.7798151e-06   7.5499790e-04
  5.9327219e-07   7.5499977e-04
  2.9663536e-06   7.5499417e-04
  5.3394057e-06   7.5498112e-04
  7.7124051e-06   7.5496061e-04
  1.0085328e-05   7.5493264e-04
  1.2458152e-05   7.5489721e-04
  1.4830852e-05   7.5485432e-04
  1.7203406e-05   7.5480398e-04
  1.9575790e-05   7.5474617e-04
  2.1947981e-05   7.5468092e-04
  2.4319955e-05   7.5460820e-04
  2.6691688e-05   7.5452803e-04
  2.9063158e-05   7.5444041e-04
  3.1434340e-05   7.5434533e-04
  3.3805213e-05   7.5424280e-04
  3.6175751e-05   7.5413282e-04
  3.8545931e-05   7.5401539e-04
  4.0915731e-05   7.5389051e-04
  4.3285127e-05   7.5375818e-04
  4.5654095e-05   7.5361841e-04
  4.8022612e-05   7.5347119e-04
  5.0390655e-05   7.5331652e-04
  5.2758199e-05   7.5315441e-04
  5.5125223e-05   7.5298487e-04
  5.7491702e-05   7.5280788e-04
  5.9857613e-05   7.5262346e-04
  6.2222932e-05   7.5243160e-04
  6.4587637e-05   7.5223230e-04
  6.6951704e-05   7.5202558e-04
  6.9315109e-05   7.5181142e-04
  7.1677829e-05   7.5158984e-04
  7.4039842e-05   7.5136083e-04
  7.6401123e-05   7.5112440e-04
  7.8761649e-05   7.5088055e-04
  8.1121397e-05   7.5062928e-04
  8.3480343e-05   7.5037060e-04
  8.5838465e-05   7.5010450e-04
  8.8195739e-05   7.4983099e-04
  9.0552141e-05   7.4955007e-04
  9.2907649e-05   7.4926175e-04
  9.5262239e-05   7.4896602e-04
  9.7615888e-05   7.4866290e-04
  9.9968572e-05   7.4835238e-04
  1.0232027e-04   7.4803447e-04
  1.0467095e-04   7.4770916e-04
  1.0702061e-04   7.4737647e-04
  1.0936920e-04   7.4703640e-04
  1.1171671e-04   7.4668894e-04
  1.1406313e-04   7.4633411e-04
  1.1640841e-04   7.4597190e-04
  1.1875254e-04   7.4560233e-04
  1.2109550e-04   7.4522539e-04
  1.2343727e-04   7.4484108e-04
  1.2577781e-04   7.4444942e-04
  1.2811711e-04   7.4405041e-04
  1.3045515e-04   7.4364404e-04
  1.3279189e-04   7.4323032e-04
  1.3512733e-04   7.4280927e-04
  1.3746143e-04   7.4238087e-04
  1.3979417e-04   7.4194514e-04
  1.4212553e-04   7.4150208e-04
  1.4445549e-04   7.4105169e-04
  1.4678402e-04   7.4059399e-04
  1.4911110e-04   7.4012896e-04
  1.5143671e-04   7.3965663e-04
  1.5376082e-04   7.3917698e-04
  1.5608341e-04   7.3869004e-04
  1.5840446e-04   7.3819579e-04
  1.6072394e-04   7.3769426e-04
  1.6304184e-04   7.3718543e-04
  1.6535812e-04   7.3666932e-04
  1.6767278e-04   7.3614594e-04
  1.6998577e-04   7.3561528e-04
  1.7229709e-04   7.3507735e-04
  1.7460670e-04   7.3453216e-04
  1.7691459e-04   7.3397972e-04
  1.7922073e-04   7.3342002e-04
  1.8152510e-04   7.3285308e-04
  1.8382768e-04   7.3227890e-04
  1.8612844e-04   7.3169748e-04
  1.8842736e-04   7.3110884e-04
  1.9072442e-04   7.3051297e-04
  1.9301960e-04   7.2990988e-04
  1.9531287e-04   7.2929958e-04
  1.9760421e-04   7.2868208e-04
  1.9989360e-04   7.2805738e-04
  2.0218101e-04   7.2742549e-04
  2.0446642e-04   7.2678641e-04
  2.0674982e-04   7.2614015e-04
  2.0903117e-04   7.2548671e-04
  2.1131046e-04   7.2482611e-04
  2.1358766e-04   7.2415835e-04
  2.1586275e-04   7.2348343e-04
  2.1813571e-04   7.2280137e-04
  2.2040651e-04   7.2211216e-04
  2.2267513e-04   7.2141582e-04
  2.2494156e-04   7.2071235e-04
  2.2720576e-04   7.2000177e-04
  2.2946772e-04   7.1928407e-04
  2.3172741e-04   7.1855926e-04
  2.3398481e-04   7.1782735e-04
  2.3623990e-04   7.1708836e-04
  2.3849265e-04   7.1634227e-04
  2.4074305e-04   7.1558912e-04
  2.4299108e-04   7.1482889e-04
  2.4523670e-04   7.1406160e-04
  2.4747989e-04   7.1328725e-04
  2.4972065e-04   7.1250586e-04
  2.5195893e-04   7.1171743e-04
  2.5419473e-04   7.1092196e-04
  2.5642801e-04   7.1011948e-04
  2.5865877e-04   7.0930998e-04
  2.6088696e-04   7.0849347e-04
  2.6311258e-04   7.0766996e-04
  2.6533560e-04   7.0683946e-04
  2.6755600e-04   7.0600197e-04
  2.6977375e-04   7.0515752e-04
  2.7198884e-04   7.0430609e-04
  2.7420125e-04   7.0344771e-04
  2.7641094e-04   7.0258237e-04
  2.7861790e-04   7.0171010e-04
  2.8082211e-04   7.0083089e-04
  2.8302355e-04   6.9994476e-04
  2.8522219e-04   6.9905172e-04
  2.8741801e-04   6.9815177e-04
  2.8961099e-04   6.9724492e-04
  2.9180111e-04   6.9633118e-04
  2.9398835e-04   6.9541056e-04
  2.9617269e-04   6.9448307e-04
  2.9835409e-04   6.9354873e-04
  3.0053255e-04   6.9260753e-04
  3.0270804e-04   6.9165948e-04
  3.0488054e-04   6.9070461e-04
  3.0705003e-04   6.8974291e-04
  3.0921649e-04   6.8877439e-04
  3.1137989e-04   6.8779907e-04
  3.1354021e-04   6.8681696e-04
  3.1569744e-04   6.8582806e-04
  3.1785155e-04   6.8483238e-04
  3.2000251e-04   6.8382994e-04
  3.2215032e-04   6.8282075e-04
  3.2429494e-04   6.8180480e-04
  3.2643636e-04   6.8078213e-04
  3.2857455e-04   6.7975272e-04
  3.3070950e-04   6.7871660e-04
  3.3284118e-04   6.7767378e-04
  3.3496957e-04   6.7662426e-04
  3.3709466e-04   6.7556805e-04
  3.3921641e-04   6.7450517e-04
  3.4133481e-04   6.7343563e-04
  3.4344984e-04   6.7235943e-04
  3.4556148e-04   6.7127659e-04
  3.4766970e-04   6.7018712e-04
  3.4977449e-04   6.6909103e-04
  3.5187582e-04   6.6798833e-04
  3.5397367e-04   6.6687903e-04
  3.5606803e-04   6.6576314e-04
  3.5815887e-04   6.6464067e-04
  3.6024617e-04   6.6351164e-04
  3.6232992e-04   6.6237605e-04
  3.6441008e-04   6.6123392e-04
  3.6648664e-04   6.6008525e-04
  3.6855959e-04   6.5893007e-04
  3.7062889e-04   6.5776837e-04
  3.7269453e-04   6.5660017e-04
  3.7475649e-04   6.5542549e-04
  3.7681474e-04   6.5424434e-04
  3.7886927e-04   6.5305672e-04
  3.8092006e-04   6.5186264e-04
  3.8296709e-04   6.5066213e-04
  3.8501033e-04   6.4945519e-04
  3.8704977e-04   6.4824183e-04
  3.8908539e-04   6.4702207e-04
  3.9111716e-04   6.4579592e-04
  3.9314507e-04   6.4456339e-04
  3.9516909e-04   6.4332448e-04
  3.9718921e-04   6.4207923e-04
  3.9920540e-04   6.4082763e-04
  4.0121765e-04   6.3956969e-04
  4.0322594e-04   6.3830544e-04
  4.0523025e-04   6.3703489e-04
  4.0723055e-04   6.3575804e-04
  4.0922682e-04   6.3447491e-04
  4.1121906e-04   6.3318551e-04
  4.1320723e-04   6.3188985e-04
  4.1519132e-04   6.3058796e-04
  4.1717130e-04   6.2927983e-04
  4.1914717e-04   6.2796548e-04
  4.2111890e-04   6.2664494e-04
  4.2308646e-04   6.2531820e-04
  4.2504984e-04   6.2398528e-04
  4.2700903e-04   6.2264620e-04
  4.2896400e-04   6.2130097e-04
  4.3091473e-04   6.1994959e-04
  4.3286120e-04   6.1859210e-04
  4.3480339e-04   6.1722849e-04
  4.3674129e-04   6.1585879e-04
  4.3867488e-04   6.1448300e-04
  4.4060413e-04   6.1310114e-04
  4.4252903e-04   6.1171322e-04
  4.4444955e-04   6.1031926e-04
  4.4636569e-04   6.0891927e-04
  4.4827741e-04   6.0751326e-04
  4.5018471e-04   6.0610125e-04
  4.5208756e-04   6.0468326e-04
  4.5398594e-04   6.0325929e-04
  4.5587984e-04   6.0182936e-04
  4.5776923e-04   6.0039348e-04
  4.5965410e-04   5.9895167e-04
  4.6153443e-04   5.9750395e-04
  4.6341020e-04   5.9605032e-04
  4.6528139e-04   5.9459081e-04
  4.6714799e-04   5.9312541e-04
  4.6900997e-04   5.9165416e-04
  4.7086731e-04   5.9017707e-04
  4.7272001e-04   5.8869414e-04
  4.7456803e-04   5.8720540e-04
  4.7641137e-04   5.8571086e-04
  4.7825000e-04   5.8421053e-04
  4.8008390e-04   5.8270443e-04
  4.8191306e-04   5.8119257e-04
  4.8373746e-04   5.7967497e-04
  4.8555708e-04   5.7815164e-04
  4.8737191e-04   5.7662260e-04
  4.8918192e-04   5.7508786e-04
  4.9098709e-04   5.7354745e-04
  4.9278742e-04   5.7200136e-04
  4.9458288e-04   5.7044963e-04
  4.9637345e-04   5.6889226e-04
  4.9815911e-04   5.6732927e-04
  4.9993986e-04   5.6576067e-04
  5.0171567e-04   5.6418649e-04
  5.0348651e-04   5.6260673e-04
  5.0525239e-04   5.6102141e-04
  5.0701327e-04   5.5943055e-04
  5.0876915e-04   5.5783416e-04
  5.1052000e-04   5.5623227e-04
  5.1226580e-04   5.5462487e-04
  5.1400655e-04   5.5301200e-04
  5.1574221e-04   5.5139366e-04
  5.1747278e-04   5.4976988e-04
  5.1919824e-04   5.4814066e-04
  5.2091857e-04   5.4650603e-04
  5.2263375e-04   5.4486601e-04
  5.2434377e-04   5.4322059e-04
  5.2604861e-04   5.4156981e-04
  5.2774825e-04   5.3991368e-04
  5.2944268e-04   5.3825222e-04
  5.3113187e-04   5.3658544e-04
  5.3281582e-04   5.3491336e-04
  5.3449451e-04   5.3323599e-04
  5.3616791e-04   5.3155335e-04
  5.3783602e-04   5.2986547e-04
  5.3949882e-04   5.2817235e-04
  5.4115628e-04   5.2647401e-04
  5.4280840e-04   5.2477046e-04
  5.4445516e-04   5.2306174e-04
  5.4609653e-04   5.2134785e-04
  5.4773251e-04   5.1962880e-04
  5.4936308e-04   5.1790463e-04
  5.5098823e-04   5.1617533e-04
  5.5260793e-04   5.1444094e-04
  5.5422217e-04   5.1270146e-04
  5.5583093e-04   5.1095692e-04
  5.5743420e-04   5.0920733e-04
  5.5903197e-04   5.0745271e-04
  5.6062421e-04   5.0569308e-04
  5.6221092e-04   5.0392845e-04
  5.6379207e-04   5.0215884e-04
  5.6536765e-04   5.0038427e-04
  5.6693764e-04   4.9860476e-04
  5.6850204e-04   4.9682032e-04
  5.7006081e-04   4.9503098e-04
  5.7161396e-04   4.9323674e-04
  5.7316146e-04   4.9143763e-04
  5.7470329e-04   4.8963366e-04
  5.7623945e-04   4.8782486e-04
  5.7776991e-04   4.8601124e-04
  5.7929467e-04   4.8419282e-04
  5.8081370e-04   4.8236961e-04
  5.8232700e-04   4.8054164e-04
  5.8383454e-04   4.7870892e-04
  5.8533632e-04   4.7687147e-04
  5.8683231e-04   4.7502931e-04
  5.8832250e-04   4.7318245e-04
  5.8980688e-04   4.7133092e-04
  5.9128544e-04   4.6947474e-04
  5.9275815e-04   4.6761392e-04
  5.9422501e-04   4.6574847e-04
  5.9568599e-04   4.6387843e-04
  5.9714110e-04   4.6200380e-04
  5.9859030e-04   4.6012461e-04
  6.0003358e-04   4.5824087e-04
  6.0147094e-04   4.5635261e-04
  6.0290236e-04   4.5445983e-04
  6.0432782e-04   4.5256257e-04
  6.0574731e-04   4.5066084e-04
  6.0716082e-04   4.4875465e-04
  6.0856833e-04   4.4684403e-04
  6.0996983e-04   4.4492900e-04
  6.1136529e-04   4.4300957e-04
  6.1275472e-04   4.4108576e-04
  6.1413810e-04   4.3915760e-04
  6.1551541e-04   4.3722509e-04
  6.1688664e-04   4.3528827e-04
  6.1825177e-04   4.3334715e-04
  6.1961079e-04   4.3140174e-04
  6.2096370e-04   4.2945208e-04
  6.2231047e-04   4.2749817e-04
  6.2365109e-04   4.2554004e-04
  6.2498555e-04   4.2357770e-04
  6.2631383e-04   4.2161118e-04
  6.2763593e-04   4.1964049e-04
  6.2895182e-04   4.1766566e-04
  6.3026151e-04   4.1568670e-04
  6.3156496e-04   4.1370363e-04
  6.3286218e-04   4.1171648e-04
  6.3415314e-04   4.0972526e-04
  6.3543784e-04   4.0772999e-04
  6.3671626e-04   4.0573070e-04
  6.3798840e-04   4.0372739e-04
  6.3925422e-04   4.0172010e-04
  6.4051374e-04   3.9970884e-04
  6.4176692e-04   3.9769363e-04
  6.4301376e-04   3.9567449e-04
  6.4425426e-04   3.9365144e-04
  6.4548838e-04   3.9162450e-04
  6.4671613e-04   3.8959369e-04
  6.4793749e-04   3.8755903e-04
  6.4915245e-04   3.8552055e-04
  6.5036100e-04   3.8347826e-04
  6.5156312e-04   3.8143217e-04
  6.5275880e-04   3.7938232e-04
  6.5394804e-04   3.7732872e-04
  6.5513081e-04   3.7527140e-04
  6.5630711e-04   3.7321036e-04
  6.5747693e-04   3.7114564e-04
  6.5864025e-04   3.6907725e-04
  6.5979707e-04   3.6700522e-04
  6.6094736e-04   3.6492956e-04
  6.6209113e-04   3.6285029e-04
  6.6322836e-04   3.6076744e-04
  6.6435903e-04   3.5868103e-04
  6.6548314e-04   3.5659107e-04
  6.6660067e-04   3.5449759e-04
  6.6771162e-04   3.5240061e-04
  6.6881598e-04   3.5030014e-04
  6.6991372e-04   3.4819622e-04
  6.7100485e-04   3.4608885e-04
  6.7208935e-04   3.4397807e-04
  6.7316720e-04   3.4186389e-04
  6.7423841e-04   3.3974633e-04
  6.7530296e-04   3.3762541e-04
  6.7636083e-04   3.3550116e-04
  6.7741202e-04   3.3337359e-04
  6.7845652e-04   3.3124273e-04
  6.7949432e-04   3.2910860e-04
  6.8052541e-04   3.2697121e-04
  6.8154977e-04   3.2483060e-04
  6.8256739e-04   3.2268677e-04
  6.8357828e-04   3.2053976e-04
  6.8458241e-04   3.1838958e-04
  6.8557978e-04   3.1623626e-04
  6.8657037e-04   3.1407981e-04
  6.8755418e-04   3.1192026e-04
  6.8853120e-04   3.0975763e-04
  6.8950142e-04   3.0759193e-04
  6.9046482e-04   3.0542320e-04
  6.9142140e-04   3.0325145e-04
  6.9237116e-04   3.0107671e-04
  6.9331407e-04   2.9889899e-04
  6.9425013e-04   2.9671831e-04
  6.9517933e-04   2.9453471e-04
  6.9610167e-04   2.9234819e-04
  6.9701713e-04   2.9015879e-04
  6.9792570e-04   2.8796652e-04
  6.9882738e-04   2.8577141e-04
  6.9972215e-04   2.8357347e-04
  7.0061001e-04   2.8137273e-04
  7.0149095e-04   2.7916921e-04
  7.0236496e-04   2.7696294e-04
  7.0323203e-04   2.7475392e-04
  7.0409215e-04   2.7254220e-04
  7.0494531e-04   2.7032778e-04
  7.0579151e-04   2.6811069e-04
  7.0663074e-04   2.6589095e-04
  7.0746299e-04   2.6366858e-04
  7.0828825e-04   2.6144361e-04
  7.0910651e-04   2.5921606e-04
  7.0991776e-04   2.5698594e-04
  7.1072200e-04   2.5475329e-04
  7.1151922e-04   2.5251812e-04
  7.1230941e-04   2.5028045e-04
  7.1309256e-04   2.4804031e-04
  7.1386867e-04   2.4579772e-04
  7.1463773e-04   2.4355271e-04
  7.1539972e-04   2.4130528e-04
  7.1615465e-04   2.3905548e-04
  7.1690250e-04   2.3680331e-04
  7.1764327e-04   2.3454880e-04
  7.1837695e-04   2.3229197e-04
  7.1910353e-04   2.3003285e-04
  7.1982301e-04   2.2777146e-04
  7.2053537e-04   2.2550782e-04
  7.2124062e-04   2.2324195e-04
  7.2193874e-04   2.2097387e-04
  7.2262973e-04   2.1870361e-04
  7.2331358e-04   2.1643119e-04
  7.2399029e-04   2.1415663e-04
  7.2465984e-04   2.1187996e-04
  7.2532223e-04   2.0960119e-04
  7.2597746e-04   2.0732035e-04
  7.2662551e-04   2.0503746e-04
  7.2726639e-04   2.0275255e-04
  7.2790008e-04   2.0046563e-04
  7.2852658e-04   1.9817674e-04
  7.2914588e-04   1.9588588e-04
  7.2975798e-04   1.9359310e-04
  7.3036287e-04   1.9129839e-04
  7.3096055e-04   1.8900180e-04
  7.3155100e-04   1.8670334e-04
  7.3213422e-04   1.8440304e-04
  7.3271021e-04   1.8210091e-04
  7.3327897e-04   1.7979699e-04
  7.3384047e-04   1.7749129e-04
  7.3439473e-04   1.7518384e-04
  7.3494174e-04   1.7287465e-04
  7.3548148e-04   1.7056376e-04
  7.3601395e-04   1.6825118e-04
  7.3653916e-04   1.6593694e-04
  7.3705709e-04   1.6362106e-04
  7.3756773e-04   1.6130356e-04
  7.3807109e-04   1.5898448e-04
  7.3856716e-04   1.5666382e-04
  7.3905593e-04   1.5434161e-04
  7.3953740e-04   1.5201787e-04
  7.4001156e-04   1.4969264e-04
  7.4047842e-04   1.4736593e-04
  7.4093795e-04   1.4503776e-04
  7.4139017e-04   1.4270815e-04
  7.4183506e-04   1.4037714e-04
  7.4227262e-04   1.3804474e-04
  7.4270285e-04   1.3571098e-04
  7.4312575e-04   1.3337588e-04
  7.4354130e-04   1.3103946e-04
  7.4394950e-04   1.2870174e-04
  7.4435036e-04   1.2636275e-04
  7.4474386e-04   1.2402252e-04
  7.4513000e-04   1.2168106e-04
  7.4550878e-04   1.1933839e-04
  7.4588020e-04   1.1699455e-04
  7.4624425e-04   1.1464955e-04
  7.4660093e-04   1.1230342e-04
  7.4695022e-04   1.0995618e-04
  7.4729214e-04   1.0760786e-04
  7.4762668e-04   1.0525847e-04
  7.4795383e-04   1.0290804e-04
  7.4827359e-04   1.0055659e-04
  7.4858596e-04   9.8204150e-05
  7.4889094e-04   9.5850740e-05
  7.4918851e-04   9.3496383e-05
  7.4947869e-04   9.1141103e-05
  7.4976145e-04   8.8784922e-05
  7.5003682e-04   8.6427864e-05
  7.5030477e-04   8.4069952e-05
  7.5056531e-04   8.1711209e-05
  7.5081843e-04   7.9351660e-05
  7.5106414e-04   7.6991326e-05
  7.5130242e-04   7.4630232e-05
  7.5153328e-04   7.2268400e-05
  7.5175672e-04   6.9905854e-05
  7.5197274e-04   6.7542618e-05
  7.5218132e-04   6.5178714e-05
  7.5238247e-04   6.2814167e-05
  7.5257619e-04   6.0448999e-05
  7.5276247e-04   5.8083234e-05
  7.5294132e-04   5.5716894e-05
  7.5311273e-04   5.3350005e-05
  7.5327669e-04   5.0982588e-05
  7.5343322e-04   4.8614668e-05
  7.5358230e-04   4.6246267e-05
  7.5372394e-04   4.3877410e-05
  7.5385813e-04   4.1508119e-05
  7.5398487e-04   3.9138418e-05
  7.5410416e-04   3.6768330e-05
  7.5421601e-04   3.4397879e-05
  7.5432040e-04   3.2027088e-05
  7.5441734e-04   2.9655981e-05
  7.5450683e-04   2.7284581e-05
  7.5458886e-04   2.4912911e-05
  7.5466344e-04   2.2540995e-05
  7.5473056e-04   2.0168857e-05
  7.5479023e-04   1.7796519e-05
  7.5484243e-04   1.5424005e-05
  7.5488719e-04   1.3051339e-05
  7.5492448e-04   1.0678544e-05
  7.5495431e-04   8.3056440e-06
  7.5497669e-04   5.9326614e-06
  7.5499161e-04   3.5596203e-06
  7.5499907e-04   1.1865440e-06
  7.5499907e-04  -1.1865440e-06
  7.5499161e-04  -3.5596203e-06
  7.5497669e-04  -5.9326614e-06
  7.5495431e-04  -8.3056440e-06
  7.5492448e-04  -1.0678544e-05
  7.5488719e-04  -1.3051339e-05
  7.5484243e-04  -1.5424005e-05
  7.5479023e-04  -1.7796519e-05
  7.5473056e-04  -2.0168857e-05
  7.5466344e-04  -2.2540995e-05
  7.5458886e-04  -2.4912911e-05
  7.5450683e-04  -2.7284581e-05
  7.5441734e-04  -2.9655981e-05
  7.5432040e-04  -3.2027088e-05
  7.5421601e-04  -3.4397879e-05
  7.5410416e-04  -3.6768330e-05
  7.5398487e-04  -3.9138418e-05
  7.5385813e-04  -4.1508119e-05
  7.5372394e-04  -4.3877410e-05
  7.5358230e-04  -4.6246267e-05
  7.5343322e-04  -4.8614668e-05
  7.5327669e-04  -5.0982588e-05
  7.5311273e-04  -5.3350005e-05
  7.5294132e-04  -5.5716894e-05
  7.5276247e-04  -5.8083234e-05
  7.5257619e-04  -6.0448999e-05
  7.5238247e-04  -6.2814167e-05
  7.5218132e-04  -6.5178714e-05
  7.5197274e-04  -6.7542618e-05
  7.5175672e-04  -6.9905854e-05
  7.5153328e-04  -7.2268400e-05
  7.5130242e-04  -7.4630232e-05
  7.5106414e-04  -7.6991326e-05
  7.5081843e-04  -7.9351660e-05
  7.5056531e-04  -8.1711209e-05
  7.5030477e-04  -8.4069952e-05
  7.5003682e-04  -8.6427864e-05
  7.4976145e-04  -8.8784922e-05
  7.4947869e-04  -9.1141103e-05
  7.4918851e-04  -9.3496383e-05
  7.4889094e-04  -9.5850740e-05
  7.4858596e-04  -9.8204150e-05
  7.4827359e-04  -1.0055659e-04
  7.4795383e-04  -1.0290804e-04
  7.4762668e-04  -1.0525847e-04
  7.4729214e-04  -1.0760786e-04
  7.4695022e-04  -1.0995618e-04
  7.4660093e-04  -1.1230342e-04
  7.4624425e-04  -1.1464955e-04
  7.4588020e-04  -1.1699455e-04
  7.4550878e-04  -1.1933839e-04
  7.4513000e-04  -1.2168106e-04
  7.4474386e-04  -1.2402252e-04
  7.4435036e-04  -1.2636275e-04
  7.4394950e-04  -1.2870174e-04
  7.4354130e-04  -1.3103946e-04
  7.4312575e-04  -1.3337588e-04
  7.4270285e-04  -1.3571098e-04
  7.4227262e-04  -1.3804474e-04
  7.4183506e-04  -1.4037714e-04
  7.4139017e-04  -1.4270815e-04
  7.4093795e-04  -1.4503776e-04
  7.4047842e-04  -1.4736593e-04
  7.4001156e-04  -1.4969264e-04
  7.3953740e-04  -1.5201787e-04
  7.3905593e-04  -1.5434161e-04
  7.3856716e-04  -1.5666382e-04
  7.3807109e-04  -1.5898448e-04
  7.3756773e-04  -1.6130356e-04
  7.3705709e-04  -1.6362106e-04
  7.3653916e-04  -1.6593694e-04
  7.3601395e-04  -1.6825118e-04
  7.3548148e-04  -1.7056376e-04
  7.3494174e-04  -1.7287465e-04
  7.3439473e-04  -1.7518384e-04
  7.3384047e-04  -1.7749129e-04
  7.3327897e-04  -1.7979699e-04
  7.3271021e-04  -1.8210091e-04
  7.3213422e-04  -1.8440304e-04
  7.3155100e-04  -1.8670334e-04
  7.3096055e-04  -1.8900180e-04
  7.3036287e-04  -1.9129839e-04
  7.2975798e-04  -1.9359310e-04
  7.2914588e-04  -1.9588588e-04
  7.2852658e-04  -1.9817674e-04
  7.2790008e-04  -2.0046563e-04
  7.2726639e-04  -2.0275255e-04
  7.2662551e-04  -2.0503746e-04
  7.2597746e-04  -2.0732035e-04
  7.2532223e-04  -2.0960119e-04
  7.2465984e-04  -2.1187996e-04
  7.2399029e-04  -2.1415663e-04
  7.2331358e-04  -2.1643119e-04
  7.2262973e-04  -2.1870361e-04
  7.2193874e-04  -2.2097387e-04
  7.2124062e-04  -2.2324195e-04
  7.2053537e-04  -2.2550782e-04
  7.1982301e-04  -2.2777146e-04
  7.1910353e-04  -2.3003285e-04
  7.1837695e-04  -2.3229197e-04
  7.1764327e-04  -2.3454880e-04
  7.1690250e-04  -2.3680331e-04
  7.1615465e-04  -2.3905548e-04
  7.1539972e-04  -2.4130528e-04
  7.1463773e-04  -2.4355271e-04
  7.1386867e-04  -2.4579772e-04
  7.1309256e-04  -2.4804031e-04
  7.1230941e-04  -2.5028045e-04
  7.1151922e-04  -2.5251812e-04
  7.1072200e-04  -2.5475329e-04
  7.0991776e-04  -2.5698594e-04
  7.0910651e-04  -2.5921606e-04
  7.0828825e-04  -2.6144361e-04
  7.0746299e-04  -2.6366858e-04
  7.0663074e-04  -2.6589095e-04
  7.0579151e-04  -2.6811069e-04
  7.0494531e-04  -2.7032778e-04
  7.0409215e-04  -2.7254220e-04
  7.0323203e-04  -2.7475392e-04
  7.0236496e-04  -2.7696294e-04
  7.0149095e-04  -2.7916921e-04
  7.0061001e-04  -2.8137273e-04
  6.9972215e-04  -2.8357347e-04
  6.9882738e-04  -2.8577141e-04
  6.9792570e-04  -2.8796652e-04
  6.9701713e-04  -2.9015879e-04
  6.9610167e-04  -2.9234819e-04
  6.9517933e-04  -2.9453471e-04
  6.9425013e-04  -2.9671831e-04
  6.9331407e-04  -2.9889899e-04
  6.9237116e-04  -3.0107671e-04
  6.9142140e-04  -3.0325145e-04
  6.9046482e-04  -3.0542320e-04
  6.8950142e-04  -3.0759193e-04
  6.8853120e-04  -3.0975763e-04
  6.8755418e-04  -3.1192026e-04
  6.8657037e-04  -3.1407981e-04
  6.8557978e-04  -3.1623626e-04
  6.8458241e-04  -3.1838958e-04
  6.8357828e-04  -3.2053976e-04
  6.8256739e-04  -3.2268677e-04
  6.8154977e-04  -3.2483060e-04
  6.8052541e-04  -3.2697121e-04
  6.7949432e-04  -3.2910860e-04
  6.7845652e-04  -3.3124273e-04
  6.7741202e-04  -3.3337359e-04
  6.7636083e-04  -3.3550116e-04
  6.7530296e-04  -3.3762541e-04
  6.7423841e-04  -3.3974633e-04
  6.7316720e-04  -3.4186389e-04
  6.7208935e-04  -3.4397807e-04
  6.7100485e-04  -3.4608885e-04
  6.6991372e-04  -3.4819622e-04
  6.6881598e-04  -3.5030014e-04
  6.6771162e-04  -3.5240061e-04
  6.6660067e-04  -3.5449759e-04
  6.6548314e-04  -3.5659107e-04
  6.6435903e-04  -3.5868103e-04
  6.6322836e-04  -3.6076744e-04
  6.6209113e-04  -3.6285029e-04
  6.6094736e-04  -3.6492956e-04
  6.5979707e-04  -3.6700522e-04
  6.5864025e-04  -3.6907725e-04
  6.5747693e-04  -3.7114564e-04
  6.5630711e-04  -3.7321036e-04
  6.5513081e-04  -3.7527140e-04
  6.5394804e-04  -3.7732872e-04
  6.5275880e-04  -3.7938232e-04
  6.5156312e-04  -3.8143217e-04
  6.5036100e-04  -3.8347826e-04
  6.4915245e-04  -3.8552055e-04
  6.4793749e-04  -3.8755903e-04
  6.4671613e-04  -3.8959369e-04
  6.4548838e-04  -3.9162450e-04
  6.4425426e-04  -3.9365144e-04
  6.4301376e-04  -3.9567449e-04
  6.4176692e-04  -3.9769363e-04
  6.4051374e-04  -3.9970884e-04
  6.3925422e-04  -4.0172010e-04
  6.3798840e-04  -4.0372739e-04
  6.3671626e-04  -4.0573070e-04
  6.3543784e-04  -4.0772999e-04
  6.3415314e-04  -4.0972526e-04
  6.3286218e-04  -4.1171648e-04
  6.3156496e-04  -4.1370363e-04
  6.3026151e-04  -4.1568670e-04
  6.2895182e-04  -4.1766566e-04
  6.2763593e-04  -4.1964049e-04
  6.2631383e-04  -4.2161118e-04
  6.2498555e-04  -4.2357770e-04
  6.2365109e-04  -4.2554004e-04
  6.2231047e-04  -4.2749817e-04
  6.2096370e-04  -4.2945208e-04
  6.1961079e-04  -4.3140174e-04
  6.1825177e-04  -4.3334715e-04
  6.1688664e-04  -4.3528827e-04
  6.1551541e-04  -4.3722509e-04
  6.1413810e-04  -4.3915760e-04
  6.1275472e-04  -4.4108576e-04
  6.1136529e-04  -4.4300957e-04
  6.0996983e-04  -4.4492900e-04
  6.0856833e-04  -4.4684403e-04
  6.0716082e-04  -4.4875465e-04
  6.0574731e-04  -4.5066084e-04
  6.0432782e-04  -4.5256257e-04
  6.0290236e-04  -4.5445983e-04
  6.0147094e-04  -4.5635261e-04
  6.0003358e-04  -4.5824087e-04
  5.9859030e-04  -4.6012461e-04
  5.9714110e-04  -4.6200380e-04
  5.9568599e-04  -4.6387843e-04
  5.9422501e-04  -4.6574847e-04
  5.9275815e-04  -4.6761392e-04
  5.9128544e-04  -4.6947474e-04
  5.8980688e-04  -4.7133092e-04
  5.8832250e-04  -4.7318245e-04
  5.8683231e-04  -4.7502931e-04
  5.8533632e-04  -4.7687147e-04
  5.8383454e-04  -4.7870892e-04
  5.8232700e-04  -4.8054164e-04
  5.8081370e-04  -4.8236961e-04
  5.7929467e-04  -4.8419282e-04
  5.7776991e-04  -4.8601124e-04
  5.7623945e-04  -4.8782486e-04
  5.7470329e-04  -4.8963366e-04
  5.7316146e-04  -4.9143763e-04
  5.7161396e-04  -4.9323674e-04
  5.7006081e-04  -4.9503098e-04
  5.6850204e-04  -4.9682032e-04
  5.6693764e-04  -4.9860476e-04
  5.6536765e-04  -5.0038427e-04
  5.6379207e-04  -5.0215884e-04
  5.6221092e-04  -5.0392845e-04
  5.6062421e-04  -5.0569308e-04
  5.5903197e-04  -5.0745271e-04
  5.5743420e-04  -5.0920733e-04
  5.5583093e-04  -5.1095692e-04
  5.5422217e-04  -5.1270146e-04
  5.5260793e-04  -5.1444094e-04
  5.5098823e-04  -5.1617533e-04
  5.4936308e-04  -5.1790463e-04
  5.4773251e-04  -5.1962880e-04
  5.4609653e-04  -5.2134785e-04
  5.4445516e-04  -5.2306174e-04
  5.4280840e-04  -5.2477046e-04
  5.4115628e-04  -5.2647401e-04
  5.3949882e-04  -5.2817235e-04
  5.3783602e-04  -5.2986547e-04
  5.3616791e-04  -5.3155335e-04
  5.3449451e-04  -5.3323599e-04
  5.3281582e-04  -5.3491336e-04
  5.3113187e-04  -5.3658544e-04
  5.2944268e-04  -5.3825222e-04
  5.2774825e-04  -5.3991368e-04
  5.2604861e-04  -5.4156981e-04
  5.2434377e-04  -5.4322059e-04
  5.2263375e-04  -5.4486601e-04
  5.2091857e-04  -5.4650603e-04
  5.1919824e-04  -5.4814066e-04
  5.1747278e-04  -5.4976988e-04
  5.1574221e-04  -5.5139366e-04
  5.1400655e-04  -5.5301200e-04
  5.1226580e-04  -5.5462487e-04
  5.1052000e-04  -5.5623227e-04
  5.0876915e-04  -5.5783416e-04
  5.0701327e-04  -5.5943055e-04
  5.0525239e-04  -5.6102141e-04
  5.0348651e-04  -5.6260673e-04
  5.0171567e-04  -5.6418649e-04
  4.9993986e-04  -5.6576067e-04
  4.9815911e-04  -5.6732927e-04
  4.9637345e-04  -5.6889226e-04
  4.9458288e-04  -5.7044963e-04
  4.9278742e-04  -5.7200136e-04
  4.9098709e-04  -5.7354745e-04
  4.8918192e-04  -5.7508786e-04
  4.8737191e-04  -5.7662260e-04
  4.8555708e-04  -5.7815164e-04
  4.8373746e-04  -5.7967497e-04
  4.8191306e-04  -5.8119257e-04
  4.8008390e-04  -5.8270443e-04
  4.7825000e-04  -5.8421053e-04
  4.7641137e-04  -5.8571086e-04
  4.7456803e-04  -5.8720540e-04
  4.7272001e-04  -5.8869414e-04
  4.7086731e-04  -5.9017707e-04
  4.6900997e-04  -5.9165416e-04
  4.6714799e-04  -5.9312541e-04
  4.6528139e-04  -5.9459081e-04
  4.6341020e-04  -5.9605032e-04
  4.6153443e-04  -5.9750395e-04
  4.5965410e-04  -5.9895167e-04
  4.5776923e-04  -6.0039348e-04
  4.5587984e-04  -6.0182936e-04
  4.5398594e-04  -6.0325929e-04
  4.5208756e-04  -6.0468326e-04
  4.5018471e-04  -6.0610125e-04
  4.4827741e-04  -6.0751326e-04
  4.4636569e-04  -6.0891927e-04
  4.4444955e-04  -6.1031926e-04
  4.4252903e-04  -6.1171322e-04
  4.4060413e-04  -6.1310114e-04
  4.3867488e-04  -6.1448300e-04
  4.3674129e-04  -6.1585879e-04
  4.3480339e-04  -6.1722849e-04
  4.3286120e-04  -6.1859210e-04
  4.3091473e-04  -6.1994959e-04
  4.2896400e-04  -6.2130097e-04
  4.2700903e-04  -6.2264620e-04
  4.2504984e-04  -6.2398528e-04
  4.2308646e-04  -6.2531820e-04
  4.2111890e-04  -6.2664494e-04
  4.1914717e-04  -6.2796548e-04
  4.1717130e-04  -6.2927983e-04
  4.1519132e-04  -6.3058796e-04
  4.1320723e-04  -6.3188985e-04
  4.1121906e-04  -6.3318551e-04
  4.0922682e-04  -6.3447491e-04
  4.0723055e-04  -6.3575804e-04
  4.0523025e-04  -6.3703489e-04
  4.0322594e-04  -6.3830544e-04
  4.0121765e-04  -6.3956969e-04
  3.9920540e-04  -6.4082763e-04
  3.9718921e-04  -6.4207923e-04
  3.9516909e-04  -6.4332448e-04
  3.9314507e-04  -6.4456339e-04
  3.9111716e-04  -6.4579592e-04
  3.8908539e-04  -6.4702207e-04
  3.8704977e-04  -6.4824183e-04
  3.8501033e-04  -6.4945519e-04
  3.8296709e-04  -6.5066213e-04
  3.8092006e-04  -6.5186264e-04
  3.7886927e-04  -6.5305672e-04
  3.7681474e-04  -6.5424434e-04
  3.7475649e-04  -6.5542549e-04
  3.7269453e-04  -6.5660017e-04
  3.7062889e-04  -6.5776837e-04
  3.6855959e-04  -6.5893007e-04
  3.6648664e-04  -6.6008525e-04
  3.6441008e-04  -6.6123392e-04
  3.6232992e-04  -6.6237605e-04
  3.6024617e-04  -6.6351164e-04
  3.5815887e-04  -6.6464067e-04
  3.5606803e-04  -6.6576314e-04
  3.5397367e-04  -6.6687903e-04
  3.5187582e-04  -6.6798833e-04
  3.4977449e-04  -6.6909103e-04
  3.4766970e-04  -6.7018712e-04
  3.4556148e-04  -6.7127659e-04
  3.4344984e-04  -6.7235943e-04
  3.4133481e-04  -6.7343563e-04
  3.3921641e-04  -6.7450517e-04
  3.3709466e-04  -6.7556805e-04
  3.3496957e-04  -6.7662426e-04
  3.3284118e-04  -6.7767378e-04
  3.3070950e-04  -6.7871660e-04
  3.2857455e-04  -6.7975272e-04
  3.2643636e-04  -6.8078213e-04
  3.2429494e-04  -6.8180480e-04
  3.2215032e-04  -6.8282075e-04
  3.2000251e-04  -6.8382994e-04
  3.1785155e-04  -6.8483238e-04
  3.1569744e-04  -6.8582806e-04
  3.1354021e-04  -6.8681696e-04
  3.1137989e-04  -6.8779907e-04
  3.0921649e-04  -6.8877439e-04
  3.0705003e-04  -6.8974291e-04
  3.0488054e-04  -6.9070461e-04
  3.0270804e-04  -6.9165948e-04
  3.0053255e-04  -6.9260753e-04
  2.9835409e-04  -6.9354873e-04
  2.9617269e-04  -6.9448307e-04
  2.9398835e-04  -6.9541056e-04
  2.9180111e-04  -6.9633118e-04
  2.8961099e-04  -6.9724492e-04
  2.8741801e-04  -6.9815177e-04
  2.8522219e-04  -6.9905172e-04
  2.8302355e-04  -6.9994476e-04
  2.8082211e-04  -7.0083089e-04
  2.7861790e-04  -7.0171010e-04
  2.7641094e-04  -7.0258237e-04
  2.7420125e-04  -7.0344771e-04
  2.7198884e-04  -7.0430609e-04
  2.6977375e-04  -7.0515752e-04
  2.6755600e-04  -7.0600197e-04
  2.6533560e-04  -7.0683946e-04
  2.6311258e-04  -7.0766996e-04
  2.6088696e-04  -7.0849347e-04
  2.5865877e-04  -7.0930998e-04
  2.5642801e-04  -7.1011948e-04
  2.5419473e-04  -7.1092196e-04
  2.5195893e-04  -7.1171743e-04
  2.4972065e-04  -7.1250586e-04
  2.4747989e-04  -7.1328725e-04
  2.4523670e-04  -7.1406160e-04
  2.4299108e-04  -7.1482889e-04
  2.4074305e-04  -7.1558912e-04
  2.3849265e-04  -7.1634227e-04
  2.3623990e-04  -7.1708836e-04
  2.3398481e-04  -7.1782735e-04
  2.3172741e-04  -7.1855926e-04
  2.2946772e-04  -7.1928407e-04
  2.2720576e-04  -7.2000177e-04
  2.2494156e-04  -7.2071235e-04
  2.2267513e-04  -7.2141582e-04
  2.2040651e-04  -7.2211216e-04
  2.1813571e-04  -7.2280137e-04
  2.1586275e-04  -7.2348343e-04
  2.1358766e-04  -7.2415835e-04
  2.1131046e-04  -7.2482611e-04
  2.0903117e-04  -7.2548671e-04
  2.0674982e-04  -7.2614015e-04
  2.0446642e-04  -7.2678641e-04
  2.0218101e-04  -7.2742549e-04
  1.9989360e-04  -7.2805738e-04
  1.9760421e-04  -7.2868208e-04
  1.9531287e-04  -7.2929958e-04
  1.9301960e-04  -7.2990988e-04
  1.9072442e-04  -7.3051297e-04
  1.8842736e-04  -7.3110884e-04
  1.8612844e-04  -7.3169748e-04
  1.8382768e-04  -7.3227890e-04
  1.8152510e-04  -7.3285308e-04
  1.7922073e-04  -7.3342002e-04
  1.7691459e-04  -7.3397972e-04
  1.7460670e-04  -7.3453216e-04
  1.7229709e-04  -7.3507735e-04
  1.6998577e-04  -7.3561528e-04
  1.6767278e-04  -7.3614594e-04
  1.6535812e-04  -7.3666932e-04
  1.6304184e-04  -7.3718543e-04
  1.6072394e-04  -7.3769426e-04
  1.5840446e-04  -7.3819579e-04
  1.5608341e-04  -7.3869004e-04
  1.5376082e-04  -7.3917698e-04
  1.5143671e-04  -7.3965663e-04
  1.4911110e-04  -7.4012896e-04
  1.4678402e-04  -7.4059399e-04
  1.4445549e-04  -7.4105169e-04
  1.4212553e-04  -7.4150208e-04
  1.3979417e-04  -7.4194514e-04
  1.3746143e-04  -7.4238087e-04
  1.3512733e-04  -7.4280927e-04
  1.3279189e-04  -7.4323032e-04
  1.3045515e-04  -7.4364404e-04
  1.2811711e-04  -7.4405041e-04
  1.2577781e-04  -7.4444942e-04
  1.2343727e-04  -7.4484108e-04
  1.2109550e-04  -7.4522539e-04
  1.1875254e-04  -7.4560233e-04
  1.1640841e-04  -7.4597190e-04
  1.1406313e-04  -7.4633411e-04
  1.1171671e-04  -7.4668894e-04
  1.0936920e-04  -7.4703640e-04
  1.0702061e-04  -7.4737647e-04
  1.0467095e-04  -7.4770916e-04
  1.0232027e-04  -7.4803447e-04
  9.9968572e-05  -7.4835238e-04
  9.7615888e-05  -7.4866290e-04
  9.5262239e-05  -7.4896602e-04
  9.2907649e-05  -7.4926175e-04
  9.0552141e-05  -7.4955007e-04
  8.8195739e-05  -7.4983099e-04
  8.5838465e-05  -7.5010450e-04
  8.3480343e-05  -7.5037060e-04
  8.1121397e-05  -7.5062928e-04
  7.8761649e-05  -7.5088055e-04
  7.6401123e-05  -7.5112440e-04
  7.4039842e-05  -7.5136083e-04
  7.1677829e-05  -7.5158984e-04
  6.9315109e-05  -7.5181142e-04
  6.6951704e-05  -7.5202558e-04
  6.4587637e-05  -7.5223230e-04
  6.2222932e-05  -7.5243160e-04
  5.9857613e-05  -7.5262346e-04
  5.7491702e-05  -7.5280788e-04
  5.5125223e-05  -7.5298487e-04
  5.2758199e-05  -7.5315441e-04
  5.0390655e-05  -7.5331652e-04
  4.8022612e-05  -7.5347119e-04
  4.5654095e-05  -7.5361841e-04
  4.3285127e-05  -7.5375818e-04
  4.0915731e-05  -7.5389051e-04
  3.8545931e-05  -7.5401539e-04
  3.6175751e-05  -7.5413282e-04
  3.3805213e-05  -7.5424280e-04
  3.1434340e-05  -7.5434533e-04
  2.9063158e-05  -7.5444041e-04
  2.6691688e-05  -7.5452803e-04
  2.4319955e-05  -7.5460820e-04
  2.1947981e-05  -7.5468092e-04
  1.9575790e-05  -7.5474617e-04
  1.7203406e-05  -7.5480398e-04
  1.4830852e-05  -7.5485432e-04
  1.2458152e-05  -7.5489721e-04
  1.0085328e-05  -7.5493264e-04
  7.7124051e-06  -7.5496061e-04
  5.3394057e-06  -7.5498112e-04
  2.9663536e-06  -7.5499417e-04
  5.9327219e-07  -7.5499977e-04
 -1.7798151e-06  -7.5499790e-04
 -4.1528848e-06  -7.5498858e-04
 -6.5259135e-06  -7.5497180e-04
 -8.8988777e-06  -7.5494755e-04
 -1.1271754e-05  -7.5491585e-04
 -1.3644519e-05  -7.5487670e-04
 -1.6017149e-05  -7.5483008e-04
 -1.8389621e-05  -7.5477601e-04
 -2.0761911e-05  -7.5471448e-04
 -2.3133996e-05  -7.5464549e-04
 -2.5505853e-05  -7.5456905e-04
 -2.7877457e-05  -7.5448515e-04
 -3.0248786e-05  -7.5439380e-04
 -3.2619817e-05  -7.5429500e-04
 -3.4990525e-05  -7.5418875e-04
 -3.7360887e-05  -7.5407504e-04
 -3.9730880e-05  -7.5395388e-04
 -4.2100481e-05  -7.5382528e-04
 -4.4469666e-05  -7.5368923e-04
 -4.6838411e-05  -7.5354573e-04
 -4.9206694e-05  -7.5339478e-04
 -5.1574491e-05  -7.5323640e-04
 -5.3941778e-05  -7.5307057e-04
 -5.6308532e-05  -7.5289730e-04
 -5.8674730e-05  -7.5271660e-04
 -6.1040348e-05  -7.5252846e-04
 -6.3405363e-05  -7.5233288e-04
 -6.5769752e-05  -7.5212987e-04
 -6.8133490e-05  -7.5191943e-04
 -7.0496556e-05  -7.5170156e-04
 -7.2858926e-05  -7.5147627e-04
 -7.5220575e-05  -7.5124355e-04
 -7.7581482e-05  -7.5100340e-04
 -7.9941621e-05  -7.5075584e-04
 -8.2300972e-05  -7.5050087e-04
 -8.4659509e-05  -7.5023847e-04
 -8.7017209e-05  -7.4996867e-04
 -8.9374050e-05  -7.4969146e-04
 -9.1730008e-05  -7.4940684e-04
 -9.4085060e-05  -7.4911481e-04
 -9.6439182e-05  -7.4881539e-04
 -9.8792352e-05  -7.4850856e-04
 -1.0114455e-04  -7.4819435e-04
 -1.0349574e-04  -7.4787274e-04
 -1.0584591e-04  -7.4754374e-04
 -1.0819504e-04  -7.4720736e-04
 -1.1054309e-04  -7.4686359e-04
 -1.1289006e-04  -7.4651245e-04
 -1.1523591e-04  -7.4615393e-04
 -1.1758062e-04  -7.4578804e-04
 -1.1992417e-04  -7.4541478e-04
 -1.2226653e-04  -7.4503416e-04
 -1.2460769e-04  -7.4464617e-04
 -1.2694762e-04  -7.4425083e-04
 -1.2928629e-04  -7.4384814e-04
 -1.3162368e-04  -7.4343810e-04
 -1.3395978e-04  -7.4302071e-04
 -1.3629455e-04  -7.4259598e-04
 -1.3862797e-04  -7.4216392e-04
 -1.4096003e-04  -7.4172452e-04
 -1.4329069e-04  -7.4127780e-04
 -1.4561993e-04  -7.4082375e-04
 -1.4794774e-04  -7.4036239e-04
 -1.5027409e-04  -7.3989371e-04
 -1.5259895e-04  -7.3941772e-04
 -1.5492230e-04  -7.3893442e-04
 -1.5724413e-04  -7.3844383e-04
 -1.5956440e-04  -7.3794594e-04
 -1.6188309e-04  -7.3744075e-04
 -1.6420018e-04  -7.3692829e-04
 -1.6651565e-04  -7.3640854e-04
 -1.6882948e-04  -7.3588152e-04
 -1.7114164e-04  -7.3534722e-04
 -1.7345211e-04  -7.3480567e-04
 -1.7576086e-04  -7.3425685e-04
 -1.7806788e-04  -7.3370078e-04
 -1.8037314e-04  -7.3313746e-04
 -1.8267662e-04  -7.3256689e-04
 -1.8497829e-04  -7.3198909e-04
 -1.8727813e-04  -7.3140406e-04
 -1.8957613e-04  -7.3081180e-04
 -1.9187225e-04  -7.3021233e-04
 -1.9416647e-04  -7.2960563e-04
 -1.9645878e-04  -7.2899173e-04
 -1.9874915e-04  -7.2837063e-04
 -2.0103755e-04  -7.2774233e-04
 -2.0332397e-04  -7.2710685e-04
 -2.0560837e-04  -7.2646417e-04
 -2.0789075e-04  -7.2581433e-04
 -2.1017107e-04  -7.2515731e-04
 -2.1244932e-04  -7.2449312e-04
 -2.1472547e-04  -7.2382178e-04
 -2.1699950e-04  -7.2314329e-04
 -2.1927138e-04  -7.2245765e-04
 -2.2154109e-04  -7.2176488e-04
 -2.2380862e-04  -7.2106498e-04
 -2.2607394e-04  -7.2035795e-04
 -2.2833702e-04  -7.1964380e-04
 -2.3059785e-04  -7.1892255e-04
 -2.3285640e-04  -7.1819419e-04
 -2.3511264e-04  -7.1745874e-04
 -2.3736657e-04  -7.1671620e-04
 -2.3961815e-04  -7.1596658e-04
 -2.4186736e-04  -7.1520988e-04
 -2.4411419e-04  -7.1444612e-04
 -2.4635860e-04  -7.1367530e-04
 -2.4860058e-04  -7.1289744e-04
 -2.5084010e-04  -7.1211252e-04
 -2.5307714e-04  -7.1132057e-04
 -2.5531169e-04  -7.1052160e-04
 -2.5754371e-04  -7.0971560e-04
 -2.5977319e-04  -7.0890260e-04
 -2.6200010e-04  -7.0808259e-04
 -2.6422442e-04  -7.0725558e-04
 -2.6644613e-04  -7.0642159e-04
 -2.6866521e-04  -7.0558062e-04
 -2.7088163e-04  -7.0473267e-04
 -2.7309538e-04  -7.0387777e-04
 -2.7530643e-04  -7.0301591e-04
 -2.7751476e-04  -7.0214710e-04
 -2.7972035e-04  -7.0127136e-04
 -2.8192318e-04  -7.0038869e-04
 -2.8412322e-04  -6.9949910e-04
 -2.8632045e-04  -6.9860260e-04
 -2.8851486e-04  -6.9769920e-04
 -2.9070641e-04  -6.9678891e-04
 -2.9289509e-04  -6.9587173e-04
 -2.9508088e-04  -6.9494768e-04
 -2.9726376e-04  -6.9401676e-04
 -2.9944369e-04  -6.9307898e-04
 -3.0162067e-04  -6.9213436e-04
 -3.0379467e-04  -6.9118290e-04
 -3.0596567e-04  -6.9022461e-04
 -3.0813364e-04  -6.8925950e-04
 -3.1029857e-04  -6.8828758e-04
 -3.1246044e-04  -6.8730887e-04
 -3.1461921e-04  -6.8632336e-04
 -3.1677488e-04  -6.8533107e-04
 -3.1892742e-04  -6.8433201e-04
 -3.2107681e-04  -6.8332619e-04
 -3.2322303e-04  -6.8231362e-04
 -3.2536605e-04  -6.8129431e-04
 -3.2750586e-04  -6.8026826e-04
 -3.2964243e-04  -6.7923550e-04
 -3.3177575e-04  -6.7819603e-04
 -3.3390579e-04  -6.7714985e-04
 -3.3603253e-04  -6.7609699e-04
 -3.3815595e-04  -6.7503745e-04
 -3.4027603e-04  -6.7397123e-04
 -3.4239275e-04  -6.7289836e-04
 -3.4450608e-04  -6.7181884e-04
 -3.4661602e-04  -6.7073269e-04
 -3.4872252e-04  -6.6963990e-04
 -3.5082559e-04  -6.6854051e-04
 -3.5292518e-04  -6.6743450e-04
 -3.5502129e-04  -6.6632191e-04
 -3.5711389e-04  -6.6520273e-04
 -3.5920297e-04  -6.6407697e-04
 -3.6128849e-04  -6.6294466e-04
 -3.6337045e-04  -6.6180580e-04
 -3.6544881e-04  -6.6066040e-04
 -3.6752357e-04  -6.5950847e-04
 -3.6959469e-04  -6.5835003e-04
 -3.7166217e-04  -6.5718508e-04
 -3.7372597e-04  -6.5601364e-04
 -3.7578608e-04  -6.5483572e-04
 -3.7784247e-04  -6.5365133e-04
 -3.7989514e-04  -6.5246048e-04
 -3.8194405e-04  -6.5126319e-04
 -3.8398919e-04  -6.5005946e-04
 -3.8603053e-04  -6.4884931e-04
 -3.8806806e-04  -6.4763275e-04
 -3.9010175e-04  -6.4640979e-04
 -3.9213160e-04  -6.4518045e-04
 -3.9415756e-04  -6.4394473e-04
 -3.9617964e-04  -6.4270265e-04
 -3.9819780e-04  -6.4145422e-04
 -4.0021202e-04  -6.4019945e-04
 -4.0222229e-04  -6.3893836e-04
 -4.0422859e-04  -6.3767095e-04
 -4.0623090e-04  -6.3639725e-04
 -4.0822919e-04  -6.3511726e-04
 -4.1022345e-04  -6.3383099e-04
 -4.1221365e-04  -6.3253846e-04
 -4.1419978e-04  -6.3123968e-04
 -4.1618182e-04  -6.2993467e-04
 -4.1815975e-04  -6.2862343e-04
 -4.2013355e-04  -6.2730598e-04
 -4.2210320e-04  -6.2598234e-04
 -4.2406868e-04  -6.2465251e-04
 -4.2602996e-04  -6.2331651e-04
 -4.2798704e-04  -6.2197435e-04
 -4.2993989e-04  -6.2062605e-04
 -4.3188849e-04  -6.1927161e-04
 -4.3383283e-04  -6.1791106e-04
 -4.3577288e-04  -6.1654440e-04
 -4.3770862e-04  -6.1517165e-04
 -4.3964004e-04  -6.1379282e-04
 -4.4156712e-04  -6.1240793e-04
 -4.4348984e-04  -6.1101699e-04
 -4.4540817e-04  -6.0962002e-04
 -4.4732210e-04  -6.0821702e-04
 -4.4923161e-04  -6.0680801e-04
 -4.5113669e-04  -6.0539300e-04
 -4.5303731e-04  -6.0397202e-04
 -4.5493345e-04  -6.0254507e-04
 -4.5682510e-04  -6.0111216e-04
 -4.5871223e-04  -5.9967332e-04
 -4.6059483e-04  -5.9822855e-04
 -4.6247289e-04  -5.9677787e-04
 -4.6434637e-04  -5.9532130e-04
 -4.6621527e-04  -5.9385884e-04
 -4.6807956e-04  -5.9239052e-04
 -4.6993922e-04  -5.9091635e-04
 -4.7179424e-04  -5.8943633e-04
 -4.7364461e-04  -5.8795050e-04
 -4.7549029e-04  -5.8645885e-04
 -4.7733127e-04  -5.8496141e-04
 -4.7916754e-04  -5.8345820e-04
 -4.8099908e-04  -5.8194921e-04
 -4.8282586e-04  -5.8043448e-04
 -4.8464787e-04  -5.7891402e-04
 -4.8646510e-04  -5.7738783e-04
 -4.8827752e-04  -5.7585594e-04
 -4.9008511e-04  -5.7431837e-04
 -4.9188786e-04  -5.7277511e-04
 -4.9368576e-04  -5.7122620e-04
 -4.9547877e-04  -5.6967165e-04
 -4.9726689e-04  -5.6811146e-04
 -4.9905010e-04  -5.6654567e-04
 -5.0082838e-04  -5.6497428e-04
 -5.0260171e-04  -5.6339730e-04
 -5.0437008e-04  -5.6181476e-04
 -5.0613346e-04  -5.6022667e-04
 -5.0789184e-04  -5.5863305e-04
 -5.0964520e-04  -5.5703390e-04
 -5.1139353e-04  -5.5542925e-04
 -5.1313681e-04  -5.5381912e-04
 -5.1487501e-04  -5.5220351e-04
 -5.1660813e-04  -5.5058245e-04
 -5.1833615e-04  -5.4895595e-04
 -5.2005905e-04  -5.4732403e-04
 -5.2177680e-04  -5.4568669e-04
 -5.2348941e-04  -5.4404397e-04
 -5.2519684e-04  -5.4239587e-04
 -5.2689908e-04  -5.4074242e-04
 -5.2859612e-04  -5.3908362e-04
 -5.3028793e-04  -5.3741949e-04
 -5.3197451e-04  -5.3575006e-04
 -5.3365583e-04  -5.3407533e-04
 -5.3533187e-04  -5.3239533e-04
 -5.3700263e-04  -5.3071007e-04
 -5.3866809e-04  -5.2901956e-04
 -5.4032822e-04  -5.2732383e-04
 -5.4198301e-04  -5.2562288e-04
 -5.4363245e-04  -5.2391675e-04
 -5.4527652e-04  -5.2220544e-04
 -5.4691520e-04  -5.2048897e-04
 -5.4854848e-04  -5.1876735e-04
 -5.5017634e-04  -5.1704062e-04
 -5.5179876e-04  -5.1530877e-04
 -5.5341573e-04  -5.1357183e-04
 -5.5502723e-04  -5.1182982e-04
 -5.5663326e-04  -5.1008276e-04
 -5.5823378e-04  -5.0833065e-04
 -5.5982878e-04  -5.0657352e-04
 -5.6141826e-04  -5.0481139e-04
 -5.6300219e-04  -5.0304427e-04
 -5.6458056e-04  -5.0127218e-04
 -5.6615335e-04  -4.9949513e-04
 -5.6772054e-04  -4.9771316e-04
 -5.6928213e-04  -4.9592626e-04
 -5.7083809e-04  -4.9413447e-04
 -5.7238841e-04  -4.9233779e-04
 -5.7393308e-04  -4.9053625e-04
 -5.7547208e-04  -4.8872987e-04
 -5.7700539e-04  -4.8691865e-04
 -5.7853301e-04  -4.8510263e-04
 -5.8005490e-04  -4.8328181e-04
 -5.8157107e-04  -4.8145622e-04
 -5.8308149e-04  -4.7962587e-04
 -5.8458615e-04  -4.7779078e-04
 -5.8608504e-04  -4.7595097e-04
 -5.8757813e-04  -4.7410647e-04
 -5.8906542e-04  -4.7225727e-04
 -5.9054689e-04  -4.7040341e-04
 -5.9202253e-04  -4.6854491e-04
 -5.9349231e-04  -4.6668177e-04
 -5.9495624e-04  -4.6481402e-04
 -5.9641428e-04  -4.6294169e-04
 -5.9786643e-04  -4.6106477e-04
 -5.9931268e-04  -4.5918331e-04
 -6.0075301e-04  -4.5729730e-04
 -6.0218740e-04  -4.5540678e-04
 -6.0361584e-04  -4.5351176e-04
 -6.0503832e-04  -4.5161226e-04
 -6.0645482e-04  -4.4970830e-04
 -6.0786533e-04  -4.4779989e-04
 -6.0926983e-04  -4.4588707e-04
 -6.1066831e-04  -4.4396983e-04
 -6.1206077e-04  -4.4204821e-04
 -6.1344717e-04  -4.4012222e-04
 -6.1482751e-04  -4.3819189e-04
 -6.1620178e-04  -4.3625722e-04
 -6.1756997e-04  -4.3431825e-04
 -6.1893205e-04  -4.3237498e-04
 -6.2028801e-04  -4.3042744e-04
 -6.2163785e-04  -4.2847565e-04
 -6.2298155e-04  -4.2651963e-04
 -6.2431909e-04  -4.2455939e-04
 -6.2565046e-04  -4.2259496e-04
 -6.2697565e-04  -4.2062635e-04
 -6.2829465e-04  -4.1865359e-04
 -6.2960744e-04  -4.1667669e-04
 -6.3091401e-04  -4.1469568e-04
 -6.3221435e-04  -4.1271057e-04
 -6.3350844e-04  -4.1072138e-04
 -6.3479628e-04  -4.0872813e-04
 -6.3607784e-04  -4.0673085e-04
 -6.3735312e-04  -4.0472954e-04
 -6.3862210e-04  -4.0272424e-04
 -6.3988477e-04  -4.0071496e-04
 -6.4114112e-04  -3.9870172e-04
 -6.4239114e-04  -3.9668455e-04
 -6.4363481e-04  -3.9466345e-04
 -6.4487212e-04  -3.9263845e-04
 -6.4610306e-04  -3.9060958e-04
 -6.4732761e-04  -3.8857684e-04
 -6.4854577e-04  -3.8654027e-04
 -6.4975753e-04  -3.8449988e-04
 -6.5096286e-04  -3.8245569e-04
 -6.5216177e-04  -3.8040772e-04
 -6.5335423e-04  -3.7835599e-04
 -6.5454023e-04  -3.7630053e-04
 -6.5571977e-04  -3.7424134e-04
 -6.5689283e-04  -3.7217846e-04
 -6.5805940e-04  -3.7011191e-04
 -6.5921947e-04  -3.6804169e-04
 -6.6037303e-04  -3.6596784e-04
 -6.6152006e-04  -3.6389038e-04
 -6.6266056e-04  -3.6180932e-04
 -6.6379451e-04  -3.5972468e-04
 -6.6492190e-04  -3.5763649e-04
 -6.6604273e-04  -3.5554477e-04
 -6.6715697e-04  -3.5344954e-04
 -6.6826462e-04  -3.5135081e-04
 -6.6936567e-04  -3.4924861e-04
 -6.7046011e-04  -3.4714296e-04
 -6.7154793e-04  -3.4503389e-04
 -6.7262911e-04  -3.4292140e-04
 -6.7370364e-04  -3.4080553e-04
 -6.7477152e-04  -3.3868629e-04
 -6.7583273e-04  -3.3656370e-04
 -6.7688726e-04  -3.3443779e-04
 -6.7793511e-04  -3.3230857e-04
 -6.7897626e-04  -3.3017607e-04
 -6.8001070e-04  -3.2804031e-04
 -6.8103843e-04  -3.2590131e-04
 -6.8205942e-04  -3.2375908e-04
 -6.8307368e-04  -3.2161366e-04
 -6.8408119e-04  -3.1946507e-04
 -6.8508194e-04  -3.1731331e-04
 -6.8607592e-04  -3.1515842e-04
 -6.8706312e-04  -3.1300042e-04
 -6.8804354e-04  -3.1083933e-04
 -6.8901716e-04  -3.0867516e-04
 -6.8998397e-04  -3.0650794e-04
 -6.9094397e-04  -3.0433770e-04
 -6.9189713e-04  -3.0216445e-04
 -6.9284347e-04  -2.9998822e-04
 -6.9378296e-04  -2.9780902e-04
 -6.9471559e-04  -2.9562688e-04
 -6.9564136e-04  -2.9344181e-04
 -6.9656026e-04  -2.9125385e-04
 -6.9747227e-04  -2.8906301e-04
 -6.9837740e-04  -2.8686932e-04
 -6.9927563e-04  -2.8467279e-04
 -7.0016694e-04  -2.8247345e-04
 -7.0105134e-04  -2.8027132e-04
 -7.0192882e-04  -2.7806642e-04
 -7.0279936e-04  -2.7585877e-04
 -7.0366295e-04  -2.7364840e-04
 -7.0451960e-04  -2.7143532e-04
 -7.0536928e-04  -2.6921956e-04
 -7.0621200e-04  -2.6700115e-04
 -7.0704774e-04  -2.6478009e-04
 -7.0787649e-04  -2.6255642e-04
 -7.0869825e-04  -2.6033015e-04
 -7.0951301e-04  -2.5810132e-04
 -7.1032076e-04  -2.5586993e-04
 -7.1112149e-04  -2.5363601e-04
 -7.1191519e-04  -2.5139959e-04
 -7.1270187e-04  -2.4916069e-04
 -7.1348150e-04  -2.4691932e-04
 -7.1425408e-04  -2.4467552e-04
 -7.1501961e-04  -2.4242929e-04
 -7.1577807e-04  -2.4018068e-04
 -7.1652946e-04  -2.3792969e-04
 -7.1727377e-04  -2.3567634e-04
 -7.1801099e-04  -2.3342067e-04
 -7.1874113e-04  -2.3116270e-04
 -7.1946416e-04  -2.2890244e-04
 -7.2018008e-04  -2.2663992e-04
 -7.2088889e-04  -2.2437516e-04
 -7.2159057e-04  -2.2210818e-04
 -7.2228513e-04  -2.1983901e-04
 -7.2297255e-04  -2.1756767e-04
 -7.2365283e-04  -2.1529418e-04
 -7.2432596e-04  -2.1301856e-04
 -7.2499193e-04  -2.1074083e-04
 -7.2565074e-04  -2.0846103e-04
 -7.2630238e-04  -2.0617916e-04
 -7.2694685e-04  -2.0389526e-04
 -7.2758414e-04  -2.0160934e-04
 -7.2821423e-04  -1.9932143e-04
 -7.2883713e-04  -1.9703155e-04
 -7.2945283e-04  -1.9473973e-04
 -7.3006133e-04  -1.9244598e-04
 -7.3066261e-04  -1.9015033e-04
 -7.3125667e-04  -1.8785280e-04
 -7.3184351e-04  -1.8555342e-04
 -7.3242312e-04  -1.8325220e-04
 -7.3299550e-04  -1.8094918e-04
 -7.3356063e-04  -1.7864436e-04
 -7.3411851e-04  -1.7633778e-04
 -7.3466914e-04  -1.7402946e-04
 -7.3521251e-04  -1.7171942e-04
 -7.3574862e-04  -1.6940768e-04
 -7.3627747e-04  -1.6709427e-04
 -7.3679903e-04  -1.6477920e-04
 -7.3731332e-04  -1.6246251e-04
 -7.3782032e-04  -1.6014422e-04
 -7.3832004e-04  -1.5782434e-04
 -7.3881246e-04  -1.5550290e-04
 -7.3929758e-04  -1.5317993e-04
 -7.3977540e-04  -1.5085544e-04
 -7.4024590e-04  -1.4852947e-04
 -7.4070910e-04  -1.4620202e-04
 -7.4116498e-04  -1.4387313e-04
 -7.4161353e-04  -1.4154282e-04
 -7.4205476e-04  -1.3921112e-04
 -7.4248866e-04  -1.3687803e-04
 -7.4291522e-04  -1.3454360e-04
 -7.4333444e-04  -1.3220783e-04
 -7.4374632e-04  -1.2987076e-04
 -7.4415085e-04  -1.2753240e-04
 -7.4454803e-04  -1.2519279e-04
 -7.4493785e-04  -1.2285194e-04
 -7.4532031e-04  -1.2050987e-04
 -7.4569541e-04  -1.1816662e-04
 -7.4606315e-04  -1.1582219e-04
 -7.4642351e-04  -1.1347663e-04
 -7.4677650e-04  -1.1112994e-04
 -7.4712211e-04  -1.0878215e-04
 -7.4746034e-04  -1.0643329e-04
 -7.4779118e-04  -1.0408338e-04
 -7.4811464e-04  -1.0173244e-04
 -7.4843070e-04  -9.9380493e-05
 -7.4873937e-04  -9.7027565e-05
 -7.4904065e-04  -9.4673679e-05
 -7.4933452e-04  -9.2318857e-05
 -7.4962100e-04  -8.9963123e-05
 -7.4990006e-04  -8.7606501e-05
 -7.5017172e-04  -8.5249013e-05
 -7.5043596e-04  -8.2890683e-05
 -7.5069279e-04  -8.0531534e-05
 -7.5094221e-04  -7.8171589e-05
 -7.5118421e-04  -7.5810872e-05
 -7.5141878e-04  -7.3449406e-05
 -7.5164593e-04  -7.1087215e-05
 -7.5186566e-04  -6.8724321e-05
 -7.5207796e-04  -6.6360748e-05
 -7.5228282e-04  -6.3996520e-05
 -7.5248026e-04  -6.1631659e-05
 -7.5267026e-04  -5.9266189e-05
 -7.5285282e-04  -5.6900134e-05
 -7.5302795e-04  -5.4533517e-05
 -7.5319564e-04  -5.2166361e-05
 -7.5335589e-04  -4.9798690e-05
 -7.5350869e-04  -4.7430526e-05
 -7.5365405e-04  -4.5061894e-05
 -7.5379196e-04  -4.2692817e-05
 -7.5392243e-04  -4.0323318e-05
 -7.5404545e-04  -3.7953421e-05
 -7.5416102e-04  -3.5583149e-05
 -7.5426914e-04  -3.3212525e-05
 -7.5436980e-04  -3.0841573e-05
 -7.5446302e-04  -2.8470316e-05
 -7.5454877e-04  -2.6098778e-05
 -7.5462708e-04  -2.3726983e-05
 -7.5469793e-04  -2.1354953e-05
 -7.5476132e-04  -1.8982711e-05
 -7.5481726e-04  -1.6610283e-05
 -7.5486574e-04  -1.4237690e-05
 -7.5490676e-04  -1.1864957e-05
 -7.5494033e-04  -9.4921059e-06
 -7.5496643e-04  -7.1191615e-06
 -7.5498508e-04  -4.7461467e-06
 -7.5499627e-04  -2.3730851e-06
 -7.5500000e-04  -1.8492167e-19
 -7.5500000e-04   0.0000000e+00

