
#
# general parameters
# 
max_step  =  50000    # maximum timestep
stop_time =  2e-08 # maximum problem time


# 
# geometry description
# 
# Coordinate system: XY -> 0, RZ -> 1 
geometry.coord_sys = 1
# Simulation window, limit the real domain of simulation
geometry.prob_lo =   0.0000000e+00   0.0000000e+00 # lower corner  ##falta
geometry.prob_hi =   3.0000000e-03   3.0000000e-03 # upper corner  ##falta
# Periodicity of the domain: no PBC -> 0, PBC -> 1 (must specify the value for both dimensions)
geometry.is_periodic =  0 0

#
# adaptive mesh refinement parameters	##esto hay que cambiarlo?
#
amr.v               = 1               # Verbose output
amr.n_cell          = 256 256          # number of cells for base level
amr.max_level       = 3              # maximum level number allowed
amr.ref_ratio       = 2 2 2 2 2 2 2 2 # refinement ratio 
amr.regrid_int      = 2               # how often to regrid
amr.n_error_buf     = 2 2 2 2 2 2 2 2 # number of buffer cells in error est
amr.grid_eff        = 0.6             # what constitutes an efficient grid
amr.blocking_factor = 4               # block factor in grid generation

#checkpoints
amr.check_file      = ./chk/omega_target # root name for checkpoint files
amr.check_int       = 80          # frequency to create checkpoints
# plot files, not really used
amr.plot_file       = ./plt/omega_target # root name for plot files
amr.plot_int        = -1          # frequency for plot files
# rwm files
amr.rwm_file        = omega_target   # root name for output file
amr.rwm_int         = 20      # plot frequency
# restart form checkpoint ? init means start from the beginin, otherwise use the path to checkpoint
amr.restart         = init
amr.max_grid_size   = 2048
amr.errmlt          = 1.0

#
# tagging parameters
#
tag.mat_idx         = 1 # always tag material with this index (statrting with 0)
tag.mat_lev         = 0 # use material tagging for levels from this
tag.floor_den       = 5.0e-01 # density floor value for tagging
tag.err_den         = 0.05 # criteria to tag density
tag.err_tem         = 0.25 # criteria to tag temperature

#
# hydrodynamic parameters  
#
hyp.active         = 1     # 0 -> no hydro, !=0 do hydro
hyp.unsplit        = 1     # deprecated
hyp.use2t          = 0     # 0 -> 1T, !=0 -> 2T
hyp.sekora         = false
hyp.nadv           = 0     # no need of advected variables
hyp.v              = 1     # Verbose output?
hyp.dt_cutoff      = 0.0   # no dt curoff
hyp.cfl            = 0.3   # cfl number for hyperbolic system
hyp.init_shrink    = 0.01 # scale back initial timestep, for RZ coordinates, it must be reduced further
hyp.change_max     = 1.01  # maxumum allowed change in time step (1.01 means 1%)
hyp.artvis         = 0.1   # deprecated
hyp.gravity        = 0.0   # derecated
hyp.sum_interval   = 0     # deprected
hyp.do_reflux      = 1     # 1 => do refluxing
hyp.bogus_value    = 5.0e+5 # error value to fill new cells
#hyp.fixdt           = 1.0e-12 # use fixed time step, just for debug purposes

#
# problem description
#
# boundary conditions for hydro
Prob.lo_bc          = 3 3 # lower edge BC's 
Prob.hi_bc          = 2 2 # upper edge BC's 
# Prob.lo_bc = A B
# A is for x = xlo and B is for y = ylo
# >>>>>>>>>>>>>  BC FLAGS <<<<<<<<<<<<<<<<
# 0 = Interior/Periodic  3 = Symmetry
# 1 = Inflow             4 = SlipWall
# 2 = Outflow            5 = NoSlipWall

#
# output format for boxlib FArrayBox
#
fab.format = ASCII

#
# Initializes distribution strategy from ParmParse.
#
# ParmParse options are:
#
#   DistributionMapping.strategy = ROUNDROBIN
#   DistributionMapping.strategy = KNAPSACK
#
# The default strategy is ROUNDROBIN.
#
DistributionMapping.strategy = ROUNDROBIN
#DistributionMapping.strategy = KNAPSACK

#
# Diffusion solver parameters Solvers
#
solver.type         = BiCGStab
solver.weight       = 0.0
solver.maxIter      = 30
solver.iterPicard   = 8
solver.operator     = opJ
solver.verbose      = 1
solver.verbosity    = 1

#
# heat condution parameters
# 
cond.useOldSolver   = 0
cond.active         = 1
cond.fluxlimit      = 0.15
# boundary conditions for heat condution
BC.cond_lo  = 3 3
BC.cond_hi  = 3 3

lo.tol_rel = 1.e-4
lo.max_iter = 100

# 
# Radiation
#
# boundary condition, flags with same meaning as hydro BC minus one
BC.radt_lo=  2 2
BC.radt_hi=  1 1

rad.active  = true
rad.order   = 6 # Sn order
rad.verbose = 0
rad.iter_energia = 0
rad.wrdata  = 1
rad.radiom = 0
rad.tolerance = 1.0e-09
rad.iter_max = 10

rad.package = dafne
rad.reflux = true

rad.outer_rol = 1.0e-06
rad.inner_tol = 1.0e-06

rad.outer_it = 81
rad.inner_it_early = 81
rad.inner_it = 81

# 
# laser 
#
# use raytracing ? 0 -> no, 1 -> yes
laser.raytracing  =  1
laser.rayfile = rays_init_mathod_A.txt

laser.ray_int = -1

laser.win = false
laser.win_lo = -1.0 -1.0
laser.win_hi =  1.0  1.0e-04

# all these are deprecated
laser.basex1 =   0.0  0.0 0.0    
laser.basex2 =   1.0  1.0 1.0
boxlib.basea  =   1.0  1.0 1.0
laser.axisx1 =   0.0  0.0 0.0
laser.axisx2 =  -1.0 -1.0 -1.0
laser.focusx1=   0.0  0.0 0.0
laser.focusx2=   1.0  1.0 1.0
laser.pax1   =   0.0  0.0 0.0
laser.pax2   =  -1.0 -1.0 -1.0
laser.pbx1   =   1.0  1.0 1.0
laser.pbx2   =  -1.0 -1.0 -1.0

laser.nrays       =  -1

# laser parameters
laser.nlaser     = 1
laser.typepulse  = 89
laser.lambda     = 3.51e-07
laser.lasener    = 30000.0
laser.rcen       = 0.0          0.0 0.0
laser.hwhmx      = 500.0e-06  500.0e-06  500.0e-06
laser.tm         = 2.0e-09      2.0e-09 2.0e-9
laser.fwhmt      = 4.e-09       4.0e-09 4.0e-9
laser.exphg      = 4            4       4 # Hipergaussian exponent
laser.kabsnc     = 0.50         0.50    0.50  # absorption at critical density

# laser time profile, pairs (t, f(t))
laser.points   =	  0.0000000e+00   1.8157704e-03
  3.7988331e-11   3.3993398e-03
  6.5683171e-11   2.6167595e-02
  8.9976560e-11   6.5589477e-02
  9.3556293e-11   1.0648824e-01
  1.0750458e-10   1.5043491e-01
  1.1453737e-10   1.9133995e-01
  1.1814526e-10   2.4132593e-01
  1.3212170e-10   2.9435982e-01
  1.3579057e-10   3.6403478e-01
  1.4976701e-10   4.1706866e-01
  1.4989838e-10   4.5947569e-01
  1.5348280e-10   5.0188899e-01
  1.7427153e-10   5.2464469e-01
  2.0177401e-10   4.8531694e-01
  2.0510508e-10   4.4594527e-01
  2.1185638e-10   3.9597811e-01
  2.2198566e-10   3.2178464e-01
  2.2209826e-10   3.5813352e-01
  2.3565714e-10   2.7637365e-01
  2.4239436e-10   2.2186288e-01
  2.4564098e-10   1.5522954e-01
  2.5932185e-10   1.1284762e-01
  2.6955435e-10   7.1973960e-02
  2.8673050e-10   4.3229143e-02
  2.9358031e-10   2.5067255e-02
  3.1082215e-10   1.7525950e-02
  3.2117194e-10   1.4515704e-02
  3.4537149e-10   2.3646854e-02
  3.7306633e-10   4.6415109e-02
  3.9041607e-10   7.3708146e-02
  4.2515778e-10   1.4192505e-01
  4.4602626e-10   1.9042788e-01
  4.7723984e-10   2.3440592e-01
  4.9457082e-10   2.5564081e-01
  5.1186426e-10   2.6475941e-01
  5.2223751e-10   2.6932185e-01
  5.3258730e-10   2.6631160e-01
  5.6020238e-10   2.6333273e-01
  5.8092542e-10   2.6488492e-01
  6.0168130e-10   2.7703887e-01
  6.2598877e-10   3.2100436e-01
  6.5733371e-10   4.0738943e-01
  6.9222555e-10   5.2407151e-01
  7.1318787e-10   6.0286507e-01
  7.3410796e-10   6.6802780e-01
  7.5847172e-10   7.3016773e-01
  7.7945280e-10   8.1501943e-01
  8.2459122e-10   8.9537146e-01
  8.4547846e-10   9.4993243e-01
  8.5938453e-10   9.8024827e-01
  8.7322960e-10   9.9087513e-01
  8.9397610e-10   1.0000000e+00
  9.3194567e-10   9.9552542e-01
  9.8022280e-10   9.7440977e-01
  1.0215281e-09   9.3207805e-01
  1.0524555e-09   8.8366936e-01
  1.0730378e-09   8.3978545e-01
  1.1177634e-09   7.8685826e-01
  1.1555875e-09   7.3543304e-01
  1.1796557e-09   7.0215717e-01
  1.2106441e-09   6.7343745e-01
  1.2278859e-09   6.6589615e-01
  1.2485948e-09   6.6290473e-01
  1.2693226e-09   6.6597146e-01
  1.2970174e-09   6.8873971e-01
  1.3178390e-09   7.2209717e-01
  1.3490854e-09   7.7667697e-01
  1.3837849e-09   8.3126305e-01
  1.4219327e-09   8.8434086e-01
  1.4635055e-09   9.2833773e-01
  1.4911816e-09   9.4504784e-01
  1.5050032e-09   9.4810202e-01
  1.5326230e-09   9.4663769e-01
  1.5567287e-09   9.2547810e-01
  1.5911326e-09   8.8464837e-01
  1.6289426e-09   8.2867955e-01
  1.6495437e-09   7.9085379e-01
  1.7078140e-09   6.5162311e-01
  1.7283353e-09   5.8805022e-01
  1.7625422e-09   4.8360995e-01
  1.7898523e-09   3.8218620e-01
  1.8000145e-09   3.1859449e-01
  1.8273246e-09   2.1717075e-01
  1.8683343e-09   7.9423221e-02
  1.8855058e-09   4.9163867e-02
  1.9061444e-09   2.3454399e-02
  1.9268205e-09   9.8612233e-03
  1.9578886e-09   6.8886314e-03

#
# Materials
#
# number
mat.nmat    = 2  # 1:DT 2:HDC 
mat.eosid   = 230000 10006 
mat.opaid   =   1000  6000 
mat.zffid   = 230000 10006 

mat.file_eos =
/home/mcotelo/work/arwen/sim.arwen/sim.omega_target_dd/data_eos/dt_qeos.rwm
/home/mcotelo/work/arwen/sim.arwen/sim.omega_target_dd/data_eos/c_qeos.rwm
mat.file_opa =
/home/mcotelo/work/arwen/sim.arwen/sim.omega_target_dd/data_opa/opa_h_id01000_bart_dla_lte_8g.rwm
/home/mcotelo/work/arwen/sim.arwen/sim.omega_target_dd/data_opa/opa_c_id06000_bart_dla_lte_8g.rwm
mat.file_zff=
/home/mcotelo/work/arwen/sim.arwen/sim.omega_target_dd/data_eos/dt_qeos.rwm
/home/mcotelo/work/arwen/sim.arwen/sim.omega_target_dd/data_eos/c_qeos.rwm

# type of EOS
mat.eos_tot = real
mat.eos_ion = real
mat.eos_ele = real

#
# regions
#

# ambient 
reg.densityAmbient     = 1.e-2  # kg/m3
reg.temperatureAmbient = 300.0     
reg.uxAmbient          = 0.0
reg.uyAmbient          = 0.0 
reg.materialAmbient    = 2

# number of regions 
reg.regions = 3

# 1: shell (CH plastic ablator)
# 2: DT ice shell (Cryogenic fuel ice)
# 3: DT gas core (Light gas core)
#
# Replacing false values with true densities (in kg/m3) and temperatures (in Kelvin):
reg.den = 1.05e+03  1.62e+02  0.45e+00  
reg.tem = 3.00e+02  1.80e+01  1.80e+01 
reg.ux  = 0.00e+00  0.00e+00  0.00e+00 
reg.uy  = 0.00e+00  0.00e+00  0.00e+00 
reg.mat = 2         1         1        

# Formatting integers for the end of the file
reg.np     = 4001 4001 2001
reg.points = 
 -1.0000000e-03   0.0000000e+00
 -9.9999506e-04   3.1431591e-06
 -9.9998024e-04   6.2862871e-06
 -9.9995554e-04   9.4293530e-06
 -9.9992097e-04   1.2572326e-05
 -9.9987651e-04   1.5715174e-05
 -9.9982217e-04   1.8857868e-05
 -9.9975796e-04   2.2000375e-05
 -9.9968387e-04   2.5142664e-05
 -9.9959991e-04   2.8284705e-05
 -9.9950607e-04   3.1426467e-05
 -9.9940235e-04   3.4567918e-05
 -9.9928876e-04   3.7709028e-05
 -9.9916530e-04   4.0849766e-05
 -9.9903197e-04   4.3990099e-05
 -9.9888876e-04   4.7129998e-05
 -9.9873569e-04   5.0269432e-05
 -9.9857275e-04   5.3408369e-05
 -9.9839995e-04   5.6546778e-05
 -9.9821728e-04   5.9684628e-05
 -9.9802475e-04   6.2821889e-05
 -9.9782237e-04   6.5958529e-05
 -9.9761012e-04   6.9094518e-05
 -9.9738802e-04   7.2229824e-05
 -9.9715606e-04   7.5364416e-05
 -9.9691425e-04   7.8498264e-05
 -9.9666259e-04   8.1631336e-05
 -9.9640109e-04   8.4763602e-05
 -9.9612974e-04   8.7895031e-05
 -9.9584855e-04   9.1025591e-05
 -9.9555753e-04   9.4155251e-05
 -9.9525666e-04   9.7283982e-05
 -9.9494597e-04   1.0041175e-04
 -9.9462544e-04   1.0353853e-04
 -9.9429509e-04   1.0666428e-04
 -9.9395492e-04   1.0978898e-04
 -9.9360492e-04   1.1291260e-04
 -9.9324511e-04   1.1603510e-04
 -9.9287549e-04   1.1915645e-04
 -9.9249606e-04   1.2227663e-04
 -9.9210682e-04   1.2539560e-04
 -9.9170778e-04   1.2851333e-04
 -9.9129894e-04   1.3162979e-04
 -9.9088031e-04   1.3474495e-04
 -9.9045190e-04   1.3785878e-04
 -9.9001369e-04   1.4097125e-04
 -9.8956571e-04   1.4408232e-04
 -9.8910794e-04   1.4719197e-04
 -9.8864041e-04   1.5030017e-04
 -9.8816311e-04   1.5340688e-04
 -9.8767605e-04   1.5651208e-04
 -9.8717922e-04   1.5961573e-04
 -9.8667265e-04   1.6271780e-04
 -9.8615633e-04   1.6581826e-04
 -9.8563026e-04   1.6891709e-04
 -9.8509446e-04   1.7201425e-04
 -9.8454893e-04   1.7510971e-04
 -9.8399367e-04   1.7820344e-04
 -9.8342868e-04   1.8129541e-04
 -9.8285399e-04   1.8438558e-04
 -9.8226958e-04   1.8747394e-04
 -9.8167546e-04   1.9056044e-04
 -9.8107165e-04   1.9364506e-04
 -9.8045815e-04   1.9672777e-04
 -9.7983496e-04   1.9980853e-04
 -9.7920209e-04   2.0288732e-04
 -9.7855955e-04   2.0596411e-04
 -9.7790733e-04   2.0903886e-04
 -9.7724546e-04   2.1211155e-04
 -9.7657393e-04   2.1518214e-04
 -9.7589276e-04   2.1825060e-04
 -9.7520194e-04   2.2131691e-04
 -9.7450149e-04   2.2438103e-04
 -9.7379141e-04   2.2744294e-04
 -9.7307171e-04   2.3050259e-04
 -9.7234240e-04   2.3355997e-04
 -9.7160348e-04   2.3661505e-04
 -9.7085496e-04   2.3966778e-04
 -9.7009685e-04   2.4271815e-04
 -9.6932916e-04   2.4576612e-04
 -9.6855189e-04   2.4881166e-04
 -9.6776505e-04   2.5185475e-04
 -9.6696865e-04   2.5489534e-04
 -9.6616269e-04   2.5793342e-04
 -9.6534720e-04   2.6096895e-04
 -9.6452216e-04   2.6400190e-04
 -9.6368760e-04   2.6703224e-04
 -9.6284351e-04   2.7005994e-04
 -9.6198991e-04   2.7308498e-04
 -9.6112681e-04   2.7610732e-04
 -9.6025421e-04   2.7912693e-04
 -9.5937213e-04   2.8214378e-04
 -9.5848057e-04   2.8515785e-04
 -9.5757954e-04   2.8816910e-04
 -9.5666905e-04   2.9117750e-04
 -9.5574910e-04   2.9418302e-04
 -9.5481972e-04   2.9718564e-04
 -9.5388090e-04   3.0018532e-04
 -9.5293266e-04   3.0318204e-04
 -9.5197500e-04   3.0617576e-04
 -9.5100794e-04   3.0916646e-04
 -9.5003148e-04   3.1215410e-04
 -9.4904564e-04   3.1513866e-04
 -9.4805042e-04   3.1812010e-04
 -9.4704584e-04   3.2109840e-04
 -9.4603189e-04   3.2407353e-04
 -9.4500861e-04   3.2704546e-04
 -9.4397598e-04   3.3001416e-04
 -9.4293403e-04   3.3297959e-04
 -9.4188277e-04   3.3594174e-04
 -9.4082220e-04   3.3890057e-04
 -9.3975233e-04   3.4185605e-04
 -9.3867318e-04   3.4480815e-04
 -9.3758476e-04   3.4775685e-04
 -9.3648707e-04   3.5070211e-04
 -9.3538013e-04   3.5364390e-04
 -9.3426395e-04   3.5658220e-04
 -9.3313854e-04   3.5951698e-04
 -9.3200391e-04   3.6244821e-04
 -9.3086008e-04   3.6537586e-04
 -9.2970704e-04   3.6829989e-04
 -9.2854483e-04   3.7122029e-04
 -9.2737344e-04   3.7413702e-04
 -9.2619288e-04   3.7705005e-04
 -9.2500318e-04   3.7995936e-04
 -9.2380434e-04   3.8286492e-04
 -9.2259637e-04   3.8576669e-04
 -9.2137929e-04   3.8866465e-04
 -9.2015310e-04   3.9155878e-04
 -9.1891782e-04   3.9444903e-04
 -9.1767347e-04   3.9733538e-04
 -9.1642005e-04   4.0021782e-04
 -9.1515757e-04   4.0309629e-04
 -9.1388605e-04   4.0597079e-04
 -9.1260551e-04   4.0884127e-04
 -9.1131595e-04   4.1170772e-04
 -9.1001738e-04   4.1457009e-04
 -9.0870983e-04   4.1742837e-04
 -9.0739330e-04   4.2028253e-04
 -9.0606780e-04   4.2313254e-04
 -9.0473335e-04   4.2597836e-04
 -9.0338996e-04   4.2881998e-04
 -9.0203765e-04   4.3165736e-04
 -9.0067643e-04   4.3449047e-04
 -8.9930631e-04   4.3731930e-04
 -8.9792730e-04   4.4014380e-04
 -8.9653942e-04   4.4296395e-04
 -8.9514269e-04   4.4577973e-04
 -8.9373711e-04   4.4859111e-04
 -8.9232270e-04   4.5139805e-04
 -8.9089948e-04   4.5420053e-04
 -8.8946745e-04   4.5699853e-04
 -8.8802664e-04   4.5979201e-04
 -8.8657705e-04   4.6258094e-04
 -8.8511871e-04   4.6536531e-04
 -8.8365162e-04   4.6814508e-04
 -8.8217580e-04   4.7092023e-04
 -8.8069126e-04   4.7369072e-04
 -8.7919803e-04   4.7645653e-04
 -8.7769611e-04   4.7921764e-04
 -8.7618551e-04   4.8197401e-04
 -8.7466626e-04   4.8472562e-04
 -8.7313837e-04   4.8747244e-04
 -8.7160186e-04   4.9021444e-04
 -8.7005673e-04   4.9295161e-04
 -8.6850301e-04   4.9568390e-04
 -8.6694070e-04   4.9841129e-04
 -8.6536984e-04   5.0113376e-04
 -8.6379042e-04   5.0385128e-04
 -8.6220247e-04   5.0656382e-04
 -8.6060600e-04   5.0927136e-04
 -8.5900102e-04   5.1197387e-04
 -8.5738757e-04   5.1467131e-04
 -8.5576564e-04   5.1736368e-04
 -8.5413525e-04   5.2005093e-04
 -8.5249643e-04   5.2273304e-04
 -8.5084919e-04   5.2540999e-04
 -8.4919354e-04   5.2808175e-04
 -8.4752950e-04   5.3074829e-04
 -8.4585708e-04   5.3340959e-04
 -8.4417631e-04   5.3606562e-04
 -8.4248720e-04   5.3871635e-04
 -8.4078977e-04   5.4136176e-04
 -8.3908403e-04   5.4400183e-04
 -8.3737000e-04   5.4663651e-04
 -8.3564770e-04   5.4926580e-04
 -8.3391714e-04   5.5188966e-04
 -8.3217835e-04   5.5450807e-04
 -8.3043133e-04   5.5712100e-04
 -8.2867611e-04   5.5972842e-04
 -8.2691270e-04   5.6233032e-04
 -8.2514112e-04   5.6492666e-04
 -8.2336139e-04   5.6751742e-04
 -8.2157353e-04   5.7010257e-04
 -8.1977754e-04   5.7268209e-04
 -8.1797346e-04   5.7525595e-04
 -8.1616130e-04   5.7782413e-04
 -8.1434108e-04   5.8038660e-04
 -8.1251281e-04   5.8294334e-04
 -8.1067651e-04   5.8549432e-04
 -8.0883220e-04   5.8803951e-04
 -8.0697991e-04   5.9057889e-04
 -8.0511964e-04   5.9311244e-04
 -8.0325141e-04   5.9564013e-04
 -8.0137525e-04   5.9816194e-04
 -7.9949118e-04   6.0067783e-04
 -7.9759920e-04   6.0318779e-04
 -7.9569935e-04   6.0569179e-04
 -7.9379163e-04   6.0818981e-04
 -7.9187607e-04   6.1068182e-04
 -7.8995269e-04   6.1316780e-04
 -7.8802150e-04   6.1564771e-04
 -7.8608253e-04   6.1812155e-04
 -7.8413580e-04   6.2058928e-04
 -7.8218131e-04   6.2305088e-04
 -7.8021910e-04   6.2550632e-04
 -7.7824918e-04   6.2795558e-04
 -7.7627157e-04   6.3039864e-04
 -7.7428629e-04   6.3283547e-04
 -7.7229337e-04   6.3526605e-04
 -7.7029281e-04   6.3769036e-04
 -7.6828464e-04   6.4010836e-04
 -7.6626888e-04   6.4252004e-04
 -7.6424556e-04   6.4492537e-04
 -7.6221468e-04   6.4732433e-04
 -7.6017627e-04   6.4971689e-04
 -7.5813035e-04   6.5210304e-04
 -7.5607694e-04   6.5448274e-04
 -7.5401606e-04   6.5685598e-04
 -7.5194774e-04   6.5922273e-04
 -7.4987198e-04   6.6158296e-04
 -7.4778882e-04   6.6393666e-04
 -7.4569826e-04   6.6628380e-04
 -7.4360034e-04   6.6862436e-04
 -7.4149508e-04   6.7095831e-04
 -7.3938249e-04   6.7328563e-04
 -7.3726259e-04   6.7560630e-04
 -7.3513541e-04   6.7792030e-04
 -7.3300097e-04   6.8022760e-04
 -7.3085928e-04   6.8252817e-04
 -7.2871038e-04   6.8482201e-04
 -7.2655427e-04   6.8710908e-04
 -7.2439099e-04   6.8938936e-04
 -7.2222055e-04   6.9166283e-04
 -7.2004298e-04   6.9392947e-04
 -7.1785829e-04   6.9618925e-04
 -7.1566651e-04   6.9844215e-04
 -7.1346766e-04   7.0068816e-04
 -7.1126176e-04   7.0292724e-04
 -7.0904884e-04   7.0515938e-04
 -7.0682891e-04   7.0738455e-04
 -7.0460199e-04   7.0960273e-04
 -7.0236812e-04   7.1181390e-04
 -7.0012731e-04   7.1401804e-04
 -6.9787957e-04   7.1621512e-04
 -6.9562495e-04   7.1840513e-04
 -6.9336345e-04   7.2058804e-04
 -6.9109510e-04   7.2276383e-04
 -6.8881993e-04   7.2493248e-04
 -6.8653795e-04   7.2709397e-04
 -6.8424918e-04   7.2924828e-04
 -6.8195366e-04   7.3139538e-04
 -6.7965140e-04   7.3353526e-04
 -6.7734242e-04   7.3566789e-04
 -6.7502676e-04   7.3779325e-04
 -6.7270442e-04   7.3991132e-04
 -6.7037544e-04   7.4202208e-04
 -6.6803983e-04   7.4412551e-04
 -6.6569763e-04   7.4622159e-04
 -6.6334885e-04   7.4831030e-04
 -6.6099351e-04   7.5039161e-04
 -6.5863165e-04   7.5246552e-04
 -6.5626328e-04   7.5453198e-04
 -6.5388842e-04   7.5659100e-04
 -6.5150710e-04   7.5864253e-04
 -6.4911935e-04   7.6068658e-04
 -6.4672519e-04   7.6272310e-04
 -6.4432463e-04   7.6475210e-04
 -6.4191771e-04   7.6677353e-04
 -6.3950445e-04   7.6878740e-04
 -6.3708487e-04   7.7079366e-04
 -6.3465899e-04   7.7279231e-04
 -6.3222685e-04   7.7478333e-04
 -6.2978846e-04   7.7676669e-04
 -6.2734385e-04   7.7874238e-04
 -6.2489304e-04   7.8071038e-04
 -6.2243605e-04   7.8267066e-04
 -6.1997292e-04   7.8462321e-04
 -6.1750366e-04   7.8656800e-04
 -6.1502830e-04   7.8850503e-04
 -6.1254687e-04   7.9043427e-04
 -6.1005938e-04   7.9235570e-04
 -6.0756587e-04   7.9426930e-04
 -6.0506635e-04   7.9617505e-04
 -6.0256086e-04   7.9807294e-04
 -6.0004941e-04   7.9996294e-04
 -5.9753204e-04   8.0184504e-04
 -5.9500876e-04   8.0371921e-04
 -5.9247960e-04   8.0558545e-04
 -5.8994459e-04   8.0744373e-04
 -5.8740376e-04   8.0929403e-04
 -5.8485711e-04   8.1113634e-04
 -5.8230469e-04   8.1297063e-04
 -5.7974652e-04   8.1479689e-04
 -5.7718262e-04   8.1661510e-04
 -5.7461302e-04   8.1842524e-04
 -5.7203774e-04   8.2022730e-04
 -5.6945681e-04   8.2202125e-04
 -5.6687025e-04   8.2380709e-04
 -5.6427810e-04   8.2558478e-04
 -5.6168037e-04   8.2735432e-04
 -5.5907708e-04   8.2911568e-04
 -5.5646828e-04   8.3086885e-04
 -5.5385398e-04   8.3261382e-04
 -5.5123421e-04   8.3435056e-04
 -5.4860899e-04   8.3607905e-04
 -5.4597835e-04   8.3779929e-04
 -5.4334231e-04   8.3951125e-04
 -5.4070091e-04   8.4121491e-04
 -5.3805417e-04   8.4291026e-04
 -5.3540211e-04   8.4459729e-04
 -5.3274476e-04   8.4627597e-04
 -5.3008215e-04   8.4794629e-04
 -5.2741430e-04   8.4960824e-04
 -5.2474124e-04   8.5126179e-04
 -5.2206300e-04   8.5290693e-04
 -5.1937960e-04   8.5454364e-04
 -5.1669107e-04   8.5617191e-04
 -5.1399743e-04   8.5779172e-04
 -5.1129871e-04   8.5940306e-04
 -5.0859495e-04   8.6100591e-04
 -5.0588616e-04   8.6260025e-04
 -5.0317237e-04   8.6418607e-04
 -5.0045361e-04   8.6576335e-04
 -4.9772990e-04   8.6733208e-04
 -4.9500128e-04   8.6889224e-04
 -4.9226777e-04   8.7044382e-04
 -4.8952940e-04   8.7198679e-04
 -4.8678618e-04   8.7352116e-04
 -4.8403816e-04   8.7504689e-04
 -4.8128536e-04   8.7656397e-04
 -4.7852780e-04   8.7807240e-04
 -4.7576552e-04   8.7957215e-04
 -4.7299853e-04   8.8106321e-04
 -4.7022688e-04   8.8254557e-04
 -4.6745057e-04   8.8401921e-04
 -4.6466965e-04   8.8548411e-04
 -4.6188414e-04   8.8694027e-04
 -4.5909406e-04   8.8838767e-04
 -4.5629945e-04   8.8982628e-04
 -4.5350033e-04   8.9125611e-04
 -4.5069673e-04   8.9267713e-04
 -4.4788868e-04   8.9408933e-04
 -4.4507620e-04   8.9549270e-04
 -4.4225933e-04   8.9688722e-04
 -4.3943808e-04   8.9827288e-04
 -4.3661250e-04   8.9964967e-04
 -4.3378260e-04   9.0101757e-04
 -4.3094841e-04   9.0237657e-04
 -4.2810997e-04   9.0372665e-04
 -4.2526730e-04   9.0506780e-04
 -4.2242043e-04   9.0640001e-04
 -4.1956938e-04   9.0772327e-04
 -4.1671419e-04   9.0903756e-04
 -4.1385488e-04   9.1034287e-04
 -4.1099148e-04   9.1163918e-04
 -4.0812403e-04   9.1292649e-04
 -4.0525254e-04   9.1420478e-04
 -4.0237705e-04   9.1547404e-04
 -3.9949758e-04   9.1673425e-04
 -3.9661416e-04   9.1798541e-04
 -3.9372683e-04   9.1922749e-04
 -3.9083561e-04   9.2046050e-04
 -3.8794052e-04   9.2168441e-04
 -3.8504160e-04   9.2289922e-04
 -3.8213888e-04   9.2410490e-04
 -3.7923239e-04   9.2530146e-04
 -3.7632214e-04   9.2648888e-04
 -3.7340818e-04   9.2766714e-04
 -3.7049053e-04   9.2883624e-04
 -3.6756922e-04   9.2999616e-04
 -3.6464428e-04   9.3114690e-04
 -3.6171574e-04   9.3228843e-04
 -3.5878362e-04   9.3342076e-04
 -3.5584796e-04   9.3454386e-04
 -3.5290878e-04   9.3565773e-04
 -3.4996612e-04   9.3676236e-04
 -3.4701999e-04   9.3785773e-04
 -3.4407044e-04   9.3894384e-04
 -3.4111749e-04   9.4002067e-04
 -3.3816117e-04   9.4108821e-04
 -3.3520151e-04   9.4214646e-04
 -3.3223854e-04   9.4319539e-04
 -3.2927229e-04   9.4423501e-04
 -3.2630278e-04   9.4526530e-04
 -3.2333005e-04   9.4628626e-04
 -3.2035412e-04   9.4729786e-04
 -3.1737503e-04   9.4830010e-04
 -3.1439281e-04   9.4929298e-04
 -3.1140748e-04   9.5027648e-04
 -3.0841907e-04   9.5125059e-04
 -3.0542761e-04   9.5221530e-04
 -3.0243314e-04   9.5317060e-04
 -2.9943568e-04   9.5411649e-04
 -2.9643526e-04   9.5505295e-04
 -2.9343191e-04   9.5597998e-04
 -2.9042567e-04   9.5689756e-04
 -2.8741655e-04   9.5780568e-04
 -2.8440459e-04   9.5870435e-04
 -2.8138983e-04   9.5959354e-04
 -2.7837228e-04   9.6047325e-04
 -2.7535199e-04   9.6134348e-04
 -2.7232897e-04   9.6220420e-04
 -2.6930327e-04   9.6305542e-04
 -2.6627490e-04   9.6389713e-04
 -2.6324390e-04   9.6472931e-04
 -2.6021031e-04   9.6555196e-04
 -2.5717414e-04   9.6636508e-04
 -2.5413543e-04   9.6716864e-04
 -2.5109421e-04   9.6796265e-04
 -2.4805051e-04   9.6874710e-04
 -2.4500435e-04   9.6952198e-04
 -2.4195578e-04   9.7028728e-04
 -2.3890482e-04   9.7104299e-04
 -2.3585150e-04   9.7178911e-04
 -2.3279584e-04   9.7252563e-04
 -2.2973789e-04   9.7325254e-04
 -2.2667767e-04   9.7396983e-04
 -2.2361521e-04   9.7467751e-04
 -2.2055054e-04   9.7537555e-04
 -2.1748369e-04   9.7606396e-04
 -2.1441469e-04   9.7674272e-04
 -2.1134357e-04   9.7741183e-04
 -2.0827037e-04   9.7807129e-04
 -2.0519510e-04   9.7872109e-04
 -2.0211781e-04   9.7936121e-04
 -1.9903853e-04   9.7999167e-04
 -1.9595727e-04   9.8061243e-04
 -1.9287409e-04   9.8122352e-04
 -1.8978899e-04   9.8182490e-04
 -1.8670202e-04   9.8241659e-04
 -1.8361321e-04   9.8299857e-04
 -1.8052258e-04   9.8357084e-04
 -1.7743017e-04   9.8413339e-04
 -1.7433600e-04   9.8468622e-04
 -1.7124012e-04   9.8522932e-04
 -1.6814254e-04   9.8576269e-04
 -1.6504330e-04   9.8628632e-04
 -1.6194243e-04   9.8680021e-04
 -1.5883996e-04   9.8730434e-04
 -1.5573592e-04   9.8779873e-04
 -1.5263034e-04   9.8828335e-04
 -1.4952326e-04   9.8875821e-04
 -1.4641469e-04   9.8922330e-04
 -1.4330469e-04   9.8967862e-04
 -1.4019326e-04   9.9012416e-04
 -1.3708045e-04   9.9055992e-04
 -1.3396629e-04   9.9098589e-04
 -1.3085080e-04   9.9140207e-04
 -1.2773402e-04   9.9180846e-04
 -1.2461597e-04   9.9220505e-04
 -1.2149670e-04   9.9259184e-04
 -1.1837623e-04   9.9296882e-04
 -1.1525458e-04   9.9333599e-04
 -1.1213180e-04   9.9369334e-04
 -1.0900791e-04   9.9404088e-04
 -1.0588294e-04   9.9437860e-04
 -1.0275693e-04   9.9470650e-04
 -9.9629901e-05   9.9502456e-04
 -9.6501888e-05   9.9533280e-04
 -9.3372922e-05   9.9563121e-04
 -9.0243034e-05   9.9591977e-04
 -8.7112254e-05   9.9619850e-04
 -8.3980613e-05   9.9646739e-04
 -8.0848143e-05   9.9672643e-04
 -7.7714874e-05   9.9697563e-04
 -7.4580837e-05   9.9721497e-04
 -7.1446063e-05   9.9744446e-04
 -6.8310584e-05   9.9766410e-04
 -6.5174429e-05   9.9787389e-04
 -6.2037631e-05   9.9807381e-04
 -5.8900220e-05   9.9826387e-04
 -5.5762227e-05   9.9844408e-04
 -5.2623683e-05   9.9861441e-04
 -4.9484619e-05   9.9877489e-04
 -4.6345066e-05   9.9892549e-04
 -4.3205055e-05   9.9906623e-04
 -4.0064618e-05   9.9919709e-04
 -3.6923785e-05   9.9931808e-04
 -3.3782586e-05   9.9942921e-04
 -3.0641055e-05   9.9953045e-04
 -2.7499220e-05   9.9962182e-04
 -2.4357114e-05   9.9970332e-04
 -2.1214767e-05   9.9977494e-04
 -1.8072210e-05   9.9983668e-04
 -1.4929475e-05   9.9988855e-04
 -1.1786593e-05   9.9993054e-04
 -8.6435940e-06   9.9996264e-04
 -5.5005097e-06   9.9998487e-04
 -2.3573710e-06   9.9999722e-04
  7.8579098e-07   9.9999969e-04
  3.9289452e-06   9.9999228e-04
  7.0720606e-06   9.9997499e-04
  1.0215106e-05   9.9994782e-04
  1.3358051e-05   9.9991078e-04
  1.6500863e-05   9.9986385e-04
  1.9643513e-05   9.9980705e-04
  2.2785969e-05   9.9974037e-04
  2.5928199e-05   9.9966381e-04
  2.9070173e-05   9.9957737e-04
  3.2211860e-05   9.9948106e-04
  3.5353229e-05   9.9937488e-04
  3.8494249e-05   9.9925882e-04
  4.1634888e-05   9.9913289e-04
  4.4775116e-05   9.9899709e-04
  4.7914901e-05   9.9885142e-04
  5.1054214e-05   9.9869588e-04
  5.4193022e-05   9.9853048e-04
  5.7331294e-05   9.9835521e-04
  6.0469000e-05   9.9817008e-04
  6.3606109e-05   9.9797508e-04
  6.6742589e-05   9.9777023e-04
  6.9878410e-05   9.9755552e-04
  7.3013540e-05   9.9733095e-04
  7.6147949e-05   9.9709653e-04
  7.9281606e-05   9.9685226e-04
  8.2414480e-05   9.9659814e-04
  8.5546539e-05   9.9633418e-04
  8.8677753e-05   9.9606037e-04
  9.1808091e-05   9.9577672e-04
  9.4937522e-05   9.9548323e-04
  9.8066016e-05   9.9517991e-04
  1.0119354e-04   9.9486676e-04
  1.0432006e-04   9.9454378e-04
  1.0744556e-04   9.9421097e-04
  1.1056999e-04   9.9386834e-04
  1.1369333e-04   9.9351589e-04
  1.1681555e-04   9.9315363e-04
  1.1993661e-04   9.9278155e-04
  1.2305649e-04   9.9239967e-04
  1.2617515e-04   9.9200798e-04
  1.2929257e-04   9.9160649e-04
  1.3240870e-04   9.9119521e-04
  1.3552353e-04   9.9077413e-04
  1.3863703e-04   9.9034326e-04
  1.4174915e-04   9.8990261e-04
  1.4485987e-04   9.8945218e-04
  1.4796916e-04   9.8899198e-04
  1.5107699e-04   9.8852200e-04
  1.5418332e-04   9.8804226e-04
  1.5728813e-04   9.8755275e-04
  1.6039139e-04   9.8705349e-04
  1.6349307e-04   9.8654448e-04
  1.6659313e-04   9.8602573e-04
  1.6969154e-04   9.8549723e-04
  1.7278827e-04   9.8495899e-04
  1.7588330e-04   9.8441102e-04
  1.7897660e-04   9.8385333e-04
  1.8206812e-04   9.8328592e-04
  1.8515784e-04   9.8270879e-04
  1.8824574e-04   9.8212196e-04
  1.9133177e-04   9.8152542e-04
  1.9441592e-04   9.8091919e-04
  1.9749814e-04   9.8030326e-04
  2.0057842e-04   9.7967765e-04
  2.0365671e-04   9.7904236e-04
  2.0673299e-04   9.7839740e-04
  2.0980723e-04   9.7774277e-04
  2.1287939e-04   9.7707848e-04
  2.1594945e-04   9.7640454e-04
  2.1901738e-04   9.7572096e-04
  2.2208315e-04   9.7502773e-04
  2.2514672e-04   9.7432487e-04
  2.2820806e-04   9.7361239e-04
  2.3126715e-04   9.7289028e-04
  2.3432396e-04   9.7215857e-04
  2.3737845e-04   9.7141725e-04
  2.4043060e-04   9.7066633e-04
  2.4348037e-04   9.6990583e-04
  2.4652773e-04   9.6913574e-04
  2.4957266e-04   9.6835607e-04
  2.5261513e-04   9.6756684e-04
  2.5565510e-04   9.6676805e-04
  2.5869254e-04   9.6595971e-04
  2.6172743e-04   9.6514183e-04
  2.6475973e-04   9.6431441e-04
  2.6778941e-04   9.6347747e-04
  2.7081645e-04   9.6263100e-04
  2.7384082e-04   9.6177503e-04
  2.7686248e-04   9.6090955e-04
  2.7988140e-04   9.6003458e-04
  2.8289756e-04   9.5915013e-04
  2.8591093e-04   9.5825620e-04
  2.8892146e-04   9.5735280e-04
  2.9192915e-04   9.5643995e-04
  2.9493395e-04   9.5551764e-04
  2.9793584e-04   9.5458590e-04
  3.0093478e-04   9.5364472e-04
  3.0393075e-04   9.5269413e-04
  3.0692372e-04   9.5173412e-04
  3.0991365e-04   9.5076471e-04
  3.1290053e-04   9.4978590e-04
  3.1588431e-04   9.4879771e-04
  3.1886497e-04   9.4780015e-04
  3.2184248e-04   9.4679323e-04
  3.2481682e-04   9.4577695e-04
  3.2778794e-04   9.4475133e-04
  3.3075582e-04   9.4371637e-04
  3.3372044e-04   9.4267209e-04
  3.3668176e-04   9.4161850e-04
  3.3963975e-04   9.4055560e-04
  3.4259439e-04   9.3948341e-04
  3.4554565e-04   9.3840194e-04
  3.4849349e-04   9.3731120e-04
  3.5143788e-04   9.3621120e-04
  3.5437881e-04   9.3510195e-04
  3.5731623e-04   9.3398346e-04
  3.6025012e-04   9.3285575e-04
  3.6318046e-04   9.3171882e-04
  3.6610720e-04   9.3057268e-04
  3.6903033e-04   9.2941735e-04
  3.7194982e-04   9.2825284e-04
  3.7486563e-04   9.2707916e-04
  3.7777773e-04   9.2589631e-04
  3.8068611e-04   9.2470433e-04
  3.8359072e-04   9.2350320e-04
  3.8649154e-04   9.2229295e-04
  3.8938854e-04   9.2107359e-04
  3.9228170e-04   9.1984513e-04
  3.9517098e-04   9.1860758e-04
  3.9805636e-04   9.1736096e-04
  4.0093781e-04   9.1610528e-04
  4.0381529e-04   9.1484054e-04
  4.0668879e-04   9.1356676e-04
  4.0955826e-04   9.1228396e-04
  4.1242369e-04   9.1099215e-04
  4.1528505e-04   9.0969134e-04
  4.1814230e-04   9.0838154e-04
  4.2099542e-04   9.0706276e-04
  4.2384439e-04   9.0573503e-04
  4.2668916e-04   9.0439834e-04
  4.2952972e-04   9.0305272e-04
  4.3236604e-04   9.0169818e-04
  4.3519808e-04   9.0033473e-04
  4.3802583e-04   8.9896239e-04
  4.4084925e-04   8.9758116e-04
  4.4366831e-04   8.9619107e-04
  4.4648299e-04   8.9479212e-04
  4.4929326e-04   8.9338433e-04
  4.5209909e-04   8.9196772e-04
  4.5490045e-04   8.9054230e-04
  4.5769732e-04   8.8910807e-04
  4.6048967e-04   8.8766506e-04
  4.6327747e-04   8.8621329e-04
  4.6606069e-04   8.8475275e-04
  4.6883930e-04   8.8328348e-04
  4.7161329e-04   8.8180548e-04
  4.7438261e-04   8.8031877e-04
  4.7714725e-04   8.7882336e-04
  4.7990718e-04   8.7731927e-04
  4.8266236e-04   8.7580651e-04
  4.8541277e-04   8.7428510e-04
  4.8815839e-04   8.7275505e-04
  4.9089919e-04   8.7121638e-04
  4.9363514e-04   8.6966910e-04
  4.9636621e-04   8.6811324e-04
  4.9909237e-04   8.6654879e-04
  5.0181361e-04   8.6497578e-04
  5.0452989e-04   8.6339423e-04
  5.0724118e-04   8.6180415e-04
  5.0994746e-04   8.6020555e-04
  5.1264870e-04   8.5859845e-04
  5.1534488e-04   8.5698288e-04
  5.1803597e-04   8.5535883e-04
  5.2072194e-04   8.5372634e-04
  5.2340277e-04   8.5208541e-04
  5.2607842e-04   8.5043606e-04
  5.2874888e-04   8.4877831e-04
  5.3141411e-04   8.4711218e-04
  5.3407409e-04   8.4543767e-04
  5.3672880e-04   8.4375482e-04
  5.3937821e-04   8.4206363e-04
  5.4202228e-04   8.4036412e-04
  5.4466100e-04   8.3865630e-04
  5.4729434e-04   8.3694020e-04
  5.4992227e-04   8.3521584e-04
  5.5254477e-04   8.3348322e-04
  5.5516182e-04   8.3174236e-04
  5.5777337e-04   8.2999329e-04
  5.6037942e-04   8.2823602e-04
  5.6297993e-04   8.2647057e-04
  5.6557487e-04   8.2469695e-04
  5.6816423e-04   8.2291519e-04
  5.7074798e-04   8.2112529e-04
  5.7332609e-04   8.1932728e-04
  5.7589853e-04   8.1752118e-04
  5.7846529e-04   8.1570700e-04
  5.8102633e-04   8.1388476e-04
  5.8358163e-04   8.1205448e-04
  5.8613116e-04   8.1021618e-04
  5.8867490e-04   8.0836988e-04
  5.9121283e-04   8.0651559e-04
  5.9374492e-04   8.0465333e-04
  5.9627114e-04   8.0278312e-04
  5.9879147e-04   8.0090498e-04
  6.0130588e-04   7.9901892e-04
  6.0381435e-04   7.9712498e-04
  6.0631686e-04   7.9522315e-04
  6.0881338e-04   7.9331348e-04
  6.1130388e-04   7.9139596e-04
  6.1378835e-04   7.8947062e-04
  6.1626675e-04   7.8753749e-04
  6.1873906e-04   7.8559658e-04
  6.2120526e-04   7.8364790e-04
  6.2366532e-04   7.8169148e-04
  6.2611922e-04   7.7972734e-04
  6.2856693e-04   7.7775550e-04
  6.3100843e-04   7.7577597e-04
  6.3344371e-04   7.7378878e-04
  6.3587272e-04   7.7179394e-04
  6.3829545e-04   7.6979148e-04
  6.4071187e-04   7.6778141e-04
  6.4312197e-04   7.6576376e-04
  6.4552571e-04   7.6373854e-04
  6.4792307e-04   7.6170578e-04
  6.5031403e-04   7.5966549e-04
  6.5269857e-04   7.5761770e-04
  6.5507666e-04   7.5556242e-04
  6.5744827e-04   7.5349968e-04
  6.5981340e-04   7.5142949e-04
  6.6217200e-04   7.4935188e-04
  6.6452406e-04   7.4726687e-04
  6.6686956e-04   7.4517447e-04
  6.6920846e-04   7.4307472e-04
  6.7154076e-04   7.4096762e-04
  6.7386642e-04   7.3885320e-04
  6.7618543e-04   7.3673148e-04
  6.7849775e-04   7.3460248e-04
  6.8080337e-04   7.3246622e-04
  6.8310227e-04   7.3032273e-04
  6.8539441e-04   7.2817203e-04
  6.8767979e-04   7.2601413e-04
  6.8995837e-04   7.2384905e-04
  6.9223013e-04   7.2167683e-04
  6.9449506e-04   7.1949747e-04
  6.9675312e-04   7.1731101e-04
  6.9900430e-04   7.1511746e-04
  7.0124858e-04   7.1291685e-04
  7.0348593e-04   7.1070919e-04
  7.0571632e-04   7.0849451e-04
  7.0793975e-04   7.0627283e-04
  7.1015618e-04   7.0404418e-04
  7.1236559e-04   7.0180857e-04
  7.1456797e-04   6.9956602e-04
  7.1676329e-04   6.9731656e-04
  7.1895152e-04   6.9506022e-04
  7.2113266e-04   6.9279701e-04
  7.2330667e-04   6.9052695e-04
  7.2547353e-04   6.8825007e-04
  7.2763322e-04   6.8596639e-04
  7.2978573e-04   6.8367594e-04
  7.3193103e-04   6.8137873e-04
  7.3406910e-04   6.7907478e-04
  7.3619991e-04   6.7676413e-04
  7.3832345e-04   6.7444680e-04
  7.4043970e-04   6.7212280e-04
  7.4254863e-04   6.6979216e-04
  7.4465022e-04   6.6745490e-04
  7.4674446e-04   6.6511105e-04
  7.4883132e-04   6.6276063e-04
  7.5091079e-04   6.6040366e-04
  7.5298283e-04   6.5804016e-04
  7.5504744e-04   6.5567017e-04
  7.5710458e-04   6.5329370e-04
  7.5915425e-04   6.5091077e-04
  7.6119641e-04   6.4852141e-04
  7.6323106e-04   6.4612565e-04
  7.6525816e-04   6.4372350e-04
  7.6727771e-04   6.4131499e-04
  7.6928968e-04   6.3890015e-04
  7.7129404e-04   6.3647899e-04
  7.7329078e-04   6.3405155e-04
  7.7527989e-04   6.3161784e-04
  7.7726134e-04   6.2917789e-04
  7.7923510e-04   6.2673173e-04
  7.8120117e-04   6.2427937e-04
  7.8315952e-04   6.2182085e-04
  7.8511013e-04   6.1935618e-04
  7.8705299e-04   6.1688539e-04
  7.8898807e-04   6.1440851e-04
  7.9091536e-04   6.1192556e-04
  7.9283483e-04   6.0943657e-04
  7.9474647e-04   6.0694155e-04
  7.9665026e-04   6.0444054e-04
  7.9854618e-04   6.0193356e-04
  8.0043420e-04   5.9942062e-04
  8.0231432e-04   5.9690177e-04
  8.0418652e-04   5.9437702e-04
  8.0605077e-04   5.9184640e-04
  8.0790705e-04   5.8930993e-04
  8.0975536e-04   5.8676764e-04
  8.1159566e-04   5.8421955e-04
  8.1342795e-04   5.8166569e-04
  8.1525220e-04   5.7910608e-04
  8.1706839e-04   5.7654076e-04
  8.1887652e-04   5.7396973e-04
  8.2067655e-04   5.7139304e-04
  8.2246847e-04   5.6881070e-04
  8.2425227e-04   5.6622274e-04
  8.2602793e-04   5.6362919e-04
  8.2779543e-04   5.6103006e-04
  8.2955474e-04   5.5842540e-04
  8.3130587e-04   5.5581522e-04
  8.3304877e-04   5.5319955e-04
  8.3478345e-04   5.5057841e-04
  8.3650989e-04   5.4795183e-04
  8.3822805e-04   5.4531984e-04
  8.3993794e-04   5.4268246e-04
  8.4163953e-04   5.4003973e-04
  8.4333280e-04   5.3739165e-04
  8.4501774e-04   5.3473827e-04
  8.4669434e-04   5.3207960e-04
  8.4836256e-04   5.2941568e-04
  8.5002241e-04   5.2674652e-04
  8.5167386e-04   5.2407217e-04
  8.5331690e-04   5.2139263e-04
  8.5495150e-04   5.1870794e-04
  8.5657766e-04   5.1601813e-04
  8.5819535e-04   5.1332322e-04
  8.5980457e-04   5.1062324e-04
  8.6140529e-04   5.0791822e-04
  8.6299751e-04   5.0520818e-04
  8.6458119e-04   5.0249314e-04
  8.6615634e-04   4.9977314e-04
  8.6772293e-04   4.9704821e-04
  8.6928094e-04   4.9431836e-04
  8.7083037e-04   4.9158363e-04
  8.7237119e-04   4.8884405e-04
  8.7390340e-04   4.8609963e-04
  8.7542697e-04   4.8335041e-04
  8.7694189e-04   4.8059642e-04
  8.7844815e-04   4.7783767e-04
  8.7994573e-04   4.7507421e-04
  8.8143462e-04   4.7230606e-04
  8.8291480e-04   4.6953323e-04
  8.8438626e-04   4.6675577e-04
  8.8584897e-04   4.6397370e-04
  8.8730294e-04   4.6118704e-04
  8.8874814e-04   4.5839583e-04
  8.9018456e-04   4.5560009e-04
  8.9161219e-04   4.5279985e-04
  8.9303101e-04   4.4999513e-04
  8.9444100e-04   4.4718597e-04
  8.9584216e-04   4.4437239e-04
  8.9723447e-04   4.4155442e-04
  8.9861791e-04   4.3873209e-04
  8.9999248e-04   4.3590542e-04
  9.0135815e-04   4.3307445e-04
  9.0271492e-04   4.3023920e-04
  9.0406277e-04   4.2739970e-04
  9.0540169e-04   4.2455597e-04
  9.0673167e-04   4.2170806e-04
  9.0805268e-04   4.1885597e-04
  9.0936473e-04   4.1599975e-04
  9.1066779e-04   4.1313941e-04
  9.1196185e-04   4.1027500e-04
  9.1324691e-04   4.0740653e-04
  9.1452294e-04   4.0453404e-04
  9.1578994e-04   4.0165755e-04
  9.1704789e-04   3.9877709e-04
  9.1829678e-04   3.9589270e-04
  9.1953660e-04   3.9300439e-04
  9.2076733e-04   3.9011220e-04
  9.2198897e-04   3.8721615e-04
  9.2320149e-04   3.8431628e-04
  9.2440490e-04   3.8141261e-04
  9.2559917e-04   3.7850518e-04
  9.2678430e-04   3.7559400e-04
  9.2796028e-04   3.7267912e-04
  9.2912708e-04   3.6976055e-04
  9.3028471e-04   3.6683833e-04
  9.3143315e-04   3.6391248e-04
  9.3257238e-04   3.6098304e-04
  9.3370240e-04   3.5805004e-04
  9.3482320e-04   3.5511349e-04
  9.3593476e-04   3.5217344e-04
  9.3703707e-04   3.4922991e-04
  9.3813013e-04   3.4628293e-04
  9.3921391e-04   3.4333252e-04
  9.4028842e-04   3.4037873e-04
  9.4135364e-04   3.3742157e-04
  9.4240956e-04   3.3446108e-04
  9.4345617e-04   3.3149729e-04
  9.4449346e-04   3.2853022e-04
  9.4552142e-04   3.2555990e-04
  9.4654003e-04   3.2258637e-04
  9.4754930e-04   3.1960965e-04
  9.4854920e-04   3.1662977e-04
  9.4953973e-04   3.1364677e-04
  9.5052089e-04   3.1066066e-04
  9.5149265e-04   3.0767149e-04
  9.5245501e-04   3.0467928e-04
  9.5340796e-04   3.0168405e-04
  9.5435149e-04   2.9868585e-04
  9.5528559e-04   2.9568470e-04
  9.5621026e-04   2.9268062e-04
  9.5712547e-04   2.8967365e-04
  9.5803124e-04   2.8666383e-04
  9.5892753e-04   2.8365117e-04
  9.5981436e-04   2.8063570e-04
  9.6069170e-04   2.7761747e-04
  9.6155955e-04   2.7459649e-04
  9.6241790e-04   2.7157280e-04
  9.6326674e-04   2.6854642e-04
  9.6410607e-04   2.6551740e-04
  9.6493587e-04   2.6248575e-04
  9.6575614e-04   2.5945150e-04
  9.6656686e-04   2.5641470e-04
  9.6736804e-04   2.5337536e-04
  9.6815966e-04   2.5033351e-04
  9.6894172e-04   2.4728920e-04
  9.6971420e-04   2.4424244e-04
  9.7047710e-04   2.4119326e-04
  9.7123042e-04   2.3814171e-04
  9.7197414e-04   2.3508780e-04
  9.7270826e-04   2.3203157e-04
  9.7343276e-04   2.2897305e-04
  9.7414765e-04   2.2591226e-04
  9.7485292e-04   2.2284925e-04
  9.7554855e-04   2.1978403e-04
  9.7623455e-04   2.1671664e-04
  9.7691090e-04   2.1364711e-04
  9.7757761e-04   2.1057546e-04
  9.7823465e-04   2.0750174e-04
  9.7888203e-04   2.0442597e-04
  9.7951973e-04   2.0134818e-04
  9.8014777e-04   1.9826840e-04
  9.8076611e-04   1.9518666e-04
  9.8137477e-04   1.9210299e-04
  9.8197373e-04   1.8901742e-04
  9.8256299e-04   1.8592999e-04
  9.8314255e-04   1.8284072e-04
  9.8371239e-04   1.7974964e-04
  9.8427251e-04   1.7665679e-04
  9.8482291e-04   1.7356219e-04
  9.8536358e-04   1.7046588e-04
  9.8589451e-04   1.6736788e-04
  9.8641571e-04   1.6426823e-04
  9.8692716e-04   1.6116696e-04
  9.8742885e-04   1.5806410e-04
  9.8792080e-04   1.5495967e-04
  9.8840298e-04   1.5185371e-04
  9.8887540e-04   1.4874625e-04
  9.8933805e-04   1.4563733e-04
  9.8979092e-04   1.4252696e-04
  9.9023402e-04   1.3941519e-04
  9.9066733e-04   1.3630203e-04
  9.9109085e-04   1.3318754e-04
  9.9150459e-04   1.3007172e-04
  9.9190853e-04   1.2695462e-04
  9.9230266e-04   1.2383627e-04
  9.9268700e-04   1.2071669e-04
  9.9306153e-04   1.1759592e-04
  9.9342625e-04   1.1447399e-04
  9.9378115e-04   1.1135093e-04
  9.9412623e-04   1.0822677e-04
  9.9446150e-04   1.0510154e-04
  9.9478693e-04   1.0197527e-04
  9.9510255e-04   9.8847989e-05
  9.9540832e-04   9.5719735e-05
  9.9570427e-04   9.2590535e-05
  9.9599038e-04   8.9460421e-05
  9.9626665e-04   8.6329423e-05
  9.9653307e-04   8.3197572e-05
  9.9678965e-04   8.0064899e-05
  9.9703639e-04   7.6931435e-05
  9.9727327e-04   7.3797211e-05
  9.9750030e-04   7.0662258e-05
  9.9771747e-04   6.7526607e-05
  9.9792479e-04   6.4390289e-05
  9.9812225e-04   6.1253334e-05
  9.9830985e-04   5.8115775e-05
  9.9848759e-04   5.4977641e-05
  9.9865546e-04   5.1838964e-05
  9.9881346e-04   4.8699775e-05
  9.9896160e-04   4.5560105e-05
  9.9909987e-04   4.2419985e-05
  9.9922826e-04   3.9279445e-05
  9.9934679e-04   3.6138518e-05
  9.9945544e-04   3.2997234e-05
  9.9955422e-04   2.9855623e-05
  9.9964312e-04   2.6713718e-05
  9.9972215e-04   2.3571548e-05
  9.9979130e-04   2.0429146e-05
  9.9985058e-04   1.7286542e-05
  9.9989997e-04   1.4143767e-05
  9.9993949e-04   1.1000853e-05
  9.9996913e-04   7.8578297e-06
  9.9998889e-04   4.7147289e-06
  9.9999877e-04   1.5715815e-06
  9.9999877e-04  -1.5715815e-06
  9.9998889e-04  -4.7147289e-06
  9.9996913e-04  -7.8578297e-06
  9.9993949e-04  -1.1000853e-05
  9.9989997e-04  -1.4143767e-05
  9.9985058e-04  -1.7286542e-05
  9.9979130e-04  -2.0429146e-05
  9.9972215e-04  -2.3571548e-05
  9.9964312e-04  -2.6713718e-05
  9.9955422e-04  -2.9855623e-05
  9.9945544e-04  -3.2997234e-05
  9.9934679e-04  -3.6138518e-05
  9.9922826e-04  -3.9279445e-05
  9.9909987e-04  -4.2419985e-05
  9.9896160e-04  -4.5560105e-05
  9.9881346e-04  -4.8699775e-05
  9.9865546e-04  -5.1838964e-05
  9.9848759e-04  -5.4977641e-05
  9.9830985e-04  -5.8115775e-05
  9.9812225e-04  -6.1253334e-05
  9.9792479e-04  -6.4390289e-05
  9.9771747e-04  -6.7526607e-05
  9.9750030e-04  -7.0662258e-05
  9.9727327e-04  -7.3797211e-05
  9.9703639e-04  -7.6931435e-05
  9.9678965e-04  -8.0064899e-05
  9.9653307e-04  -8.3197572e-05
  9.9626665e-04  -8.6329423e-05
  9.9599038e-04  -8.9460421e-05
  9.9570427e-04  -9.2590535e-05
  9.9540832e-04  -9.5719735e-05
  9.9510255e-04  -9.8847989e-05
  9.9478693e-04  -1.0197527e-04
  9.9446150e-04  -1.0510154e-04
  9.9412623e-04  -1.0822677e-04
  9.9378115e-04  -1.1135093e-04
  9.9342625e-04  -1.1447399e-04
  9.9306153e-04  -1.1759592e-04
  9.9268700e-04  -1.2071669e-04
  9.9230266e-04  -1.2383627e-04
  9.9190853e-04  -1.2695462e-04
  9.9150459e-04  -1.3007172e-04
  9.9109085e-04  -1.3318754e-04
  9.9066733e-04  -1.3630203e-04
  9.9023402e-04  -1.3941519e-04
  9.8979092e-04  -1.4252696e-04
  9.8933805e-04  -1.4563733e-04
  9.8887540e-04  -1.4874625e-04
  9.8840298e-04  -1.5185371e-04
  9.8792080e-04  -1.5495967e-04
  9.8742885e-04  -1.5806410e-04
  9.8692716e-04  -1.6116696e-04
  9.8641571e-04  -1.6426823e-04
  9.8589451e-04  -1.6736788e-04
  9.8536358e-04  -1.7046588e-04
  9.8482291e-04  -1.7356219e-04
  9.8427251e-04  -1.7665679e-04
  9.8371239e-04  -1.7974964e-04
  9.8314255e-04  -1.8284072e-04
  9.8256299e-04  -1.8592999e-04
  9.8197373e-04  -1.8901742e-04
  9.8137477e-04  -1.9210299e-04
  9.8076611e-04  -1.9518666e-04
  9.8014777e-04  -1.9826840e-04
  9.7951973e-04  -2.0134818e-04
  9.7888203e-04  -2.0442597e-04
  9.7823465e-04  -2.0750174e-04
  9.7757761e-04  -2.1057546e-04
  9.7691090e-04  -2.1364711e-04
  9.7623455e-04  -2.1671664e-04
  9.7554855e-04  -2.1978403e-04
  9.7485292e-04  -2.2284925e-04
  9.7414765e-04  -2.2591226e-04
  9.7343276e-04  -2.2897305e-04
  9.7270826e-04  -2.3203157e-04
  9.7197414e-04  -2.3508780e-04
  9.7123042e-04  -2.3814171e-04
  9.7047710e-04  -2.4119326e-04
  9.6971420e-04  -2.4424244e-04
  9.6894172e-04  -2.4728920e-04
  9.6815966e-04  -2.5033351e-04
  9.6736804e-04  -2.5337536e-04
  9.6656686e-04  -2.5641470e-04
  9.6575614e-04  -2.5945150e-04
  9.6493587e-04  -2.6248575e-04
  9.6410607e-04  -2.6551740e-04
  9.6326674e-04  -2.6854642e-04
  9.6241790e-04  -2.7157280e-04
  9.6155955e-04  -2.7459649e-04
  9.6069170e-04  -2.7761747e-04
  9.5981436e-04  -2.8063570e-04
  9.5892753e-04  -2.8365117e-04
  9.5803124e-04  -2.8666383e-04
  9.5712547e-04  -2.8967365e-04
  9.5621026e-04  -2.9268062e-04
  9.5528559e-04  -2.9568470e-04
  9.5435149e-04  -2.9868585e-04
  9.5340796e-04  -3.0168405e-04
  9.5245501e-04  -3.0467928e-04
  9.5149265e-04  -3.0767149e-04
  9.5052089e-04  -3.1066066e-04
  9.4953973e-04  -3.1364677e-04
  9.4854920e-04  -3.1662977e-04
  9.4754930e-04  -3.1960965e-04
  9.4654003e-04  -3.2258637e-04
  9.4552142e-04  -3.2555990e-04
  9.4449346e-04  -3.2853022e-04
  9.4345617e-04  -3.3149729e-04
  9.4240956e-04  -3.3446108e-04
  9.4135364e-04  -3.3742157e-04
  9.4028842e-04  -3.4037873e-04
  9.3921391e-04  -3.4333252e-04
  9.3813013e-04  -3.4628293e-04
  9.3703707e-04  -3.4922991e-04
  9.3593476e-04  -3.5217344e-04
  9.3482320e-04  -3.5511349e-04
  9.3370240e-04  -3.5805004e-04
  9.3257238e-04  -3.6098304e-04
  9.3143315e-04  -3.6391248e-04
  9.3028471e-04  -3.6683833e-04
  9.2912708e-04  -3.6976055e-04
  9.2796028e-04  -3.7267912e-04
  9.2678430e-04  -3.7559400e-04
  9.2559917e-04  -3.7850518e-04
  9.2440490e-04  -3.8141261e-04
  9.2320149e-04  -3.8431628e-04
  9.2198897e-04  -3.8721615e-04
  9.2076733e-04  -3.9011220e-04
  9.1953660e-04  -3.9300439e-04
  9.1829678e-04  -3.9589270e-04
  9.1704789e-04  -3.9877709e-04
  9.1578994e-04  -4.0165755e-04
  9.1452294e-04  -4.0453404e-04
  9.1324691e-04  -4.0740653e-04
  9.1196185e-04  -4.1027500e-04
  9.1066779e-04  -4.1313941e-04
  9.0936473e-04  -4.1599975e-04
  9.0805268e-04  -4.1885597e-04
  9.0673167e-04  -4.2170806e-04
  9.0540169e-04  -4.2455597e-04
  9.0406277e-04  -4.2739970e-04
  9.0271492e-04  -4.3023920e-04
  9.0135815e-04  -4.3307445e-04
  8.9999248e-04  -4.3590542e-04
  8.9861791e-04  -4.3873209e-04
  8.9723447e-04  -4.4155442e-04
  8.9584216e-04  -4.4437239e-04
  8.9444100e-04  -4.4718597e-04
  8.9303101e-04  -4.4999513e-04
  8.9161219e-04  -4.5279985e-04
  8.9018456e-04  -4.5560009e-04
  8.8874814e-04  -4.5839583e-04
  8.8730294e-04  -4.6118704e-04
  8.8584897e-04  -4.6397370e-04
  8.8438626e-04  -4.6675577e-04
  8.8291480e-04  -4.6953323e-04
  8.8143462e-04  -4.7230606e-04
  8.7994573e-04  -4.7507421e-04
  8.7844815e-04  -4.7783767e-04
  8.7694189e-04  -4.8059642e-04
  8.7542697e-04  -4.8335041e-04
  8.7390340e-04  -4.8609963e-04
  8.7237119e-04  -4.8884405e-04
  8.7083037e-04  -4.9158363e-04
  8.6928094e-04  -4.9431836e-04
  8.6772293e-04  -4.9704821e-04
  8.6615634e-04  -4.9977314e-04
  8.6458119e-04  -5.0249314e-04
  8.6299751e-04  -5.0520818e-04
  8.6140529e-04  -5.0791822e-04
  8.5980457e-04  -5.1062324e-04
  8.5819535e-04  -5.1332322e-04
  8.5657766e-04  -5.1601813e-04
  8.5495150e-04  -5.1870794e-04
  8.5331690e-04  -5.2139263e-04
  8.5167386e-04  -5.2407217e-04
  8.5002241e-04  -5.2674652e-04
  8.4836256e-04  -5.2941568e-04
  8.4669434e-04  -5.3207960e-04
  8.4501774e-04  -5.3473827e-04
  8.4333280e-04  -5.3739165e-04
  8.4163953e-04  -5.4003973e-04
  8.3993794e-04  -5.4268246e-04
  8.3822805e-04  -5.4531984e-04
  8.3650989e-04  -5.4795183e-04
  8.3478345e-04  -5.5057841e-04
  8.3304877e-04  -5.5319955e-04
  8.3130587e-04  -5.5581522e-04
  8.2955474e-04  -5.5842540e-04
  8.2779543e-04  -5.6103006e-04
  8.2602793e-04  -5.6362919e-04
  8.2425227e-04  -5.6622274e-04
  8.2246847e-04  -5.6881070e-04
  8.2067655e-04  -5.7139304e-04
  8.1887652e-04  -5.7396973e-04
  8.1706839e-04  -5.7654076e-04
  8.1525220e-04  -5.7910608e-04
  8.1342795e-04  -5.8166569e-04
  8.1159566e-04  -5.8421955e-04
  8.0975536e-04  -5.8676764e-04
  8.0790705e-04  -5.8930993e-04
  8.0605077e-04  -5.9184640e-04
  8.0418652e-04  -5.9437702e-04
  8.0231432e-04  -5.9690177e-04
  8.0043420e-04  -5.9942062e-04
  7.9854618e-04  -6.0193356e-04
  7.9665026e-04  -6.0444054e-04
  7.9474647e-04  -6.0694155e-04
  7.9283483e-04  -6.0943657e-04
  7.9091536e-04  -6.1192556e-04
  7.8898807e-04  -6.1440851e-04
  7.8705299e-04  -6.1688539e-04
  7.8511013e-04  -6.1935618e-04
  7.8315952e-04  -6.2182085e-04
  7.8120117e-04  -6.2427937e-04
  7.7923510e-04  -6.2673173e-04
  7.7726134e-04  -6.2917789e-04
  7.7527989e-04  -6.3161784e-04
  7.7329078e-04  -6.3405155e-04
  7.7129404e-04  -6.3647899e-04
  7.6928968e-04  -6.3890015e-04
  7.6727771e-04  -6.4131499e-04
  7.6525816e-04  -6.4372350e-04
  7.6323106e-04  -6.4612565e-04
  7.6119641e-04  -6.4852141e-04
  7.5915425e-04  -6.5091077e-04
  7.5710458e-04  -6.5329370e-04
  7.5504744e-04  -6.5567017e-04
  7.5298283e-04  -6.5804016e-04
  7.5091079e-04  -6.6040366e-04
  7.4883132e-04  -6.6276063e-04
  7.4674446e-04  -6.6511105e-04
  7.4465022e-04  -6.6745490e-04
  7.4254863e-04  -6.6979216e-04
  7.4043970e-04  -6.7212280e-04
  7.3832345e-04  -6.7444680e-04
  7.3619991e-04  -6.7676413e-04
  7.3406910e-04  -6.7907478e-04
  7.3193103e-04  -6.8137873e-04
  7.2978573e-04  -6.8367594e-04
  7.2763322e-04  -6.8596639e-04
  7.2547353e-04  -6.8825007e-04
  7.2330667e-04  -6.9052695e-04
  7.2113266e-04  -6.9279701e-04
  7.1895152e-04  -6.9506022e-04
  7.1676329e-04  -6.9731656e-04
  7.1456797e-04  -6.9956602e-04
  7.1236559e-04  -7.0180857e-04
  7.1015618e-04  -7.0404418e-04
  7.0793975e-04  -7.0627283e-04
  7.0571632e-04  -7.0849451e-04
  7.0348593e-04  -7.1070919e-04
  7.0124858e-04  -7.1291685e-04
  6.9900430e-04  -7.1511746e-04
  6.9675312e-04  -7.1731101e-04
  6.9449506e-04  -7.1949747e-04
  6.9223013e-04  -7.2167683e-04
  6.8995837e-04  -7.2384905e-04
  6.8767979e-04  -7.2601413e-04
  6.8539441e-04  -7.2817203e-04
  6.8310227e-04  -7.3032273e-04
  6.8080337e-04  -7.3246622e-04
  6.7849775e-04  -7.3460248e-04
  6.7618543e-04  -7.3673148e-04
  6.7386642e-04  -7.3885320e-04
  6.7154076e-04  -7.4096762e-04
  6.6920846e-04  -7.4307472e-04
  6.6686956e-04  -7.4517447e-04
  6.6452406e-04  -7.4726687e-04
  6.6217200e-04  -7.4935188e-04
  6.5981340e-04  -7.5142949e-04
  6.5744827e-04  -7.5349968e-04
  6.5507666e-04  -7.5556242e-04
  6.5269857e-04  -7.5761770e-04
  6.5031403e-04  -7.5966549e-04
  6.4792307e-04  -7.6170578e-04
  6.4552571e-04  -7.6373854e-04
  6.4312197e-04  -7.6576376e-04
  6.4071187e-04  -7.6778141e-04
  6.3829545e-04  -7.6979148e-04
  6.3587272e-04  -7.7179394e-04
  6.3344371e-04  -7.7378878e-04
  6.3100843e-04  -7.7577597e-04
  6.2856693e-04  -7.7775550e-04
  6.2611922e-04  -7.7972734e-04
  6.2366532e-04  -7.8169148e-04
  6.2120526e-04  -7.8364790e-04
  6.1873906e-04  -7.8559658e-04
  6.1626675e-04  -7.8753749e-04
  6.1378835e-04  -7.8947062e-04
  6.1130388e-04  -7.9139596e-04
  6.0881338e-04  -7.9331348e-04
  6.0631686e-04  -7.9522315e-04
  6.0381435e-04  -7.9712498e-04
  6.0130588e-04  -7.9901892e-04
  5.9879147e-04  -8.0090498e-04
  5.9627114e-04  -8.0278312e-04
  5.9374492e-04  -8.0465333e-04
  5.9121283e-04  -8.0651559e-04
  5.8867490e-04  -8.0836988e-04
  5.8613116e-04  -8.1021618e-04
  5.8358163e-04  -8.1205448e-04
  5.8102633e-04  -8.1388476e-04
  5.7846529e-04  -8.1570700e-04
  5.7589853e-04  -8.1752118e-04
  5.7332609e-04  -8.1932728e-04
  5.7074798e-04  -8.2112529e-04
  5.6816423e-04  -8.2291519e-04
  5.6557487e-04  -8.2469695e-04
  5.6297993e-04  -8.2647057e-04
  5.6037942e-04  -8.2823602e-04
  5.5777337e-04  -8.2999329e-04
  5.5516182e-04  -8.3174236e-04
  5.5254477e-04  -8.3348322e-04
  5.4992227e-04  -8.3521584e-04
  5.4729434e-04  -8.3694020e-04
  5.4466100e-04  -8.3865630e-04
  5.4202228e-04  -8.4036412e-04
  5.3937821e-04  -8.4206363e-04
  5.3672880e-04  -8.4375482e-04
  5.3407409e-04  -8.4543767e-04
  5.3141411e-04  -8.4711218e-04
  5.2874888e-04  -8.4877831e-04
  5.2607842e-04  -8.5043606e-04
  5.2340277e-04  -8.5208541e-04
  5.2072194e-04  -8.5372634e-04
  5.1803597e-04  -8.5535883e-04
  5.1534488e-04  -8.5698288e-04
  5.1264870e-04  -8.5859845e-04
  5.0994746e-04  -8.6020555e-04
  5.0724118e-04  -8.6180415e-04
  5.0452989e-04  -8.6339423e-04
  5.0181361e-04  -8.6497578e-04
  4.9909237e-04  -8.6654879e-04
  4.9636621e-04  -8.6811324e-04
  4.9363514e-04  -8.6966910e-04
  4.9089919e-04  -8.7121638e-04
  4.8815839e-04  -8.7275505e-04
  4.8541277e-04  -8.7428510e-04
  4.8266236e-04  -8.7580651e-04
  4.7990718e-04  -8.7731927e-04
  4.7714725e-04  -8.7882336e-04
  4.7438261e-04  -8.8031877e-04
  4.7161329e-04  -8.8180548e-04
  4.6883930e-04  -8.8328348e-04
  4.6606069e-04  -8.8475275e-04
  4.6327747e-04  -8.8621329e-04
  4.6048967e-04  -8.8766506e-04
  4.5769732e-04  -8.8910807e-04
  4.5490045e-04  -8.9054230e-04
  4.5209909e-04  -8.9196772e-04
  4.4929326e-04  -8.9338433e-04
  4.4648299e-04  -8.9479212e-04
  4.4366831e-04  -8.9619107e-04
  4.4084925e-04  -8.9758116e-04
  4.3802583e-04  -8.9896239e-04
  4.3519808e-04  -9.0033473e-04
  4.3236604e-04  -9.0169818e-04
  4.2952972e-04  -9.0305272e-04
  4.2668916e-04  -9.0439834e-04
  4.2384439e-04  -9.0573503e-04
  4.2099542e-04  -9.0706276e-04
  4.1814230e-04  -9.0838154e-04
  4.1528505e-04  -9.0969134e-04
  4.1242369e-04  -9.1099215e-04
  4.0955826e-04  -9.1228396e-04
  4.0668879e-04  -9.1356676e-04
  4.0381529e-04  -9.1484054e-04
  4.0093781e-04  -9.1610528e-04
  3.9805636e-04  -9.1736096e-04
  3.9517098e-04  -9.1860758e-04
  3.9228170e-04  -9.1984513e-04
  3.8938854e-04  -9.2107359e-04
  3.8649154e-04  -9.2229295e-04
  3.8359072e-04  -9.2350320e-04
  3.8068611e-04  -9.2470433e-04
  3.7777773e-04  -9.2589631e-04
  3.7486563e-04  -9.2707916e-04
  3.7194982e-04  -9.2825284e-04
  3.6903033e-04  -9.2941735e-04
  3.6610720e-04  -9.3057268e-04
  3.6318046e-04  -9.3171882e-04
  3.6025012e-04  -9.3285575e-04
  3.5731623e-04  -9.3398346e-04
  3.5437881e-04  -9.3510195e-04
  3.5143788e-04  -9.3621120e-04
  3.4849349e-04  -9.3731120e-04
  3.4554565e-04  -9.3840194e-04
  3.4259439e-04  -9.3948341e-04
  3.3963975e-04  -9.4055560e-04
  3.3668176e-04  -9.4161850e-04
  3.3372044e-04  -9.4267209e-04
  3.3075582e-04  -9.4371637e-04
  3.2778794e-04  -9.4475133e-04
  3.2481682e-04  -9.4577695e-04
  3.2184248e-04  -9.4679323e-04
  3.1886497e-04  -9.4780015e-04
  3.1588431e-04  -9.4879771e-04
  3.1290053e-04  -9.4978590e-04
  3.0991365e-04  -9.5076471e-04
  3.0692372e-04  -9.5173412e-04
  3.0393075e-04  -9.5269413e-04
  3.0093478e-04  -9.5364472e-04
  2.9793584e-04  -9.5458590e-04
  2.9493395e-04  -9.5551764e-04
  2.9192915e-04  -9.5643995e-04
  2.8892146e-04  -9.5735280e-04
  2.8591093e-04  -9.5825620e-04
  2.8289756e-04  -9.5915013e-04
  2.7988140e-04  -9.6003458e-04
  2.7686248e-04  -9.6090955e-04
  2.7384082e-04  -9.6177503e-04
  2.7081645e-04  -9.6263100e-04
  2.6778941e-04  -9.6347747e-04
  2.6475973e-04  -9.6431441e-04
  2.6172743e-04  -9.6514183e-04
  2.5869254e-04  -9.6595971e-04
  2.5565510e-04  -9.6676805e-04
  2.5261513e-04  -9.6756684e-04
  2.4957266e-04  -9.6835607e-04
  2.4652773e-04  -9.6913574e-04
  2.4348037e-04  -9.6990583e-04
  2.4043060e-04  -9.7066633e-04
  2.3737845e-04  -9.7141725e-04
  2.3432396e-04  -9.7215857e-04
  2.3126715e-04  -9.7289028e-04
  2.2820806e-04  -9.7361239e-04
  2.2514672e-04  -9.7432487e-04
  2.2208315e-04  -9.7502773e-04
  2.1901738e-04  -9.7572096e-04
  2.1594945e-04  -9.7640454e-04
  2.1287939e-04  -9.7707848e-04
  2.0980723e-04  -9.7774277e-04
  2.0673299e-04  -9.7839740e-04
  2.0365671e-04  -9.7904236e-04
  2.0057842e-04  -9.7967765e-04
  1.9749814e-04  -9.8030326e-04
  1.9441592e-04  -9.8091919e-04
  1.9133177e-04  -9.8152542e-04
  1.8824574e-04  -9.8212196e-04
  1.8515784e-04  -9.8270879e-04
  1.8206812e-04  -9.8328592e-04
  1.7897660e-04  -9.8385333e-04
  1.7588330e-04  -9.8441102e-04
  1.7278827e-04  -9.8495899e-04
  1.6969154e-04  -9.8549723e-04
  1.6659313e-04  -9.8602573e-04
  1.6349307e-04  -9.8654448e-04
  1.6039139e-04  -9.8705349e-04
  1.5728813e-04  -9.8755275e-04
  1.5418332e-04  -9.8804226e-04
  1.5107699e-04  -9.8852200e-04
  1.4796916e-04  -9.8899198e-04
  1.4485987e-04  -9.8945218e-04
  1.4174915e-04  -9.8990261e-04
  1.3863703e-04  -9.9034326e-04
  1.3552353e-04  -9.9077413e-04
  1.3240870e-04  -9.9119521e-04
  1.2929257e-04  -9.9160649e-04
  1.2617515e-04  -9.9200798e-04
  1.2305649e-04  -9.9239967e-04
  1.1993661e-04  -9.9278155e-04
  1.1681555e-04  -9.9315363e-04
  1.1369333e-04  -9.9351589e-04
  1.1056999e-04  -9.9386834e-04
  1.0744556e-04  -9.9421097e-04
  1.0432006e-04  -9.9454378e-04
  1.0119354e-04  -9.9486676e-04
  9.8066016e-05  -9.9517991e-04
  9.4937522e-05  -9.9548323e-04
  9.1808091e-05  -9.9577672e-04
  8.8677753e-05  -9.9606037e-04
  8.5546539e-05  -9.9633418e-04
  8.2414480e-05  -9.9659814e-04
  7.9281606e-05  -9.9685226e-04
  7.6147949e-05  -9.9709653e-04
  7.3013540e-05  -9.9733095e-04
  6.9878410e-05  -9.9755552e-04
  6.6742589e-05  -9.9777023e-04
  6.3606109e-05  -9.9797508e-04
  6.0469000e-05  -9.9817008e-04
  5.7331294e-05  -9.9835521e-04
  5.4193022e-05  -9.9853048e-04
  5.1054214e-05  -9.9869588e-04
  4.7914901e-05  -9.9885142e-04
  4.4775116e-05  -9.9899709e-04
  4.1634888e-05  -9.9913289e-04
  3.8494249e-05  -9.9925882e-04
  3.5353229e-05  -9.9937488e-04
  3.2211860e-05  -9.9948106e-04
  2.9070173e-05  -9.9957737e-04
  2.5928199e-05  -9.9966381e-04
  2.2785969e-05  -9.9974037e-04
  1.9643513e-05  -9.9980705e-04
  1.6500863e-05  -9.9986385e-04
  1.3358051e-05  -9.9991078e-04
  1.0215106e-05  -9.9994782e-04
  7.0720606e-06  -9.9997499e-04
  3.9289452e-06  -9.9999228e-04
  7.8579098e-07  -9.9999969e-04
 -2.3573710e-06  -9.9999722e-04
 -5.5005097e-06  -9.9998487e-04
 -8.6435940e-06  -9.9996264e-04
 -1.1786593e-05  -9.9993054e-04
 -1.4929475e-05  -9.9988855e-04
 -1.8072210e-05  -9.9983668e-04
 -2.1214767e-05  -9.9977494e-04
 -2.4357114e-05  -9.9970332e-04
 -2.7499220e-05  -9.9962182e-04
 -3.0641055e-05  -9.9953045e-04
 -3.3782586e-05  -9.9942921e-04
 -3.6923785e-05  -9.9931808e-04
 -4.0064618e-05  -9.9919709e-04
 -4.3205055e-05  -9.9906623e-04
 -4.6345066e-05  -9.9892549e-04
 -4.9484619e-05  -9.9877489e-04
 -5.2623683e-05  -9.9861441e-04
 -5.5762227e-05  -9.9844408e-04
 -5.8900220e-05  -9.9826387e-04
 -6.2037631e-05  -9.9807381e-04
 -6.5174429e-05  -9.9787389e-04
 -6.8310584e-05  -9.9766410e-04
 -7.1446063e-05  -9.9744446e-04
 -7.4580837e-05  -9.9721497e-04
 -7.7714874e-05  -9.9697563e-04
 -8.0848143e-05  -9.9672643e-04
 -8.3980613e-05  -9.9646739e-04
 -8.7112254e-05  -9.9619850e-04
 -9.0243034e-05  -9.9591977e-04
 -9.3372922e-05  -9.9563121e-04
 -9.6501888e-05  -9.9533280e-04
 -9.9629901e-05  -9.9502456e-04
 -1.0275693e-04  -9.9470650e-04
 -1.0588294e-04  -9.9437860e-04
 -1.0900791e-04  -9.9404088e-04
 -1.1213180e-04  -9.9369334e-04
 -1.1525458e-04  -9.9333599e-04
 -1.1837623e-04  -9.9296882e-04
 -1.2149670e-04  -9.9259184e-04
 -1.2461597e-04  -9.9220505e-04
 -1.2773402e-04  -9.9180846e-04
 -1.3085080e-04  -9.9140207e-04
 -1.3396629e-04  -9.9098589e-04
 -1.3708045e-04  -9.9055992e-04
 -1.4019326e-04  -9.9012416e-04
 -1.4330469e-04  -9.8967862e-04
 -1.4641469e-04  -9.8922330e-04
 -1.4952326e-04  -9.8875821e-04
 -1.5263034e-04  -9.8828335e-04
 -1.5573592e-04  -9.8779873e-04
 -1.5883996e-04  -9.8730434e-04
 -1.6194243e-04  -9.8680021e-04
 -1.6504330e-04  -9.8628632e-04
 -1.6814254e-04  -9.8576269e-04
 -1.7124012e-04  -9.8522932e-04
 -1.7433600e-04  -9.8468622e-04
 -1.7743017e-04  -9.8413339e-04
 -1.8052258e-04  -9.8357084e-04
 -1.8361321e-04  -9.8299857e-04
 -1.8670202e-04  -9.8241659e-04
 -1.8978899e-04  -9.8182490e-04
 -1.9287409e-04  -9.8122352e-04
 -1.9595727e-04  -9.8061243e-04
 -1.9903853e-04  -9.7999167e-04
 -2.0211781e-04  -9.7936121e-04
 -2.0519510e-04  -9.7872109e-04
 -2.0827037e-04  -9.7807129e-04
 -2.1134357e-04  -9.7741183e-04
 -2.1441469e-04  -9.7674272e-04
 -2.1748369e-04  -9.7606396e-04
 -2.2055054e-04  -9.7537555e-04
 -2.2361521e-04  -9.7467751e-04
 -2.2667767e-04  -9.7396983e-04
 -2.2973789e-04  -9.7325254e-04
 -2.3279584e-04  -9.7252563e-04
 -2.3585150e-04  -9.7178911e-04
 -2.3890482e-04  -9.7104299e-04
 -2.4195578e-04  -9.7028728e-04
 -2.4500435e-04  -9.6952198e-04
 -2.4805051e-04  -9.6874710e-04
 -2.5109421e-04  -9.6796265e-04
 -2.5413543e-04  -9.6716864e-04
 -2.5717414e-04  -9.6636508e-04
 -2.6021031e-04  -9.6555196e-04
 -2.6324390e-04  -9.6472931e-04
 -2.6627490e-04  -9.6389713e-04
 -2.6930327e-04  -9.6305542e-04
 -2.7232897e-04  -9.6220420e-04
 -2.7535199e-04  -9.6134348e-04
 -2.7837228e-04  -9.6047325e-04
 -2.8138983e-04  -9.5959354e-04
 -2.8440459e-04  -9.5870435e-04
 -2.8741655e-04  -9.5780568e-04
 -2.9042567e-04  -9.5689756e-04
 -2.9343191e-04  -9.5597998e-04
 -2.9643526e-04  -9.5505295e-04
 -2.9943568e-04  -9.5411649e-04
 -3.0243314e-04  -9.5317060e-04
 -3.0542761e-04  -9.5221530e-04
 -3.0841907e-04  -9.5125059e-04
 -3.1140748e-04  -9.5027648e-04
 -3.1439281e-04  -9.4929298e-04
 -3.1737503e-04  -9.4830010e-04
 -3.2035412e-04  -9.4729786e-04
 -3.2333005e-04  -9.4628626e-04
 -3.2630278e-04  -9.4526530e-04
 -3.2927229e-04  -9.4423501e-04
 -3.3223854e-04  -9.4319539e-04
 -3.3520151e-04  -9.4214646e-04
 -3.3816117e-04  -9.4108821e-04
 -3.4111749e-04  -9.4002067e-04
 -3.4407044e-04  -9.3894384e-04
 -3.4701999e-04  -9.3785773e-04
 -3.4996612e-04  -9.3676236e-04
 -3.5290878e-04  -9.3565773e-04
 -3.5584796e-04  -9.3454386e-04
 -3.5878362e-04  -9.3342076e-04
 -3.6171574e-04  -9.3228843e-04
 -3.6464428e-04  -9.3114690e-04
 -3.6756922e-04  -9.2999616e-04
 -3.7049053e-04  -9.2883624e-04
 -3.7340818e-04  -9.2766714e-04
 -3.7632214e-04  -9.2648888e-04
 -3.7923239e-04  -9.2530146e-04
 -3.8213888e-04  -9.2410490e-04
 -3.8504160e-04  -9.2289922e-04
 -3.8794052e-04  -9.2168441e-04
 -3.9083561e-04  -9.2046050e-04
 -3.9372683e-04  -9.1922749e-04
 -3.9661416e-04  -9.1798541e-04
 -3.9949758e-04  -9.1673425e-04
 -4.0237705e-04  -9.1547404e-04
 -4.0525254e-04  -9.1420478e-04
 -4.0812403e-04  -9.1292649e-04
 -4.1099148e-04  -9.1163918e-04
 -4.1385488e-04  -9.1034287e-04
 -4.1671419e-04  -9.0903756e-04
 -4.1956938e-04  -9.0772327e-04
 -4.2242043e-04  -9.0640001e-04
 -4.2526730e-04  -9.0506780e-04
 -4.2810997e-04  -9.0372665e-04
 -4.3094841e-04  -9.0237657e-04
 -4.3378260e-04  -9.0101757e-04
 -4.3661250e-04  -8.9964967e-04
 -4.3943808e-04  -8.9827288e-04
 -4.4225933e-04  -8.9688722e-04
 -4.4507620e-04  -8.9549270e-04
 -4.4788868e-04  -8.9408933e-04
 -4.5069673e-04  -8.9267713e-04
 -4.5350033e-04  -8.9125611e-04
 -4.5629945e-04  -8.8982628e-04
 -4.5909406e-04  -8.8838767e-04
 -4.6188414e-04  -8.8694027e-04
 -4.6466965e-04  -8.8548411e-04
 -4.6745057e-04  -8.8401921e-04
 -4.7022688e-04  -8.8254557e-04
 -4.7299853e-04  -8.8106321e-04
 -4.7576552e-04  -8.7957215e-04
 -4.7852780e-04  -8.7807240e-04
 -4.8128536e-04  -8.7656397e-04
 -4.8403816e-04  -8.7504689e-04
 -4.8678618e-04  -8.7352116e-04
 -4.8952940e-04  -8.7198679e-04
 -4.9226777e-04  -8.7044382e-04
 -4.9500128e-04  -8.6889224e-04
 -4.9772990e-04  -8.6733208e-04
 -5.0045361e-04  -8.6576335e-04
 -5.0317237e-04  -8.6418607e-04
 -5.0588616e-04  -8.6260025e-04
 -5.0859495e-04  -8.6100591e-04
 -5.1129871e-04  -8.5940306e-04
 -5.1399743e-04  -8.5779172e-04
 -5.1669107e-04  -8.5617191e-04
 -5.1937960e-04  -8.5454364e-04
 -5.2206300e-04  -8.5290693e-04
 -5.2474124e-04  -8.5126179e-04
 -5.2741430e-04  -8.4960824e-04
 -5.3008215e-04  -8.4794629e-04
 -5.3274476e-04  -8.4627597e-04
 -5.3540211e-04  -8.4459729e-04
 -5.3805417e-04  -8.4291026e-04
 -5.4070091e-04  -8.4121491e-04
 -5.4334231e-04  -8.3951125e-04
 -5.4597835e-04  -8.3779929e-04
 -5.4860899e-04  -8.3607905e-04
 -5.5123421e-04  -8.3435056e-04
 -5.5385398e-04  -8.3261382e-04
 -5.5646828e-04  -8.3086885e-04
 -5.5907708e-04  -8.2911568e-04
 -5.6168037e-04  -8.2735432e-04
 -5.6427810e-04  -8.2558478e-04
 -5.6687025e-04  -8.2380709e-04
 -5.6945681e-04  -8.2202125e-04
 -5.7203774e-04  -8.2022730e-04
 -5.7461302e-04  -8.1842524e-04
 -5.7718262e-04  -8.1661510e-04
 -5.7974652e-04  -8.1479689e-04
 -5.8230469e-04  -8.1297063e-04
 -5.8485711e-04  -8.1113634e-04
 -5.8740376e-04  -8.0929403e-04
 -5.8994459e-04  -8.0744373e-04
 -5.9247960e-04  -8.0558545e-04
 -5.9500876e-04  -8.0371921e-04
 -5.9753204e-04  -8.0184504e-04
 -6.0004941e-04  -7.9996294e-04
 -6.0256086e-04  -7.9807294e-04
 -6.0506635e-04  -7.9617505e-04
 -6.0756587e-04  -7.9426930e-04
 -6.1005938e-04  -7.9235570e-04
 -6.1254687e-04  -7.9043427e-04
 -6.1502830e-04  -7.8850503e-04
 -6.1750366e-04  -7.8656800e-04
 -6.1997292e-04  -7.8462321e-04
 -6.2243605e-04  -7.8267066e-04
 -6.2489304e-04  -7.8071038e-04
 -6.2734385e-04  -7.7874238e-04
 -6.2978846e-04  -7.7676669e-04
 -6.3222685e-04  -7.7478333e-04
 -6.3465899e-04  -7.7279231e-04
 -6.3708487e-04  -7.7079366e-04
 -6.3950445e-04  -7.6878740e-04
 -6.4191771e-04  -7.6677353e-04
 -6.4432463e-04  -7.6475210e-04
 -6.4672519e-04  -7.6272310e-04
 -6.4911935e-04  -7.6068658e-04
 -6.5150710e-04  -7.5864253e-04
 -6.5388842e-04  -7.5659100e-04
 -6.5626328e-04  -7.5453198e-04
 -6.5863165e-04  -7.5246552e-04
 -6.6099351e-04  -7.5039161e-04
 -6.6334885e-04  -7.4831030e-04
 -6.6569763e-04  -7.4622159e-04
 -6.6803983e-04  -7.4412551e-04
 -6.7037544e-04  -7.4202208e-04
 -6.7270442e-04  -7.3991132e-04
 -6.7502676e-04  -7.3779325e-04
 -6.7734242e-04  -7.3566789e-04
 -6.7965140e-04  -7.3353526e-04
 -6.8195366e-04  -7.3139538e-04
 -6.8424918e-04  -7.2924828e-04
 -6.8653795e-04  -7.2709397e-04
 -6.8881993e-04  -7.2493248e-04
 -6.9109510e-04  -7.2276383e-04
 -6.9336345e-04  -7.2058804e-04
 -6.9562495e-04  -7.1840513e-04
 -6.9787957e-04  -7.1621512e-04
 -7.0012731e-04  -7.1401804e-04
 -7.0236812e-04  -7.1181390e-04
 -7.0460199e-04  -7.0960273e-04
 -7.0682891e-04  -7.0738455e-04
 -7.0904884e-04  -7.0515938e-04
 -7.1126176e-04  -7.0292724e-04
 -7.1346766e-04  -7.0068816e-04
 -7.1566651e-04  -6.9844215e-04
 -7.1785829e-04  -6.9618925e-04
 -7.2004298e-04  -6.9392947e-04
 -7.2222055e-04  -6.9166283e-04
 -7.2439099e-04  -6.8938936e-04
 -7.2655427e-04  -6.8710908e-04
 -7.2871038e-04  -6.8482201e-04
 -7.3085928e-04  -6.8252817e-04
 -7.3300097e-04  -6.8022760e-04
 -7.3513541e-04  -6.7792030e-04
 -7.3726259e-04  -6.7560630e-04
 -7.3938249e-04  -6.7328563e-04
 -7.4149508e-04  -6.7095831e-04
 -7.4360034e-04  -6.6862436e-04
 -7.4569826e-04  -6.6628380e-04
 -7.4778882e-04  -6.6393666e-04
 -7.4987198e-04  -6.6158296e-04
 -7.5194774e-04  -6.5922273e-04
 -7.5401606e-04  -6.5685598e-04
 -7.5607694e-04  -6.5448274e-04
 -7.5813035e-04  -6.5210304e-04
 -7.6017627e-04  -6.4971689e-04
 -7.6221468e-04  -6.4732433e-04
 -7.6424556e-04  -6.4492537e-04
 -7.6626888e-04  -6.4252004e-04
 -7.6828464e-04  -6.4010836e-04
 -7.7029281e-04  -6.3769036e-04
 -7.7229337e-04  -6.3526605e-04
 -7.7428629e-04  -6.3283547e-04
 -7.7627157e-04  -6.3039864e-04
 -7.7824918e-04  -6.2795558e-04
 -7.8021910e-04  -6.2550632e-04
 -7.8218131e-04  -6.2305088e-04
 -7.8413580e-04  -6.2058928e-04
 -7.8608253e-04  -6.1812155e-04
 -7.8802150e-04  -6.1564771e-04
 -7.8995269e-04  -6.1316780e-04
 -7.9187607e-04  -6.1068182e-04
 -7.9379163e-04  -6.0818981e-04
 -7.9569935e-04  -6.0569179e-04
 -7.9759920e-04  -6.0318779e-04
 -7.9949118e-04  -6.0067783e-04
 -8.0137525e-04  -5.9816194e-04
 -8.0325141e-04  -5.9564013e-04
 -8.0511964e-04  -5.9311244e-04
 -8.0697991e-04  -5.9057889e-04
 -8.0883220e-04  -5.8803951e-04
 -8.1067651e-04  -5.8549432e-04
 -8.1251281e-04  -5.8294334e-04
 -8.1434108e-04  -5.8038660e-04
 -8.1616130e-04  -5.7782413e-04
 -8.1797346e-04  -5.7525595e-04
 -8.1977754e-04  -5.7268209e-04
 -8.2157353e-04  -5.7010257e-04
 -8.2336139e-04  -5.6751742e-04
 -8.2514112e-04  -5.6492666e-04
 -8.2691270e-04  -5.6233032e-04
 -8.2867611e-04  -5.5972842e-04
 -8.3043133e-04  -5.5712100e-04
 -8.3217835e-04  -5.5450807e-04
 -8.3391714e-04  -5.5188966e-04
 -8.3564770e-04  -5.4926580e-04
 -8.3737000e-04  -5.4663651e-04
 -8.3908403e-04  -5.4400183e-04
 -8.4078977e-04  -5.4136176e-04
 -8.4248720e-04  -5.3871635e-04
 -8.4417631e-04  -5.3606562e-04
 -8.4585708e-04  -5.3340959e-04
 -8.4752950e-04  -5.3074829e-04
 -8.4919354e-04  -5.2808175e-04
 -8.5084919e-04  -5.2540999e-04
 -8.5249643e-04  -5.2273304e-04
 -8.5413525e-04  -5.2005093e-04
 -8.5576564e-04  -5.1736368e-04
 -8.5738757e-04  -5.1467131e-04
 -8.5900102e-04  -5.1197387e-04
 -8.6060600e-04  -5.0927136e-04
 -8.6220247e-04  -5.0656382e-04
 -8.6379042e-04  -5.0385128e-04
 -8.6536984e-04  -5.0113376e-04
 -8.6694070e-04  -4.9841129e-04
 -8.6850301e-04  -4.9568390e-04
 -8.7005673e-04  -4.9295161e-04
 -8.7160186e-04  -4.9021444e-04
 -8.7313837e-04  -4.8747244e-04
 -8.7466626e-04  -4.8472562e-04
 -8.7618551e-04  -4.8197401e-04
 -8.7769611e-04  -4.7921764e-04
 -8.7919803e-04  -4.7645653e-04
 -8.8069126e-04  -4.7369072e-04
 -8.8217580e-04  -4.7092023e-04
 -8.8365162e-04  -4.6814508e-04
 -8.8511871e-04  -4.6536531e-04
 -8.8657705e-04  -4.6258094e-04
 -8.8802664e-04  -4.5979201e-04
 -8.8946745e-04  -4.5699853e-04
 -8.9089948e-04  -4.5420053e-04
 -8.9232270e-04  -4.5139805e-04
 -8.9373711e-04  -4.4859111e-04
 -8.9514269e-04  -4.4577973e-04
 -8.9653942e-04  -4.4296395e-04
 -8.9792730e-04  -4.4014380e-04
 -8.9930631e-04  -4.3731930e-04
 -9.0067643e-04  -4.3449047e-04
 -9.0203765e-04  -4.3165736e-04
 -9.0338996e-04  -4.2881998e-04
 -9.0473335e-04  -4.2597836e-04
 -9.0606780e-04  -4.2313254e-04
 -9.0739330e-04  -4.2028253e-04
 -9.0870983e-04  -4.1742837e-04
 -9.1001738e-04  -4.1457009e-04
 -9.1131595e-04  -4.1170772e-04
 -9.1260551e-04  -4.0884127e-04
 -9.1388605e-04  -4.0597079e-04
 -9.1515757e-04  -4.0309629e-04
 -9.1642005e-04  -4.0021782e-04
 -9.1767347e-04  -3.9733538e-04
 -9.1891782e-04  -3.9444903e-04
 -9.2015310e-04  -3.9155878e-04
 -9.2137929e-04  -3.8866465e-04
 -9.2259637e-04  -3.8576669e-04
 -9.2380434e-04  -3.8286492e-04
 -9.2500318e-04  -3.7995936e-04
 -9.2619288e-04  -3.7705005e-04
 -9.2737344e-04  -3.7413702e-04
 -9.2854483e-04  -3.7122029e-04
 -9.2970704e-04  -3.6829989e-04
 -9.3086008e-04  -3.6537586e-04
 -9.3200391e-04  -3.6244821e-04
 -9.3313854e-04  -3.5951698e-04
 -9.3426395e-04  -3.5658220e-04
 -9.3538013e-04  -3.5364390e-04
 -9.3648707e-04  -3.5070211e-04
 -9.3758476e-04  -3.4775685e-04
 -9.3867318e-04  -3.4480815e-04
 -9.3975233e-04  -3.4185605e-04
 -9.4082220e-04  -3.3890057e-04
 -9.4188277e-04  -3.3594174e-04
 -9.4293403e-04  -3.3297959e-04
 -9.4397598e-04  -3.3001416e-04
 -9.4500861e-04  -3.2704546e-04
 -9.4603189e-04  -3.2407353e-04
 -9.4704584e-04  -3.2109840e-04
 -9.4805042e-04  -3.1812010e-04
 -9.4904564e-04  -3.1513866e-04
 -9.5003148e-04  -3.1215410e-04
 -9.5100794e-04  -3.0916646e-04
 -9.5197500e-04  -3.0617576e-04
 -9.5293266e-04  -3.0318204e-04
 -9.5388090e-04  -3.0018532e-04
 -9.5481972e-04  -2.9718564e-04
 -9.5574910e-04  -2.9418302e-04
 -9.5666905e-04  -2.9117750e-04
 -9.5757954e-04  -2.8816910e-04
 -9.5848057e-04  -2.8515785e-04
 -9.5937213e-04  -2.8214378e-04
 -9.6025421e-04  -2.7912693e-04
 -9.6112681e-04  -2.7610732e-04
 -9.6198991e-04  -2.7308498e-04
 -9.6284351e-04  -2.7005994e-04
 -9.6368760e-04  -2.6703224e-04
 -9.6452216e-04  -2.6400190e-04
 -9.6534720e-04  -2.6096895e-04
 -9.6616269e-04  -2.5793342e-04
 -9.6696865e-04  -2.5489534e-04
 -9.6776505e-04  -2.5185475e-04
 -9.6855189e-04  -2.4881166e-04
 -9.6932916e-04  -2.4576612e-04
 -9.7009685e-04  -2.4271815e-04
 -9.7085496e-04  -2.3966778e-04
 -9.7160348e-04  -2.3661505e-04
 -9.7234240e-04  -2.3355997e-04
 -9.7307171e-04  -2.3050259e-04
 -9.7379141e-04  -2.2744294e-04
 -9.7450149e-04  -2.2438103e-04
 -9.7520194e-04  -2.2131691e-04
 -9.7589276e-04  -2.1825060e-04
 -9.7657393e-04  -2.1518214e-04
 -9.7724546e-04  -2.1211155e-04
 -9.7790733e-04  -2.0903886e-04
 -9.7855955e-04  -2.0596411e-04
 -9.7920209e-04  -2.0288732e-04
 -9.7983496e-04  -1.9980853e-04
 -9.8045815e-04  -1.9672777e-04
 -9.8107165e-04  -1.9364506e-04
 -9.8167546e-04  -1.9056044e-04
 -9.8226958e-04  -1.8747394e-04
 -9.8285399e-04  -1.8438558e-04
 -9.8342868e-04  -1.8129541e-04
 -9.8399367e-04  -1.7820344e-04
 -9.8454893e-04  -1.7510971e-04
 -9.8509446e-04  -1.7201425e-04
 -9.8563026e-04  -1.6891709e-04
 -9.8615633e-04  -1.6581826e-04
 -9.8667265e-04  -1.6271780e-04
 -9.8717922e-04  -1.5961573e-04
 -9.8767605e-04  -1.5651208e-04
 -9.8816311e-04  -1.5340688e-04
 -9.8864041e-04  -1.5030017e-04
 -9.8910794e-04  -1.4719197e-04
 -9.8956571e-04  -1.4408232e-04
 -9.9001369e-04  -1.4097125e-04
 -9.9045190e-04  -1.3785878e-04
 -9.9088031e-04  -1.3474495e-04
 -9.9129894e-04  -1.3162979e-04
 -9.9170778e-04  -1.2851333e-04
 -9.9210682e-04  -1.2539560e-04
 -9.9249606e-04  -1.2227663e-04
 -9.9287549e-04  -1.1915645e-04
 -9.9324511e-04  -1.1603510e-04
 -9.9360492e-04  -1.1291260e-04
 -9.9395492e-04  -1.0978898e-04
 -9.9429509e-04  -1.0666428e-04
 -9.9462544e-04  -1.0353853e-04
 -9.9494597e-04  -1.0041175e-04
 -9.9525666e-04  -9.7283982e-05
 -9.9555753e-04  -9.4155251e-05
 -9.9584855e-04  -9.1025591e-05
 -9.9612974e-04  -8.7895031e-05
 -9.9640109e-04  -8.4763602e-05
 -9.9666259e-04  -8.1631336e-05
 -9.9691425e-04  -7.8498264e-05
 -9.9715606e-04  -7.5364416e-05
 -9.9738802e-04  -7.2229824e-05
 -9.9761012e-04  -6.9094518e-05
 -9.9782237e-04  -6.5958529e-05
 -9.9802475e-04  -6.2821889e-05
 -9.9821728e-04  -5.9684628e-05
 -9.9839995e-04  -5.6546778e-05
 -9.9857275e-04  -5.3408369e-05
 -9.9873569e-04  -5.0269432e-05
 -9.9888876e-04  -4.7129998e-05
 -9.9903197e-04  -4.3990099e-05
 -9.9916530e-04  -4.0849766e-05
 -9.9928876e-04  -3.7709028e-05
 -9.9940235e-04  -3.4567918e-05
 -9.9950607e-04  -3.1426467e-05
 -9.9959991e-04  -2.8284705e-05
 -9.9968387e-04  -2.5142664e-05
 -9.9975796e-04  -2.2000375e-05
 -9.9982217e-04  -1.8857868e-05
 -9.9987651e-04  -1.5715174e-05
 -9.9992097e-04  -1.2572326e-05
 -9.9995554e-04  -9.4293530e-06
 -9.9998024e-04  -6.2862871e-06
 -9.9999506e-04  -3.1431591e-06
 -1.0000000e-03  -2.4492936e-19
 -9.7900000e-04  -2.3978584e-19
 -9.7899516e-04  -3.0771527e-06
 -9.7898066e-04  -6.1542750e-06
 -9.7895648e-04  -9.2313366e-06
 -9.7892262e-04  -1.2308307e-05
 -9.7887910e-04  -1.5385156e-05
 -9.7882591e-04  -1.8461852e-05
 -9.7876305e-04  -2.1538367e-05
 -9.7869051e-04  -2.4614668e-05
 -9.7860831e-04  -2.7690727e-05
 -9.7851644e-04  -3.0766511e-05
 -9.7841490e-04  -3.3841992e-05
 -9.7830370e-04  -3.6917139e-05
 -9.7818283e-04  -3.9991920e-05
 -9.7805230e-04  -4.3066307e-05
 -9.7791210e-04  -4.6140268e-05
 -9.7776224e-04  -4.9213774e-05
 -9.7760273e-04  -5.2286793e-05
 -9.7743355e-04  -5.5359295e-05
 -9.7725472e-04  -5.8431251e-05
 -9.7706623e-04  -6.1502629e-05
 -9.7686810e-04  -6.4573400e-05
 -9.7666031e-04  -6.7643533e-05
 -9.7644287e-04  -7.0712998e-05
 -9.7621578e-04  -7.3781764e-05
 -9.7597905e-04  -7.6849801e-05
 -9.7573268e-04  -7.9917078e-05
 -9.7547667e-04  -8.2983567e-05
 -9.7521102e-04  -8.6049235e-05
 -9.7493573e-04  -8.9114053e-05
 -9.7465082e-04  -9.2177991e-05
 -9.7435627e-04  -9.5241018e-05
 -9.7405210e-04  -9.8303105e-05
 -9.7373831e-04  -1.0136422e-04
 -9.7341490e-04  -1.0442433e-04
 -9.7308186e-04  -1.0748342e-04
 -9.7273922e-04  -1.1054144e-04
 -9.7238697e-04  -1.1359836e-04
 -9.7202511e-04  -1.1665417e-04
 -9.7165364e-04  -1.1970882e-04
 -9.7127258e-04  -1.2276229e-04
 -9.7088192e-04  -1.2581455e-04
 -9.7048167e-04  -1.2886557e-04
 -9.7007183e-04  -1.3191531e-04
 -9.6965241e-04  -1.3496375e-04
 -9.6922340e-04  -1.3801085e-04
 -9.6878483e-04  -1.4105659e-04
 -9.6833668e-04  -1.4410094e-04
 -9.6787896e-04  -1.4714387e-04
 -9.6741168e-04  -1.5018534e-04
 -9.6693485e-04  -1.5322532e-04
 -9.6644846e-04  -1.5626380e-04
 -9.6595252e-04  -1.5930073e-04
 -9.6544705e-04  -1.6233608e-04
 -9.6493203e-04  -1.6536983e-04
 -9.6440748e-04  -1.6840195e-04
 -9.6387340e-04  -1.7143240e-04
 -9.6332980e-04  -1.7446117e-04
 -9.6277668e-04  -1.7748820e-04
 -9.6221405e-04  -1.8051349e-04
 -9.6164192e-04  -1.8353699e-04
 -9.6106028e-04  -1.8655867e-04
 -9.6046915e-04  -1.8957852e-04
 -9.5986853e-04  -1.9259649e-04
 -9.5925843e-04  -1.9561256e-04
 -9.5863885e-04  -1.9862669e-04
 -9.5800980e-04  -2.0163886e-04
 -9.5737128e-04  -2.0464905e-04
 -9.5672331e-04  -2.0765720e-04
 -9.5606588e-04  -2.1066331e-04
 -9.5539901e-04  -2.1366734e-04
 -9.5472270e-04  -2.1666925e-04
 -9.5403696e-04  -2.1966903e-04
 -9.5334179e-04  -2.2266663e-04
 -9.5263720e-04  -2.2566204e-04
 -9.5192321e-04  -2.2865521e-04
 -9.5119981e-04  -2.3164613e-04
 -9.5046701e-04  -2.3463476e-04
 -9.4972482e-04  -2.3762107e-04
 -9.4897324e-04  -2.4060503e-04
 -9.4821230e-04  -2.4358662e-04
 -9.4744198e-04  -2.4656580e-04
 -9.4666231e-04  -2.4954254e-04
 -9.4587328e-04  -2.5251682e-04
 -9.4507490e-04  -2.5548860e-04
 -9.4426720e-04  -2.5845786e-04
 -9.4345016e-04  -2.6142456e-04
 -9.4262380e-04  -2.6438869e-04
 -9.4178813e-04  -2.6735020e-04
 -9.4094315e-04  -2.7030907e-04
 -9.4008888e-04  -2.7326526e-04
 -9.3922532e-04  -2.7621876e-04
 -9.3835248e-04  -2.7916953e-04
 -9.3747037e-04  -2.8211755e-04
 -9.3657900e-04  -2.8506277e-04
 -9.3567837e-04  -2.8800518e-04
 -9.3476850e-04  -2.9094474e-04
 -9.3384940e-04  -2.9388143e-04
 -9.3292107e-04  -2.9681522e-04
 -9.3198353e-04  -2.9974607e-04
 -9.3103677e-04  -3.0267396e-04
 -9.3008082e-04  -3.0559886e-04
 -9.2911568e-04  -3.0852075e-04
 -9.2814136e-04  -3.1143958e-04
 -9.2715787e-04  -3.1435534e-04
 -9.2616522e-04  -3.1726799e-04
 -9.2516343e-04  -3.2017751e-04
 -9.2415249e-04  -3.2308386e-04
 -9.2313242e-04  -3.2598702e-04
 -9.2210323e-04  -3.2888696e-04
 -9.2106493e-04  -3.3178366e-04
 -9.2001753e-04  -3.3467707e-04
 -9.1896104e-04  -3.3756718e-04
 -9.1789548e-04  -3.4045395e-04
 -9.1682084e-04  -3.4333736e-04
 -9.1573715e-04  -3.4621738e-04
 -9.1464441e-04  -3.4909398e-04
 -9.1354263e-04  -3.5196713e-04
 -9.1243183e-04  -3.5483680e-04
 -9.1131202e-04  -3.5770296e-04
 -9.1018320e-04  -3.6056559e-04
 -9.0904539e-04  -3.6342466e-04
 -9.0789859e-04  -3.6628014e-04
 -9.0674283e-04  -3.6913200e-04
 -9.0557811e-04  -3.7198022e-04
 -9.0440445e-04  -3.7482476e-04
 -9.0322184e-04  -3.7766559e-04
 -9.0203032e-04  -3.8050270e-04
 -9.0082988e-04  -3.8333604e-04
 -8.9962055e-04  -3.8616560e-04
 -8.9840232e-04  -3.8899134e-04
 -8.9717522e-04  -3.9181324e-04
 -8.9593926e-04  -3.9463127e-04
 -8.9469445e-04  -3.9744540e-04
 -8.9344079e-04  -4.0025560e-04
 -8.9217831e-04  -4.0306185e-04
 -8.9090702e-04  -4.0586412e-04
 -8.8962692e-04  -4.0866238e-04
 -8.8833804e-04  -4.1145660e-04
 -8.8704037e-04  -4.1424675e-04
 -8.8573395e-04  -4.1703282e-04
 -8.8441877e-04  -4.1981476e-04
 -8.8309486e-04  -4.2259255e-04
 -8.8176222e-04  -4.2536617e-04
 -8.8042087e-04  -4.2813559e-04
 -8.7907083e-04  -4.3090078e-04
 -8.7771209e-04  -4.3366171e-04
 -8.7634469e-04  -4.3641836e-04
 -8.7496863e-04  -4.3917069e-04
 -8.7358392e-04  -4.4191869e-04
 -8.7219059e-04  -4.4466232e-04
 -8.7078864e-04  -4.4740156e-04
 -8.6937808e-04  -4.5013637e-04
 -8.6795893e-04  -4.5286674e-04
 -8.6653121e-04  -4.5559264e-04
 -8.6509493e-04  -4.5831403e-04
 -8.6365011e-04  -4.6103090e-04
 -8.6219675e-04  -4.6374321e-04
 -8.6073487e-04  -4.6645094e-04
 -8.5926449e-04  -4.6915407e-04
 -8.5778562e-04  -4.7185255e-04
 -8.5629827e-04  -4.7454638e-04
 -8.5480247e-04  -4.7723552e-04
 -8.5329822e-04  -4.7991994e-04
 -8.5178554e-04  -4.8259962e-04
 -8.5026444e-04  -4.8527454e-04
 -8.4873495e-04  -4.8794465e-04
 -8.4719707e-04  -4.9060995e-04
 -8.4565082e-04  -4.9327041e-04
 -8.4409621e-04  -4.9592598e-04
 -8.4253327e-04  -4.9857666e-04
 -8.4096200e-04  -5.0122242e-04
 -8.3938243e-04  -5.0386322e-04
 -8.3779456e-04  -5.0649904e-04
 -8.3619841e-04  -5.0912986e-04
 -8.3459401e-04  -5.1175565e-04
 -8.3298135e-04  -5.1437638e-04
 -8.3136047e-04  -5.1699204e-04
 -8.2973138e-04  -5.1960258e-04
 -8.2809409e-04  -5.2220799e-04
 -8.2644861e-04  -5.2480824e-04
 -8.2479497e-04  -5.2740331e-04
 -8.2313319e-04  -5.2999317e-04
 -8.2146327e-04  -5.3257779e-04
 -8.1978523e-04  -5.3515715e-04
 -8.1809910e-04  -5.3773122e-04
 -8.1640488e-04  -5.4029998e-04
 -8.1470260e-04  -5.4286340e-04
 -8.1299227e-04  -5.4542146e-04
 -8.1127391e-04  -5.4797413e-04
 -8.0954753e-04  -5.5052138e-04
 -8.0781316e-04  -5.5306320e-04
 -8.0607080e-04  -5.5559955e-04
 -8.0432048e-04  -5.5813042e-04
 -8.0256222e-04  -5.6065577e-04
 -8.0079602e-04  -5.6317558e-04
 -7.9902191e-04  -5.6568983e-04
 -7.9723991e-04  -5.6819848e-04
 -7.9545004e-04  -5.7070153e-04
 -7.9365230e-04  -5.7319894e-04
 -7.9184673e-04  -5.7569068e-04
 -7.9003333e-04  -5.7817674e-04
 -7.8821212e-04  -5.8065708e-04
 -7.8638313e-04  -5.8313169e-04
 -7.8454637e-04  -5.8560054e-04
 -7.8270186e-04  -5.8806360e-04
 -7.8084962e-04  -5.9052085e-04
 -7.7898966e-04  -5.9297227e-04
 -7.7712201e-04  -5.9541783e-04
 -7.7524667e-04  -5.9785750e-04
 -7.7336368e-04  -6.0029127e-04
 -7.7147305e-04  -6.0271911e-04
 -7.6957480e-04  -6.0514100e-04
 -7.6766894e-04  -6.0755690e-04
 -7.6575550e-04  -6.0996681e-04
 -7.6383450e-04  -6.1237069e-04
 -7.6190595e-04  -6.1476852e-04
 -7.5996987e-04  -6.1716027e-04
 -7.5802628e-04  -6.1954593e-04
 -7.5607521e-04  -6.2192547e-04
 -7.5411666e-04  -6.2429886e-04
 -7.5215066e-04  -6.2666608e-04
 -7.5017724e-04  -6.2902712e-04
 -7.4819640e-04  -6.3138194e-04
 -7.4620817e-04  -6.3373052e-04
 -7.4421257e-04  -6.3607284e-04
 -7.4220961e-04  -6.3840887e-04
 -7.4019933e-04  -6.4073860e-04
 -7.3818173e-04  -6.4306200e-04
 -7.3615683e-04  -6.4537905e-04
 -7.3412467e-04  -6.4768972e-04
 -7.3208525e-04  -6.4999399e-04
 -7.3003860e-04  -6.5229184e-04
 -7.2798474e-04  -6.5458324e-04
 -7.2592368e-04  -6.5686818e-04
 -7.2385545e-04  -6.5914663e-04
 -7.2178008e-04  -6.6141857e-04
 -7.1969757e-04  -6.6368397e-04
 -7.1760795e-04  -6.6594282e-04
 -7.1551124e-04  -6.6819508e-04
 -7.1340746e-04  -6.7044075e-04
 -7.1129663e-04  -6.7267979e-04
 -7.0917878e-04  -6.7491218e-04
 -7.0705392e-04  -6.7713791e-04
 -7.0492208e-04  -6.7935695e-04
 -7.0278327e-04  -6.8156928e-04
 -7.0063752e-04  -6.8377487e-04
 -6.9848484e-04  -6.8597371e-04
 -6.9632527e-04  -6.8816577e-04
 -6.9415881e-04  -6.9035103e-04
 -6.9198550e-04  -6.9252947e-04
 -6.8980535e-04  -6.9470107e-04
 -6.8761839e-04  -6.9686581e-04
 -6.8542463e-04  -6.9902366e-04
 -6.8322410e-04  -7.0117460e-04
 -6.8101683e-04  -7.0331862e-04
 -6.7880282e-04  -7.0545569e-04
 -6.7658211e-04  -7.0758579e-04
 -6.7435471e-04  -7.0970890e-04
 -6.7212065e-04  -7.1182500e-04
 -6.6987995e-04  -7.1393407e-04
 -6.6763263e-04  -7.1603608e-04
 -6.6537872e-04  -7.1813102e-04
 -6.6311823e-04  -7.2021886e-04
 -6.6085120e-04  -7.2229959e-04
 -6.5857763e-04  -7.2437318e-04
 -6.5629756e-04  -7.2643962e-04
 -6.5401100e-04  -7.2849888e-04
 -6.5171798e-04  -7.3055094e-04
 -6.4941852e-04  -7.3259578e-04
 -6.4711265e-04  -7.3463339e-04
 -6.4480038e-04  -7.3666374e-04
 -6.4248175e-04  -7.3868681e-04
 -6.4015676e-04  -7.4070258e-04
 -6.3782545e-04  -7.4271104e-04
 -6.3548785e-04  -7.4471216e-04
 -6.3314396e-04  -7.4670592e-04
 -6.3079381e-04  -7.4869230e-04
 -6.2843744e-04  -7.5067129e-04
 -6.2607486e-04  -7.5264286e-04
 -6.2370609e-04  -7.5460700e-04
 -6.2133116e-04  -7.5656368e-04
 -6.1895009e-04  -7.5851288e-04
 -6.1656290e-04  -7.6045459e-04
 -6.1416963e-04  -7.6238879e-04
 -6.1177028e-04  -7.6431546e-04
 -6.0936490e-04  -7.6623457e-04
 -6.0695349e-04  -7.6814612e-04
 -6.0453609e-04  -7.7005008e-04
 -6.0211271e-04  -7.7194643e-04
 -5.9968339e-04  -7.7383515e-04
 -5.9724814e-04  -7.7571623e-04
 -5.9480699e-04  -7.7758964e-04
 -5.9235996e-04  -7.7945537e-04
 -5.8990708e-04  -7.8131340e-04
 -5.8744838e-04  -7.8316372e-04
 -5.8498387e-04  -7.8500629e-04
 -5.8251358e-04  -7.8684111e-04
 -5.8003753e-04  -7.8866816e-04
 -5.7755576e-04  -7.9048741e-04
 -5.7506828e-04  -7.9229886e-04
 -5.7257512e-04  -7.9410247e-04
 -5.7007630e-04  -7.9589824e-04
 -5.6757185e-04  -7.9768615e-04
 -5.6506179e-04  -7.9946618e-04
 -5.6254615e-04  -8.0123831e-04
 -5.6002495e-04  -8.0300253e-04
 -5.5749822e-04  -8.0475881e-04
 -5.5496598e-04  -8.0650714e-04
 -5.5242826e-04  -8.0824750e-04
 -5.4988508e-04  -8.0997988e-04
 -5.4733647e-04  -8.1170425e-04
 -5.4478245e-04  -8.1342061e-04
 -5.4222305e-04  -8.1512893e-04
 -5.3965829e-04  -8.1682919e-04
 -5.3708820e-04  -8.1852139e-04
 -5.3451280e-04  -8.2020550e-04
 -5.3193212e-04  -8.2188151e-04
 -5.2934619e-04  -8.2354940e-04
 -5.2675503e-04  -8.2520915e-04
 -5.2415867e-04  -8.2686075e-04
 -5.2155712e-04  -8.2850418e-04
 -5.1895042e-04  -8.3013942e-04
 -5.1633860e-04  -8.3176646e-04
 -5.1372168e-04  -8.3338529e-04
 -5.1109968e-04  -8.3499588e-04
 -5.0847263e-04  -8.3659822e-04
 -5.0584055e-04  -8.3819230e-04
 -5.0320348e-04  -8.3977810e-04
 -5.0056144e-04  -8.4135560e-04
 -4.9791445e-04  -8.4292479e-04
 -4.9526255e-04  -8.4448565e-04
 -4.9260575e-04  -8.4603817e-04
 -4.8994408e-04  -8.4758232e-04
 -4.8727758e-04  -8.4911811e-04
 -4.8460626e-04  -8.5064551e-04
 -4.8193015e-04  -8.5216450e-04
 -4.7924928e-04  -8.5367507e-04
 -4.7656367e-04  -8.5517721e-04
 -4.7387336e-04  -8.5667090e-04
 -4.7117837e-04  -8.5815613e-04
 -4.6847872e-04  -8.5963288e-04
 -4.6577444e-04  -8.6110114e-04
 -4.6306556e-04  -8.6256089e-04
 -4.6035211e-04  -8.6401211e-04
 -4.5763411e-04  -8.6545481e-04
 -4.5491159e-04  -8.6688895e-04
 -4.5218457e-04  -8.6831453e-04
 -4.4945309e-04  -8.6973152e-04
 -4.4671716e-04  -8.7113993e-04
 -4.4397682e-04  -8.7253973e-04
 -4.4123210e-04  -8.7393091e-04
 -4.3848301e-04  -8.7531346e-04
 -4.3572960e-04  -8.7668735e-04
 -4.3297188e-04  -8.7805259e-04
 -4.3020988e-04  -8.7940915e-04
 -4.2744363e-04  -8.8075703e-04
 -4.2467316e-04  -8.8209620e-04
 -4.2189850e-04  -8.8342666e-04
 -4.1911966e-04  -8.8474839e-04
 -4.1633669e-04  -8.8606138e-04
 -4.1354960e-04  -8.8736561e-04
 -4.1075842e-04  -8.8866108e-04
 -4.0796319e-04  -8.8994777e-04
 -4.0516393e-04  -8.9122567e-04
 -4.0236066e-04  -8.9249476e-04
 -3.9955342e-04  -8.9375503e-04
 -3.9674224e-04  -8.9500648e-04
 -3.9392713e-04  -8.9624908e-04
 -3.9110813e-04  -8.9748283e-04
 -3.8828527e-04  -8.9870771e-04
 -3.8545857e-04  -8.9992372e-04
 -3.8262806e-04  -9.0113083e-04
 -3.7979377e-04  -9.0232904e-04
 -3.7695573e-04  -9.0351833e-04
 -3.7411397e-04  -9.0469870e-04
 -3.7126851e-04  -9.0587013e-04
 -3.6841938e-04  -9.0703261e-04
 -3.6556661e-04  -9.0818613e-04
 -3.6271023e-04  -9.0933068e-04
 -3.5985027e-04  -9.1046625e-04
 -3.5698675e-04  -9.1159281e-04
 -3.5411971e-04  -9.1271038e-04
 -3.5124916e-04  -9.1381892e-04
 -3.4837515e-04  -9.1491844e-04
 -3.4549770e-04  -9.1600892e-04
 -3.4261683e-04  -9.1709035e-04
 -3.3973257e-04  -9.1816272e-04
 -3.3684496e-04  -9.1922602e-04
 -3.3395403e-04  -9.2028023e-04
 -3.3105979e-04  -9.2132536e-04
 -3.2816228e-04  -9.2236138e-04
 -3.2526153e-04  -9.2338829e-04
 -3.2235757e-04  -9.2440608e-04
 -3.1945042e-04  -9.2541473e-04
 -3.1654012e-04  -9.2641424e-04
 -3.1362669e-04  -9.2740460e-04
 -3.1071016e-04  -9.2838580e-04
 -3.0779056e-04  -9.2935783e-04
 -3.0486792e-04  -9.3032067e-04
 -3.0194227e-04  -9.3127432e-04
 -2.9901363e-04  -9.3221878e-04
 -2.9608204e-04  -9.3315402e-04
 -2.9314753e-04  -9.3408004e-04
 -2.9021012e-04  -9.3499684e-04
 -2.8726984e-04  -9.3590440e-04
 -2.8432673e-04  -9.3680271e-04
 -2.8138080e-04  -9.3769176e-04
 -2.7843210e-04  -9.3857156e-04
 -2.7548064e-04  -9.3944208e-04
 -2.7252647e-04  -9.4030332e-04
 -2.6956960e-04  -9.4115526e-04
 -2.6661006e-04  -9.4199792e-04
 -2.6364790e-04  -9.4283126e-04
 -2.6068313e-04  -9.4365529e-04
 -2.5771578e-04  -9.4447000e-04
 -2.5474589e-04  -9.4527537e-04
 -2.5177348e-04  -9.4607141e-04
 -2.4879858e-04  -9.4685810e-04
 -2.4582123e-04  -9.4763544e-04
 -2.4284145e-04  -9.4840341e-04
 -2.3985926e-04  -9.4916202e-04
 -2.3687471e-04  -9.4991124e-04
 -2.3388782e-04  -9.5065109e-04
 -2.3089862e-04  -9.5138154e-04
 -2.2790713e-04  -9.5210259e-04
 -2.2491340e-04  -9.5281423e-04
 -2.2191744e-04  -9.5351647e-04
 -2.1891929e-04  -9.5420928e-04
 -2.1591897e-04  -9.5489266e-04
 -2.1291653e-04  -9.5556661e-04
 -2.0991198e-04  -9.5623112e-04
 -2.0690536e-04  -9.5688619e-04
 -2.0389669e-04  -9.5753180e-04
 -2.0088601e-04  -9.5816795e-04
 -1.9787334e-04  -9.5879463e-04
 -1.9485872e-04  -9.5941184e-04
 -1.9184217e-04  -9.6001957e-04
 -1.8882373e-04  -9.6061782e-04
 -1.8580342e-04  -9.6120658e-04
 -1.8278128e-04  -9.6178584e-04
 -1.7975733e-04  -9.6235560e-04
 -1.7673161e-04  -9.6291585e-04
 -1.7370414e-04  -9.6346659e-04
 -1.7067495e-04  -9.6400781e-04
 -1.6764408e-04  -9.6453951e-04
 -1.6461155e-04  -9.6506168e-04
 -1.6157739e-04  -9.6557431e-04
 -1.5854164e-04  -9.6607740e-04
 -1.5550432e-04  -9.6657095e-04
 -1.5246547e-04  -9.6705495e-04
 -1.4942511e-04  -9.6752940e-04
 -1.4638327e-04  -9.6799429e-04
 -1.4333999e-04  -9.6844961e-04
 -1.4029529e-04  -9.6889537e-04
 -1.3724920e-04  -9.6933155e-04
 -1.3420176e-04  -9.6975816e-04
 -1.3115299e-04  -9.7017519e-04
 -1.2810293e-04  -9.7058263e-04
 -1.2505160e-04  -9.7098048e-04
 -1.2199904e-04  -9.7136874e-04
 -1.1894527e-04  -9.7174741e-04
 -1.1589032e-04  -9.7211647e-04
 -1.1283424e-04  -9.7247593e-04
 -1.0977703e-04  -9.7282578e-04
 -1.0671874e-04  -9.7316602e-04
 -1.0365940e-04  -9.7349665e-04
 -1.0059903e-04  -9.7381766e-04
 -9.7537673e-05  -9.7412905e-04
 -9.4475349e-05  -9.7443081e-04
 -9.1412091e-05  -9.7472295e-04
 -8.8347930e-05  -9.7500546e-04
 -8.5282896e-05  -9.7527833e-04
 -8.2217020e-05  -9.7554157e-04
 -7.9150332e-05  -9.7579518e-04
 -7.6082861e-05  -9.7603914e-04
 -7.3014639e-05  -9.7627346e-04
 -6.9945696e-05  -9.7649813e-04
 -6.6876061e-05  -9.7671316e-04
 -6.3805766e-05  -9.7691854e-04
 -6.0734841e-05  -9.7711426e-04
 -5.7663315e-05  -9.7730033e-04
 -5.4591220e-05  -9.7747675e-04
 -5.1518585e-05  -9.7764351e-04
 -4.8445442e-05  -9.7780061e-04
 -4.5371820e-05  -9.7794805e-04
 -4.2297749e-05  -9.7808583e-04
 -3.9223261e-05  -9.7821395e-04
 -3.6148385e-05  -9.7833240e-04
 -3.3073152e-05  -9.7844119e-04
 -2.9997592e-05  -9.7854031e-04
 -2.6921736e-05  -9.7862977e-04
 -2.3845614e-05  -9.7870955e-04
 -2.0769257e-05  -9.7877967e-04
 -1.7692694e-05  -9.7884011e-04
 -1.4615956e-05  -9.7889089e-04
 -1.1539075e-05  -9.7893199e-04
 -8.4620785e-06  -9.7896343e-04
 -5.3849990e-06  -9.7898519e-04
 -2.3078662e-06  -9.7899728e-04
  7.6928937e-07  -9.7899970e-04
  3.8464373e-06  -9.7899244e-04
  6.9235473e-06  -9.7897552e-04
  1.0000589e-05  -9.7894892e-04
  1.3077532e-05  -9.7891265e-04
  1.6154345e-05  -9.7886671e-04
  1.9230999e-05  -9.7881110e-04
  2.2307463e-05  -9.7874582e-04
  2.5383707e-05  -9.7867087e-04
  2.8459700e-05  -9.7858625e-04
  3.1535411e-05  -9.7849196e-04
  3.4610811e-05  -9.7838801e-04
  3.7685869e-05  -9.7827439e-04
  4.0760555e-05  -9.7815110e-04
  4.3834838e-05  -9.7801815e-04
  4.6908689e-05  -9.7787554e-04
  4.9982075e-05  -9.7772327e-04
  5.3054968e-05  -9.7756134e-04
  5.6127337e-05  -9.7738975e-04
  5.9199151e-05  -9.7720850e-04
  6.2270380e-05  -9.7701760e-04
  6.5340994e-05  -9.7681705e-04
  6.8410963e-05  -9.7660685e-04
  7.1480256e-05  -9.7638700e-04
  7.4548842e-05  -9.7615750e-04
  7.7616692e-05  -9.7591836e-04
  8.0683776e-05  -9.7566958e-04
  8.3750062e-05  -9.7541116e-04
  8.6815520e-05  -9.7514310e-04
  8.9880121e-05  -9.7486541e-04
  9.2943835e-05  -9.7457808e-04
  9.6006629e-05  -9.7428113e-04
  9.9068476e-05  -9.7397456e-04
  1.0212934e-04  -9.7365836e-04
  1.0518920e-04  -9.7333254e-04
  1.0824802e-04  -9.7299710e-04
  1.1130577e-04  -9.7265206e-04
  1.1436242e-04  -9.7229740e-04
  1.1741794e-04  -9.7193314e-04
  1.2047230e-04  -9.7155927e-04
  1.2352547e-04  -9.7117581e-04
  1.2657742e-04  -9.7078275e-04
  1.2962812e-04  -9.7038011e-04
  1.3267754e-04  -9.6996787e-04
  1.3572565e-04  -9.6954605e-04
  1.3877242e-04  -9.6911466e-04
  1.4181781e-04  -9.6867369e-04
  1.4486181e-04  -9.6822314e-04
  1.4790437e-04  -9.6776304e-04
  1.5094547e-04  -9.6729337e-04
  1.5398508e-04  -9.6681415e-04
  1.5702317e-04  -9.6632537e-04
  1.6005971e-04  -9.6582705e-04
  1.6309467e-04  -9.6531918e-04
  1.6612802e-04  -9.6480178e-04
  1.6915972e-04  -9.6427485e-04
  1.7218975e-04  -9.6373839e-04
  1.7521809e-04  -9.6319241e-04
  1.7824469e-04  -9.6263692e-04
  1.8126953e-04  -9.6207191e-04
  1.8429258e-04  -9.6149740e-04
  1.8731381e-04  -9.6091339e-04
  1.9033319e-04  -9.6031988e-04
  1.9335068e-04  -9.5971689e-04
  1.9636627e-04  -9.5910442e-04
  1.9937992e-04  -9.5848247e-04
  2.0239160e-04  -9.5785105e-04
  2.0540128e-04  -9.5721017e-04
  2.0840892e-04  -9.5655984e-04
  2.1141452e-04  -9.5590005e-04
  2.1441802e-04  -9.5523082e-04
  2.1741940e-04  -9.5455215e-04
  2.2041864e-04  -9.5386405e-04
  2.2341569e-04  -9.5316653e-04
  2.2641054e-04  -9.5245959e-04
  2.2940316e-04  -9.5174324e-04
  2.3239350e-04  -9.5101749e-04
  2.3538156e-04  -9.5028234e-04
  2.3836728e-04  -9.4953780e-04
  2.4135065e-04  -9.4878389e-04
  2.4433164e-04  -9.4802060e-04
  2.4731021e-04  -9.4724794e-04
  2.5028634e-04  -9.4646593e-04
  2.5326000e-04  -9.4567456e-04
  2.5623115e-04  -9.4487385e-04
  2.5919977e-04  -9.4406381e-04
  2.6216584e-04  -9.4324444e-04
  2.6512931e-04  -9.4241575e-04
  2.6809016e-04  -9.4157775e-04
  2.7104837e-04  -9.4073045e-04
  2.7400389e-04  -9.3987386e-04
  2.7695671e-04  -9.3900798e-04
  2.7990680e-04  -9.3813282e-04
  2.8285411e-04  -9.3724839e-04
  2.8579864e-04  -9.3635471e-04
  2.8874034e-04  -9.3545177e-04
  2.9167918e-04  -9.3453959e-04
  2.9461515e-04  -9.3361818e-04
  2.9754821e-04  -9.3268755e-04
  3.0047832e-04  -9.3174770e-04
  3.0340547e-04  -9.3079865e-04
  3.0632962e-04  -9.2984040e-04
  3.0925074e-04  -9.2887296e-04
  3.1216881e-04  -9.2789635e-04
  3.1508379e-04  -9.2691057e-04
  3.1799566e-04  -9.2591563e-04
  3.2090439e-04  -9.2491155e-04
  3.2380995e-04  -9.2389833e-04
  3.2671231e-04  -9.2287598e-04
  3.2961144e-04  -9.2184451e-04
  3.3250732e-04  -9.2080393e-04
  3.3539991e-04  -9.1975426e-04
  3.3828919e-04  -9.1869550e-04
  3.4117512e-04  -9.1762767e-04
  3.4405769e-04  -9.1655077e-04
  3.4693685e-04  -9.1546481e-04
  3.4981259e-04  -9.1436981e-04
  3.5268487e-04  -9.1326578e-04
  3.5555367e-04  -9.1215272e-04
  3.5841895e-04  -9.1103065e-04
  3.6128070e-04  -9.0989959e-04
  3.6413887e-04  -9.0875953e-04
  3.6699345e-04  -9.0761049e-04
  3.6984440e-04  -9.0645249e-04
  3.7269170e-04  -9.0528553e-04
  3.7553531e-04  -9.0410963e-04
  3.7837522e-04  -9.0292480e-04
  3.8121139e-04  -9.0173105e-04
  3.8404379e-04  -9.0052838e-04
  3.8687239e-04  -8.9931682e-04
  3.8969718e-04  -8.9809638e-04
  3.9251811e-04  -8.9686706e-04
  3.9533517e-04  -8.9562889e-04
  3.9814832e-04  -8.9438186e-04
  4.0095754e-04  -8.9312600e-04
  4.0376280e-04  -8.9186132e-04
  4.0656406e-04  -8.9058782e-04
  4.0936131e-04  -8.8930552e-04
  4.1215452e-04  -8.8801444e-04
  4.1494365e-04  -8.8671459e-04
  4.1772869e-04  -8.8540598e-04
  4.2050960e-04  -8.8408861e-04
  4.2328635e-04  -8.8276252e-04
  4.2605892e-04  -8.8142770e-04
  4.2882729e-04  -8.8008418e-04
  4.3159141e-04  -8.7873196e-04
  4.3435128e-04  -8.7737106e-04
  4.3710685e-04  -8.7600149e-04
  4.3985810e-04  -8.7462326e-04
  4.4260501e-04  -8.7323640e-04
  4.4534754e-04  -8.7184091e-04
  4.4808568e-04  -8.7043680e-04
  4.5081938e-04  -8.6902410e-04
  4.5354864e-04  -8.6760281e-04
  4.5627341e-04  -8.6617295e-04
  4.5899368e-04  -8.6473453e-04
  4.6170941e-04  -8.6328757e-04
  4.6442058e-04  -8.6183208e-04
  4.6712716e-04  -8.6036807e-04
  4.6982912e-04  -8.5889557e-04
  4.7252645e-04  -8.5741458e-04
  4.7521911e-04  -8.5592511e-04
  4.7790707e-04  -8.5442720e-04
  4.8059031e-04  -8.5292084e-04
  4.8326880e-04  -8.5140605e-04
  4.8594252e-04  -8.4988286e-04
  4.8861143e-04  -8.4835126e-04
  4.9127552e-04  -8.4681129e-04
  4.9393476e-04  -8.4526295e-04
  4.9658911e-04  -8.4370626e-04
  4.9923856e-04  -8.4214123e-04
  5.0188308e-04  -8.4056789e-04
  5.0452264e-04  -8.3898624e-04
  5.0715722e-04  -8.3739630e-04
  5.0978678e-04  -8.3579808e-04
  5.1241131e-04  -8.3419162e-04
  5.1503077e-04  -8.3257690e-04
  5.1764515e-04  -8.3095397e-04
  5.2025442e-04  -8.2932282e-04
  5.2285854e-04  -8.2768348e-04
  5.2545750e-04  -8.2603597e-04
  5.2805126e-04  -8.2438029e-04
  5.3063981e-04  -8.2271647e-04
  5.3322312e-04  -8.2104452e-04
  5.3580116e-04  -8.1936446e-04
  5.3837391e-04  -8.1767630e-04
  5.4094133e-04  -8.1598007e-04
  5.4350342e-04  -8.1427577e-04
  5.4606013e-04  -8.1256343e-04
  5.4861145e-04  -8.1084307e-04
  5.5115735e-04  -8.0911469e-04
  5.5369780e-04  -8.0737832e-04
  5.5623278e-04  -8.0563397e-04
  5.5876227e-04  -8.0388166e-04
  5.6128624e-04  -8.0212141e-04
  5.6380466e-04  -8.0035324e-04
  5.6631752e-04  -7.9857715e-04
  5.6882477e-04  -7.9679318e-04
  5.7132641e-04  -7.9500134e-04
  5.7382240e-04  -7.9320164e-04
  5.7631273e-04  -7.9139411e-04
  5.7879736e-04  -7.8957876e-04
  5.8127627e-04  -7.8775561e-04
  5.8374944e-04  -7.8592467e-04
  5.8621684e-04  -7.8408597e-04
  5.8867846e-04  -7.8223953e-04
  5.9113425e-04  -7.8038535e-04
  5.9358421e-04  -7.7852347e-04
  5.9602830e-04  -7.7665389e-04
  5.9846650e-04  -7.7477664e-04
  6.0089879e-04  -7.7289174e-04
  6.0332514e-04  -7.7099920e-04
  6.0574554e-04  -7.6909905e-04
  6.0815994e-04  -7.6719129e-04
  6.1056834e-04  -7.6527596e-04
  6.1297071e-04  -7.6335307e-04
  6.1536703e-04  -7.6142263e-04
  6.1775726e-04  -7.5948467e-04
  6.2014139e-04  -7.5753921e-04
  6.2251939e-04  -7.5558627e-04
  6.2489124e-04  -7.5362586e-04
  6.2725692e-04  -7.5165800e-04
  6.2961640e-04  -7.4968272e-04
  6.3196967e-04  -7.4770003e-04
  6.3431668e-04  -7.4570996e-04
  6.3665744e-04  -7.4371252e-04
  6.3899190e-04  -7.4170773e-04
  6.4132005e-04  -7.3969561e-04
  6.4364186e-04  -7.3767619e-04
  6.4595731e-04  -7.3564947e-04
  6.4826639e-04  -7.3361549e-04
  6.5056905e-04  -7.3157427e-04
  6.5286530e-04  -7.2952581e-04
  6.5515509e-04  -7.2747015e-04
  6.5743840e-04  -7.2540730e-04
  6.5971523e-04  -7.2333728e-04
  6.6198553e-04  -7.2126012e-04
  6.6424930e-04  -7.1917583e-04
  6.6650650e-04  -7.1708443e-04
  6.6875712e-04  -7.1498596e-04
  6.7100113e-04  -7.1288041e-04
  6.7323851e-04  -7.1076783e-04
  6.7546924e-04  -7.0864822e-04
  6.7769330e-04  -7.0652161e-04
  6.7991066e-04  -7.0438803e-04
  6.8212131e-04  -7.0224748e-04
  6.8432521e-04  -7.0010000e-04
  6.8652236e-04  -6.9794559e-04
  6.8871272e-04  -6.9578430e-04
  6.9089628e-04  -6.9361613e-04
  6.9307301e-04  -6.9144110e-04
  6.9524290e-04  -6.8925925e-04
  6.9740592e-04  -6.8707059e-04
  6.9956204e-04  -6.8487513e-04
  7.0171126e-04  -6.8267292e-04
  7.0385354e-04  -6.8046395e-04
  7.0598887e-04  -6.7824827e-04
  7.0811723e-04  -6.7602588e-04
  7.1023858e-04  -6.7379682e-04
  7.1235293e-04  -6.7156110e-04
  7.1446023e-04  -6.6931874e-04
  7.1656048e-04  -6.6706977e-04
  7.1865364e-04  -6.6481421e-04
  7.2073971e-04  -6.6255209e-04
  7.2281866e-04  -6.6028342e-04
  7.2489046e-04  -6.5800822e-04
  7.2695511e-04  -6.5572652e-04
  7.2901257e-04  -6.5343835e-04
  7.3106283e-04  -6.5114372e-04
  7.3310586e-04  -6.4884265e-04
  7.3514166e-04  -6.4653518e-04
  7.3717019e-04  -6.4422132e-04
  7.3919144e-04  -6.4190110e-04
  7.4120539e-04  -6.3957453e-04
  7.4321201e-04  -6.3724164e-04
  7.4521129e-04  -6.3490246e-04
  7.4720321e-04  -6.3255701e-04
  7.4918774e-04  -6.3020530e-04
  7.5116488e-04  -6.2784737e-04
  7.5313459e-04  -6.2548324e-04
  7.5509686e-04  -6.2311293e-04
  7.5705168e-04  -6.2073646e-04
  7.5899901e-04  -6.1835386e-04
  7.6093885e-04  -6.1596515e-04
  7.6287116e-04  -6.1357036e-04
  7.6479595e-04  -6.1116950e-04
  7.6671317e-04  -6.0876261e-04
  7.6862282e-04  -6.0634970e-04
  7.7052488e-04  -6.0393080e-04
  7.7241932e-04  -6.0150594e-04
  7.7430614e-04  -5.9907513e-04
  7.7618530e-04  -5.9663840e-04
  7.7805679e-04  -5.9419578e-04
  7.7992060e-04  -5.9174729e-04
  7.8177671e-04  -5.8929295e-04
  7.8362509e-04  -5.8683279e-04
  7.8546572e-04  -5.8436683e-04
  7.8729860e-04  -5.8189510e-04
  7.8912370e-04  -5.7941763e-04
  7.9094100e-04  -5.7693442e-04
  7.9275049e-04  -5.7444552e-04
  7.9455215e-04  -5.7195094e-04
  7.9634596e-04  -5.6945071e-04
  7.9813190e-04  -5.6694486e-04
  7.9990996e-04  -5.6443340e-04
  8.0168011e-04  -5.6191637e-04
  8.0344234e-04  -5.5939378e-04
  8.0519664e-04  -5.5686567e-04
  8.0694298e-04  -5.5433206e-04
  8.0868134e-04  -5.5179297e-04
  8.1041172e-04  -5.4924843e-04
  8.1213409e-04  -5.4669847e-04
  8.1384844e-04  -5.4414310e-04
  8.1555475e-04  -5.4158236e-04
  8.1725300e-04  -5.3901626e-04
  8.1894318e-04  -5.3644484e-04
  8.2062526e-04  -5.3386813e-04
  8.2229924e-04  -5.3128613e-04
  8.2396510e-04  -5.2869889e-04
  8.2562281e-04  -5.2610643e-04
  8.2727237e-04  -5.2350876e-04
  8.2891375e-04  -5.2090593e-04
  8.3054695e-04  -5.1829795e-04
  8.3217194e-04  -5.1568485e-04
  8.3378871e-04  -5.1306665e-04
  8.3539724e-04  -5.1044339e-04
  8.3699752e-04  -5.0781508e-04
  8.3858953e-04  -5.0518175e-04
  8.4017325e-04  -5.0254344e-04
  8.4174868e-04  -4.9990016e-04
  8.4331578e-04  -4.9725194e-04
  8.4487456e-04  -4.9459881e-04
  8.4642499e-04  -4.9194079e-04
  8.4796706e-04  -4.8927791e-04
  8.4950075e-04  -4.8661020e-04
  8.5102604e-04  -4.8393768e-04
  8.5254293e-04  -4.8126038e-04
  8.5405140e-04  -4.7857832e-04
  8.5555143e-04  -4.7589154e-04
  8.5704300e-04  -4.7320005e-04
  8.5852611e-04  -4.7050389e-04
  8.6000074e-04  -4.6780308e-04
  8.6146687e-04  -4.6509765e-04
  8.6292449e-04  -4.6238763e-04
  8.6437359e-04  -4.5967304e-04
  8.6581414e-04  -4.5695390e-04
  8.6724615e-04  -4.5423025e-04
  8.6866958e-04  -4.5150212e-04
  8.7008443e-04  -4.4876952e-04
  8.7149069e-04  -4.4603249e-04
  8.7288833e-04  -4.4329105e-04
  8.7427736e-04  -4.4054524e-04
  8.7565774e-04  -4.3779507e-04
  8.7702948e-04  -4.3504057e-04
  8.7839254e-04  -4.3228178e-04
  8.7974694e-04  -4.2951872e-04
  8.8109264e-04  -4.2675141e-04
  8.8242963e-04  -4.2397989e-04
  8.8375791e-04  -4.2120418e-04
  8.8507745e-04  -4.1842431e-04
  8.8638826e-04  -4.1564030e-04
  8.8769030e-04  -4.1285219e-04
  8.8898358e-04  -4.1006000e-04
  8.9026807e-04  -4.0726375e-04
  8.9154377e-04  -4.0446349e-04
  8.9281066e-04  -4.0165923e-04
  8.9406872e-04  -3.9885100e-04
  8.9531796e-04  -3.9603882e-04
  8.9655835e-04  -3.9322274e-04
  8.9778988e-04  -3.9040277e-04
  8.9901255e-04  -3.8757895e-04
  9.0022633e-04  -3.8475129e-04
  9.0143122e-04  -3.8191984e-04
  9.0262720e-04  -3.7908461e-04
  9.0381426e-04  -3.7624564e-04
  9.0499240e-04  -3.7340295e-04
  9.0616159e-04  -3.7055657e-04
  9.0732183e-04  -3.6770653e-04
  9.0847311e-04  -3.6485285e-04
  9.0961541e-04  -3.6199558e-04
  9.1074873e-04  -3.5913472e-04
  9.1187305e-04  -3.5627032e-04
  9.1298836e-04  -3.5340240e-04
  9.1409465e-04  -3.5053099e-04
  9.1519191e-04  -3.4765611e-04
  9.1628013e-04  -3.4477780e-04
  9.1735929e-04  -3.4189608e-04
  9.1842939e-04  -3.3901099e-04
  9.1949042e-04  -3.3612254e-04
  9.2054237e-04  -3.3323078e-04
  9.2158522e-04  -3.3033572e-04
  9.2261896e-04  -3.2743740e-04
  9.2364359e-04  -3.2453584e-04
  9.2465910e-04  -3.2163108e-04
  9.2566547e-04  -3.1872314e-04
  9.2666269e-04  -3.1581205e-04
  9.2765076e-04  -3.1289784e-04
  9.2862967e-04  -3.0998055e-04
  9.2959940e-04  -3.0706018e-04
  9.3055995e-04  -3.0413679e-04
  9.3151130e-04  -3.0121039e-04
  9.3245345e-04  -2.9828101e-04
  9.3338639e-04  -2.9534869e-04
  9.3431011e-04  -2.9241345e-04
  9.3522459e-04  -2.8947532e-04
  9.3612984e-04  -2.8653433e-04
  9.3702584e-04  -2.8359051e-04
  9.3791258e-04  -2.8064389e-04
  9.3879006e-04  -2.7769449e-04
  9.3965826e-04  -2.7474235e-04
  9.4051717e-04  -2.7178750e-04
  9.4136680e-04  -2.6882996e-04
  9.4220712e-04  -2.6586977e-04
  9.4303814e-04  -2.6290695e-04
  9.4385984e-04  -2.5994153e-04
  9.4467222e-04  -2.5697355e-04
  9.4547526e-04  -2.5400302e-04
  9.4626896e-04  -2.5102999e-04
  9.4705331e-04  -2.4805447e-04
  9.4782831e-04  -2.4507651e-04
  9.4859394e-04  -2.4209612e-04
  9.4935020e-04  -2.3911335e-04
  9.5009708e-04  -2.3612821e-04
  9.5083458e-04  -2.3314073e-04
  9.5156268e-04  -2.3015096e-04
  9.5228138e-04  -2.2715891e-04
  9.5299067e-04  -2.2416461e-04
  9.5369055e-04  -2.2116810e-04
  9.5438101e-04  -2.1816941e-04
  9.5506203e-04  -2.1516856e-04
  9.5573363e-04  -2.1216559e-04
  9.5639577e-04  -2.0916052e-04
  9.5704848e-04  -2.0615338e-04
  9.5769172e-04  -2.0314421e-04
  9.5832550e-04  -2.0013302e-04
  9.5894982e-04  -1.9711987e-04
  9.5956466e-04  -1.9410476e-04
  9.6017002e-04  -1.9108774e-04
  9.6076590e-04  -1.8806883e-04
  9.6135229e-04  -1.8504806e-04
  9.6192917e-04  -1.8202546e-04
  9.6249656e-04  -1.7900106e-04
  9.6305443e-04  -1.7597490e-04
  9.6360279e-04  -1.7294700e-04
  9.6414163e-04  -1.6991739e-04
  9.6467094e-04  -1.6688610e-04
  9.6519073e-04  -1.6385316e-04
  9.6570098e-04  -1.6081860e-04
  9.6620169e-04  -1.5778246e-04
  9.6669285e-04  -1.5474475e-04
  9.6717446e-04  -1.5170552e-04
  9.6764652e-04  -1.4866478e-04
  9.6810901e-04  -1.4562258e-04
  9.6856195e-04  -1.4257894e-04
  9.6900531e-04  -1.3953389e-04
  9.6943910e-04  -1.3648747e-04
  9.6986331e-04  -1.3343969e-04
  9.7027795e-04  -1.3039060e-04
  9.7068299e-04  -1.2734022e-04
  9.7107845e-04  -1.2428858e-04
  9.7146431e-04  -1.2123571e-04
  9.7184057e-04  -1.1818164e-04
  9.7220724e-04  -1.1512641e-04
  9.7256429e-04  -1.1207004e-04
  9.7291174e-04  -1.0901256e-04
  9.7324958e-04  -1.0595401e-04
  9.7357780e-04  -1.0289440e-04
  9.7389641e-04  -9.9833785e-05
  9.7420539e-04  -9.6772181e-05
  9.7450475e-04  -9.3709620e-05
  9.7479448e-04  -9.0646134e-05
  9.7507458e-04  -8.7581752e-05
  9.7534505e-04  -8.4516505e-05
  9.7560588e-04  -8.1450423e-05
  9.7585707e-04  -7.8383536e-05
  9.7609862e-04  -7.5315875e-05
  9.7633053e-04  -7.2247470e-05
  9.7655279e-04  -6.9178351e-05
  9.7676541e-04  -6.6108548e-05
  9.7696837e-04  -6.3038093e-05
  9.7716168e-04  -5.9967014e-05
  9.7734534e-04  -5.6895343e-05
  9.7751935e-04  -5.3823111e-05
  9.7768369e-04  -5.0750346e-05
  9.7783838e-04  -4.7677080e-05
  9.7798341e-04  -4.4603343e-05
  9.7811877e-04  -4.1529165e-05
  9.7824447e-04  -3.8454577e-05
  9.7836051e-04  -3.5379609e-05
  9.7846688e-04  -3.2304292e-05
  9.7856358e-04  -2.9228655e-05
  9.7865062e-04  -2.6152730e-05
  9.7872799e-04  -2.3076546e-05
  9.7879569e-04  -2.0000134e-05
  9.7885371e-04  -1.6923525e-05
  9.7890207e-04  -1.3846748e-05
  9.7894076e-04  -1.0769835e-05
  9.7896978e-04  -7.6928153e-06
  9.7898912e-04  -4.6157196e-06
  9.7899879e-04  -1.5385783e-06
  9.7899879e-04   1.5385783e-06
  9.7898912e-04   4.6157196e-06
  9.7896978e-04   7.6928153e-06
  9.7894076e-04   1.0769835e-05
  9.7890207e-04   1.3846748e-05
  9.7885371e-04   1.6923525e-05
  9.7879569e-04   2.0000134e-05
  9.7872799e-04   2.3076546e-05
  9.7865062e-04   2.6152730e-05
  9.7856358e-04   2.9228655e-05
  9.7846688e-04   3.2304292e-05
  9.7836051e-04   3.5379609e-05
  9.7824447e-04   3.8454577e-05
  9.7811877e-04   4.1529165e-05
  9.7798341e-04   4.4603343e-05
  9.7783838e-04   4.7677080e-05
  9.7768369e-04   5.0750346e-05
  9.7751935e-04   5.3823111e-05
  9.7734534e-04   5.6895343e-05
  9.7716168e-04   5.9967014e-05
  9.7696837e-04   6.3038093e-05
  9.7676541e-04   6.6108548e-05
  9.7655279e-04   6.9178351e-05
  9.7633053e-04   7.2247470e-05
  9.7609862e-04   7.5315875e-05
  9.7585707e-04   7.8383536e-05
  9.7560588e-04   8.1450423e-05
  9.7534505e-04   8.4516505e-05
  9.7507458e-04   8.7581752e-05
  9.7479448e-04   9.0646134e-05
  9.7450475e-04   9.3709620e-05
  9.7420539e-04   9.6772181e-05
  9.7389641e-04   9.9833785e-05
  9.7357780e-04   1.0289440e-04
  9.7324958e-04   1.0595401e-04
  9.7291174e-04   1.0901256e-04
  9.7256429e-04   1.1207004e-04
  9.7220724e-04   1.1512641e-04
  9.7184057e-04   1.1818164e-04
  9.7146431e-04   1.2123571e-04
  9.7107845e-04   1.2428858e-04
  9.7068299e-04   1.2734022e-04
  9.7027795e-04   1.3039060e-04
  9.6986331e-04   1.3343969e-04
  9.6943910e-04   1.3648747e-04
  9.6900531e-04   1.3953389e-04
  9.6856195e-04   1.4257894e-04
  9.6810901e-04   1.4562258e-04
  9.6764652e-04   1.4866478e-04
  9.6717446e-04   1.5170552e-04
  9.6669285e-04   1.5474475e-04
  9.6620169e-04   1.5778246e-04
  9.6570098e-04   1.6081860e-04
  9.6519073e-04   1.6385316e-04
  9.6467094e-04   1.6688610e-04
  9.6414163e-04   1.6991739e-04
  9.6360279e-04   1.7294700e-04
  9.6305443e-04   1.7597490e-04
  9.6249656e-04   1.7900106e-04
  9.6192917e-04   1.8202546e-04
  9.6135229e-04   1.8504806e-04
  9.6076590e-04   1.8806883e-04
  9.6017002e-04   1.9108774e-04
  9.5956466e-04   1.9410476e-04
  9.5894982e-04   1.9711987e-04
  9.5832550e-04   2.0013302e-04
  9.5769172e-04   2.0314421e-04
  9.5704848e-04   2.0615338e-04
  9.5639577e-04   2.0916052e-04
  9.5573363e-04   2.1216559e-04
  9.5506203e-04   2.1516856e-04
  9.5438101e-04   2.1816941e-04
  9.5369055e-04   2.2116810e-04
  9.5299067e-04   2.2416461e-04
  9.5228138e-04   2.2715891e-04
  9.5156268e-04   2.3015096e-04
  9.5083458e-04   2.3314073e-04
  9.5009708e-04   2.3612821e-04
  9.4935020e-04   2.3911335e-04
  9.4859394e-04   2.4209612e-04
  9.4782831e-04   2.4507651e-04
  9.4705331e-04   2.4805447e-04
  9.4626896e-04   2.5102999e-04
  9.4547526e-04   2.5400302e-04
  9.4467222e-04   2.5697355e-04
  9.4385984e-04   2.5994153e-04
  9.4303814e-04   2.6290695e-04
  9.4220712e-04   2.6586977e-04
  9.4136680e-04   2.6882996e-04
  9.4051717e-04   2.7178750e-04
  9.3965826e-04   2.7474235e-04
  9.3879006e-04   2.7769449e-04
  9.3791258e-04   2.8064389e-04
  9.3702584e-04   2.8359051e-04
  9.3612984e-04   2.8653433e-04
  9.3522459e-04   2.8947532e-04
  9.3431011e-04   2.9241345e-04
  9.3338639e-04   2.9534869e-04
  9.3245345e-04   2.9828101e-04
  9.3151130e-04   3.0121039e-04
  9.3055995e-04   3.0413679e-04
  9.2959940e-04   3.0706018e-04
  9.2862967e-04   3.0998055e-04
  9.2765076e-04   3.1289784e-04
  9.2666269e-04   3.1581205e-04
  9.2566547e-04   3.1872314e-04
  9.2465910e-04   3.2163108e-04
  9.2364359e-04   3.2453584e-04
  9.2261896e-04   3.2743740e-04
  9.2158522e-04   3.3033572e-04
  9.2054237e-04   3.3323078e-04
  9.1949042e-04   3.3612254e-04
  9.1842939e-04   3.3901099e-04
  9.1735929e-04   3.4189608e-04
  9.1628013e-04   3.4477780e-04
  9.1519191e-04   3.4765611e-04
  9.1409465e-04   3.5053099e-04
  9.1298836e-04   3.5340240e-04
  9.1187305e-04   3.5627032e-04
  9.1074873e-04   3.5913472e-04
  9.0961541e-04   3.6199558e-04
  9.0847311e-04   3.6485285e-04
  9.0732183e-04   3.6770653e-04
  9.0616159e-04   3.7055657e-04
  9.0499240e-04   3.7340295e-04
  9.0381426e-04   3.7624564e-04
  9.0262720e-04   3.7908461e-04
  9.0143122e-04   3.8191984e-04
  9.0022633e-04   3.8475129e-04
  8.9901255e-04   3.8757895e-04
  8.9778988e-04   3.9040277e-04
  8.9655835e-04   3.9322274e-04
  8.9531796e-04   3.9603882e-04
  8.9406872e-04   3.9885100e-04
  8.9281066e-04   4.0165923e-04
  8.9154377e-04   4.0446349e-04
  8.9026807e-04   4.0726375e-04
  8.8898358e-04   4.1006000e-04
  8.8769030e-04   4.1285219e-04
  8.8638826e-04   4.1564030e-04
  8.8507745e-04   4.1842431e-04
  8.8375791e-04   4.2120418e-04
  8.8242963e-04   4.2397989e-04
  8.8109264e-04   4.2675141e-04
  8.7974694e-04   4.2951872e-04
  8.7839254e-04   4.3228178e-04
  8.7702948e-04   4.3504057e-04
  8.7565774e-04   4.3779507e-04
  8.7427736e-04   4.4054524e-04
  8.7288833e-04   4.4329105e-04
  8.7149069e-04   4.4603249e-04
  8.7008443e-04   4.4876952e-04
  8.6866958e-04   4.5150212e-04
  8.6724615e-04   4.5423025e-04
  8.6581414e-04   4.5695390e-04
  8.6437359e-04   4.5967304e-04
  8.6292449e-04   4.6238763e-04
  8.6146687e-04   4.6509765e-04
  8.6000074e-04   4.6780308e-04
  8.5852611e-04   4.7050389e-04
  8.5704300e-04   4.7320005e-04
  8.5555143e-04   4.7589154e-04
  8.5405140e-04   4.7857832e-04
  8.5254293e-04   4.8126038e-04
  8.5102604e-04   4.8393768e-04
  8.4950075e-04   4.8661020e-04
  8.4796706e-04   4.8927791e-04
  8.4642499e-04   4.9194079e-04
  8.4487456e-04   4.9459881e-04
  8.4331578e-04   4.9725194e-04
  8.4174868e-04   4.9990016e-04
  8.4017325e-04   5.0254344e-04
  8.3858953e-04   5.0518175e-04
  8.3699752e-04   5.0781508e-04
  8.3539724e-04   5.1044339e-04
  8.3378871e-04   5.1306665e-04
  8.3217194e-04   5.1568485e-04
  8.3054695e-04   5.1829795e-04
  8.2891375e-04   5.2090593e-04
  8.2727237e-04   5.2350876e-04
  8.2562281e-04   5.2610643e-04
  8.2396510e-04   5.2869889e-04
  8.2229924e-04   5.3128613e-04
  8.2062526e-04   5.3386813e-04
  8.1894318e-04   5.3644484e-04
  8.1725300e-04   5.3901626e-04
  8.1555475e-04   5.4158236e-04
  8.1384844e-04   5.4414310e-04
  8.1213409e-04   5.4669847e-04
  8.1041172e-04   5.4924843e-04
  8.0868134e-04   5.5179297e-04
  8.0694298e-04   5.5433206e-04
  8.0519664e-04   5.5686567e-04
  8.0344234e-04   5.5939378e-04
  8.0168011e-04   5.6191637e-04
  7.9990996e-04   5.6443340e-04
  7.9813190e-04   5.6694486e-04
  7.9634596e-04   5.6945071e-04
  7.9455215e-04   5.7195094e-04
  7.9275049e-04   5.7444552e-04
  7.9094100e-04   5.7693442e-04
  7.8912370e-04   5.7941763e-04
  7.8729860e-04   5.8189510e-04
  7.8546572e-04   5.8436683e-04
  7.8362509e-04   5.8683279e-04
  7.8177671e-04   5.8929295e-04
  7.7992060e-04   5.9174729e-04
  7.7805679e-04   5.9419578e-04
  7.7618530e-04   5.9663840e-04
  7.7430614e-04   5.9907513e-04
  7.7241932e-04   6.0150594e-04
  7.7052488e-04   6.0393080e-04
  7.6862282e-04   6.0634970e-04
  7.6671317e-04   6.0876261e-04
  7.6479595e-04   6.1116950e-04
  7.6287116e-04   6.1357036e-04
  7.6093885e-04   6.1596515e-04
  7.5899901e-04   6.1835386e-04
  7.5705168e-04   6.2073646e-04
  7.5509686e-04   6.2311293e-04
  7.5313459e-04   6.2548324e-04
  7.5116488e-04   6.2784737e-04
  7.4918774e-04   6.3020530e-04
  7.4720321e-04   6.3255701e-04
  7.4521129e-04   6.3490246e-04
  7.4321201e-04   6.3724164e-04
  7.4120539e-04   6.3957453e-04
  7.3919144e-04   6.4190110e-04
  7.3717019e-04   6.4422132e-04
  7.3514166e-04   6.4653518e-04
  7.3310586e-04   6.4884265e-04
  7.3106283e-04   6.5114372e-04
  7.2901257e-04   6.5343835e-04
  7.2695511e-04   6.5572652e-04
  7.2489046e-04   6.5800822e-04
  7.2281866e-04   6.6028342e-04
  7.2073971e-04   6.6255209e-04
  7.1865364e-04   6.6481421e-04
  7.1656048e-04   6.6706977e-04
  7.1446023e-04   6.6931874e-04
  7.1235293e-04   6.7156110e-04
  7.1023858e-04   6.7379682e-04
  7.0811723e-04   6.7602588e-04
  7.0598887e-04   6.7824827e-04
  7.0385354e-04   6.8046395e-04
  7.0171126e-04   6.8267292e-04
  6.9956204e-04   6.8487513e-04
  6.9740592e-04   6.8707059e-04
  6.9524290e-04   6.8925925e-04
  6.9307301e-04   6.9144110e-04
  6.9089628e-04   6.9361613e-04
  6.8871272e-04   6.9578430e-04
  6.8652236e-04   6.9794559e-04
  6.8432521e-04   7.0010000e-04
  6.8212131e-04   7.0224748e-04
  6.7991066e-04   7.0438803e-04
  6.7769330e-04   7.0652161e-04
  6.7546924e-04   7.0864822e-04
  6.7323851e-04   7.1076783e-04
  6.7100113e-04   7.1288041e-04
  6.6875712e-04   7.1498596e-04
  6.6650650e-04   7.1708443e-04
  6.6424930e-04   7.1917583e-04
  6.6198553e-04   7.2126012e-04
  6.5971523e-04   7.2333728e-04
  6.5743840e-04   7.2540730e-04
  6.5515509e-04   7.2747015e-04
  6.5286530e-04   7.2952581e-04
  6.5056905e-04   7.3157427e-04
  6.4826639e-04   7.3361549e-04
  6.4595731e-04   7.3564947e-04
  6.4364186e-04   7.3767619e-04
  6.4132005e-04   7.3969561e-04
  6.3899190e-04   7.4170773e-04
  6.3665744e-04   7.4371252e-04
  6.3431668e-04   7.4570996e-04
  6.3196967e-04   7.4770003e-04
  6.2961640e-04   7.4968272e-04
  6.2725692e-04   7.5165800e-04
  6.2489124e-04   7.5362586e-04
  6.2251939e-04   7.5558627e-04
  6.2014139e-04   7.5753921e-04
  6.1775726e-04   7.5948467e-04
  6.1536703e-04   7.6142263e-04
  6.1297071e-04   7.6335307e-04
  6.1056834e-04   7.6527596e-04
  6.0815994e-04   7.6719129e-04
  6.0574554e-04   7.6909905e-04
  6.0332514e-04   7.7099920e-04
  6.0089879e-04   7.7289174e-04
  5.9846650e-04   7.7477664e-04
  5.9602830e-04   7.7665389e-04
  5.9358421e-04   7.7852347e-04
  5.9113425e-04   7.8038535e-04
  5.8867846e-04   7.8223953e-04
  5.8621684e-04   7.8408597e-04
  5.8374944e-04   7.8592467e-04
  5.8127627e-04   7.8775561e-04
  5.7879736e-04   7.8957876e-04
  5.7631273e-04   7.9139411e-04
  5.7382240e-04   7.9320164e-04
  5.7132641e-04   7.9500134e-04
  5.6882477e-04   7.9679318e-04
  5.6631752e-04   7.9857715e-04
  5.6380466e-04   8.0035324e-04
  5.6128624e-04   8.0212141e-04
  5.5876227e-04   8.0388166e-04
  5.5623278e-04   8.0563397e-04
  5.5369780e-04   8.0737832e-04
  5.5115735e-04   8.0911469e-04
  5.4861145e-04   8.1084307e-04
  5.4606013e-04   8.1256343e-04
  5.4350342e-04   8.1427577e-04
  5.4094133e-04   8.1598007e-04
  5.3837391e-04   8.1767630e-04
  5.3580116e-04   8.1936446e-04
  5.3322312e-04   8.2104452e-04
  5.3063981e-04   8.2271647e-04
  5.2805126e-04   8.2438029e-04
  5.2545750e-04   8.2603597e-04
  5.2285854e-04   8.2768348e-04
  5.2025442e-04   8.2932282e-04
  5.1764515e-04   8.3095397e-04
  5.1503077e-04   8.3257690e-04
  5.1241131e-04   8.3419162e-04
  5.0978678e-04   8.3579808e-04
  5.0715722e-04   8.3739630e-04
  5.0452264e-04   8.3898624e-04
  5.0188308e-04   8.4056789e-04
  4.9923856e-04   8.4214123e-04
  4.9658911e-04   8.4370626e-04
  4.9393476e-04   8.4526295e-04
  4.9127552e-04   8.4681129e-04
  4.8861143e-04   8.4835126e-04
  4.8594252e-04   8.4988286e-04
  4.8326880e-04   8.5140605e-04
  4.8059031e-04   8.5292084e-04
  4.7790707e-04   8.5442720e-04
  4.7521911e-04   8.5592511e-04
  4.7252645e-04   8.5741458e-04
  4.6982912e-04   8.5889557e-04
  4.6712716e-04   8.6036807e-04
  4.6442058e-04   8.6183208e-04
  4.6170941e-04   8.6328757e-04
  4.5899368e-04   8.6473453e-04
  4.5627341e-04   8.6617295e-04
  4.5354864e-04   8.6760281e-04
  4.5081938e-04   8.6902410e-04
  4.4808568e-04   8.7043680e-04
  4.4534754e-04   8.7184091e-04
  4.4260501e-04   8.7323640e-04
  4.3985810e-04   8.7462326e-04
  4.3710685e-04   8.7600149e-04
  4.3435128e-04   8.7737106e-04
  4.3159141e-04   8.7873196e-04
  4.2882729e-04   8.8008418e-04
  4.2605892e-04   8.8142770e-04
  4.2328635e-04   8.8276252e-04
  4.2050960e-04   8.8408861e-04
  4.1772869e-04   8.8540598e-04
  4.1494365e-04   8.8671459e-04
  4.1215452e-04   8.8801444e-04
  4.0936131e-04   8.8930552e-04
  4.0656406e-04   8.9058782e-04
  4.0376280e-04   8.9186132e-04
  4.0095754e-04   8.9312600e-04
  3.9814832e-04   8.9438186e-04
  3.9533517e-04   8.9562889e-04
  3.9251811e-04   8.9686706e-04
  3.8969718e-04   8.9809638e-04
  3.8687239e-04   8.9931682e-04
  3.8404379e-04   9.0052838e-04
  3.8121139e-04   9.0173105e-04
  3.7837522e-04   9.0292480e-04
  3.7553531e-04   9.0410963e-04
  3.7269170e-04   9.0528553e-04
  3.6984440e-04   9.0645249e-04
  3.6699345e-04   9.0761049e-04
  3.6413887e-04   9.0875953e-04
  3.6128070e-04   9.0989959e-04
  3.5841895e-04   9.1103065e-04
  3.5555367e-04   9.1215272e-04
  3.5268487e-04   9.1326578e-04
  3.4981259e-04   9.1436981e-04
  3.4693685e-04   9.1546481e-04
  3.4405769e-04   9.1655077e-04
  3.4117512e-04   9.1762767e-04
  3.3828919e-04   9.1869550e-04
  3.3539991e-04   9.1975426e-04
  3.3250732e-04   9.2080393e-04
  3.2961144e-04   9.2184451e-04
  3.2671231e-04   9.2287598e-04
  3.2380995e-04   9.2389833e-04
  3.2090439e-04   9.2491155e-04
  3.1799566e-04   9.2591563e-04
  3.1508379e-04   9.2691057e-04
  3.1216881e-04   9.2789635e-04
  3.0925074e-04   9.2887296e-04
  3.0632962e-04   9.2984040e-04
  3.0340547e-04   9.3079865e-04
  3.0047832e-04   9.3174770e-04
  2.9754821e-04   9.3268755e-04
  2.9461515e-04   9.3361818e-04
  2.9167918e-04   9.3453959e-04
  2.8874034e-04   9.3545177e-04
  2.8579864e-04   9.3635471e-04
  2.8285411e-04   9.3724839e-04
  2.7990680e-04   9.3813282e-04
  2.7695671e-04   9.3900798e-04
  2.7400389e-04   9.3987386e-04
  2.7104837e-04   9.4073045e-04
  2.6809016e-04   9.4157775e-04
  2.6512931e-04   9.4241575e-04
  2.6216584e-04   9.4324444e-04
  2.5919977e-04   9.4406381e-04
  2.5623115e-04   9.4487385e-04
  2.5326000e-04   9.4567456e-04
  2.5028634e-04   9.4646593e-04
  2.4731021e-04   9.4724794e-04
  2.4433164e-04   9.4802060e-04
  2.4135065e-04   9.4878389e-04
  2.3836728e-04   9.4953780e-04
  2.3538156e-04   9.5028234e-04
  2.3239350e-04   9.5101749e-04
  2.2940316e-04   9.5174324e-04
  2.2641054e-04   9.5245959e-04
  2.2341569e-04   9.5316653e-04
  2.2041864e-04   9.5386405e-04
  2.1741940e-04   9.5455215e-04
  2.1441802e-04   9.5523082e-04
  2.1141452e-04   9.5590005e-04
  2.0840892e-04   9.5655984e-04
  2.0540128e-04   9.5721017e-04
  2.0239160e-04   9.5785105e-04
  1.9937992e-04   9.5848247e-04
  1.9636627e-04   9.5910442e-04
  1.9335068e-04   9.5971689e-04
  1.9033319e-04   9.6031988e-04
  1.8731381e-04   9.6091339e-04
  1.8429258e-04   9.6149740e-04
  1.8126953e-04   9.6207191e-04
  1.7824469e-04   9.6263692e-04
  1.7521809e-04   9.6319241e-04
  1.7218975e-04   9.6373839e-04
  1.6915972e-04   9.6427485e-04
  1.6612802e-04   9.6480178e-04
  1.6309467e-04   9.6531918e-04
  1.6005971e-04   9.6582705e-04
  1.5702317e-04   9.6632537e-04
  1.5398508e-04   9.6681415e-04
  1.5094547e-04   9.6729337e-04
  1.4790437e-04   9.6776304e-04
  1.4486181e-04   9.6822314e-04
  1.4181781e-04   9.6867369e-04
  1.3877242e-04   9.6911466e-04
  1.3572565e-04   9.6954605e-04
  1.3267754e-04   9.6996787e-04
  1.2962812e-04   9.7038011e-04
  1.2657742e-04   9.7078275e-04
  1.2352547e-04   9.7117581e-04
  1.2047230e-04   9.7155927e-04
  1.1741794e-04   9.7193314e-04
  1.1436242e-04   9.7229740e-04
  1.1130577e-04   9.7265206e-04
  1.0824802e-04   9.7299710e-04
  1.0518920e-04   9.7333254e-04
  1.0212934e-04   9.7365836e-04
  9.9068476e-05   9.7397456e-04
  9.6006629e-05   9.7428113e-04
  9.2943835e-05   9.7457808e-04
  8.9880121e-05   9.7486541e-04
  8.6815520e-05   9.7514310e-04
  8.3750062e-05   9.7541116e-04
  8.0683776e-05   9.7566958e-04
  7.7616692e-05   9.7591836e-04
  7.4548842e-05   9.7615750e-04
  7.1480256e-05   9.7638700e-04
  6.8410963e-05   9.7660685e-04
  6.5340994e-05   9.7681705e-04
  6.2270380e-05   9.7701760e-04
  5.9199151e-05   9.7720850e-04
  5.6127337e-05   9.7738975e-04
  5.3054968e-05   9.7756134e-04
  4.9982075e-05   9.7772327e-04
  4.6908689e-05   9.7787554e-04
  4.3834838e-05   9.7801815e-04
  4.0760555e-05   9.7815110e-04
  3.7685869e-05   9.7827439e-04
  3.4610811e-05   9.7838801e-04
  3.1535411e-05   9.7849196e-04
  2.8459700e-05   9.7858625e-04
  2.5383707e-05   9.7867087e-04
  2.2307463e-05   9.7874582e-04
  1.9230999e-05   9.7881110e-04
  1.6154345e-05   9.7886671e-04
  1.3077532e-05   9.7891265e-04
  1.0000589e-05   9.7894892e-04
  6.9235473e-06   9.7897552e-04
  3.8464373e-06   9.7899244e-04
  7.6928937e-07   9.7899970e-04
 -2.3078662e-06   9.7899728e-04
 -5.3849990e-06   9.7898519e-04
 -8.4620785e-06   9.7896343e-04
 -1.1539075e-05   9.7893199e-04
 -1.4615956e-05   9.7889089e-04
 -1.7692694e-05   9.7884011e-04
 -2.0769257e-05   9.7877967e-04
 -2.3845614e-05   9.7870955e-04
 -2.6921736e-05   9.7862977e-04
 -2.9997592e-05   9.7854031e-04
 -3.3073152e-05   9.7844119e-04
 -3.6148385e-05   9.7833240e-04
 -3.9223261e-05   9.7821395e-04
 -4.2297749e-05   9.7808583e-04
 -4.5371820e-05   9.7794805e-04
 -4.8445442e-05   9.7780061e-04
 -5.1518585e-05   9.7764351e-04
 -5.4591220e-05   9.7747675e-04
 -5.7663315e-05   9.7730033e-04
 -6.0734841e-05   9.7711426e-04
 -6.3805766e-05   9.7691854e-04
 -6.6876061e-05   9.7671316e-04
 -6.9945696e-05   9.7649813e-04
 -7.3014639e-05   9.7627346e-04
 -7.6082861e-05   9.7603914e-04
 -7.9150332e-05   9.7579518e-04
 -8.2217020e-05   9.7554157e-04
 -8.5282896e-05   9.7527833e-04
 -8.8347930e-05   9.7500546e-04
 -9.1412091e-05   9.7472295e-04
 -9.4475349e-05   9.7443081e-04
 -9.7537673e-05   9.7412905e-04
 -1.0059903e-04   9.7381766e-04
 -1.0365940e-04   9.7349665e-04
 -1.0671874e-04   9.7316602e-04
 -1.0977703e-04   9.7282578e-04
 -1.1283424e-04   9.7247593e-04
 -1.1589032e-04   9.7211647e-04
 -1.1894527e-04   9.7174741e-04
 -1.2199904e-04   9.7136874e-04
 -1.2505160e-04   9.7098048e-04
 -1.2810293e-04   9.7058263e-04
 -1.3115299e-04   9.7017519e-04
 -1.3420176e-04   9.6975816e-04
 -1.3724920e-04   9.6933155e-04
 -1.4029529e-04   9.6889537e-04
 -1.4333999e-04   9.6844961e-04
 -1.4638327e-04   9.6799429e-04
 -1.4942511e-04   9.6752940e-04
 -1.5246547e-04   9.6705495e-04
 -1.5550432e-04   9.6657095e-04
 -1.5854164e-04   9.6607740e-04
 -1.6157739e-04   9.6557431e-04
 -1.6461155e-04   9.6506168e-04
 -1.6764408e-04   9.6453951e-04
 -1.7067495e-04   9.6400781e-04
 -1.7370414e-04   9.6346659e-04
 -1.7673161e-04   9.6291585e-04
 -1.7975733e-04   9.6235560e-04
 -1.8278128e-04   9.6178584e-04
 -1.8580342e-04   9.6120658e-04
 -1.8882373e-04   9.6061782e-04
 -1.9184217e-04   9.6001957e-04
 -1.9485872e-04   9.5941184e-04
 -1.9787334e-04   9.5879463e-04
 -2.0088601e-04   9.5816795e-04
 -2.0389669e-04   9.5753180e-04
 -2.0690536e-04   9.5688619e-04
 -2.0991198e-04   9.5623112e-04
 -2.1291653e-04   9.5556661e-04
 -2.1591897e-04   9.5489266e-04
 -2.1891929e-04   9.5420928e-04
 -2.2191744e-04   9.5351647e-04
 -2.2491340e-04   9.5281423e-04
 -2.2790713e-04   9.5210259e-04
 -2.3089862e-04   9.5138154e-04
 -2.3388782e-04   9.5065109e-04
 -2.3687471e-04   9.4991124e-04
 -2.3985926e-04   9.4916202e-04
 -2.4284145e-04   9.4840341e-04
 -2.4582123e-04   9.4763544e-04
 -2.4879858e-04   9.4685810e-04
 -2.5177348e-04   9.4607141e-04
 -2.5474589e-04   9.4527537e-04
 -2.5771578e-04   9.4447000e-04
 -2.6068313e-04   9.4365529e-04
 -2.6364790e-04   9.4283126e-04
 -2.6661006e-04   9.4199792e-04
 -2.6956960e-04   9.4115526e-04
 -2.7252647e-04   9.4030332e-04
 -2.7548064e-04   9.3944208e-04
 -2.7843210e-04   9.3857156e-04
 -2.8138080e-04   9.3769176e-04
 -2.8432673e-04   9.3680271e-04
 -2.8726984e-04   9.3590440e-04
 -2.9021012e-04   9.3499684e-04
 -2.9314753e-04   9.3408004e-04
 -2.9608204e-04   9.3315402e-04
 -2.9901363e-04   9.3221878e-04
 -3.0194227e-04   9.3127432e-04
 -3.0486792e-04   9.3032067e-04
 -3.0779056e-04   9.2935783e-04
 -3.1071016e-04   9.2838580e-04
 -3.1362669e-04   9.2740460e-04
 -3.1654012e-04   9.2641424e-04
 -3.1945042e-04   9.2541473e-04
 -3.2235757e-04   9.2440608e-04
 -3.2526153e-04   9.2338829e-04
 -3.2816228e-04   9.2236138e-04
 -3.3105979e-04   9.2132536e-04
 -3.3395403e-04   9.2028023e-04
 -3.3684496e-04   9.1922602e-04
 -3.3973257e-04   9.1816272e-04
 -3.4261683e-04   9.1709035e-04
 -3.4549770e-04   9.1600892e-04
 -3.4837515e-04   9.1491844e-04
 -3.5124916e-04   9.1381892e-04
 -3.5411971e-04   9.1271038e-04
 -3.5698675e-04   9.1159281e-04
 -3.5985027e-04   9.1046625e-04
 -3.6271023e-04   9.0933068e-04
 -3.6556661e-04   9.0818613e-04
 -3.6841938e-04   9.0703261e-04
 -3.7126851e-04   9.0587013e-04
 -3.7411397e-04   9.0469870e-04
 -3.7695573e-04   9.0351833e-04
 -3.7979377e-04   9.0232904e-04
 -3.8262806e-04   9.0113083e-04
 -3.8545857e-04   8.9992372e-04
 -3.8828527e-04   8.9870771e-04
 -3.9110813e-04   8.9748283e-04
 -3.9392713e-04   8.9624908e-04
 -3.9674224e-04   8.9500648e-04
 -3.9955342e-04   8.9375503e-04
 -4.0236066e-04   8.9249476e-04
 -4.0516393e-04   8.9122567e-04
 -4.0796319e-04   8.8994777e-04
 -4.1075842e-04   8.8866108e-04
 -4.1354960e-04   8.8736561e-04
 -4.1633669e-04   8.8606138e-04
 -4.1911966e-04   8.8474839e-04
 -4.2189850e-04   8.8342666e-04
 -4.2467316e-04   8.8209620e-04
 -4.2744363e-04   8.8075703e-04
 -4.3020988e-04   8.7940915e-04
 -4.3297188e-04   8.7805259e-04
 -4.3572960e-04   8.7668735e-04
 -4.3848301e-04   8.7531346e-04
 -4.4123210e-04   8.7393091e-04
 -4.4397682e-04   8.7253973e-04
 -4.4671716e-04   8.7113993e-04
 -4.4945309e-04   8.6973152e-04
 -4.5218457e-04   8.6831453e-04
 -4.5491159e-04   8.6688895e-04
 -4.5763411e-04   8.6545481e-04
 -4.6035211e-04   8.6401211e-04
 -4.6306556e-04   8.6256089e-04
 -4.6577444e-04   8.6110114e-04
 -4.6847872e-04   8.5963288e-04
 -4.7117837e-04   8.5815613e-04
 -4.7387336e-04   8.5667090e-04
 -4.7656367e-04   8.5517721e-04
 -4.7924928e-04   8.5367507e-04
 -4.8193015e-04   8.5216450e-04
 -4.8460626e-04   8.5064551e-04
 -4.8727758e-04   8.4911811e-04
 -4.8994408e-04   8.4758232e-04
 -4.9260575e-04   8.4603817e-04
 -4.9526255e-04   8.4448565e-04
 -4.9791445e-04   8.4292479e-04
 -5.0056144e-04   8.4135560e-04
 -5.0320348e-04   8.3977810e-04
 -5.0584055e-04   8.3819230e-04
 -5.0847263e-04   8.3659822e-04
 -5.1109968e-04   8.3499588e-04
 -5.1372168e-04   8.3338529e-04
 -5.1633860e-04   8.3176646e-04
 -5.1895042e-04   8.3013942e-04
 -5.2155712e-04   8.2850418e-04
 -5.2415867e-04   8.2686075e-04
 -5.2675503e-04   8.2520915e-04
 -5.2934619e-04   8.2354940e-04
 -5.3193212e-04   8.2188151e-04
 -5.3451280e-04   8.2020550e-04
 -5.3708820e-04   8.1852139e-04
 -5.3965829e-04   8.1682919e-04
 -5.4222305e-04   8.1512893e-04
 -5.4478245e-04   8.1342061e-04
 -5.4733647e-04   8.1170425e-04
 -5.4988508e-04   8.0997988e-04
 -5.5242826e-04   8.0824750e-04
 -5.5496598e-04   8.0650714e-04
 -5.5749822e-04   8.0475881e-04
 -5.6002495e-04   8.0300253e-04
 -5.6254615e-04   8.0123831e-04
 -5.6506179e-04   7.9946618e-04
 -5.6757185e-04   7.9768615e-04
 -5.7007630e-04   7.9589824e-04
 -5.7257512e-04   7.9410247e-04
 -5.7506828e-04   7.9229886e-04
 -5.7755576e-04   7.9048741e-04
 -5.8003753e-04   7.8866816e-04
 -5.8251358e-04   7.8684111e-04
 -5.8498387e-04   7.8500629e-04
 -5.8744838e-04   7.8316372e-04
 -5.8990708e-04   7.8131340e-04
 -5.9235996e-04   7.7945537e-04
 -5.9480699e-04   7.7758964e-04
 -5.9724814e-04   7.7571623e-04
 -5.9968339e-04   7.7383515e-04
 -6.0211271e-04   7.7194643e-04
 -6.0453609e-04   7.7005008e-04
 -6.0695349e-04   7.6814612e-04
 -6.0936490e-04   7.6623457e-04
 -6.1177028e-04   7.6431546e-04
 -6.1416963e-04   7.6238879e-04
 -6.1656290e-04   7.6045459e-04
 -6.1895009e-04   7.5851288e-04
 -6.2133116e-04   7.5656368e-04
 -6.2370609e-04   7.5460700e-04
 -6.2607486e-04   7.5264286e-04
 -6.2843744e-04   7.5067129e-04
 -6.3079381e-04   7.4869230e-04
 -6.3314396e-04   7.4670592e-04
 -6.3548785e-04   7.4471216e-04
 -6.3782545e-04   7.4271104e-04
 -6.4015676e-04   7.4070258e-04
 -6.4248175e-04   7.3868681e-04
 -6.4480038e-04   7.3666374e-04
 -6.4711265e-04   7.3463339e-04
 -6.4941852e-04   7.3259578e-04
 -6.5171798e-04   7.3055094e-04
 -6.5401100e-04   7.2849888e-04
 -6.5629756e-04   7.2643962e-04
 -6.5857763e-04   7.2437318e-04
 -6.6085120e-04   7.2229959e-04
 -6.6311823e-04   7.2021886e-04
 -6.6537872e-04   7.1813102e-04
 -6.6763263e-04   7.1603608e-04
 -6.6987995e-04   7.1393407e-04
 -6.7212065e-04   7.1182500e-04
 -6.7435471e-04   7.0970890e-04
 -6.7658211e-04   7.0758579e-04
 -6.7880282e-04   7.0545569e-04
 -6.8101683e-04   7.0331862e-04
 -6.8322410e-04   7.0117460e-04
 -6.8542463e-04   6.9902366e-04
 -6.8761839e-04   6.9686581e-04
 -6.8980535e-04   6.9470107e-04
 -6.9198550e-04   6.9252947e-04
 -6.9415881e-04   6.9035103e-04
 -6.9632527e-04   6.8816577e-04
 -6.9848484e-04   6.8597371e-04
 -7.0063752e-04   6.8377487e-04
 -7.0278327e-04   6.8156928e-04
 -7.0492208e-04   6.7935695e-04
 -7.0705392e-04   6.7713791e-04
 -7.0917878e-04   6.7491218e-04
 -7.1129663e-04   6.7267979e-04
 -7.1340746e-04   6.7044075e-04
 -7.1551124e-04   6.6819508e-04
 -7.1760795e-04   6.6594282e-04
 -7.1969757e-04   6.6368397e-04
 -7.2178008e-04   6.6141857e-04
 -7.2385545e-04   6.5914663e-04
 -7.2592368e-04   6.5686818e-04
 -7.2798474e-04   6.5458324e-04
 -7.3003860e-04   6.5229184e-04
 -7.3208525e-04   6.4999399e-04
 -7.3412467e-04   6.4768972e-04
 -7.3615683e-04   6.4537905e-04
 -7.3818173e-04   6.4306200e-04
 -7.4019933e-04   6.4073860e-04
 -7.4220961e-04   6.3840887e-04
 -7.4421257e-04   6.3607284e-04
 -7.4620817e-04   6.3373052e-04
 -7.4819640e-04   6.3138194e-04
 -7.5017724e-04   6.2902712e-04
 -7.5215066e-04   6.2666608e-04
 -7.5411666e-04   6.2429886e-04
 -7.5607521e-04   6.2192547e-04
 -7.5802628e-04   6.1954593e-04
 -7.5996987e-04   6.1716027e-04
 -7.6190595e-04   6.1476852e-04
 -7.6383450e-04   6.1237069e-04
 -7.6575550e-04   6.0996681e-04
 -7.6766894e-04   6.0755690e-04
 -7.6957480e-04   6.0514100e-04
 -7.7147305e-04   6.0271911e-04
 -7.7336368e-04   6.0029127e-04
 -7.7524667e-04   5.9785750e-04
 -7.7712201e-04   5.9541783e-04
 -7.7898966e-04   5.9297227e-04
 -7.8084962e-04   5.9052085e-04
 -7.8270186e-04   5.8806360e-04
 -7.8454637e-04   5.8560054e-04
 -7.8638313e-04   5.8313169e-04
 -7.8821212e-04   5.8065708e-04
 -7.9003333e-04   5.7817674e-04
 -7.9184673e-04   5.7569068e-04
 -7.9365230e-04   5.7319894e-04
 -7.9545004e-04   5.7070153e-04
 -7.9723991e-04   5.6819848e-04
 -7.9902191e-04   5.6568983e-04
 -8.0079602e-04   5.6317558e-04
 -8.0256222e-04   5.6065577e-04
 -8.0432048e-04   5.5813042e-04
 -8.0607080e-04   5.5559955e-04
 -8.0781316e-04   5.5306320e-04
 -8.0954753e-04   5.5052138e-04
 -8.1127391e-04   5.4797413e-04
 -8.1299227e-04   5.4542146e-04
 -8.1470260e-04   5.4286340e-04
 -8.1640488e-04   5.4029998e-04
 -8.1809910e-04   5.3773122e-04
 -8.1978523e-04   5.3515715e-04
 -8.2146327e-04   5.3257779e-04
 -8.2313319e-04   5.2999317e-04
 -8.2479497e-04   5.2740331e-04
 -8.2644861e-04   5.2480824e-04
 -8.2809409e-04   5.2220799e-04
 -8.2973138e-04   5.1960258e-04
 -8.3136047e-04   5.1699204e-04
 -8.3298135e-04   5.1437638e-04
 -8.3459401e-04   5.1175565e-04
 -8.3619841e-04   5.0912986e-04
 -8.3779456e-04   5.0649904e-04
 -8.3938243e-04   5.0386322e-04
 -8.4096200e-04   5.0122242e-04
 -8.4253327e-04   4.9857666e-04
 -8.4409621e-04   4.9592598e-04
 -8.4565082e-04   4.9327041e-04
 -8.4719707e-04   4.9060995e-04
 -8.4873495e-04   4.8794465e-04
 -8.5026444e-04   4.8527454e-04
 -8.5178554e-04   4.8259962e-04
 -8.5329822e-04   4.7991994e-04
 -8.5480247e-04   4.7723552e-04
 -8.5629827e-04   4.7454638e-04
 -8.5778562e-04   4.7185255e-04
 -8.5926449e-04   4.6915407e-04
 -8.6073487e-04   4.6645094e-04
 -8.6219675e-04   4.6374321e-04
 -8.6365011e-04   4.6103090e-04
 -8.6509493e-04   4.5831403e-04
 -8.6653121e-04   4.5559264e-04
 -8.6795893e-04   4.5286674e-04
 -8.6937808e-04   4.5013637e-04
 -8.7078864e-04   4.4740156e-04
 -8.7219059e-04   4.4466232e-04
 -8.7358392e-04   4.4191869e-04
 -8.7496863e-04   4.3917069e-04
 -8.7634469e-04   4.3641836e-04
 -8.7771209e-04   4.3366171e-04
 -8.7907083e-04   4.3090078e-04
 -8.8042087e-04   4.2813559e-04
 -8.8176222e-04   4.2536617e-04
 -8.8309486e-04   4.2259255e-04
 -8.8441877e-04   4.1981476e-04
 -8.8573395e-04   4.1703282e-04
 -8.8704037e-04   4.1424675e-04
 -8.8833804e-04   4.1145660e-04
 -8.8962692e-04   4.0866238e-04
 -8.9090702e-04   4.0586412e-04
 -8.9217831e-04   4.0306185e-04
 -8.9344079e-04   4.0025560e-04
 -8.9469445e-04   3.9744540e-04
 -8.9593926e-04   3.9463127e-04
 -8.9717522e-04   3.9181324e-04
 -8.9840232e-04   3.8899134e-04
 -8.9962055e-04   3.8616560e-04
 -9.0082988e-04   3.8333604e-04
 -9.0203032e-04   3.8050270e-04
 -9.0322184e-04   3.7766559e-04
 -9.0440445e-04   3.7482476e-04
 -9.0557811e-04   3.7198022e-04
 -9.0674283e-04   3.6913200e-04
 -9.0789859e-04   3.6628014e-04
 -9.0904539e-04   3.6342466e-04
 -9.1018320e-04   3.6056559e-04
 -9.1131202e-04   3.5770296e-04
 -9.1243183e-04   3.5483680e-04
 -9.1354263e-04   3.5196713e-04
 -9.1464441e-04   3.4909398e-04
 -9.1573715e-04   3.4621738e-04
 -9.1682084e-04   3.4333736e-04
 -9.1789548e-04   3.4045395e-04
 -9.1896104e-04   3.3756718e-04
 -9.2001753e-04   3.3467707e-04
 -9.2106493e-04   3.3178366e-04
 -9.2210323e-04   3.2888696e-04
 -9.2313242e-04   3.2598702e-04
 -9.2415249e-04   3.2308386e-04
 -9.2516343e-04   3.2017751e-04
 -9.2616522e-04   3.1726799e-04
 -9.2715787e-04   3.1435534e-04
 -9.2814136e-04   3.1143958e-04
 -9.2911568e-04   3.0852075e-04
 -9.3008082e-04   3.0559886e-04
 -9.3103677e-04   3.0267396e-04
 -9.3198353e-04   2.9974607e-04
 -9.3292107e-04   2.9681522e-04
 -9.3384940e-04   2.9388143e-04
 -9.3476850e-04   2.9094474e-04
 -9.3567837e-04   2.8800518e-04
 -9.3657900e-04   2.8506277e-04
 -9.3747037e-04   2.8211755e-04
 -9.3835248e-04   2.7916953e-04
 -9.3922532e-04   2.7621876e-04
 -9.4008888e-04   2.7326526e-04
 -9.4094315e-04   2.7030907e-04
 -9.4178813e-04   2.6735020e-04
 -9.4262380e-04   2.6438869e-04
 -9.4345016e-04   2.6142456e-04
 -9.4426720e-04   2.5845786e-04
 -9.4507490e-04   2.5548860e-04
 -9.4587328e-04   2.5251682e-04
 -9.4666231e-04   2.4954254e-04
 -9.4744198e-04   2.4656580e-04
 -9.4821230e-04   2.4358662e-04
 -9.4897324e-04   2.4060503e-04
 -9.4972482e-04   2.3762107e-04
 -9.5046701e-04   2.3463476e-04
 -9.5119981e-04   2.3164613e-04
 -9.5192321e-04   2.2865521e-04
 -9.5263720e-04   2.2566204e-04
 -9.5334179e-04   2.2266663e-04
 -9.5403696e-04   2.1966903e-04
 -9.5472270e-04   2.1666925e-04
 -9.5539901e-04   2.1366734e-04
 -9.5606588e-04   2.1066331e-04
 -9.5672331e-04   2.0765720e-04
 -9.5737128e-04   2.0464905e-04
 -9.5800980e-04   2.0163886e-04
 -9.5863885e-04   1.9862669e-04
 -9.5925843e-04   1.9561256e-04
 -9.5986853e-04   1.9259649e-04
 -9.6046915e-04   1.8957852e-04
 -9.6106028e-04   1.8655867e-04
 -9.6164192e-04   1.8353699e-04
 -9.6221405e-04   1.8051349e-04
 -9.6277668e-04   1.7748820e-04
 -9.6332980e-04   1.7446117e-04
 -9.6387340e-04   1.7143240e-04
 -9.6440748e-04   1.6840195e-04
 -9.6493203e-04   1.6536983e-04
 -9.6544705e-04   1.6233608e-04
 -9.6595252e-04   1.5930073e-04
 -9.6644846e-04   1.5626380e-04
 -9.6693485e-04   1.5322532e-04
 -9.6741168e-04   1.5018534e-04
 -9.6787896e-04   1.4714387e-04
 -9.6833668e-04   1.4410094e-04
 -9.6878483e-04   1.4105659e-04
 -9.6922340e-04   1.3801085e-04
 -9.6965241e-04   1.3496375e-04
 -9.7007183e-04   1.3191531e-04
 -9.7048167e-04   1.2886557e-04
 -9.7088192e-04   1.2581455e-04
 -9.7127258e-04   1.2276229e-04
 -9.7165364e-04   1.1970882e-04
 -9.7202511e-04   1.1665417e-04
 -9.7238697e-04   1.1359836e-04
 -9.7273922e-04   1.1054144e-04
 -9.7308186e-04   1.0748342e-04
 -9.7341490e-04   1.0442433e-04
 -9.7373831e-04   1.0136422e-04
 -9.7405210e-04   9.8303105e-05
 -9.7435627e-04   9.5241018e-05
 -9.7465082e-04   9.2177991e-05
 -9.7493573e-04   8.9114053e-05
 -9.7521102e-04   8.6049235e-05
 -9.7547667e-04   8.2983567e-05
 -9.7573268e-04   7.9917078e-05
 -9.7597905e-04   7.6849801e-05
 -9.7621578e-04   7.3781764e-05
 -9.7644287e-04   7.0712998e-05
 -9.7666031e-04   6.7643533e-05
 -9.7686810e-04   6.4573400e-05
 -9.7706623e-04   6.1502629e-05
 -9.7725472e-04   5.8431251e-05
 -9.7743355e-04   5.5359295e-05
 -9.7760273e-04   5.2286793e-05
 -9.7776224e-04   4.9213774e-05
 -9.7791210e-04   4.6140268e-05
 -9.7805230e-04   4.3066307e-05
 -9.7818283e-04   3.9991920e-05
 -9.7830370e-04   3.6917139e-05
 -9.7841490e-04   3.3841992e-05
 -9.7851644e-04   3.0766511e-05
 -9.7860831e-04   2.7690727e-05
 -9.7869051e-04   2.4614668e-05
 -9.7876305e-04   2.1538367e-05
 -9.7882591e-04   1.8461852e-05
 -9.7887910e-04   1.5385156e-05
 -9.7892262e-04   1.2308307e-05
 -9.7895648e-04   9.2313366e-06
 -9.7898066e-04   6.1542750e-06
 -9.7899516e-04   3.0771527e-06
 -9.7900000e-04   0.0000000e+00
 -1.0000000e-03   0.0000000e+00

 -9.8000000e-04   0.0000000e+00
 -9.7999516e-04   3.0802959e-06
 -9.7998064e-04   6.1605613e-06
 -9.7995643e-04   9.2407659e-06
 -9.7992255e-04   1.2320879e-05
 -9.7987898e-04   1.5400871e-05
 -9.7982573e-04   1.8480710e-05
 -9.7976280e-04   2.1560367e-05
 -9.7969020e-04   2.4639811e-05
 -9.7960791e-04   2.7719011e-05
 -9.7951595e-04   3.0797938e-05
 -9.7941430e-04   3.3876560e-05
 -9.7930299e-04   3.6954848e-05
 -9.7918199e-04   4.0032770e-05
 -9.7905133e-04   4.3110297e-05
 -9.7891099e-04   4.6187398e-05
 -9.7876098e-04   4.9264043e-05
 -9.7860130e-04   5.2340201e-05
 -9.7843195e-04   5.5415842e-05
 -9.7825294e-04   5.8490936e-05
 -9.7806426e-04   6.1565451e-05
 -9.7786592e-04   6.4639359e-05
 -9.7765792e-04   6.7712628e-05
 -9.7744025e-04   7.0785227e-05
 -9.7721294e-04   7.3857128e-05
 -9.7697597e-04   7.6928299e-05
 -9.7672934e-04   7.9998710e-05
 -9.7647307e-04   8.3068330e-05
 -9.7620715e-04   8.6137130e-05
 -9.7593158e-04   8.9205079e-05
 -9.7564638e-04   9.2272146e-05
 -9.7535153e-04   9.5338302e-05
 -9.7504705e-04   9.8403516e-05
 -9.7473293e-04   1.0146776e-04
 -9.7440919e-04   1.0453100e-04
 -9.7407582e-04   1.0759320e-04
 -9.7373283e-04   1.1065435e-04
 -9.7338021e-04   1.1371440e-04
 -9.7301798e-04   1.1677333e-04
 -9.7264614e-04   1.1983110e-04
 -9.7226468e-04   1.2288769e-04
 -9.7187363e-04   1.2594306e-04
 -9.7147297e-04   1.2899720e-04
 -9.7106271e-04   1.3205005e-04
 -9.7064286e-04   1.3510160e-04
 -9.7021342e-04   1.3815182e-04
 -9.6977439e-04   1.4120067e-04
 -9.6932578e-04   1.4424813e-04
 -9.6886760e-04   1.4729417e-04
 -9.6839985e-04   1.5033874e-04
 -9.6792252e-04   1.5338183e-04
 -9.6743564e-04   1.5642341e-04
 -9.6693920e-04   1.5946344e-04
 -9.6643320e-04   1.6250190e-04
 -9.6591766e-04   1.6553875e-04
 -9.6539257e-04   1.6857396e-04
 -9.6485795e-04   1.7160751e-04
 -9.6431379e-04   1.7463937e-04
 -9.6376011e-04   1.7766950e-04
 -9.6319691e-04   1.8069787e-04
 -9.6262419e-04   1.8372446e-04
 -9.6204196e-04   1.8674923e-04
 -9.6145022e-04   1.8977216e-04
 -9.6084899e-04   1.9279322e-04
 -9.6023826e-04   1.9581236e-04
 -9.5961805e-04   1.9882958e-04
 -9.5898836e-04   2.0184483e-04
 -9.5834919e-04   2.0485808e-04
 -9.5770055e-04   2.0786932e-04
 -9.5704245e-04   2.1087849e-04
 -9.5637490e-04   2.1388559e-04
 -9.5569790e-04   2.1689057e-04
 -9.5501146e-04   2.1989341e-04
 -9.5431558e-04   2.2289408e-04
 -9.5361028e-04   2.2589254e-04
 -9.5289555e-04   2.2888877e-04
 -9.5217141e-04   2.3188275e-04
 -9.5143786e-04   2.3487443e-04
 -9.5069491e-04   2.3786379e-04
 -9.4994257e-04   2.4085080e-04
 -9.4918085e-04   2.4383543e-04
 -9.4840975e-04   2.4681765e-04
 -9.4762927e-04   2.4979743e-04
 -9.4683944e-04   2.5277475e-04
 -9.4604025e-04   2.5574957e-04
 -9.4523172e-04   2.5872186e-04
 -9.4441384e-04   2.6169160e-04
 -9.4358664e-04   2.6465875e-04
 -9.4275012e-04   2.6762328e-04
 -9.4190428e-04   2.7058517e-04
 -9.4104913e-04   2.7354439e-04
 -9.4018469e-04   2.7650091e-04
 -9.3931096e-04   2.7945469e-04
 -9.3842795e-04   2.8240571e-04
 -9.3753567e-04   2.8535395e-04
 -9.3663412e-04   2.8829936e-04
 -9.3572332e-04   2.9124193e-04
 -9.3480328e-04   2.9418162e-04
 -9.3387401e-04   2.9711840e-04
 -9.3293550e-04   3.0005225e-04
 -9.3198778e-04   3.0298313e-04
 -9.3103085e-04   3.0591102e-04
 -9.3006473e-04   3.0883588e-04
 -9.2908941e-04   3.1175770e-04
 -9.2810492e-04   3.1467644e-04
 -9.2711126e-04   3.1759206e-04
 -9.2610843e-04   3.2050455e-04
 -9.2509646e-04   3.2341387e-04
 -9.2407535e-04   3.2632000e-04
 -9.2304511e-04   3.2922291e-04
 -9.2200575e-04   3.3212256e-04
 -9.2095728e-04   3.3501893e-04
 -9.1989972e-04   3.3791199e-04
 -9.1883306e-04   3.4080171e-04
 -9.1775733e-04   3.4368807e-04
 -9.1667253e-04   3.4657102e-04
 -9.1557867e-04   3.4945056e-04
 -9.1447577e-04   3.5232664e-04
 -9.1336384e-04   3.5519925e-04
 -9.1224288e-04   3.5806834e-04
 -9.1111290e-04   3.6093389e-04
 -9.0997393e-04   3.6379588e-04
 -9.0882597e-04   3.6665428e-04
 -9.0766903e-04   3.6950905e-04
 -9.0650312e-04   3.7236018e-04
 -9.0532825e-04   3.7520762e-04
 -9.0414444e-04   3.7805136e-04
 -9.0295170e-04   3.8089136e-04
 -9.0175004e-04   3.8372760e-04
 -9.0053947e-04   3.8656005e-04
 -8.9932000e-04   3.8938868e-04
 -8.9809164e-04   3.9221346e-04
 -8.9685442e-04   3.9503437e-04
 -8.9560833e-04   3.9785137e-04
 -8.9435340e-04   4.0066445e-04
 -8.9308963e-04   4.0347356e-04
 -8.9181704e-04   4.0627869e-04
 -8.9053563e-04   4.0907981e-04
 -8.8924543e-04   4.1187688e-04
 -8.8794644e-04   4.1466989e-04
 -8.8663868e-04   4.1745880e-04
 -8.8532216e-04   4.2024358e-04
 -8.8399690e-04   4.2302421e-04
 -8.8266290e-04   4.2580067e-04
 -8.8132018e-04   4.2857291e-04
 -8.7996875e-04   4.3134092e-04
 -8.7860863e-04   4.3410468e-04
 -8.7723983e-04   4.3686414e-04
 -8.7586237e-04   4.3961928e-04
 -8.7447625e-04   4.4237009e-04
 -8.7308149e-04   4.4511652e-04
 -8.7167810e-04   4.4785856e-04
 -8.7026611e-04   4.5059617e-04
 -8.6884551e-04   4.5332932e-04
 -8.6741633e-04   4.5605801e-04
 -8.6597859e-04   4.5878218e-04
 -8.6453228e-04   4.6150182e-04
 -8.6307744e-04   4.6421690e-04
 -8.6161407e-04   4.6692740e-04
 -8.6014218e-04   4.6963328e-04
 -8.5866180e-04   4.7233453e-04
 -8.5717294e-04   4.7503111e-04
 -8.5567561e-04   4.7772299e-04
 -8.5416982e-04   4.8041016e-04
 -8.5265560e-04   4.8309257e-04
 -8.5113295e-04   4.8577022e-04
 -8.4960189e-04   4.8844307e-04
 -8.4806244e-04   4.9111109e-04
 -8.4651461e-04   4.9377426e-04
 -8.4495842e-04   4.9643255e-04
 -8.4339388e-04   4.9908593e-04
 -8.4182100e-04   5.0173439e-04
 -8.4023981e-04   5.0437789e-04
 -8.3865032e-04   5.0701640e-04
 -8.3705255e-04   5.0964991e-04
 -8.3544650e-04   5.1227838e-04
 -8.3383220e-04   5.1490179e-04
 -8.3220967e-04   5.1752012e-04
 -8.3057891e-04   5.2013333e-04
 -8.2893994e-04   5.2274140e-04
 -8.2729279e-04   5.2534431e-04
 -8.2563746e-04   5.2794203e-04
 -8.2397398e-04   5.3053453e-04
 -8.2230235e-04   5.3312179e-04
 -8.2062260e-04   5.3570378e-04
 -8.1893475e-04   5.3828048e-04
 -8.1723880e-04   5.4085187e-04
 -8.1553478e-04   5.4341791e-04
 -8.1382270e-04   5.4597858e-04
 -8.1210259e-04   5.4853386e-04
 -8.1037444e-04   5.5108371e-04
 -8.0863830e-04   5.5362813e-04
 -8.0689416e-04   5.5616707e-04
 -8.0514206e-04   5.5870052e-04
 -8.0338199e-04   5.6122845e-04
 -8.0161399e-04   5.6375083e-04
 -7.9983808e-04   5.6626765e-04
 -7.9805426e-04   5.6877887e-04
 -7.9626255e-04   5.7128447e-04
 -7.9446298e-04   5.7378443e-04
 -7.9265556e-04   5.7627872e-04
 -7.9084031e-04   5.7876732e-04
 -7.8901724e-04   5.8125019e-04
 -7.8718638e-04   5.8372733e-04
 -7.8534775e-04   5.8619870e-04
 -7.8350135e-04   5.8866428e-04
 -7.8164722e-04   5.9112404e-04
 -7.7978536e-04   5.9357796e-04
 -7.7791580e-04   5.9602602e-04
 -7.7603855e-04   5.9846818e-04
 -7.7415364e-04   6.0090444e-04
 -7.7226107e-04   6.0333476e-04
 -7.7036088e-04   6.0575912e-04
 -7.6845308e-04   6.0817749e-04
 -7.6653769e-04   6.1058986e-04
 -7.6461472e-04   6.1299619e-04
 -7.6268420e-04   6.1539647e-04
 -7.6074614e-04   6.1779067e-04
 -7.5880057e-04   6.2017876e-04
 -7.5684750e-04   6.2256073e-04
 -7.5488695e-04   6.2493655e-04
 -7.5291895e-04   6.2730619e-04
 -7.5094351e-04   6.2966964e-04
 -7.4896064e-04   6.3202686e-04
 -7.4697038e-04   6.3437784e-04
 -7.4497274e-04   6.3672255e-04
 -7.4296774e-04   6.3906098e-04
 -7.4095540e-04   6.4139309e-04
 -7.3893574e-04   6.4371886e-04
 -7.3690878e-04   6.4603827e-04
 -7.3487454e-04   6.4835130e-04
 -7.3283304e-04   6.5065793e-04
 -7.3078430e-04   6.5295812e-04
 -7.2872834e-04   6.5525187e-04
 -7.2666518e-04   6.5753914e-04
 -7.2459484e-04   6.5981992e-04
 -7.2251734e-04   6.6209417e-04
 -7.2043270e-04   6.6436189e-04
 -7.1834095e-04   6.6662304e-04
 -7.1624210e-04   6.6887761e-04
 -7.1413617e-04   6.7112557e-04
 -7.1202319e-04   6.7336690e-04
 -7.0990317e-04   6.7560157e-04
 -7.0777614e-04   6.7782957e-04
 -7.0564212e-04   6.8005088e-04
 -7.0350113e-04   6.8226547e-04
 -7.0135318e-04   6.8447331e-04
 -6.9919831e-04   6.8667439e-04
 -6.9703653e-04   6.8886869e-04
 -6.9486786e-04   6.9105619e-04
 -6.9269233e-04   6.9323685e-04
 -6.9050995e-04   6.9541067e-04
 -6.8832076e-04   6.9757762e-04
 -6.8612476e-04   6.9973768e-04
 -6.8392198e-04   7.0189082e-04
 -6.8171245e-04   7.0403703e-04
 -6.7949618e-04   7.0617628e-04
 -6.7727320e-04   7.0830856e-04
 -6.7504353e-04   7.1043383e-04
 -6.7280719e-04   7.1255209e-04
 -6.7056420e-04   7.1466331e-04
 -6.6831459e-04   7.1676747e-04
 -6.6605837e-04   7.1886455e-04
 -6.6379558e-04   7.2095453e-04
 -6.6152622e-04   7.2303738e-04
 -6.5925033e-04   7.2511309e-04
 -6.5696793e-04   7.2718164e-04
 -6.5467904e-04   7.2924300e-04
 -6.5238368e-04   7.3129716e-04
 -6.5008187e-04   7.3334409e-04
 -6.4777364e-04   7.3538378e-04
 -6.4545901e-04   7.3741621e-04
 -6.4313801e-04   7.3944134e-04
 -6.4081065e-04   7.4145918e-04
 -6.3847696e-04   7.4346968e-04
 -6.3613696e-04   7.4547284e-04
 -6.3379068e-04   7.4746864e-04
 -6.3143814e-04   7.4945705e-04
 -6.2907936e-04   7.5143806e-04
 -6.2671436e-04   7.5341165e-04
 -6.2434317e-04   7.5537779e-04
 -6.2196582e-04   7.5733647e-04
 -6.1958231e-04   7.5928766e-04
 -6.1719269e-04   7.6123136e-04
 -6.1479697e-04   7.6316753e-04
 -6.1239518e-04   7.6509617e-04
 -6.0998733e-04   7.6701724e-04
 -6.0757346e-04   7.6893074e-04
 -6.0515359e-04   7.7083664e-04
 -6.0272774e-04   7.7273493e-04
 -6.0029593e-04   7.7462558e-04
 -5.9785820e-04   7.7650858e-04
 -5.9541455e-04   7.7838391e-04
 -5.9296503e-04   7.8025155e-04
 -5.9050964e-04   7.8211148e-04
 -5.8804843e-04   7.8396368e-04
 -5.8558140e-04   7.8580814e-04
 -5.8310859e-04   7.8764483e-04
 -5.8063001e-04   7.8947374e-04
 -5.7814570e-04   7.9129485e-04
 -5.7565568e-04   7.9310815e-04
 -5.7315997e-04   7.9491361e-04
 -5.7065860e-04   7.9671122e-04
 -5.6815159e-04   7.9850095e-04
 -5.6563897e-04   8.0028280e-04
 -5.6312076e-04   8.0205674e-04
 -5.6059699e-04   8.0382275e-04
 -5.5806767e-04   8.0558083e-04
 -5.5553285e-04   8.0733094e-04
 -5.5299254e-04   8.0907308e-04
 -5.5044676e-04   8.1080723e-04
 -5.4789554e-04   8.1253337e-04
 -5.4533891e-04   8.1425148e-04
 -5.4277690e-04   8.1596154e-04
 -5.4020952e-04   8.1766355e-04
 -5.3763681e-04   8.1935747e-04
 -5.3505878e-04   8.2104330e-04
 -5.3247547e-04   8.2272102e-04
 -5.2988689e-04   8.2439061e-04
 -5.2729308e-04   8.2605206e-04
 -5.2469407e-04   8.2770534e-04
 -5.2208987e-04   8.2935045e-04
 -5.1948051e-04   8.3098737e-04
 -5.1686601e-04   8.3261607e-04
 -5.1424642e-04   8.3423655e-04
 -5.1162174e-04   8.3584879e-04
 -5.0899201e-04   8.3745277e-04
 -5.0635724e-04   8.3904847e-04
 -5.0371748e-04   8.4063589e-04
 -5.0107274e-04   8.4221500e-04
 -4.9842305e-04   8.4378579e-04
 -4.9576843e-04   8.4534825e-04
 -4.9310892e-04   8.4690235e-04
 -4.9044454e-04   8.4844809e-04
 -4.8777531e-04   8.4998544e-04
 -4.8510126e-04   8.5151440e-04
 -4.8242242e-04   8.5303494e-04
 -4.7973881e-04   8.5454706e-04
 -4.7705046e-04   8.5605073e-04
 -4.7435740e-04   8.5754595e-04
 -4.7165965e-04   8.5903269e-04
 -4.6895725e-04   8.6051095e-04
 -4.6625021e-04   8.6198071e-04
 -4.6353856e-04   8.6344195e-04
 -4.6082234e-04   8.6489466e-04
 -4.5810156e-04   8.6633883e-04
 -4.5537626e-04   8.6777443e-04
 -4.5264645e-04   8.6920147e-04
 -4.4991218e-04   8.7061991e-04
 -4.4717346e-04   8.7202976e-04
 -4.4443032e-04   8.7343099e-04
 -4.4168280e-04   8.7482359e-04
 -4.3893090e-04   8.7620754e-04
 -4.3617468e-04   8.7758285e-04
 -4.3341414e-04   8.7894948e-04
 -4.3064932e-04   8.8030743e-04
 -4.2788025e-04   8.8165668e-04
 -4.2510695e-04   8.8299722e-04
 -4.2232944e-04   8.8432903e-04
 -4.1954777e-04   8.8565211e-04
 -4.1676195e-04   8.8696644e-04
 -4.1397202e-04   8.8827201e-04
 -4.1117799e-04   8.8956880e-04
 -4.0837991e-04   8.9085681e-04
 -4.0557778e-04   8.9213601e-04
 -4.0277166e-04   8.9340640e-04
 -3.9996155e-04   8.9466796e-04
 -3.9714749e-04   8.9592068e-04
 -3.9432950e-04   8.9716456e-04
 -3.9150763e-04   8.9839957e-04
 -3.8868188e-04   8.9962570e-04
 -3.8585229e-04   9.0084294e-04
 -3.8301889e-04   9.0205129e-04
 -3.8018171e-04   9.0325072e-04
 -3.7734077e-04   9.0444123e-04
 -3.7449611e-04   9.0562281e-04
 -3.7164774e-04   9.0679543e-04
 -3.6879570e-04   9.0795910e-04
 -3.6594002e-04   9.0911380e-04
 -3.6308072e-04   9.1025952e-04
 -3.6021784e-04   9.1139624e-04
 -3.5735140e-04   9.1252396e-04
 -3.5448142e-04   9.1364267e-04
 -3.5160795e-04   9.1475234e-04
 -3.4873100e-04   9.1585299e-04
 -3.4585060e-04   9.1694458e-04
 -3.4296679e-04   9.1802711e-04
 -3.4007959e-04   9.1910058e-04
 -3.3718903e-04   9.2016496e-04
 -3.3429514e-04   9.2122025e-04
 -3.3139795e-04   9.2226645e-04
 -3.2849748e-04   9.2330353e-04
 -3.2559377e-04   9.2433149e-04
 -3.2268684e-04   9.2535031e-04
 -3.1977673e-04   9.2636000e-04
 -3.1686345e-04   9.2736053e-04
 -3.1394704e-04   9.2835190e-04
 -3.1102753e-04   9.2933410e-04
 -3.0810495e-04   9.3030712e-04
 -3.0517933e-04   9.3127095e-04
 -3.0225069e-04   9.3222557e-04
 -2.9931906e-04   9.3317099e-04
 -2.9638448e-04   9.3410719e-04
 -2.9344697e-04   9.3503416e-04
 -2.9050655e-04   9.3595189e-04
 -2.8756327e-04   9.3686038e-04
 -2.8461715e-04   9.3775960e-04
 -2.8166822e-04   9.3864957e-04
 -2.7871650e-04   9.3953026e-04
 -2.7576203e-04   9.4040167e-04
 -2.7280484e-04   9.4126379e-04
 -2.6984495e-04   9.4211661e-04
 -2.6688239e-04   9.4296012e-04
 -2.6391720e-04   9.4379432e-04
 -2.6094940e-04   9.4461919e-04
 -2.5797903e-04   9.4543473e-04
 -2.5500610e-04   9.4624093e-04
 -2.5203065e-04   9.4703778e-04
 -2.4905272e-04   9.4782527e-04
 -2.4607232e-04   9.4860340e-04
 -2.4308950e-04   9.4937216e-04
 -2.4010427e-04   9.5013154e-04
 -2.3711667e-04   9.5088153e-04
 -2.3412672e-04   9.5162213e-04
 -2.3113447e-04   9.5235333e-04
 -2.2813993e-04   9.5307511e-04
 -2.2514313e-04   9.5378749e-04
 -2.2214412e-04   9.5449044e-04
 -2.1914290e-04   9.5518396e-04
 -2.1613953e-04   9.5586804e-04
 -2.1313401e-04   9.5654268e-04
 -2.1012639e-04   9.5720787e-04
 -2.0711670e-04   9.5786360e-04
 -2.0410496e-04   9.5850987e-04
 -2.0109120e-04   9.5914667e-04
 -1.9807546e-04   9.5977399e-04
 -1.9505776e-04   9.6039183e-04
 -1.9203813e-04   9.6100019e-04
 -1.8901660e-04   9.6159905e-04
 -1.8599321e-04   9.6218840e-04
 -1.8296798e-04   9.6276826e-04
 -1.7994094e-04   9.6333860e-04
 -1.7691213e-04   9.6389942e-04
 -1.7388157e-04   9.6445073e-04
 -1.7084928e-04   9.6499250e-04
 -1.6781532e-04   9.6552474e-04
 -1.6477969e-04   9.6604744e-04
 -1.6174243e-04   9.6656060e-04
 -1.5870358e-04   9.6706420e-04
 -1.5566316e-04   9.6755826e-04
 -1.5262120e-04   9.6804275e-04
 -1.4957774e-04   9.6851768e-04
 -1.4653279e-04   9.6898304e-04
 -1.4348640e-04   9.6943883e-04
 -1.4043859e-04   9.6988505e-04
 -1.3738939e-04   9.7032168e-04
 -1.3433884e-04   9.7074872e-04
 -1.3128696e-04   9.7116617e-04
 -1.2823378e-04   9.7157403e-04
 -1.2517934e-04   9.7197229e-04
 -1.2212365e-04   9.7236095e-04
 -1.1906677e-04   9.7274000e-04
 -1.1600870e-04   9.7310944e-04
 -1.1294949e-04   9.7346927e-04
 -1.0988916e-04   9.7381948e-04
 -1.0682775e-04   9.7416006e-04
 -1.0376528e-04   9.7449103e-04
 -1.0070179e-04   9.7481237e-04
 -9.7637303e-05   9.7512407e-04
 -9.4571850e-05   9.7542615e-04
 -9.1505464e-05   9.7571858e-04
 -8.8438173e-05   9.7600138e-04
 -8.5370009e-05   9.7627453e-04
 -8.2301001e-05   9.7653804e-04
 -7.9231180e-05   9.7679190e-04
 -7.6160576e-05   9.7703611e-04
 -7.3089220e-05   9.7727067e-04
 -7.0017142e-05   9.7749558e-04
 -6.6944372e-05   9.7771082e-04
 -6.3870941e-05   9.7791641e-04
 -6.0796878e-05   9.7811233e-04
 -5.7722215e-05   9.7829860e-04
 -5.4646982e-05   9.7847520e-04
 -5.1571209e-05   9.7864213e-04
 -4.8494926e-05   9.7879939e-04
 -4.5418165e-05   9.7894698e-04
 -4.2340954e-05   9.7908490e-04
 -3.9263325e-05   9.7921315e-04
 -3.6185309e-05   9.7933172e-04
 -3.3106935e-05   9.7944062e-04
 -3.0028233e-05   9.7953984e-04
 -2.6949236e-05   9.7962939e-04
 -2.3869972e-05   9.7970926e-04
 -2.0790472e-05   9.7977944e-04
 -1.7710766e-05   9.7983995e-04
 -1.4630886e-05   9.7989078e-04
 -1.1550861e-05   9.7993192e-04
 -8.4707221e-06   9.7996339e-04
 -5.3904995e-06   9.7998517e-04
 -2.3102236e-06   9.7999728e-04
  7.7007516e-07   9.7999970e-04
  3.8503663e-06   9.7999244e-04
  6.9306194e-06   9.7997549e-04
  1.0010804e-05   9.7994887e-04
  1.3090890e-05   9.7991256e-04
  1.6170846e-05   9.7986657e-04
  1.9250643e-05   9.7981091e-04
  2.2330249e-05   9.7974556e-04
  2.5409635e-05   9.7967053e-04
  2.8488770e-05   9.7958583e-04
  3.1567623e-05   9.7949144e-04
  3.4646165e-05   9.7938738e-04
  3.7724364e-05   9.7927365e-04
  4.0802190e-05   9.7915023e-04
  4.3879614e-05   9.7901715e-04
  4.6956603e-05   9.7887439e-04
  5.0033129e-05   9.7872197e-04
  5.3109161e-05   9.7855987e-04
  5.6184668e-05   9.7838810e-04
  5.9259620e-05   9.7820667e-04
  6.2333986e-05   9.7801558e-04
  6.5407737e-05   9.7781482e-04
  6.8480841e-05   9.7760441e-04
  7.1553269e-05   9.7738433e-04
  7.4624990e-05   9.7715460e-04
  7.7695974e-05   9.7691521e-04
  8.0766190e-05   9.7666618e-04
  8.3835608e-05   9.7640749e-04
  8.6904198e-05   9.7613916e-04
  8.9971930e-05   9.7586118e-04
  9.3038772e-05   9.7557357e-04
  9.6104695e-05   9.7527631e-04
  9.9169669e-05   9.7496942e-04
  1.0223366e-04   9.7465290e-04
  1.0529665e-04   9.7432675e-04
  1.0835859e-04   9.7399097e-04
  1.1141946e-04   9.7364557e-04
  1.1447924e-04   9.7329055e-04
  1.1753788e-04   9.7292592e-04
  1.2059536e-04   9.7255167e-04
  1.2365165e-04   9.7216782e-04
  1.2670672e-04   9.7177436e-04
  1.2976053e-04   9.7137130e-04
  1.3281306e-04   9.7095864e-04
  1.3586429e-04   9.7053640e-04
  1.3891416e-04   9.7010456e-04
  1.4196267e-04   9.6966314e-04
  1.4500978e-04   9.6921214e-04
  1.4805545e-04   9.6875156e-04
  1.5109966e-04   9.6828141e-04
  1.5414237e-04   9.6780170e-04
  1.5718357e-04   9.6731242e-04
  1.6022321e-04   9.6681359e-04
  1.6326126e-04   9.6630521e-04
  1.6629771e-04   9.6578728e-04
  1.6933251e-04   9.6525981e-04
  1.7236564e-04   9.6472280e-04
  1.7539706e-04   9.6417627e-04
  1.7842676e-04   9.6362020e-04
  1.8145469e-04   9.6305462e-04
  1.8448082e-04   9.6247952e-04
  1.8750514e-04   9.6189491e-04
  1.9052760e-04   9.6130080e-04
  1.9354818e-04   9.6069720e-04
  1.9656685e-04   9.6008410e-04
  1.9958358e-04   9.5946151e-04
  2.0259833e-04   9.5882945e-04
  2.0561108e-04   9.5818792e-04
  2.0862180e-04   9.5753691e-04
  2.1163046e-04   9.5687645e-04
  2.1463703e-04   9.5620654e-04
  2.1764148e-04   9.5552718e-04
  2.2064378e-04   9.5483837e-04
  2.2364390e-04   9.5414014e-04
  2.2664181e-04   9.5343248e-04
  2.2963748e-04   9.5271540e-04
  2.3263088e-04   9.5198890e-04
  2.3562199e-04   9.5125301e-04
  2.3861076e-04   9.5050771e-04
  2.4159718e-04   9.4975302e-04
  2.4458121e-04   9.4898895e-04
  2.4756283e-04   9.4821551e-04
  2.5054200e-04   9.4743269e-04
  2.5351869e-04   9.4664052e-04
  2.5649288e-04   9.4583899e-04
  2.5946453e-04   9.4502812e-04
  2.6243363e-04   9.4420792e-04
  2.6540013e-04   9.4337838e-04
  2.6836400e-04   9.4253953e-04
  2.7132523e-04   9.4169136e-04
  2.7428377e-04   9.4083389e-04
  2.7723961e-04   9.3996713e-04
  2.8019271e-04   9.3909107e-04
  2.8314304e-04   9.3820575e-04
  2.8609057e-04   9.3731115e-04
  2.8903527e-04   9.3640729e-04
  2.9197712e-04   9.3549418e-04
  2.9491609e-04   9.3457183e-04
  2.9785214e-04   9.3364024e-04
  3.0078524e-04   9.3269944e-04
  3.0371538e-04   9.3174941e-04
  3.0664252e-04   9.3079018e-04
  3.0956663e-04   9.2982176e-04
  3.1248767e-04   9.2884415e-04
  3.1540563e-04   9.2785736e-04
  3.1832048e-04   9.2686141e-04
  3.2123218e-04   9.2585630e-04
  3.2414071e-04   9.2484204e-04
  3.2704603e-04   9.2381865e-04
  3.2994813e-04   9.2278613e-04
  3.3284696e-04   9.2174449e-04
  3.3574250e-04   9.2069374e-04
  3.3863473e-04   9.1963390e-04
  3.4152362e-04   9.1856498e-04
  3.4440912e-04   9.1748698e-04
  3.4729123e-04   9.1639991e-04
  3.5016991e-04   9.1530379e-04
  3.5304512e-04   9.1419863e-04
  3.5591685e-04   9.1308444e-04
  3.5878506e-04   9.1196123e-04
  3.6164973e-04   9.1082900e-04
  3.6451082e-04   9.0968778e-04
  3.6736831e-04   9.0853757e-04
  3.7022218e-04   9.0737839e-04
  3.7307238e-04   9.0621024e-04
  3.7591890e-04   9.0503314e-04
  3.7876171e-04   9.0384709e-04
  3.8160077e-04   9.0265212e-04
  3.8443607e-04   9.0144823e-04
  3.8726756e-04   9.0023543e-04
  3.9009523e-04   8.9901374e-04
  3.9291905e-04   8.9778317e-04
  3.9573899e-04   8.9654373e-04
  3.9855501e-04   8.9529543e-04
  4.0136710e-04   8.9403828e-04
  4.0417522e-04   8.9277231e-04
  4.0697935e-04   8.9149751e-04
  4.0977946e-04   8.9021391e-04
  4.1257552e-04   8.8892151e-04
  4.1536750e-04   8.8762032e-04
  4.1815538e-04   8.8631037e-04
  4.2093913e-04   8.8499167e-04
  4.2371872e-04   8.8366422e-04
  4.2649412e-04   8.8232804e-04
  4.2926531e-04   8.8098314e-04
  4.3203226e-04   8.7962954e-04
  4.3479494e-04   8.7826725e-04
  4.3755333e-04   8.7689628e-04
  4.4030739e-04   8.7551665e-04
  4.4305711e-04   8.7412837e-04
  4.4580244e-04   8.7273145e-04
  4.4854337e-04   8.7132591e-04
  4.5127987e-04   8.6991176e-04
  4.5401192e-04   8.6848902e-04
  4.5673947e-04   8.6705770e-04
  4.5946252e-04   8.6561781e-04
  4.6218102e-04   8.6416937e-04
  4.6489496e-04   8.6271239e-04
  4.6760431e-04   8.6124689e-04
  4.7030903e-04   8.5977289e-04
  4.7300911e-04   8.5829038e-04
  4.7570452e-04   8.5679940e-04
  4.7839523e-04   8.5529995e-04
  4.8108121e-04   8.5379206e-04
  4.8376243e-04   8.5227572e-04
  4.8643888e-04   8.5075097e-04
  4.8911052e-04   8.4921781e-04
  4.9177734e-04   8.4767627e-04
  4.9443929e-04   8.4612634e-04
  4.9709635e-04   8.4456806e-04
  4.9974851e-04   8.4300144e-04
  5.0239573e-04   8.4142649e-04
  5.0503799e-04   8.3984322e-04
  5.0767525e-04   8.3825166e-04
  5.1030750e-04   8.3665181e-04
  5.1293471e-04   8.3504370e-04
  5.1555685e-04   8.3342734e-04
  5.1817390e-04   8.3180275e-04
  5.2078583e-04   8.3016993e-04
  5.2339261e-04   8.2852892e-04
  5.2599423e-04   8.2687972e-04
  5.2859064e-04   8.2522235e-04
  5.3118184e-04   8.2355683e-04
  5.3376778e-04   8.2188318e-04
  5.3634845e-04   8.2020140e-04
  5.3892383e-04   8.1851152e-04
  5.4149388e-04   8.1681355e-04
  5.4405858e-04   8.1510752e-04
  5.4661790e-04   8.1339343e-04
  5.4917183e-04   8.1167130e-04
  5.5172033e-04   8.0994116e-04
  5.5426338e-04   8.0820301e-04
  5.5680095e-04   8.0645688e-04
  5.5933302e-04   8.0470278e-04
  5.6185957e-04   8.0294074e-04
  5.6438056e-04   8.0117076e-04
  5.6689598e-04   7.9939286e-04
  5.6940580e-04   7.9760707e-04
  5.7190999e-04   7.9581340e-04
  5.7440854e-04   7.9401186e-04
  5.7690140e-04   7.9220248e-04
  5.7938857e-04   7.9038527e-04
  5.8187002e-04   7.8856026e-04
  5.8434571e-04   7.8672745e-04
  5.8681564e-04   7.8488688e-04
  5.8927976e-04   7.8303854e-04
  5.9173807e-04   7.8118248e-04
  5.9419052e-04   7.7931869e-04
  5.9663711e-04   7.7744721e-04
  5.9907780e-04   7.7556804e-04
  6.0151258e-04   7.7368121e-04
  6.0394141e-04   7.7178674e-04
  6.0636428e-04   7.6988464e-04
  6.0878115e-04   7.6797494e-04
  6.1119201e-04   7.6605765e-04
  6.1359683e-04   7.6413279e-04
  6.1599559e-04   7.6220039e-04
  6.1838827e-04   7.6026045e-04
  6.2077483e-04   7.5831300e-04
  6.2315526e-04   7.5635806e-04
  6.2552954e-04   7.5439565e-04
  6.2789763e-04   7.5242578e-04
  6.3025953e-04   7.5044849e-04
  6.3261519e-04   7.4846377e-04
  6.3496461e-04   7.4647167e-04
  6.3730775e-04   7.4447218e-04
  6.3964460e-04   7.4246535e-04
  6.4197512e-04   7.4045117e-04
  6.4429931e-04   7.3842969e-04
  6.4661713e-04   7.3640090e-04
  6.4892856e-04   7.3436485e-04
  6.5123358e-04   7.3232153e-04
  6.5353216e-04   7.3027098e-04
  6.5582429e-04   7.2821322e-04
  6.5810994e-04   7.2614826e-04
  6.6038909e-04   7.2407613e-04
  6.6266172e-04   7.2199685e-04
  6.6492780e-04   7.1991043e-04
  6.6718730e-04   7.1781690e-04
  6.6944022e-04   7.1571628e-04
  6.7168652e-04   7.1360859e-04
  6.7392619e-04   7.1149384e-04
  6.7615920e-04   7.0937207e-04
  6.7838553e-04   7.0724329e-04
  6.8060516e-04   7.0510752e-04
  6.8281806e-04   7.0296479e-04
  6.8502422e-04   7.0081511e-04
  6.8722361e-04   6.9865851e-04
  6.8941621e-04   6.9649501e-04
  6.9160200e-04   6.9432462e-04
  6.9378095e-04   6.9214738e-04
  6.9595305e-04   6.8996329e-04
  6.9811828e-04   6.8777239e-04
  7.0027661e-04   6.8557470e-04
  7.0242802e-04   6.8337023e-04
  7.0457249e-04   6.8115901e-04
  7.0671000e-04   6.7894107e-04
  7.0884053e-04   6.7671641e-04
  7.1096406e-04   6.7448507e-04
  7.1308056e-04   6.7224706e-04
  7.1519002e-04   6.7000242e-04
  7.1729241e-04   6.6775115e-04
  7.1938771e-04   6.6549329e-04
  7.2147591e-04   6.6322885e-04
  7.2355698e-04   6.6095786e-04
  7.2563090e-04   6.5868034e-04
  7.2769766e-04   6.5639632e-04
  7.2975722e-04   6.5410580e-04
  7.3180957e-04   6.5180883e-04
  7.3385470e-04   6.4950542e-04
  7.3589257e-04   6.4719559e-04
  7.3792317e-04   6.4487936e-04
  7.3994649e-04   6.4255677e-04
  7.4196249e-04   6.4022782e-04
  7.4397116e-04   6.3789255e-04
  7.4597249e-04   6.3555098e-04
  7.4796644e-04   6.3320313e-04
  7.4995300e-04   6.3084903e-04
  7.5193216e-04   6.2848869e-04
  7.5390388e-04   6.2612214e-04
  7.5586816e-04   6.2374941e-04
  7.5782497e-04   6.2137051e-04
  7.5977429e-04   6.1898548e-04
  7.6171611e-04   6.1659433e-04
  7.6365040e-04   6.1419709e-04
  7.6557715e-04   6.1179378e-04
  7.6749633e-04   6.0938443e-04
  7.6940793e-04   6.0696906e-04
  7.7131193e-04   6.0454769e-04
  7.7320831e-04   6.0212034e-04
  7.7509705e-04   5.9968705e-04
  7.7697813e-04   5.9724784e-04
  7.7885154e-04   5.9480272e-04
  7.8071725e-04   5.9235173e-04
  7.8257525e-04   5.8989488e-04
  7.8442552e-04   5.8743221e-04
  7.8626804e-04   5.8496374e-04
  7.8810279e-04   5.8248948e-04
  7.8992975e-04   5.8000947e-04
  7.9174891e-04   5.7752373e-04
  7.9356025e-04   5.7503229e-04
  7.9536375e-04   5.7253516e-04
  7.9715939e-04   5.7003238e-04
  7.9894715e-04   5.6752396e-04
  8.0072702e-04   5.6500994e-04
  8.0249898e-04   5.6249034e-04
  8.0426302e-04   5.5996518e-04
  8.0601910e-04   5.5743448e-04
  8.0776723e-04   5.5489828e-04
  8.0950737e-04   5.5235660e-04
  8.1123952e-04   5.4980946e-04
  8.1296365e-04   5.4725689e-04
  8.1467975e-04   5.4469892e-04
  8.1638780e-04   5.4213556e-04
  8.1808778e-04   5.3956684e-04
  8.1977969e-04   5.3699280e-04
  8.2146349e-04   5.3441345e-04
  8.2313918e-04   5.3182882e-04
  8.2480674e-04   5.2923893e-04
  8.2646615e-04   5.2664382e-04
  8.2811739e-04   5.2404350e-04
  8.2976045e-04   5.2143801e-04
  8.3139531e-04   5.1882736e-04
  8.3302196e-04   5.1621159e-04
  8.3464038e-04   5.1359072e-04
  8.3625056e-04   5.1096478e-04
  8.3785247e-04   5.0833379e-04
  8.3944611e-04   5.0569777e-04
  8.4103145e-04   5.0305676e-04
  8.4260848e-04   5.0041078e-04
  8.4417719e-04   4.9775986e-04
  8.4573756e-04   4.9510401e-04
  8.4728957e-04   4.9244328e-04
  8.4883321e-04   4.8977768e-04
  8.5036847e-04   4.8710724e-04
  8.5189532e-04   4.8443199e-04
  8.5341376e-04   4.8175196e-04
  8.5492377e-04   4.7906716e-04
  8.5642533e-04   4.7637764e-04
  8.5791843e-04   4.7368340e-04
  8.5940306e-04   4.7098449e-04
  8.6087919e-04   4.6828092e-04
  8.6234682e-04   4.6557273e-04
  8.6380593e-04   4.6285994e-04
  8.6525650e-04   4.6014257e-04
  8.6669853e-04   4.5742066e-04
  8.6813199e-04   4.5469423e-04
  8.6955688e-04   4.5196330e-04
  8.7097318e-04   4.4922792e-04
  8.7238087e-04   4.4648809e-04
  8.7377995e-04   4.4374385e-04
  8.7517039e-04   4.4099523e-04
  8.7655218e-04   4.3824225e-04
  8.7792532e-04   4.3548494e-04
  8.7928978e-04   4.3272333e-04
  8.8064555e-04   4.2995745e-04
  8.8199263e-04   4.2718732e-04
  8.8333099e-04   4.2441296e-04
  8.8466062e-04   4.2163442e-04
  8.8598152e-04   4.1885170e-04
  8.8729366e-04   4.1606485e-04
  8.8859703e-04   4.1327389e-04
  8.8989163e-04   4.1047885e-04
  8.9117743e-04   4.0767975e-04
  8.9245443e-04   4.0487663e-04
  8.9372262e-04   4.0206950e-04
  8.9498197e-04   3.9925840e-04
  8.9623248e-04   3.9644336e-04
  8.9747414e-04   3.9362440e-04
  8.9870693e-04   3.9080155e-04
  8.9993084e-04   3.8797484e-04
  9.0114586e-04   3.8514430e-04
  9.0235198e-04   3.8230995e-04
  9.0354919e-04   3.7947183e-04
  9.0473746e-04   3.7662995e-04
  9.0591680e-04   3.7378436e-04
  9.0708719e-04   3.7093507e-04
  9.0824862e-04   3.6808212e-04
  9.0940107e-04   3.6522553e-04
  9.1054454e-04   3.6236534e-04
  9.1167902e-04   3.5950156e-04
  9.1280448e-04   3.5663423e-04
  9.1392093e-04   3.5376338e-04
  9.1502835e-04   3.5088904e-04
  9.1612673e-04   3.4801122e-04
  9.1721606e-04   3.4512997e-04
  9.1829633e-04   3.4224531e-04
  9.1936752e-04   3.3935727e-04
  9.2042964e-04   3.3646587e-04
  9.2148266e-04   3.3357115e-04
  9.2252657e-04   3.3067314e-04
  9.2356137e-04   3.2777186e-04
  9.2458705e-04   3.2486734e-04
  9.2560359e-04   3.2195961e-04
  9.2661099e-04   3.1904870e-04
  9.2760923e-04   3.1613464e-04
  9.2859831e-04   3.1321745e-04
  9.2957822e-04   3.1029717e-04
  9.3054894e-04   3.0737383e-04
  9.3151047e-04   3.0444745e-04
  9.3246279e-04   3.0151806e-04
  9.3340591e-04   2.9858569e-04
  9.3433980e-04   2.9565037e-04
  9.3526446e-04   2.9271213e-04
  9.3617988e-04   2.8977100e-04
  9.3708605e-04   2.8682701e-04
  9.3798296e-04   2.8388018e-04
  9.3887061e-04   2.8093055e-04
  9.3974898e-04   2.7797814e-04
  9.4061807e-04   2.7502299e-04
  9.4147787e-04   2.7206512e-04
  9.4232836e-04   2.6910456e-04
  9.4316954e-04   2.6614134e-04
  9.4400141e-04   2.6317550e-04
  9.4482395e-04   2.6020705e-04
  9.4563715e-04   2.5723603e-04
  9.4644102e-04   2.5426247e-04
  9.4723553e-04   2.5128640e-04
  9.4802068e-04   2.4830785e-04
  9.4879647e-04   2.4532684e-04
  9.4956288e-04   2.4234341e-04
  9.5031992e-04   2.3935759e-04
  9.5106756e-04   2.3636940e-04
  9.5180581e-04   2.3337887e-04
  9.5253466e-04   2.3038605e-04
  9.5325409e-04   2.2739094e-04
  9.5396411e-04   2.2439359e-04
  9.5466470e-04   2.2139402e-04
  9.5535586e-04   2.1839226e-04
  9.5603758e-04   2.1538835e-04
  9.5670986e-04   2.1238230e-04
  9.5737269e-04   2.0937416e-04
  9.5802605e-04   2.0636395e-04
  9.5866996e-04   2.0335171e-04
  9.5930439e-04   2.0033745e-04
  9.5992934e-04   1.9732121e-04
  9.6054481e-04   1.9430303e-04
  9.6115079e-04   1.9128292e-04
  9.6174728e-04   1.8826093e-04
  9.6233426e-04   1.8523708e-04
  9.6291173e-04   1.8221139e-04
  9.6347970e-04   1.7918391e-04
  9.6403814e-04   1.7615465e-04
  9.6458706e-04   1.7312366e-04
  9.6512645e-04   1.7009095e-04
  9.6565631e-04   1.6705656e-04
  9.6617662e-04   1.6402053e-04
  9.6668739e-04   1.6098287e-04
  9.6718861e-04   1.5794362e-04
  9.6768028e-04   1.5490281e-04
  9.6816238e-04   1.5186048e-04
  9.6863492e-04   1.4881664e-04
  9.6909789e-04   1.4577133e-04
  9.6955129e-04   1.4272458e-04
  9.6999510e-04   1.3967642e-04
  9.7042934e-04   1.3662688e-04
  9.7085398e-04   1.3357599e-04
  9.7126904e-04   1.3052379e-04
  9.7167450e-04   1.2747029e-04
  9.7207036e-04   1.2441553e-04
  9.7245661e-04   1.2135954e-04
  9.7283326e-04   1.1830236e-04
  9.7320030e-04   1.1524400e-04
  9.7355772e-04   1.1218451e-04
  9.7390553e-04   1.0912391e-04
  9.7424371e-04   1.0606223e-04
  9.7457227e-04   1.0299951e-04
  9.7489120e-04   9.9935761e-05
  9.7520049e-04   9.6871029e-05
  9.7550016e-04   9.3805340e-05
  9.7579018e-04   9.0738725e-05
  9.7607057e-04   8.7671213e-05
  9.7634131e-04   8.4602835e-05
  9.7660241e-04   8.1533621e-05
  9.7685386e-04   7.8463601e-05
  9.7709566e-04   7.5392806e-05
  9.7732780e-04   7.2321267e-05
  9.7755029e-04   6.9249013e-05
  9.7776312e-04   6.6176075e-05
  9.7796630e-04   6.3102483e-05
  9.7815981e-04   6.0028268e-05
  9.7834365e-04   5.6953459e-05
  9.7851783e-04   5.3878088e-05
  9.7868235e-04   5.0802185e-05
  9.7883719e-04   4.7725780e-05
  9.7898237e-04   4.4648903e-05
  9.7911787e-04   4.1571585e-05
  9.7924370e-04   3.8493856e-05
  9.7935985e-04   3.5415748e-05
  9.7946633e-04   3.2337289e-05
  9.7956314e-04   2.9258511e-05
  9.7965026e-04   2.6179443e-05
  9.7972771e-04   2.3100117e-05
  9.7979548e-04   2.0020563e-05
  9.7985357e-04   1.6940811e-05
  9.7990197e-04   1.3860892e-05
  9.7994070e-04   1.0780836e-05
  9.7996974e-04   7.7006731e-06
  9.7998911e-04   4.6204343e-06
  9.7999879e-04   1.5401498e-06
  9.7999879e-04  -1.5401498e-06
  9.7998911e-04  -4.6204343e-06
  9.7996974e-04  -7.7006731e-06
  9.7994070e-04  -1.0780836e-05
  9.7990197e-04  -1.3860892e-05
  9.7985357e-04  -1.6940811e-05
  9.7979548e-04  -2.0020563e-05
  9.7972771e-04  -2.3100117e-05
  9.7965026e-04  -2.6179443e-05
  9.7956314e-04  -2.9258511e-05
  9.7946633e-04  -3.2337289e-05
  9.7935985e-04  -3.5415748e-05
  9.7924370e-04  -3.8493856e-05
  9.7911787e-04  -4.1571585e-05
  9.7898237e-04  -4.4648903e-05
  9.7883719e-04  -4.7725780e-05
  9.7868235e-04  -5.0802185e-05
  9.7851783e-04  -5.3878088e-05
  9.7834365e-04  -5.6953459e-05
  9.7815981e-04  -6.0028268e-05
  9.7796630e-04  -6.3102483e-05
  9.7776312e-04  -6.6176075e-05
  9.7755029e-04  -6.9249013e-05
  9.7732780e-04  -7.2321267e-05
  9.7709566e-04  -7.5392806e-05
  9.7685386e-04  -7.8463601e-05
  9.7660241e-04  -8.1533621e-05
  9.7634131e-04  -8.4602835e-05
  9.7607057e-04  -8.7671213e-05
  9.7579018e-04  -9.0738725e-05
  9.7550016e-04  -9.3805340e-05
  9.7520049e-04  -9.6871029e-05
  9.7489120e-04  -9.9935761e-05
  9.7457227e-04  -1.0299951e-04
  9.7424371e-04  -1.0606223e-04
  9.7390553e-04  -1.0912391e-04
  9.7355772e-04  -1.1218451e-04
  9.7320030e-04  -1.1524400e-04
  9.7283326e-04  -1.1830236e-04
  9.7245661e-04  -1.2135954e-04
  9.7207036e-04  -1.2441553e-04
  9.7167450e-04  -1.2747029e-04
  9.7126904e-04  -1.3052379e-04
  9.7085398e-04  -1.3357599e-04
  9.7042934e-04  -1.3662688e-04
  9.6999510e-04  -1.3967642e-04
  9.6955129e-04  -1.4272458e-04
  9.6909789e-04  -1.4577133e-04
  9.6863492e-04  -1.4881664e-04
  9.6816238e-04  -1.5186048e-04
  9.6768028e-04  -1.5490281e-04
  9.6718861e-04  -1.5794362e-04
  9.6668739e-04  -1.6098287e-04
  9.6617662e-04  -1.6402053e-04
  9.6565631e-04  -1.6705656e-04
  9.6512645e-04  -1.7009095e-04
  9.6458706e-04  -1.7312366e-04
  9.6403814e-04  -1.7615465e-04
  9.6347970e-04  -1.7918391e-04
  9.6291173e-04  -1.8221139e-04
  9.6233426e-04  -1.8523708e-04
  9.6174728e-04  -1.8826093e-04
  9.6115079e-04  -1.9128292e-04
  9.6054481e-04  -1.9430303e-04
  9.5992934e-04  -1.9732121e-04
  9.5930439e-04  -2.0033745e-04
  9.5866996e-04  -2.0335171e-04
  9.5802605e-04  -2.0636395e-04
  9.5737269e-04  -2.0937416e-04
  9.5670986e-04  -2.1238230e-04
  9.5603758e-04  -2.1538835e-04
  9.5535586e-04  -2.1839226e-04
  9.5466470e-04  -2.2139402e-04
  9.5396411e-04  -2.2439359e-04
  9.5325409e-04  -2.2739094e-04
  9.5253466e-04  -2.3038605e-04
  9.5180581e-04  -2.3337887e-04
  9.5106756e-04  -2.3636940e-04
  9.5031992e-04  -2.3935759e-04
  9.4956288e-04  -2.4234341e-04
  9.4879647e-04  -2.4532684e-04
  9.4802068e-04  -2.4830785e-04
  9.4723553e-04  -2.5128640e-04
  9.4644102e-04  -2.5426247e-04
  9.4563715e-04  -2.5723603e-04
  9.4482395e-04  -2.6020705e-04
  9.4400141e-04  -2.6317550e-04
  9.4316954e-04  -2.6614134e-04
  9.4232836e-04  -2.6910456e-04
  9.4147787e-04  -2.7206512e-04
  9.4061807e-04  -2.7502299e-04
  9.3974898e-04  -2.7797814e-04
  9.3887061e-04  -2.8093055e-04
  9.3798296e-04  -2.8388018e-04
  9.3708605e-04  -2.8682701e-04
  9.3617988e-04  -2.8977100e-04
  9.3526446e-04  -2.9271213e-04
  9.3433980e-04  -2.9565037e-04
  9.3340591e-04  -2.9858569e-04
  9.3246279e-04  -3.0151806e-04
  9.3151047e-04  -3.0444745e-04
  9.3054894e-04  -3.0737383e-04
  9.2957822e-04  -3.1029717e-04
  9.2859831e-04  -3.1321745e-04
  9.2760923e-04  -3.1613464e-04
  9.2661099e-04  -3.1904870e-04
  9.2560359e-04  -3.2195961e-04
  9.2458705e-04  -3.2486734e-04
  9.2356137e-04  -3.2777186e-04
  9.2252657e-04  -3.3067314e-04
  9.2148266e-04  -3.3357115e-04
  9.2042964e-04  -3.3646587e-04
  9.1936752e-04  -3.3935727e-04
  9.1829633e-04  -3.4224531e-04
  9.1721606e-04  -3.4512997e-04
  9.1612673e-04  -3.4801122e-04
  9.1502835e-04  -3.5088904e-04
  9.1392093e-04  -3.5376338e-04
  9.1280448e-04  -3.5663423e-04
  9.1167902e-04  -3.5950156e-04
  9.1054454e-04  -3.6236534e-04
  9.0940107e-04  -3.6522553e-04
  9.0824862e-04  -3.6808212e-04
  9.0708719e-04  -3.7093507e-04
  9.0591680e-04  -3.7378436e-04
  9.0473746e-04  -3.7662995e-04
  9.0354919e-04  -3.7947183e-04
  9.0235198e-04  -3.8230995e-04
  9.0114586e-04  -3.8514430e-04
  8.9993084e-04  -3.8797484e-04
  8.9870693e-04  -3.9080155e-04
  8.9747414e-04  -3.9362440e-04
  8.9623248e-04  -3.9644336e-04
  8.9498197e-04  -3.9925840e-04
  8.9372262e-04  -4.0206950e-04
  8.9245443e-04  -4.0487663e-04
  8.9117743e-04  -4.0767975e-04
  8.8989163e-04  -4.1047885e-04
  8.8859703e-04  -4.1327389e-04
  8.8729366e-04  -4.1606485e-04
  8.8598152e-04  -4.1885170e-04
  8.8466062e-04  -4.2163442e-04
  8.8333099e-04  -4.2441296e-04
  8.8199263e-04  -4.2718732e-04
  8.8064555e-04  -4.2995745e-04
  8.7928978e-04  -4.3272333e-04
  8.7792532e-04  -4.3548494e-04
  8.7655218e-04  -4.3824225e-04
  8.7517039e-04  -4.4099523e-04
  8.7377995e-04  -4.4374385e-04
  8.7238087e-04  -4.4648809e-04
  8.7097318e-04  -4.4922792e-04
  8.6955688e-04  -4.5196330e-04
  8.6813199e-04  -4.5469423e-04
  8.6669853e-04  -4.5742066e-04
  8.6525650e-04  -4.6014257e-04
  8.6380593e-04  -4.6285994e-04
  8.6234682e-04  -4.6557273e-04
  8.6087919e-04  -4.6828092e-04
  8.5940306e-04  -4.7098449e-04
  8.5791843e-04  -4.7368340e-04
  8.5642533e-04  -4.7637764e-04
  8.5492377e-04  -4.7906716e-04
  8.5341376e-04  -4.8175196e-04
  8.5189532e-04  -4.8443199e-04
  8.5036847e-04  -4.8710724e-04
  8.4883321e-04  -4.8977768e-04
  8.4728957e-04  -4.9244328e-04
  8.4573756e-04  -4.9510401e-04
  8.4417719e-04  -4.9775986e-04
  8.4260848e-04  -5.0041078e-04
  8.4103145e-04  -5.0305676e-04
  8.3944611e-04  -5.0569777e-04
  8.3785247e-04  -5.0833379e-04
  8.3625056e-04  -5.1096478e-04
  8.3464038e-04  -5.1359072e-04
  8.3302196e-04  -5.1621159e-04
  8.3139531e-04  -5.1882736e-04
  8.2976045e-04  -5.2143801e-04
  8.2811739e-04  -5.2404350e-04
  8.2646615e-04  -5.2664382e-04
  8.2480674e-04  -5.2923893e-04
  8.2313918e-04  -5.3182882e-04
  8.2146349e-04  -5.3441345e-04
  8.1977969e-04  -5.3699280e-04
  8.1808778e-04  -5.3956684e-04
  8.1638780e-04  -5.4213556e-04
  8.1467975e-04  -5.4469892e-04
  8.1296365e-04  -5.4725689e-04
  8.1123952e-04  -5.4980946e-04
  8.0950737e-04  -5.5235660e-04
  8.0776723e-04  -5.5489828e-04
  8.0601910e-04  -5.5743448e-04
  8.0426302e-04  -5.5996518e-04
  8.0249898e-04  -5.6249034e-04
  8.0072702e-04  -5.6500994e-04
  7.9894715e-04  -5.6752396e-04
  7.9715939e-04  -5.7003238e-04
  7.9536375e-04  -5.7253516e-04
  7.9356025e-04  -5.7503229e-04
  7.9174891e-04  -5.7752373e-04
  7.8992975e-04  -5.8000947e-04
  7.8810279e-04  -5.8248948e-04
  7.8626804e-04  -5.8496374e-04
  7.8442552e-04  -5.8743221e-04
  7.8257525e-04  -5.8989488e-04
  7.8071725e-04  -5.9235173e-04
  7.7885154e-04  -5.9480272e-04
  7.7697813e-04  -5.9724784e-04
  7.7509705e-04  -5.9968705e-04
  7.7320831e-04  -6.0212034e-04
  7.7131193e-04  -6.0454769e-04
  7.6940793e-04  -6.0696906e-04
  7.6749633e-04  -6.0938443e-04
  7.6557715e-04  -6.1179378e-04
  7.6365040e-04  -6.1419709e-04
  7.6171611e-04  -6.1659433e-04
  7.5977429e-04  -6.1898548e-04
  7.5782497e-04  -6.2137051e-04
  7.5586816e-04  -6.2374941e-04
  7.5390388e-04  -6.2612214e-04
  7.5193216e-04  -6.2848869e-04
  7.4995300e-04  -6.3084903e-04
  7.4796644e-04  -6.3320313e-04
  7.4597249e-04  -6.3555098e-04
  7.4397116e-04  -6.3789255e-04
  7.4196249e-04  -6.4022782e-04
  7.3994649e-04  -6.4255677e-04
  7.3792317e-04  -6.4487936e-04
  7.3589257e-04  -6.4719559e-04
  7.3385470e-04  -6.4950542e-04
  7.3180957e-04  -6.5180883e-04
  7.2975722e-04  -6.5410580e-04
  7.2769766e-04  -6.5639632e-04
  7.2563090e-04  -6.5868034e-04
  7.2355698e-04  -6.6095786e-04
  7.2147591e-04  -6.6322885e-04
  7.1938771e-04  -6.6549329e-04
  7.1729241e-04  -6.6775115e-04
  7.1519002e-04  -6.7000242e-04
  7.1308056e-04  -6.7224706e-04
  7.1096406e-04  -6.7448507e-04
  7.0884053e-04  -6.7671641e-04
  7.0671000e-04  -6.7894107e-04
  7.0457249e-04  -6.8115901e-04
  7.0242802e-04  -6.8337023e-04
  7.0027661e-04  -6.8557470e-04
  6.9811828e-04  -6.8777239e-04
  6.9595305e-04  -6.8996329e-04
  6.9378095e-04  -6.9214738e-04
  6.9160200e-04  -6.9432462e-04
  6.8941621e-04  -6.9649501e-04
  6.8722361e-04  -6.9865851e-04
  6.8502422e-04  -7.0081511e-04
  6.8281806e-04  -7.0296479e-04
  6.8060516e-04  -7.0510752e-04
  6.7838553e-04  -7.0724329e-04
  6.7615920e-04  -7.0937207e-04
  6.7392619e-04  -7.1149384e-04
  6.7168652e-04  -7.1360859e-04
  6.6944022e-04  -7.1571628e-04
  6.6718730e-04  -7.1781690e-04
  6.6492780e-04  -7.1991043e-04
  6.6266172e-04  -7.2199685e-04
  6.6038909e-04  -7.2407613e-04
  6.5810994e-04  -7.2614826e-04
  6.5582429e-04  -7.2821322e-04
  6.5353216e-04  -7.3027098e-04
  6.5123358e-04  -7.3232153e-04
  6.4892856e-04  -7.3436485e-04
  6.4661713e-04  -7.3640090e-04
  6.4429931e-04  -7.3842969e-04
  6.4197512e-04  -7.4045117e-04
  6.3964460e-04  -7.4246535e-04
  6.3730775e-04  -7.4447218e-04
  6.3496461e-04  -7.4647167e-04
  6.3261519e-04  -7.4846377e-04
  6.3025953e-04  -7.5044849e-04
  6.2789763e-04  -7.5242578e-04
  6.2552954e-04  -7.5439565e-04
  6.2315526e-04  -7.5635806e-04
  6.2077483e-04  -7.5831300e-04
  6.1838827e-04  -7.6026045e-04
  6.1599559e-04  -7.6220039e-04
  6.1359683e-04  -7.6413279e-04
  6.1119201e-04  -7.6605765e-04
  6.0878115e-04  -7.6797494e-04
  6.0636428e-04  -7.6988464e-04
  6.0394141e-04  -7.7178674e-04
  6.0151258e-04  -7.7368121e-04
  5.9907780e-04  -7.7556804e-04
  5.9663711e-04  -7.7744721e-04
  5.9419052e-04  -7.7931869e-04
  5.9173807e-04  -7.8118248e-04
  5.8927976e-04  -7.8303854e-04
  5.8681564e-04  -7.8488688e-04
  5.8434571e-04  -7.8672745e-04
  5.8187002e-04  -7.8856026e-04
  5.7938857e-04  -7.9038527e-04
  5.7690140e-04  -7.9220248e-04
  5.7440854e-04  -7.9401186e-04
  5.7190999e-04  -7.9581340e-04
  5.6940580e-04  -7.9760707e-04
  5.6689598e-04  -7.9939286e-04
  5.6438056e-04  -8.0117076e-04
  5.6185957e-04  -8.0294074e-04
  5.5933302e-04  -8.0470278e-04
  5.5680095e-04  -8.0645688e-04
  5.5426338e-04  -8.0820301e-04
  5.5172033e-04  -8.0994116e-04
  5.4917183e-04  -8.1167130e-04
  5.4661790e-04  -8.1339343e-04
  5.4405858e-04  -8.1510752e-04
  5.4149388e-04  -8.1681355e-04
  5.3892383e-04  -8.1851152e-04
  5.3634845e-04  -8.2020140e-04
  5.3376778e-04  -8.2188318e-04
  5.3118184e-04  -8.2355683e-04
  5.2859064e-04  -8.2522235e-04
  5.2599423e-04  -8.2687972e-04
  5.2339261e-04  -8.2852892e-04
  5.2078583e-04  -8.3016993e-04
  5.1817390e-04  -8.3180275e-04
  5.1555685e-04  -8.3342734e-04
  5.1293471e-04  -8.3504370e-04
  5.1030750e-04  -8.3665181e-04
  5.0767525e-04  -8.3825166e-04
  5.0503799e-04  -8.3984322e-04
  5.0239573e-04  -8.4142649e-04
  4.9974851e-04  -8.4300144e-04
  4.9709635e-04  -8.4456806e-04
  4.9443929e-04  -8.4612634e-04
  4.9177734e-04  -8.4767627e-04
  4.8911052e-04  -8.4921781e-04
  4.8643888e-04  -8.5075097e-04
  4.8376243e-04  -8.5227572e-04
  4.8108121e-04  -8.5379206e-04
  4.7839523e-04  -8.5529995e-04
  4.7570452e-04  -8.5679940e-04
  4.7300911e-04  -8.5829038e-04
  4.7030903e-04  -8.5977289e-04
  4.6760431e-04  -8.6124689e-04
  4.6489496e-04  -8.6271239e-04
  4.6218102e-04  -8.6416937e-04
  4.5946252e-04  -8.6561781e-04
  4.5673947e-04  -8.6705770e-04
  4.5401192e-04  -8.6848902e-04
  4.5127987e-04  -8.6991176e-04
  4.4854337e-04  -8.7132591e-04
  4.4580244e-04  -8.7273145e-04
  4.4305711e-04  -8.7412837e-04
  4.4030739e-04  -8.7551665e-04
  4.3755333e-04  -8.7689628e-04
  4.3479494e-04  -8.7826725e-04
  4.3203226e-04  -8.7962954e-04
  4.2926531e-04  -8.8098314e-04
  4.2649412e-04  -8.8232804e-04
  4.2371872e-04  -8.8366422e-04
  4.2093913e-04  -8.8499167e-04
  4.1815538e-04  -8.8631037e-04
  4.1536750e-04  -8.8762032e-04
  4.1257552e-04  -8.8892151e-04
  4.0977946e-04  -8.9021391e-04
  4.0697935e-04  -8.9149751e-04
  4.0417522e-04  -8.9277231e-04
  4.0136710e-04  -8.9403828e-04
  3.9855501e-04  -8.9529543e-04
  3.9573899e-04  -8.9654373e-04
  3.9291905e-04  -8.9778317e-04
  3.9009523e-04  -8.9901374e-04
  3.8726756e-04  -9.0023543e-04
  3.8443607e-04  -9.0144823e-04
  3.8160077e-04  -9.0265212e-04
  3.7876171e-04  -9.0384709e-04
  3.7591890e-04  -9.0503314e-04
  3.7307238e-04  -9.0621024e-04
  3.7022218e-04  -9.0737839e-04
  3.6736831e-04  -9.0853757e-04
  3.6451082e-04  -9.0968778e-04
  3.6164973e-04  -9.1082900e-04
  3.5878506e-04  -9.1196123e-04
  3.5591685e-04  -9.1308444e-04
  3.5304512e-04  -9.1419863e-04
  3.5016991e-04  -9.1530379e-04
  3.4729123e-04  -9.1639991e-04
  3.4440912e-04  -9.1748698e-04
  3.4152362e-04  -9.1856498e-04
  3.3863473e-04  -9.1963390e-04
  3.3574250e-04  -9.2069374e-04
  3.3284696e-04  -9.2174449e-04
  3.2994813e-04  -9.2278613e-04
  3.2704603e-04  -9.2381865e-04
  3.2414071e-04  -9.2484204e-04
  3.2123218e-04  -9.2585630e-04
  3.1832048e-04  -9.2686141e-04
  3.1540563e-04  -9.2785736e-04
  3.1248767e-04  -9.2884415e-04
  3.0956663e-04  -9.2982176e-04
  3.0664252e-04  -9.3079018e-04
  3.0371538e-04  -9.3174941e-04
  3.0078524e-04  -9.3269944e-04
  2.9785214e-04  -9.3364024e-04
  2.9491609e-04  -9.3457183e-04
  2.9197712e-04  -9.3549418e-04
  2.8903527e-04  -9.3640729e-04
  2.8609057e-04  -9.3731115e-04
  2.8314304e-04  -9.3820575e-04
  2.8019271e-04  -9.3909107e-04
  2.7723961e-04  -9.3996713e-04
  2.7428377e-04  -9.4083389e-04
  2.7132523e-04  -9.4169136e-04
  2.6836400e-04  -9.4253953e-04
  2.6540013e-04  -9.4337838e-04
  2.6243363e-04  -9.4420792e-04
  2.5946453e-04  -9.4502812e-04
  2.5649288e-04  -9.4583899e-04
  2.5351869e-04  -9.4664052e-04
  2.5054200e-04  -9.4743269e-04
  2.4756283e-04  -9.4821551e-04
  2.4458121e-04  -9.4898895e-04
  2.4159718e-04  -9.4975302e-04
  2.3861076e-04  -9.5050771e-04
  2.3562199e-04  -9.5125301e-04
  2.3263088e-04  -9.5198890e-04
  2.2963748e-04  -9.5271540e-04
  2.2664181e-04  -9.5343248e-04
  2.2364390e-04  -9.5414014e-04
  2.2064378e-04  -9.5483837e-04
  2.1764148e-04  -9.5552718e-04
  2.1463703e-04  -9.5620654e-04
  2.1163046e-04  -9.5687645e-04
  2.0862180e-04  -9.5753691e-04
  2.0561108e-04  -9.5818792e-04
  2.0259833e-04  -9.5882945e-04
  1.9958358e-04  -9.5946151e-04
  1.9656685e-04  -9.6008410e-04
  1.9354818e-04  -9.6069720e-04
  1.9052760e-04  -9.6130080e-04
  1.8750514e-04  -9.6189491e-04
  1.8448082e-04  -9.6247952e-04
  1.8145469e-04  -9.6305462e-04
  1.7842676e-04  -9.6362020e-04
  1.7539706e-04  -9.6417627e-04
  1.7236564e-04  -9.6472280e-04
  1.6933251e-04  -9.6525981e-04
  1.6629771e-04  -9.6578728e-04
  1.6326126e-04  -9.6630521e-04
  1.6022321e-04  -9.6681359e-04
  1.5718357e-04  -9.6731242e-04
  1.5414237e-04  -9.6780170e-04
  1.5109966e-04  -9.6828141e-04
  1.4805545e-04  -9.6875156e-04
  1.4500978e-04  -9.6921214e-04
  1.4196267e-04  -9.6966314e-04
  1.3891416e-04  -9.7010456e-04
  1.3586429e-04  -9.7053640e-04
  1.3281306e-04  -9.7095864e-04
  1.2976053e-04  -9.7137130e-04
  1.2670672e-04  -9.7177436e-04
  1.2365165e-04  -9.7216782e-04
  1.2059536e-04  -9.7255167e-04
  1.1753788e-04  -9.7292592e-04
  1.1447924e-04  -9.7329055e-04
  1.1141946e-04  -9.7364557e-04
  1.0835859e-04  -9.7399097e-04
  1.0529665e-04  -9.7432675e-04
  1.0223366e-04  -9.7465290e-04
  9.9169669e-05  -9.7496942e-04
  9.6104695e-05  -9.7527631e-04
  9.3038772e-05  -9.7557357e-04
  8.9971930e-05  -9.7586118e-04
  8.6904198e-05  -9.7613916e-04
  8.3835608e-05  -9.7640749e-04
  8.0766190e-05  -9.7666618e-04
  7.7695974e-05  -9.7691521e-04
  7.4624990e-05  -9.7715460e-04
  7.1553269e-05  -9.7738433e-04
  6.8480841e-05  -9.7760441e-04
  6.5407737e-05  -9.7781482e-04
  6.2333986e-05  -9.7801558e-04
  5.9259620e-05  -9.7820667e-04
  5.6184668e-05  -9.7838810e-04
  5.3109161e-05  -9.7855987e-04
  5.0033129e-05  -9.7872197e-04
  4.6956603e-05  -9.7887439e-04
  4.3879614e-05  -9.7901715e-04
  4.0802190e-05  -9.7915023e-04
  3.7724364e-05  -9.7927365e-04
  3.4646165e-05  -9.7938738e-04
  3.1567623e-05  -9.7949144e-04
  2.8488770e-05  -9.7958583e-04
  2.5409635e-05  -9.7967053e-04
  2.2330249e-05  -9.7974556e-04
  1.9250643e-05  -9.7981091e-04
  1.6170846e-05  -9.7986657e-04
  1.3090890e-05  -9.7991256e-04
  1.0010804e-05  -9.7994887e-04
  6.9306194e-06  -9.7997549e-04
  3.8503663e-06  -9.7999244e-04
  7.7007516e-07  -9.7999970e-04
 -2.3102236e-06  -9.7999728e-04
 -5.3904995e-06  -9.7998517e-04
 -8.4707221e-06  -9.7996339e-04
 -1.1550861e-05  -9.7993192e-04
 -1.4630886e-05  -9.7989078e-04
 -1.7710766e-05  -9.7983995e-04
 -2.0790472e-05  -9.7977944e-04
 -2.3869972e-05  -9.7970926e-04
 -2.6949236e-05  -9.7962939e-04
 -3.0028233e-05  -9.7953984e-04
 -3.3106935e-05  -9.7944062e-04
 -3.6185309e-05  -9.7933172e-04
 -3.9263325e-05  -9.7921315e-04
 -4.2340954e-05  -9.7908490e-04
 -4.5418165e-05  -9.7894698e-04
 -4.8494926e-05  -9.7879939e-04
 -5.1571209e-05  -9.7864213e-04
 -5.4646982e-05  -9.7847520e-04
 -5.7722215e-05  -9.7829860e-04
 -6.0796878e-05  -9.7811233e-04
 -6.3870941e-05  -9.7791641e-04
 -6.6944372e-05  -9.7771082e-04
 -7.0017142e-05  -9.7749558e-04
 -7.3089220e-05  -9.7727067e-04
 -7.6160576e-05  -9.7703611e-04
 -7.9231180e-05  -9.7679190e-04
 -8.2301001e-05  -9.7653804e-04
 -8.5370009e-05  -9.7627453e-04
 -8.8438173e-05  -9.7600138e-04
 -9.1505464e-05  -9.7571858e-04
 -9.4571850e-05  -9.7542615e-04
 -9.7637303e-05  -9.7512407e-04
 -1.0070179e-04  -9.7481237e-04
 -1.0376528e-04  -9.7449103e-04
 -1.0682775e-04  -9.7416006e-04
 -1.0988916e-04  -9.7381948e-04
 -1.1294949e-04  -9.7346927e-04
 -1.1600870e-04  -9.7310944e-04
 -1.1906677e-04  -9.7274000e-04
 -1.2212365e-04  -9.7236095e-04
 -1.2517934e-04  -9.7197229e-04
 -1.2823378e-04  -9.7157403e-04
 -1.3128696e-04  -9.7116617e-04
 -1.3433884e-04  -9.7074872e-04
 -1.3738939e-04  -9.7032168e-04
 -1.4043859e-04  -9.6988505e-04
 -1.4348640e-04  -9.6943883e-04
 -1.4653279e-04  -9.6898304e-04
 -1.4957774e-04  -9.6851768e-04
 -1.5262120e-04  -9.6804275e-04
 -1.5566316e-04  -9.6755826e-04
 -1.5870358e-04  -9.6706420e-04
 -1.6174243e-04  -9.6656060e-04
 -1.6477969e-04  -9.6604744e-04
 -1.6781532e-04  -9.6552474e-04
 -1.7084928e-04  -9.6499250e-04
 -1.7388157e-04  -9.6445073e-04
 -1.7691213e-04  -9.6389942e-04
 -1.7994094e-04  -9.6333860e-04
 -1.8296798e-04  -9.6276826e-04
 -1.8599321e-04  -9.6218840e-04
 -1.8901660e-04  -9.6159905e-04
 -1.9203813e-04  -9.6100019e-04
 -1.9505776e-04  -9.6039183e-04
 -1.9807546e-04  -9.5977399e-04
 -2.0109120e-04  -9.5914667e-04
 -2.0410496e-04  -9.5850987e-04
 -2.0711670e-04  -9.5786360e-04
 -2.1012639e-04  -9.5720787e-04
 -2.1313401e-04  -9.5654268e-04
 -2.1613953e-04  -9.5586804e-04
 -2.1914290e-04  -9.5518396e-04
 -2.2214412e-04  -9.5449044e-04
 -2.2514313e-04  -9.5378749e-04
 -2.2813993e-04  -9.5307511e-04
 -2.3113447e-04  -9.5235333e-04
 -2.3412672e-04  -9.5162213e-04
 -2.3711667e-04  -9.5088153e-04
 -2.4010427e-04  -9.5013154e-04
 -2.4308950e-04  -9.4937216e-04
 -2.4607232e-04  -9.4860340e-04
 -2.4905272e-04  -9.4782527e-04
 -2.5203065e-04  -9.4703778e-04
 -2.5500610e-04  -9.4624093e-04
 -2.5797903e-04  -9.4543473e-04
 -2.6094940e-04  -9.4461919e-04
 -2.6391720e-04  -9.4379432e-04
 -2.6688239e-04  -9.4296012e-04
 -2.6984495e-04  -9.4211661e-04
 -2.7280484e-04  -9.4126379e-04
 -2.7576203e-04  -9.4040167e-04
 -2.7871650e-04  -9.3953026e-04
 -2.8166822e-04  -9.3864957e-04
 -2.8461715e-04  -9.3775960e-04
 -2.8756327e-04  -9.3686038e-04
 -2.9050655e-04  -9.3595189e-04
 -2.9344697e-04  -9.3503416e-04
 -2.9638448e-04  -9.3410719e-04
 -2.9931906e-04  -9.3317099e-04
 -3.0225069e-04  -9.3222557e-04
 -3.0517933e-04  -9.3127095e-04
 -3.0810495e-04  -9.3030712e-04
 -3.1102753e-04  -9.2933410e-04
 -3.1394704e-04  -9.2835190e-04
 -3.1686345e-04  -9.2736053e-04
 -3.1977673e-04  -9.2636000e-04
 -3.2268684e-04  -9.2535031e-04
 -3.2559377e-04  -9.2433149e-04
 -3.2849748e-04  -9.2330353e-04
 -3.3139795e-04  -9.2226645e-04
 -3.3429514e-04  -9.2122025e-04
 -3.3718903e-04  -9.2016496e-04
 -3.4007959e-04  -9.1910058e-04
 -3.4296679e-04  -9.1802711e-04
 -3.4585060e-04  -9.1694458e-04
 -3.4873100e-04  -9.1585299e-04
 -3.5160795e-04  -9.1475234e-04
 -3.5448142e-04  -9.1364267e-04
 -3.5735140e-04  -9.1252396e-04
 -3.6021784e-04  -9.1139624e-04
 -3.6308072e-04  -9.1025952e-04
 -3.6594002e-04  -9.0911380e-04
 -3.6879570e-04  -9.0795910e-04
 -3.7164774e-04  -9.0679543e-04
 -3.7449611e-04  -9.0562281e-04
 -3.7734077e-04  -9.0444123e-04
 -3.8018171e-04  -9.0325072e-04
 -3.8301889e-04  -9.0205129e-04
 -3.8585229e-04  -9.0084294e-04
 -3.8868188e-04  -8.9962570e-04
 -3.9150763e-04  -8.9839957e-04
 -3.9432950e-04  -8.9716456e-04
 -3.9714749e-04  -8.9592068e-04
 -3.9996155e-04  -8.9466796e-04
 -4.0277166e-04  -8.9340640e-04
 -4.0557778e-04  -8.9213601e-04
 -4.0837991e-04  -8.9085681e-04
 -4.1117799e-04  -8.8956880e-04
 -4.1397202e-04  -8.8827201e-04
 -4.1676195e-04  -8.8696644e-04
 -4.1954777e-04  -8.8565211e-04
 -4.2232944e-04  -8.8432903e-04
 -4.2510695e-04  -8.8299722e-04
 -4.2788025e-04  -8.8165668e-04
 -4.3064932e-04  -8.8030743e-04
 -4.3341414e-04  -8.7894948e-04
 -4.3617468e-04  -8.7758285e-04
 -4.3893090e-04  -8.7620754e-04
 -4.4168280e-04  -8.7482359e-04
 -4.4443032e-04  -8.7343099e-04
 -4.4717346e-04  -8.7202976e-04
 -4.4991218e-04  -8.7061991e-04
 -4.5264645e-04  -8.6920147e-04
 -4.5537626e-04  -8.6777443e-04
 -4.5810156e-04  -8.6633883e-04
 -4.6082234e-04  -8.6489466e-04
 -4.6353856e-04  -8.6344195e-04
 -4.6625021e-04  -8.6198071e-04
 -4.6895725e-04  -8.6051095e-04
 -4.7165965e-04  -8.5903269e-04
 -4.7435740e-04  -8.5754595e-04
 -4.7705046e-04  -8.5605073e-04
 -4.7973881e-04  -8.5454706e-04
 -4.8242242e-04  -8.5303494e-04
 -4.8510126e-04  -8.5151440e-04
 -4.8777531e-04  -8.4998544e-04
 -4.9044454e-04  -8.4844809e-04
 -4.9310892e-04  -8.4690235e-04
 -4.9576843e-04  -8.4534825e-04
 -4.9842305e-04  -8.4378579e-04
 -5.0107274e-04  -8.4221500e-04
 -5.0371748e-04  -8.4063589e-04
 -5.0635724e-04  -8.3904847e-04
 -5.0899201e-04  -8.3745277e-04
 -5.1162174e-04  -8.3584879e-04
 -5.1424642e-04  -8.3423655e-04
 -5.1686601e-04  -8.3261607e-04
 -5.1948051e-04  -8.3098737e-04
 -5.2208987e-04  -8.2935045e-04
 -5.2469407e-04  -8.2770534e-04
 -5.2729308e-04  -8.2605206e-04
 -5.2988689e-04  -8.2439061e-04
 -5.3247547e-04  -8.2272102e-04
 -5.3505878e-04  -8.2104330e-04
 -5.3763681e-04  -8.1935747e-04
 -5.4020952e-04  -8.1766355e-04
 -5.4277690e-04  -8.1596154e-04
 -5.4533891e-04  -8.1425148e-04
 -5.4789554e-04  -8.1253337e-04
 -5.5044676e-04  -8.1080723e-04
 -5.5299254e-04  -8.0907308e-04
 -5.5553285e-04  -8.0733094e-04
 -5.5806767e-04  -8.0558083e-04
 -5.6059699e-04  -8.0382275e-04
 -5.6312076e-04  -8.0205674e-04
 -5.6563897e-04  -8.0028280e-04
 -5.6815159e-04  -7.9850095e-04
 -5.7065860e-04  -7.9671122e-04
 -5.7315997e-04  -7.9491361e-04
 -5.7565568e-04  -7.9310815e-04
 -5.7814570e-04  -7.9129485e-04
 -5.8063001e-04  -7.8947374e-04
 -5.8310859e-04  -7.8764483e-04
 -5.8558140e-04  -7.8580814e-04
 -5.8804843e-04  -7.8396368e-04
 -5.9050964e-04  -7.8211148e-04
 -5.9296503e-04  -7.8025155e-04
 -5.9541455e-04  -7.7838391e-04
 -5.9785820e-04  -7.7650858e-04
 -6.0029593e-04  -7.7462558e-04
 -6.0272774e-04  -7.7273493e-04
 -6.0515359e-04  -7.7083664e-04
 -6.0757346e-04  -7.6893074e-04
 -6.0998733e-04  -7.6701724e-04
 -6.1239518e-04  -7.6509617e-04
 -6.1479697e-04  -7.6316753e-04
 -6.1719269e-04  -7.6123136e-04
 -6.1958231e-04  -7.5928766e-04
 -6.2196582e-04  -7.5733647e-04
 -6.2434317e-04  -7.5537779e-04
 -6.2671436e-04  -7.5341165e-04
 -6.2907936e-04  -7.5143806e-04
 -6.3143814e-04  -7.4945705e-04
 -6.3379068e-04  -7.4746864e-04
 -6.3613696e-04  -7.4547284e-04
 -6.3847696e-04  -7.4346968e-04
 -6.4081065e-04  -7.4145918e-04
 -6.4313801e-04  -7.3944134e-04
 -6.4545901e-04  -7.3741621e-04
 -6.4777364e-04  -7.3538378e-04
 -6.5008187e-04  -7.3334409e-04
 -6.5238368e-04  -7.3129716e-04
 -6.5467904e-04  -7.2924300e-04
 -6.5696793e-04  -7.2718164e-04
 -6.5925033e-04  -7.2511309e-04
 -6.6152622e-04  -7.2303738e-04
 -6.6379558e-04  -7.2095453e-04
 -6.6605837e-04  -7.1886455e-04
 -6.6831459e-04  -7.1676747e-04
 -6.7056420e-04  -7.1466331e-04
 -6.7280719e-04  -7.1255209e-04
 -6.7504353e-04  -7.1043383e-04
 -6.7727320e-04  -7.0830856e-04
 -6.7949618e-04  -7.0617628e-04
 -6.8171245e-04  -7.0403703e-04
 -6.8392198e-04  -7.0189082e-04
 -6.8612476e-04  -6.9973768e-04
 -6.8832076e-04  -6.9757762e-04
 -6.9050995e-04  -6.9541067e-04
 -6.9269233e-04  -6.9323685e-04
 -6.9486786e-04  -6.9105619e-04
 -6.9703653e-04  -6.8886869e-04
 -6.9919831e-04  -6.8667439e-04
 -7.0135318e-04  -6.8447331e-04
 -7.0350113e-04  -6.8226547e-04
 -7.0564212e-04  -6.8005088e-04
 -7.0777614e-04  -6.7782957e-04
 -7.0990317e-04  -6.7560157e-04
 -7.1202319e-04  -6.7336690e-04
 -7.1413617e-04  -6.7112557e-04
 -7.1624210e-04  -6.6887761e-04
 -7.1834095e-04  -6.6662304e-04
 -7.2043270e-04  -6.6436189e-04
 -7.2251734e-04  -6.6209417e-04
 -7.2459484e-04  -6.5981992e-04
 -7.2666518e-04  -6.5753914e-04
 -7.2872834e-04  -6.5525187e-04
 -7.3078430e-04  -6.5295812e-04
 -7.3283304e-04  -6.5065793e-04
 -7.3487454e-04  -6.4835130e-04
 -7.3690878e-04  -6.4603827e-04
 -7.3893574e-04  -6.4371886e-04
 -7.4095540e-04  -6.4139309e-04
 -7.4296774e-04  -6.3906098e-04
 -7.4497274e-04  -6.3672255e-04
 -7.4697038e-04  -6.3437784e-04
 -7.4896064e-04  -6.3202686e-04
 -7.5094351e-04  -6.2966964e-04
 -7.5291895e-04  -6.2730619e-04
 -7.5488695e-04  -6.2493655e-04
 -7.5684750e-04  -6.2256073e-04
 -7.5880057e-04  -6.2017876e-04
 -7.6074614e-04  -6.1779067e-04
 -7.6268420e-04  -6.1539647e-04
 -7.6461472e-04  -6.1299619e-04
 -7.6653769e-04  -6.1058986e-04
 -7.6845308e-04  -6.0817749e-04
 -7.7036088e-04  -6.0575912e-04
 -7.7226107e-04  -6.0333476e-04
 -7.7415364e-04  -6.0090444e-04
 -7.7603855e-04  -5.9846818e-04
 -7.7791580e-04  -5.9602602e-04
 -7.7978536e-04  -5.9357796e-04
 -7.8164722e-04  -5.9112404e-04
 -7.8350135e-04  -5.8866428e-04
 -7.8534775e-04  -5.8619870e-04
 -7.8718638e-04  -5.8372733e-04
 -7.8901724e-04  -5.8125019e-04
 -7.9084031e-04  -5.7876732e-04
 -7.9265556e-04  -5.7627872e-04
 -7.9446298e-04  -5.7378443e-04
 -7.9626255e-04  -5.7128447e-04
 -7.9805426e-04  -5.6877887e-04
 -7.9983808e-04  -5.6626765e-04
 -8.0161399e-04  -5.6375083e-04
 -8.0338199e-04  -5.6122845e-04
 -8.0514206e-04  -5.5870052e-04
 -8.0689416e-04  -5.5616707e-04
 -8.0863830e-04  -5.5362813e-04
 -8.1037444e-04  -5.5108371e-04
 -8.1210259e-04  -5.4853386e-04
 -8.1382270e-04  -5.4597858e-04
 -8.1553478e-04  -5.4341791e-04
 -8.1723880e-04  -5.4085187e-04
 -8.1893475e-04  -5.3828048e-04
 -8.2062260e-04  -5.3570378e-04
 -8.2230235e-04  -5.3312179e-04
 -8.2397398e-04  -5.3053453e-04
 -8.2563746e-04  -5.2794203e-04
 -8.2729279e-04  -5.2534431e-04
 -8.2893994e-04  -5.2274140e-04
 -8.3057891e-04  -5.2013333e-04
 -8.3220967e-04  -5.1752012e-04
 -8.3383220e-04  -5.1490179e-04
 -8.3544650e-04  -5.1227838e-04
 -8.3705255e-04  -5.0964991e-04
 -8.3865032e-04  -5.0701640e-04
 -8.4023981e-04  -5.0437789e-04
 -8.4182100e-04  -5.0173439e-04
 -8.4339388e-04  -4.9908593e-04
 -8.4495842e-04  -4.9643255e-04
 -8.4651461e-04  -4.9377426e-04
 -8.4806244e-04  -4.9111109e-04
 -8.4960189e-04  -4.8844307e-04
 -8.5113295e-04  -4.8577022e-04
 -8.5265560e-04  -4.8309257e-04
 -8.5416982e-04  -4.8041016e-04
 -8.5567561e-04  -4.7772299e-04
 -8.5717294e-04  -4.7503111e-04
 -8.5866180e-04  -4.7233453e-04
 -8.6014218e-04  -4.6963328e-04
 -8.6161407e-04  -4.6692740e-04
 -8.6307744e-04  -4.6421690e-04
 -8.6453228e-04  -4.6150182e-04
 -8.6597859e-04  -4.5878218e-04
 -8.6741633e-04  -4.5605801e-04
 -8.6884551e-04  -4.5332932e-04
 -8.7026611e-04  -4.5059617e-04
 -8.7167810e-04  -4.4785856e-04
 -8.7308149e-04  -4.4511652e-04
 -8.7447625e-04  -4.4237009e-04
 -8.7586237e-04  -4.3961928e-04
 -8.7723983e-04  -4.3686414e-04
 -8.7860863e-04  -4.3410468e-04
 -8.7996875e-04  -4.3134092e-04
 -8.8132018e-04  -4.2857291e-04
 -8.8266290e-04  -4.2580067e-04
 -8.8399690e-04  -4.2302421e-04
 -8.8532216e-04  -4.2024358e-04
 -8.8663868e-04  -4.1745880e-04
 -8.8794644e-04  -4.1466989e-04
 -8.8924543e-04  -4.1187688e-04
 -8.9053563e-04  -4.0907981e-04
 -8.9181704e-04  -4.0627869e-04
 -8.9308963e-04  -4.0347356e-04
 -8.9435340e-04  -4.0066445e-04
 -8.9560833e-04  -3.9785137e-04
 -8.9685442e-04  -3.9503437e-04
 -8.9809164e-04  -3.9221346e-04
 -8.9932000e-04  -3.8938868e-04
 -9.0053947e-04  -3.8656005e-04
 -9.0175004e-04  -3.8372760e-04
 -9.0295170e-04  -3.8089136e-04
 -9.0414444e-04  -3.7805136e-04
 -9.0532825e-04  -3.7520762e-04
 -9.0650312e-04  -3.7236018e-04
 -9.0766903e-04  -3.6950905e-04
 -9.0882597e-04  -3.6665428e-04
 -9.0997393e-04  -3.6379588e-04
 -9.1111290e-04  -3.6093389e-04
 -9.1224288e-04  -3.5806834e-04
 -9.1336384e-04  -3.5519925e-04
 -9.1447577e-04  -3.5232664e-04
 -9.1557867e-04  -3.4945056e-04
 -9.1667253e-04  -3.4657102e-04
 -9.1775733e-04  -3.4368807e-04
 -9.1883306e-04  -3.4080171e-04
 -9.1989972e-04  -3.3791199e-04
 -9.2095728e-04  -3.3501893e-04
 -9.2200575e-04  -3.3212256e-04
 -9.2304511e-04  -3.2922291e-04
 -9.2407535e-04  -3.2632000e-04
 -9.2509646e-04  -3.2341387e-04
 -9.2610843e-04  -3.2050455e-04
 -9.2711126e-04  -3.1759206e-04
 -9.2810492e-04  -3.1467644e-04
 -9.2908941e-04  -3.1175770e-04
 -9.3006473e-04  -3.0883588e-04
 -9.3103085e-04  -3.0591102e-04
 -9.3198778e-04  -3.0298313e-04
 -9.3293550e-04  -3.0005225e-04
 -9.3387401e-04  -2.9711840e-04
 -9.3480328e-04  -2.9418162e-04
 -9.3572332e-04  -2.9124193e-04
 -9.3663412e-04  -2.8829936e-04
 -9.3753567e-04  -2.8535395e-04
 -9.3842795e-04  -2.8240571e-04
 -9.3931096e-04  -2.7945469e-04
 -9.4018469e-04  -2.7650091e-04
 -9.4104913e-04  -2.7354439e-04
 -9.4190428e-04  -2.7058517e-04
 -9.4275012e-04  -2.6762328e-04
 -9.4358664e-04  -2.6465875e-04
 -9.4441384e-04  -2.6169160e-04
 -9.4523172e-04  -2.5872186e-04
 -9.4604025e-04  -2.5574957e-04
 -9.4683944e-04  -2.5277475e-04
 -9.4762927e-04  -2.4979743e-04
 -9.4840975e-04  -2.4681765e-04
 -9.4918085e-04  -2.4383543e-04
 -9.4994257e-04  -2.4085080e-04
 -9.5069491e-04  -2.3786379e-04
 -9.5143786e-04  -2.3487443e-04
 -9.5217141e-04  -2.3188275e-04
 -9.5289555e-04  -2.2888877e-04
 -9.5361028e-04  -2.2589254e-04
 -9.5431558e-04  -2.2289408e-04
 -9.5501146e-04  -2.1989341e-04
 -9.5569790e-04  -2.1689057e-04
 -9.5637490e-04  -2.1388559e-04
 -9.5704245e-04  -2.1087849e-04
 -9.5770055e-04  -2.0786932e-04
 -9.5834919e-04  -2.0485808e-04
 -9.5898836e-04  -2.0184483e-04
 -9.5961805e-04  -1.9882958e-04
 -9.6023826e-04  -1.9581236e-04
 -9.6084899e-04  -1.9279322e-04
 -9.6145022e-04  -1.8977216e-04
 -9.6204196e-04  -1.8674923e-04
 -9.6262419e-04  -1.8372446e-04
 -9.6319691e-04  -1.8069787e-04
 -9.6376011e-04  -1.7766950e-04
 -9.6431379e-04  -1.7463937e-04
 -9.6485795e-04  -1.7160751e-04
 -9.6539257e-04  -1.6857396e-04
 -9.6591766e-04  -1.6553875e-04
 -9.6643320e-04  -1.6250190e-04
 -9.6693920e-04  -1.5946344e-04
 -9.6743564e-04  -1.5642341e-04
 -9.6792252e-04  -1.5338183e-04
 -9.6839985e-04  -1.5033874e-04
 -9.6886760e-04  -1.4729417e-04
 -9.6932578e-04  -1.4424813e-04
 -9.6977439e-04  -1.4120067e-04
 -9.7021342e-04  -1.3815182e-04
 -9.7064286e-04  -1.3510160e-04
 -9.7106271e-04  -1.3205005e-04
 -9.7147297e-04  -1.2899720e-04
 -9.7187363e-04  -1.2594306e-04
 -9.7226468e-04  -1.2288769e-04
 -9.7264614e-04  -1.1983110e-04
 -9.7301798e-04  -1.1677333e-04
 -9.7338021e-04  -1.1371440e-04
 -9.7373283e-04  -1.1065435e-04
 -9.7407582e-04  -1.0759320e-04
 -9.7440919e-04  -1.0453100e-04
 -9.7473293e-04  -1.0146776e-04
 -9.7504705e-04  -9.8403516e-05
 -9.7535153e-04  -9.5338302e-05
 -9.7564638e-04  -9.2272146e-05
 -9.7593158e-04  -8.9205079e-05
 -9.7620715e-04  -8.6137130e-05
 -9.7647307e-04  -8.3068330e-05
 -9.7672934e-04  -7.9998710e-05
 -9.7697597e-04  -7.6928299e-05
 -9.7721294e-04  -7.3857128e-05
 -9.7744025e-04  -7.0785227e-05
 -9.7765792e-04  -6.7712628e-05
 -9.7786592e-04  -6.4639359e-05
 -9.7806426e-04  -6.1565451e-05
 -9.7825294e-04  -5.8490936e-05
 -9.7843195e-04  -5.5415842e-05
 -9.7860130e-04  -5.2340201e-05
 -9.7876098e-04  -4.9264043e-05
 -9.7891099e-04  -4.6187398e-05
 -9.7905133e-04  -4.3110297e-05
 -9.7918199e-04  -4.0032770e-05
 -9.7930299e-04  -3.6954848e-05
 -9.7941430e-04  -3.3876560e-05
 -9.7951595e-04  -3.0797938e-05
 -9.7960791e-04  -2.7719011e-05
 -9.7969020e-04  -2.4639811e-05
 -9.7976280e-04  -2.1560367e-05
 -9.7982573e-04  -1.8480710e-05
 -9.7987898e-04  -1.5400871e-05
 -9.7992255e-04  -1.2320879e-05
 -9.7995643e-04  -9.2407659e-06
 -9.7998064e-04  -6.1605613e-06
 -9.7999516e-04  -3.0802959e-06
 -9.8000000e-04  -2.4003077e-19
 -7.5500000e-04  -1.8492167e-19
 -7.5499627e-04  -2.3730851e-06
 -7.5498508e-04  -4.7461467e-06
 -7.5496643e-04  -7.1191615e-06
 -7.5494033e-04  -9.4921059e-06
 -7.5490676e-04  -1.1864957e-05
 -7.5486574e-04  -1.4237690e-05
 -7.5481726e-04  -1.6610283e-05
 -7.5476132e-04  -1.8982711e-05
 -7.5469793e-04  -2.1354953e-05
 -7.5462708e-04  -2.3726983e-05
 -7.5454877e-04  -2.6098778e-05
 -7.5446302e-04  -2.8470316e-05
 -7.5436980e-04  -3.0841573e-05
 -7.5426914e-04  -3.3212525e-05
 -7.5416102e-04  -3.5583149e-05
 -7.5404545e-04  -3.7953421e-05
 -7.5392243e-04  -4.0323318e-05
 -7.5379196e-04  -4.2692817e-05
 -7.5365405e-04  -4.5061894e-05
 -7.5350869e-04  -4.7430526e-05
 -7.5335589e-04  -4.9798690e-05
 -7.5319564e-04  -5.2166361e-05
 -7.5302795e-04  -5.4533517e-05
 -7.5285282e-04  -5.6900134e-05
 -7.5267026e-04  -5.9266189e-05
 -7.5248026e-04  -6.1631659e-05
 -7.5228282e-04  -6.3996520e-05
 -7.5207796e-04  -6.6360748e-05
 -7.5186566e-04  -6.8724321e-05
 -7.5164593e-04  -7.1087215e-05
 -7.5141878e-04  -7.3449406e-05
 -7.5118421e-04  -7.5810872e-05
 -7.5094221e-04  -7.8171589e-05
 -7.5069279e-04  -8.0531534e-05
 -7.5043596e-04  -8.2890683e-05
 -7.5017172e-04  -8.5249013e-05
 -7.4990006e-04  -8.7606501e-05
 -7.4962100e-04  -8.9963123e-05
 -7.4933452e-04  -9.2318857e-05
 -7.4904065e-04  -9.4673679e-05
 -7.4873937e-04  -9.7027565e-05
 -7.4843070e-04  -9.9380493e-05
 -7.4811464e-04  -1.0173244e-04
 -7.4779118e-04  -1.0408338e-04
 -7.4746034e-04  -1.0643329e-04
 -7.4712211e-04  -1.0878215e-04
 -7.4677650e-04  -1.1112994e-04
 -7.4642351e-04  -1.1347663e-04
 -7.4606315e-04  -1.1582219e-04
 -7.4569541e-04  -1.1816662e-04
 -7.4532031e-04  -1.2050987e-04
 -7.4493785e-04  -1.2285194e-04
 -7.4454803e-04  -1.2519279e-04
 -7.4415085e-04  -1.2753240e-04
 -7.4374632e-04  -1.2987076e-04
 -7.4333444e-04  -1.3220783e-04
 -7.4291522e-04  -1.3454360e-04
 -7.4248866e-04  -1.3687803e-04
 -7.4205476e-04  -1.3921112e-04
 -7.4161353e-04  -1.4154282e-04
 -7.4116498e-04  -1.4387313e-04
 -7.4070910e-04  -1.4620202e-04
 -7.4024590e-04  -1.4852947e-04
 -7.3977540e-04  -1.5085544e-04
 -7.3929758e-04  -1.5317993e-04
 -7.3881246e-04  -1.5550290e-04
 -7.3832004e-04  -1.5782434e-04
 -7.3782032e-04  -1.6014422e-04
 -7.3731332e-04  -1.6246251e-04
 -7.3679903e-04  -1.6477920e-04
 -7.3627747e-04  -1.6709427e-04
 -7.3574862e-04  -1.6940768e-04
 -7.3521251e-04  -1.7171942e-04
 -7.3466914e-04  -1.7402946e-04
 -7.3411851e-04  -1.7633778e-04
 -7.3356063e-04  -1.7864436e-04
 -7.3299550e-04  -1.8094918e-04
 -7.3242312e-04  -1.8325220e-04
 -7.3184351e-04  -1.8555342e-04
 -7.3125667e-04  -1.8785280e-04
 -7.3066261e-04  -1.9015033e-04
 -7.3006133e-04  -1.9244598e-04
 -7.2945283e-04  -1.9473973e-04
 -7.2883713e-04  -1.9703155e-04
 -7.2821423e-04  -1.9932143e-04
 -7.2758414e-04  -2.0160934e-04
 -7.2694685e-04  -2.0389526e-04
 -7.2630238e-04  -2.0617916e-04
 -7.2565074e-04  -2.0846103e-04
 -7.2499193e-04  -2.1074083e-04
 -7.2432596e-04  -2.1301856e-04
 -7.2365283e-04  -2.1529418e-04
 -7.2297255e-04  -2.1756767e-04
 -7.2228513e-04  -2.1983901e-04
 -7.2159057e-04  -2.2210818e-04
 -7.2088889e-04  -2.2437516e-04
 -7.2018008e-04  -2.2663992e-04
 -7.1946416e-04  -2.2890244e-04
 -7.1874113e-04  -2.3116270e-04
 -7.1801099e-04  -2.3342067e-04
 -7.1727377e-04  -2.3567634e-04
 -7.1652946e-04  -2.3792969e-04
 -7.1577807e-04  -2.4018068e-04
 -7.1501961e-04  -2.4242929e-04
 -7.1425408e-04  -2.4467552e-04
 -7.1348150e-04  -2.4691932e-04
 -7.1270187e-04  -2.4916069e-04
 -7.1191519e-04  -2.5139959e-04
 -7.1112149e-04  -2.5363601e-04
 -7.1032076e-04  -2.5586993e-04
 -7.0951301e-04  -2.5810132e-04
 -7.0869825e-04  -2.6033015e-04
 -7.0787649e-04  -2.6255642e-04
 -7.0704774e-04  -2.6478009e-04
 -7.0621200e-04  -2.6700115e-04
 -7.0536928e-04  -2.6921956e-04
 -7.0451960e-04  -2.7143532e-04
 -7.0366295e-04  -2.7364840e-04
 -7.0279936e-04  -2.7585877e-04
 -7.0192882e-04  -2.7806642e-04
 -7.0105134e-04  -2.8027132e-04
 -7.0016694e-04  -2.8247345e-04
 -6.9927563e-04  -2.8467279e-04
 -6.9837740e-04  -2.8686932e-04
 -6.9747227e-04  -2.8906301e-04
 -6.9656026e-04  -2.9125385e-04
 -6.9564136e-04  -2.9344181e-04
 -6.9471559e-04  -2.9562688e-04
 -6.9378296e-04  -2.9780902e-04
 -6.9284347e-04  -2.9998822e-04
 -6.9189713e-04  -3.0216445e-04
 -6.9094397e-04  -3.0433770e-04
 -6.8998397e-04  -3.0650794e-04
 -6.8901716e-04  -3.0867516e-04
 -6.8804354e-04  -3.1083933e-04
 -6.8706312e-04  -3.1300042e-04
 -6.8607592e-04  -3.1515842e-04
 -6.8508194e-04  -3.1731331e-04
 -6.8408119e-04  -3.1946507e-04
 -6.8307368e-04  -3.2161366e-04
 -6.8205942e-04  -3.2375908e-04
 -6.8103843e-04  -3.2590131e-04
 -6.8001070e-04  -3.2804031e-04
 -6.7897626e-04  -3.3017607e-04
 -6.7793511e-04  -3.3230857e-04
 -6.7688726e-04  -3.3443779e-04
 -6.7583273e-04  -3.3656370e-04
 -6.7477152e-04  -3.3868629e-04
 -6.7370364e-04  -3.4080553e-04
 -6.7262911e-04  -3.4292140e-04
 -6.7154793e-04  -3.4503389e-04
 -6.7046011e-04  -3.4714296e-04
 -6.6936567e-04  -3.4924861e-04
 -6.6826462e-04  -3.5135081e-04
 -6.6715697e-04  -3.5344954e-04
 -6.6604273e-04  -3.5554477e-04
 -6.6492190e-04  -3.5763649e-04
 -6.6379451e-04  -3.5972468e-04
 -6.6266056e-04  -3.6180932e-04
 -6.6152006e-04  -3.6389038e-04
 -6.6037303e-04  -3.6596784e-04
 -6.5921947e-04  -3.6804169e-04
 -6.5805940e-04  -3.7011191e-04
 -6.5689283e-04  -3.7217846e-04
 -6.5571977e-04  -3.7424134e-04
 -6.5454023e-04  -3.7630053e-04
 -6.5335423e-04  -3.7835599e-04
 -6.5216177e-04  -3.8040772e-04
 -6.5096286e-04  -3.8245569e-04
 -6.4975753e-04  -3.8449988e-04
 -6.4854577e-04  -3.8654027e-04
 -6.4732761e-04  -3.8857684e-04
 -6.4610306e-04  -3.9060958e-04
 -6.4487212e-04  -3.9263845e-04
 -6.4363481e-04  -3.9466345e-04
 -6.4239114e-04  -3.9668455e-04
 -6.4114112e-04  -3.9870172e-04
 -6.3988477e-04  -4.0071496e-04
 -6.3862210e-04  -4.0272424e-04
 -6.3735312e-04  -4.0472954e-04
 -6.3607784e-04  -4.0673085e-04
 -6.3479628e-04  -4.0872813e-04
 -6.3350844e-04  -4.1072138e-04
 -6.3221435e-04  -4.1271057e-04
 -6.3091401e-04  -4.1469568e-04
 -6.2960744e-04  -4.1667669e-04
 -6.2829465e-04  -4.1865359e-04
 -6.2697565e-04  -4.2062635e-04
 -6.2565046e-04  -4.2259496e-04
 -6.2431909e-04  -4.2455939e-04
 -6.2298155e-04  -4.2651963e-04
 -6.2163785e-04  -4.2847565e-04
 -6.2028801e-04  -4.3042744e-04
 -6.1893205e-04  -4.3237498e-04
 -6.1756997e-04  -4.3431825e-04
 -6.1620178e-04  -4.3625722e-04
 -6.1482751e-04  -4.3819189e-04
 -6.1344717e-04  -4.4012222e-04
 -6.1206077e-04  -4.4204821e-04
 -6.1066831e-04  -4.4396983e-04
 -6.0926983e-04  -4.4588707e-04
 -6.0786533e-04  -4.4779989e-04
 -6.0645482e-04  -4.4970830e-04
 -6.0503832e-04  -4.5161226e-04
 -6.0361584e-04  -4.5351176e-04
 -6.0218740e-04  -4.5540678e-04
 -6.0075301e-04  -4.5729730e-04
 -5.9931268e-04  -4.5918331e-04
 -5.9786643e-04  -4.6106477e-04
 -5.9641428e-04  -4.6294169e-04
 -5.9495624e-04  -4.6481402e-04
 -5.9349231e-04  -4.6668177e-04
 -5.9202253e-04  -4.6854491e-04
 -5.9054689e-04  -4.7040341e-04
 -5.8906542e-04  -4.7225727e-04
 -5.8757813e-04  -4.7410647e-04
 -5.8608504e-04  -4.7595097e-04
 -5.8458615e-04  -4.7779078e-04
 -5.8308149e-04  -4.7962587e-04
 -5.8157107e-04  -4.8145622e-04
 -5.8005490e-04  -4.8328181e-04
 -5.7853301e-04  -4.8510263e-04
 -5.7700539e-04  -4.8691865e-04
 -5.7547208e-04  -4.8872987e-04
 -5.7393308e-04  -4.9053625e-04
 -5.7238841e-04  -4.9233779e-04
 -5.7083809e-04  -4.9413447e-04
 -5.6928213e-04  -4.9592626e-04
 -5.6772054e-04  -4.9771316e-04
 -5.6615335e-04  -4.9949513e-04
 -5.6458056e-04  -5.0127218e-04
 -5.6300219e-04  -5.0304427e-04
 -5.6141826e-04  -5.0481139e-04
 -5.5982878e-04  -5.0657352e-04
 -5.5823378e-04  -5.0833065e-04
 -5.5663326e-04  -5.1008276e-04
 -5.5502723e-04  -5.1182982e-04
 -5.5341573e-04  -5.1357183e-04
 -5.5179876e-04  -5.1530877e-04
 -5.5017634e-04  -5.1704062e-04
 -5.4854848e-04  -5.1876735e-04
 -5.4691520e-04  -5.2048897e-04
 -5.4527652e-04  -5.2220544e-04
 -5.4363245e-04  -5.2391675e-04
 -5.4198301e-04  -5.2562288e-04
 -5.4032822e-04  -5.2732383e-04
 -5.3866809e-04  -5.2901956e-04
 -5.3700263e-04  -5.3071007e-04
 -5.3533187e-04  -5.3239533e-04
 -5.3365583e-04  -5.3407533e-04
 -5.3197451e-04  -5.3575006e-04
 -5.3028793e-04  -5.3741949e-04
 -5.2859612e-04  -5.3908362e-04
 -5.2689908e-04  -5.4074242e-04
 -5.2519684e-04  -5.4239587e-04
 -5.2348941e-04  -5.4404397e-04
 -5.2177680e-04  -5.4568669e-04
 -5.2005905e-04  -5.4732403e-04
 -5.1833615e-04  -5.4895595e-04
 -5.1660813e-04  -5.5058245e-04
 -5.1487501e-04  -5.5220351e-04
 -5.1313681e-04  -5.5381912e-04
 -5.1139353e-04  -5.5542925e-04
 -5.0964520e-04  -5.5703390e-04
 -5.0789184e-04  -5.5863305e-04
 -5.0613346e-04  -5.6022667e-04
 -5.0437008e-04  -5.6181476e-04
 -5.0260171e-04  -5.6339730e-04
 -5.0082838e-04  -5.6497428e-04
 -4.9905010e-04  -5.6654567e-04
 -4.9726689e-04  -5.6811146e-04
 -4.9547877e-04  -5.6967165e-04
 -4.9368576e-04  -5.7122620e-04
 -4.9188786e-04  -5.7277511e-04
 -4.9008511e-04  -5.7431837e-04
 -4.8827752e-04  -5.7585594e-04
 -4.8646510e-04  -5.7738783e-04
 -4.8464787e-04  -5.7891402e-04
 -4.8282586e-04  -5.8043448e-04
 -4.8099908e-04  -5.8194921e-04
 -4.7916754e-04  -5.8345820e-04
 -4.7733127e-04  -5.8496141e-04
 -4.7549029e-04  -5.8645885e-04
 -4.7364461e-04  -5.8795050e-04
 -4.7179424e-04  -5.8943633e-04
 -4.6993922e-04  -5.9091635e-04
 -4.6807956e-04  -5.9239052e-04
 -4.6621527e-04  -5.9385884e-04
 -4.6434637e-04  -5.9532130e-04
 -4.6247289e-04  -5.9677787e-04
 -4.6059483e-04  -5.9822855e-04
 -4.5871223e-04  -5.9967332e-04
 -4.5682510e-04  -6.0111216e-04
 -4.5493345e-04  -6.0254507e-04
 -4.5303731e-04  -6.0397202e-04
 -4.5113669e-04  -6.0539300e-04
 -4.4923161e-04  -6.0680801e-04
 -4.4732210e-04  -6.0821702e-04
 -4.4540817e-04  -6.0962002e-04
 -4.4348984e-04  -6.1101699e-04
 -4.4156712e-04  -6.1240793e-04
 -4.3964004e-04  -6.1379282e-04
 -4.3770862e-04  -6.1517165e-04
 -4.3577288e-04  -6.1654440e-04
 -4.3383283e-04  -6.1791106e-04
 -4.3188849e-04  -6.1927161e-04
 -4.2993989e-04  -6.2062605e-04
 -4.2798704e-04  -6.2197435e-04
 -4.2602996e-04  -6.2331651e-04
 -4.2406868e-04  -6.2465251e-04
 -4.2210320e-04  -6.2598234e-04
 -4.2013355e-04  -6.2730598e-04
 -4.1815975e-04  -6.2862343e-04
 -4.1618182e-04  -6.2993467e-04
 -4.1419978e-04  -6.3123968e-04
 -4.1221365e-04  -6.3253846e-04
 -4.1022345e-04  -6.3383099e-04
 -4.0822919e-04  -6.3511726e-04
 -4.0623090e-04  -6.3639725e-04
 -4.0422859e-04  -6.3767095e-04
 -4.0222229e-04  -6.3893836e-04
 -4.0021202e-04  -6.4019945e-04
 -3.9819780e-04  -6.4145422e-04
 -3.9617964e-04  -6.4270265e-04
 -3.9415756e-04  -6.4394473e-04
 -3.9213160e-04  -6.4518045e-04
 -3.9010175e-04  -6.4640979e-04
 -3.8806806e-04  -6.4763275e-04
 -3.8603053e-04  -6.4884931e-04
 -3.8398919e-04  -6.5005946e-04
 -3.8194405e-04  -6.5126319e-04
 -3.7989514e-04  -6.5246048e-04
 -3.7784247e-04  -6.5365133e-04
 -3.7578608e-04  -6.5483572e-04
 -3.7372597e-04  -6.5601364e-04
 -3.7166217e-04  -6.5718508e-04
 -3.6959469e-04  -6.5835003e-04
 -3.6752357e-04  -6.5950847e-04
 -3.6544881e-04  -6.6066040e-04
 -3.6337045e-04  -6.6180580e-04
 -3.6128849e-04  -6.6294466e-04
 -3.5920297e-04  -6.6407697e-04
 -3.5711389e-04  -6.6520273e-04
 -3.5502129e-04  -6.6632191e-04
 -3.5292518e-04  -6.6743450e-04
 -3.5082559e-04  -6.6854051e-04
 -3.4872252e-04  -6.6963990e-04
 -3.4661602e-04  -6.7073269e-04
 -3.4450608e-04  -6.7181884e-04
 -3.4239275e-04  -6.7289836e-04
 -3.4027603e-04  -6.7397123e-04
 -3.3815595e-04  -6.7503745e-04
 -3.3603253e-04  -6.7609699e-04
 -3.3390579e-04  -6.7714985e-04
 -3.3177575e-04  -6.7819603e-04
 -3.2964243e-04  -6.7923550e-04
 -3.2750586e-04  -6.8026826e-04
 -3.2536605e-04  -6.8129431e-04
 -3.2322303e-04  -6.8231362e-04
 -3.2107681e-04  -6.8332619e-04
 -3.1892742e-04  -6.8433201e-04
 -3.1677488e-04  -6.8533107e-04
 -3.1461921e-04  -6.8632336e-04
 -3.1246044e-04  -6.8730887e-04
 -3.1029857e-04  -6.8828758e-04
 -3.0813364e-04  -6.8925950e-04
 -3.0596567e-04  -6.9022461e-04
 -3.0379467e-04  -6.9118290e-04
 -3.0162067e-04  -6.9213436e-04
 -2.9944369e-04  -6.9307898e-04
 -2.9726376e-04  -6.9401676e-04
 -2.9508088e-04  -6.9494768e-04
 -2.9289509e-04  -6.9587173e-04
 -2.9070641e-04  -6.9678891e-04
 -2.8851486e-04  -6.9769920e-04
 -2.8632045e-04  -6.9860260e-04
 -2.8412322e-04  -6.9949910e-04
 -2.8192318e-04  -7.0038869e-04
 -2.7972035e-04  -7.0127136e-04
 -2.7751476e-04  -7.0214710e-04
 -2.7530643e-04  -7.0301591e-04
 -2.7309538e-04  -7.0387777e-04
 -2.7088163e-04  -7.0473267e-04
 -2.6866521e-04  -7.0558062e-04
 -2.6644613e-04  -7.0642159e-04
 -2.6422442e-04  -7.0725558e-04
 -2.6200010e-04  -7.0808259e-04
 -2.5977319e-04  -7.0890260e-04
 -2.5754371e-04  -7.0971560e-04
 -2.5531169e-04  -7.1052160e-04
 -2.5307714e-04  -7.1132057e-04
 -2.5084010e-04  -7.1211252e-04
 -2.4860058e-04  -7.1289744e-04
 -2.4635860e-04  -7.1367530e-04
 -2.4411419e-04  -7.1444612e-04
 -2.4186736e-04  -7.1520988e-04
 -2.3961815e-04  -7.1596658e-04
 -2.3736657e-04  -7.1671620e-04
 -2.3511264e-04  -7.1745874e-04
 -2.3285640e-04  -7.1819419e-04
 -2.3059785e-04  -7.1892255e-04
 -2.2833702e-04  -7.1964380e-04
 -2.2607394e-04  -7.2035795e-04
 -2.2380862e-04  -7.2106498e-04
 -2.2154109e-04  -7.2176488e-04
 -2.1927138e-04  -7.2245765e-04
 -2.1699950e-04  -7.2314329e-04
 -2.1472547e-04  -7.2382178e-04
 -2.1244932e-04  -7.2449312e-04
 -2.1017107e-04  -7.2515731e-04
 -2.0789075e-04  -7.2581433e-04
 -2.0560837e-04  -7.2646417e-04
 -2.0332397e-04  -7.2710685e-04
 -2.0103755e-04  -7.2774233e-04
 -1.9874915e-04  -7.2837063e-04
 -1.9645878e-04  -7.2899173e-04
 -1.9416647e-04  -7.2960563e-04
 -1.9187225e-04  -7.3021233e-04
 -1.8957613e-04  -7.3081180e-04
 -1.8727813e-04  -7.3140406e-04
 -1.8497829e-04  -7.3198909e-04
 -1.8267662e-04  -7.3256689e-04
 -1.8037314e-04  -7.3313746e-04
 -1.7806788e-04  -7.3370078e-04
 -1.7576086e-04  -7.3425685e-04
 -1.7345211e-04  -7.3480567e-04
 -1.7114164e-04  -7.3534722e-04
 -1.6882948e-04  -7.3588152e-04
 -1.6651565e-04  -7.3640854e-04
 -1.6420018e-04  -7.3692829e-04
 -1.6188309e-04  -7.3744075e-04
 -1.5956440e-04  -7.3794594e-04
 -1.5724413e-04  -7.3844383e-04
 -1.5492230e-04  -7.3893442e-04
 -1.5259895e-04  -7.3941772e-04
 -1.5027409e-04  -7.3989371e-04
 -1.4794774e-04  -7.4036239e-04
 -1.4561993e-04  -7.4082375e-04
 -1.4329069e-04  -7.4127780e-04
 -1.4096003e-04  -7.4172452e-04
 -1.3862797e-04  -7.4216392e-04
 -1.3629455e-04  -7.4259598e-04
 -1.3395978e-04  -7.4302071e-04
 -1.3162368e-04  -7.4343810e-04
 -1.2928629e-04  -7.4384814e-04
 -1.2694762e-04  -7.4425083e-04
 -1.2460769e-04  -7.4464617e-04
 -1.2226653e-04  -7.4503416e-04
 -1.1992417e-04  -7.4541478e-04
 -1.1758062e-04  -7.4578804e-04
 -1.1523591e-04  -7.4615393e-04
 -1.1289006e-04  -7.4651245e-04
 -1.1054309e-04  -7.4686359e-04
 -1.0819504e-04  -7.4720736e-04
 -1.0584591e-04  -7.4754374e-04
 -1.0349574e-04  -7.4787274e-04
 -1.0114455e-04  -7.4819435e-04
 -9.8792352e-05  -7.4850856e-04
 -9.6439182e-05  -7.4881539e-04
 -9.4085060e-05  -7.4911481e-04
 -9.1730008e-05  -7.4940684e-04
 -8.9374050e-05  -7.4969146e-04
 -8.7017209e-05  -7.4996867e-04
 -8.4659509e-05  -7.5023847e-04
 -8.2300972e-05  -7.5050087e-04
 -7.9941621e-05  -7.5075584e-04
 -7.7581482e-05  -7.5100340e-04
 -7.5220575e-05  -7.5124355e-04
 -7.2858926e-05  -7.5147627e-04
 -7.0496556e-05  -7.5170156e-04
 -6.8133490e-05  -7.5191943e-04
 -6.5769752e-05  -7.5212987e-04
 -6.3405363e-05  -7.5233288e-04
 -6.1040348e-05  -7.5252846e-04
 -5.8674730e-05  -7.5271660e-04
 -5.6308532e-05  -7.5289730e-04
 -5.3941778e-05  -7.5307057e-04
 -5.1574491e-05  -7.5323640e-04
 -4.9206694e-05  -7.5339478e-04
 -4.6838411e-05  -7.5354573e-04
 -4.4469666e-05  -7.5368923e-04
 -4.2100481e-05  -7.5382528e-04
 -3.9730880e-05  -7.5395388e-04
 -3.7360887e-05  -7.5407504e-04
 -3.4990525e-05  -7.5418875e-04
 -3.2619817e-05  -7.5429500e-04
 -3.0248786e-05  -7.5439380e-04
 -2.7877457e-05  -7.5448515e-04
 -2.5505853e-05  -7.5456905e-04
 -2.3133996e-05  -7.5464549e-04
 -2.0761911e-05  -7.5471448e-04
 -1.8389621e-05  -7.5477601e-04
 -1.6017149e-05  -7.5483008e-04
 -1.3644519e-05  -7.5487670e-04
 -1.1271754e-05  -7.5491585e-04
 -8.8988777e-06  -7.5494755e-04
 -6.5259135e-06  -7.5497180e-04
 -4.1528848e-06  -7.5498858e-04
 -1.7798151e-06  -7.5499790e-04
  5.9327219e-07  -7.5499977e-04
  2.9663536e-06  -7.5499417e-04
  5.3394057e-06  -7.5498112e-04
  7.7124051e-06  -7.5496061e-04
  1.0085328e-05  -7.5493264e-04
  1.2458152e-05  -7.5489721e-04
  1.4830852e-05  -7.5485432e-04
  1.7203406e-05  -7.5480398e-04
  1.9575790e-05  -7.5474617e-04
  2.1947981e-05  -7.5468092e-04
  2.4319955e-05  -7.5460820e-04
  2.6691688e-05  -7.5452803e-04
  2.9063158e-05  -7.5444041e-04
  3.1434340e-05  -7.5434533e-04
  3.3805213e-05  -7.5424280e-04
  3.6175751e-05  -7.5413282e-04
  3.8545931e-05  -7.5401539e-04
  4.0915731e-05  -7.5389051e-04
  4.3285127e-05  -7.5375818e-04
  4.5654095e-05  -7.5361841e-04
  4.8022612e-05  -7.5347119e-04
  5.0390655e-05  -7.5331652e-04
  5.2758199e-05  -7.5315441e-04
  5.5125223e-05  -7.5298487e-04
  5.7491702e-05  -7.5280788e-04
  5.9857613e-05  -7.5262346e-04
  6.2222932e-05  -7.5243160e-04
  6.4587637e-05  -7.5223230e-04
  6.6951704e-05  -7.5202558e-04
  6.9315109e-05  -7.5181142e-04
  7.1677829e-05  -7.5158984e-04
  7.4039842e-05  -7.5136083e-04
  7.6401123e-05  -7.5112440e-04
  7.8761649e-05  -7.5088055e-04
  8.1121397e-05  -7.5062928e-04
  8.3480343e-05  -7.5037060e-04
  8.5838465e-05  -7.5010450e-04
  8.8195739e-05  -7.4983099e-04
  9.0552141e-05  -7.4955007e-04
  9.2907649e-05  -7.4926175e-04
  9.5262239e-05  -7.4896602e-04
  9.7615888e-05  -7.4866290e-04
  9.9968572e-05  -7.4835238e-04
  1.0232027e-04  -7.4803447e-04
  1.0467095e-04  -7.4770916e-04
  1.0702061e-04  -7.4737647e-04
  1.0936920e-04  -7.4703640e-04
  1.1171671e-04  -7.4668894e-04
  1.1406313e-04  -7.4633411e-04
  1.1640841e-04  -7.4597190e-04
  1.1875254e-04  -7.4560233e-04
  1.2109550e-04  -7.4522539e-04
  1.2343727e-04  -7.4484108e-04
  1.2577781e-04  -7.4444942e-04
  1.2811711e-04  -7.4405041e-04
  1.3045515e-04  -7.4364404e-04
  1.3279189e-04  -7.4323032e-04
  1.3512733e-04  -7.4280927e-04
  1.3746143e-04  -7.4238087e-04
  1.3979417e-04  -7.4194514e-04
  1.4212553e-04  -7.4150208e-04
  1.4445549e-04  -7.4105169e-04
  1.4678402e-04  -7.4059399e-04
  1.4911110e-04  -7.4012896e-04
  1.5143671e-04  -7.3965663e-04
  1.5376082e-04  -7.3917698e-04
  1.5608341e-04  -7.3869004e-04
  1.5840446e-04  -7.3819579e-04
  1.6072394e-04  -7.3769426e-04
  1.6304184e-04  -7.3718543e-04
  1.6535812e-04  -7.3666932e-04
  1.6767278e-04  -7.3614594e-04
  1.6998577e-04  -7.3561528e-04
  1.7229709e-04  -7.3507735e-04
  1.7460670e-04  -7.3453216e-04
  1.7691459e-04  -7.3397972e-04
  1.7922073e-04  -7.3342002e-04
  1.8152510e-04  -7.3285308e-04
  1.8382768e-04  -7.3227890e-04
  1.8612844e-04  -7.3169748e-04
  1.8842736e-04  -7.3110884e-04
  1.9072442e-04  -7.3051297e-04
  1.9301960e-04  -7.2990988e-04
  1.9531287e-04  -7.2929958e-04
  1.9760421e-04  -7.2868208e-04
  1.9989360e-04  -7.2805738e-04
  2.0218101e-04  -7.2742549e-04
  2.0446642e-04  -7.2678641e-04
  2.0674982e-04  -7.2614015e-04
  2.0903117e-04  -7.2548671e-04
  2.1131046e-04  -7.2482611e-04
  2.1358766e-04  -7.2415835e-04
  2.1586275e-04  -7.2348343e-04
  2.1813571e-04  -7.2280137e-04
  2.2040651e-04  -7.2211216e-04
  2.2267513e-04  -7.2141582e-04
  2.2494156e-04  -7.2071235e-04
  2.2720576e-04  -7.2000177e-04
  2.2946772e-04  -7.1928407e-04
  2.3172741e-04  -7.1855926e-04
  2.3398481e-04  -7.1782735e-04
  2.3623990e-04  -7.1708836e-04
  2.3849265e-04  -7.1634227e-04
  2.4074305e-04  -7.1558912e-04
  2.4299108e-04  -7.1482889e-04
  2.4523670e-04  -7.1406160e-04
  2.4747989e-04  -7.1328725e-04
  2.4972065e-04  -7.1250586e-04
  2.5195893e-04  -7.1171743e-04
  2.5419473e-04  -7.1092196e-04
  2.5642801e-04  -7.1011948e-04
  2.5865877e-04  -7.0930998e-04
  2.6088696e-04  -7.0849347e-04
  2.6311258e-04  -7.0766996e-04
  2.6533560e-04  -7.0683946e-04
  2.6755600e-04  -7.0600197e-04
  2.6977375e-04  -7.0515752e-04
  2.7198884e-04  -7.0430609e-04
  2.7420125e-04  -7.0344771e-04
  2.7641094e-04  -7.0258237e-04
  2.7861790e-04  -7.0171010e-04
  2.8082211e-04  -7.0083089e-04
  2.8302355e-04  -6.9994476e-04
  2.8522219e-04  -6.9905172e-04
  2.8741801e-04  -6.9815177e-04
  2.8961099e-04  -6.9724492e-04
  2.9180111e-04  -6.9633118e-04
  2.9398835e-04  -6.9541056e-04
  2.9617269e-04  -6.9448307e-04
  2.9835409e-04  -6.9354873e-04
  3.0053255e-04  -6.9260753e-04
  3.0270804e-04  -6.9165948e-04
  3.0488054e-04  -6.9070461e-04
  3.0705003e-04  -6.8974291e-04
  3.0921649e-04  -6.8877439e-04
  3.1137989e-04  -6.8779907e-04
  3.1354021e-04  -6.8681696e-04
  3.1569744e-04  -6.8582806e-04
  3.1785155e-04  -6.8483238e-04
  3.2000251e-04  -6.8382994e-04
  3.2215032e-04  -6.8282075e-04
  3.2429494e-04  -6.8180480e-04
  3.2643636e-04  -6.8078213e-04
  3.2857455e-04  -6.7975272e-04
  3.3070950e-04  -6.7871660e-04
  3.3284118e-04  -6.7767378e-04
  3.3496957e-04  -6.7662426e-04
  3.3709466e-04  -6.7556805e-04
  3.3921641e-04  -6.7450517e-04
  3.4133481e-04  -6.7343563e-04
  3.4344984e-04  -6.7235943e-04
  3.4556148e-04  -6.7127659e-04
  3.4766970e-04  -6.7018712e-04
  3.4977449e-04  -6.6909103e-04
  3.5187582e-04  -6.6798833e-04
  3.5397367e-04  -6.6687903e-04
  3.5606803e-04  -6.6576314e-04
  3.5815887e-04  -6.6464067e-04
  3.6024617e-04  -6.6351164e-04
  3.6232992e-04  -6.6237605e-04
  3.6441008e-04  -6.6123392e-04
  3.6648664e-04  -6.6008525e-04
  3.6855959e-04  -6.5893007e-04
  3.7062889e-04  -6.5776837e-04
  3.7269453e-04  -6.5660017e-04
  3.7475649e-04  -6.5542549e-04
  3.7681474e-04  -6.5424434e-04
  3.7886927e-04  -6.5305672e-04
  3.8092006e-04  -6.5186264e-04
  3.8296709e-04  -6.5066213e-04
  3.8501033e-04  -6.4945519e-04
  3.8704977e-04  -6.4824183e-04
  3.8908539e-04  -6.4702207e-04
  3.9111716e-04  -6.4579592e-04
  3.9314507e-04  -6.4456339e-04
  3.9516909e-04  -6.4332448e-04
  3.9718921e-04  -6.4207923e-04
  3.9920540e-04  -6.4082763e-04
  4.0121765e-04  -6.3956969e-04
  4.0322594e-04  -6.3830544e-04
  4.0523025e-04  -6.3703489e-04
  4.0723055e-04  -6.3575804e-04
  4.0922682e-04  -6.3447491e-04
  4.1121906e-04  -6.3318551e-04
  4.1320723e-04  -6.3188985e-04
  4.1519132e-04  -6.3058796e-04
  4.1717130e-04  -6.2927983e-04
  4.1914717e-04  -6.2796548e-04
  4.2111890e-04  -6.2664494e-04
  4.2308646e-04  -6.2531820e-04
  4.2504984e-04  -6.2398528e-04
  4.2700903e-04  -6.2264620e-04
  4.2896400e-04  -6.2130097e-04
  4.3091473e-04  -6.1994959e-04
  4.3286120e-04  -6.1859210e-04
  4.3480339e-04  -6.1722849e-04
  4.3674129e-04  -6.1585879e-04
  4.3867488e-04  -6.1448300e-04
  4.4060413e-04  -6.1310114e-04
  4.4252903e-04  -6.1171322e-04
  4.4444955e-04  -6.1031926e-04
  4.4636569e-04  -6.0891927e-04
  4.4827741e-04  -6.0751326e-04
  4.5018471e-04  -6.0610125e-04
  4.5208756e-04  -6.0468326e-04
  4.5398594e-04  -6.0325929e-04
  4.5587984e-04  -6.0182936e-04
  4.5776923e-04  -6.0039348e-04
  4.5965410e-04  -5.9895167e-04
  4.6153443e-04  -5.9750395e-04
  4.6341020e-04  -5.9605032e-04
  4.6528139e-04  -5.9459081e-04
  4.6714799e-04  -5.9312541e-04
  4.6900997e-04  -5.9165416e-04
  4.7086731e-04  -5.9017707e-04
  4.7272001e-04  -5.8869414e-04
  4.7456803e-04  -5.8720540e-04
  4.7641137e-04  -5.8571086e-04
  4.7825000e-04  -5.8421053e-04
  4.8008390e-04  -5.8270443e-04
  4.8191306e-04  -5.8119257e-04
  4.8373746e-04  -5.7967497e-04
  4.8555708e-04  -5.7815164e-04
  4.8737191e-04  -5.7662260e-04
  4.8918192e-04  -5.7508786e-04
  4.9098709e-04  -5.7354745e-04
  4.9278742e-04  -5.7200136e-04
  4.9458288e-04  -5.7044963e-04
  4.9637345e-04  -5.6889226e-04
  4.9815911e-04  -5.6732927e-04
  4.9993986e-04  -5.6576067e-04
  5.0171567e-04  -5.6418649e-04
  5.0348651e-04  -5.6260673e-04
  5.0525239e-04  -5.6102141e-04
  5.0701327e-04  -5.5943055e-04
  5.0876915e-04  -5.5783416e-04
  5.1052000e-04  -5.5623227e-04
  5.1226580e-04  -5.5462487e-04
  5.1400655e-04  -5.5301200e-04
  5.1574221e-04  -5.5139366e-04
  5.1747278e-04  -5.4976988e-04
  5.1919824e-04  -5.4814066e-04
  5.2091857e-04  -5.4650603e-04
  5.2263375e-04  -5.4486601e-04
  5.2434377e-04  -5.4322059e-04
  5.2604861e-04  -5.4156981e-04
  5.2774825e-04  -5.3991368e-04
  5.2944268e-04  -5.3825222e-04
  5.3113187e-04  -5.3658544e-04
  5.3281582e-04  -5.3491336e-04
  5.3449451e-04  -5.3323599e-04
  5.3616791e-04  -5.3155335e-04
  5.3783602e-04  -5.2986547e-04
  5.3949882e-04  -5.2817235e-04
  5.4115628e-04  -5.2647401e-04
  5.4280840e-04  -5.2477046e-04
  5.4445516e-04  -5.2306174e-04
  5.4609653e-04  -5.2134785e-04
  5.4773251e-04  -5.1962880e-04
  5.4936308e-04  -5.1790463e-04
  5.5098823e-04  -5.1617533e-04
  5.5260793e-04  -5.1444094e-04
  5.5422217e-04  -5.1270146e-04
  5.5583093e-04  -5.1095692e-04
  5.5743420e-04  -5.0920733e-04
  5.5903197e-04  -5.0745271e-04
  5.6062421e-04  -5.0569308e-04
  5.6221092e-04  -5.0392845e-04
  5.6379207e-04  -5.0215884e-04
  5.6536765e-04  -5.0038427e-04
  5.6693764e-04  -4.9860476e-04
  5.6850204e-04  -4.9682032e-04
  5.7006081e-04  -4.9503098e-04
  5.7161396e-04  -4.9323674e-04
  5.7316146e-04  -4.9143763e-04
  5.7470329e-04  -4.8963366e-04
  5.7623945e-04  -4.8782486e-04
  5.7776991e-04  -4.8601124e-04
  5.7929467e-04  -4.8419282e-04
  5.8081370e-04  -4.8236961e-04
  5.8232700e-04  -4.8054164e-04
  5.8383454e-04  -4.7870892e-04
  5.8533632e-04  -4.7687147e-04
  5.8683231e-04  -4.7502931e-04
  5.8832250e-04  -4.7318245e-04
  5.8980688e-04  -4.7133092e-04
  5.9128544e-04  -4.6947474e-04
  5.9275815e-04  -4.6761392e-04
  5.9422501e-04  -4.6574847e-04
  5.9568599e-04  -4.6387843e-04
  5.9714110e-04  -4.6200380e-04
  5.9859030e-04  -4.6012461e-04
  6.0003358e-04  -4.5824087e-04
  6.0147094e-04  -4.5635261e-04
  6.0290236e-04  -4.5445983e-04
  6.0432782e-04  -4.5256257e-04
  6.0574731e-04  -4.5066084e-04
  6.0716082e-04  -4.4875465e-04
  6.0856833e-04  -4.4684403e-04
  6.0996983e-04  -4.4492900e-04
  6.1136529e-04  -4.4300957e-04
  6.1275472e-04  -4.4108576e-04
  6.1413810e-04  -4.3915760e-04
  6.1551541e-04  -4.3722509e-04
  6.1688664e-04  -4.3528827e-04
  6.1825177e-04  -4.3334715e-04
  6.1961079e-04  -4.3140174e-04
  6.2096370e-04  -4.2945208e-04
  6.2231047e-04  -4.2749817e-04
  6.2365109e-04  -4.2554004e-04
  6.2498555e-04  -4.2357770e-04
  6.2631383e-04  -4.2161118e-04
  6.2763593e-04  -4.1964049e-04
  6.2895182e-04  -4.1766566e-04
  6.3026151e-04  -4.1568670e-04
  6.3156496e-04  -4.1370363e-04
  6.3286218e-04  -4.1171648e-04
  6.3415314e-04  -4.0972526e-04
  6.3543784e-04  -4.0772999e-04
  6.3671626e-04  -4.0573070e-04
  6.3798840e-04  -4.0372739e-04
  6.3925422e-04  -4.0172010e-04
  6.4051374e-04  -3.9970884e-04
  6.4176692e-04  -3.9769363e-04
  6.4301376e-04  -3.9567449e-04
  6.4425426e-04  -3.9365144e-04
  6.4548838e-04  -3.9162450e-04
  6.4671613e-04  -3.8959369e-04
  6.4793749e-04  -3.8755903e-04
  6.4915245e-04  -3.8552055e-04
  6.5036100e-04  -3.8347826e-04
  6.5156312e-04  -3.8143217e-04
  6.5275880e-04  -3.7938232e-04
  6.5394804e-04  -3.7732872e-04
  6.5513081e-04  -3.7527140e-04
  6.5630711e-04  -3.7321036e-04
  6.5747693e-04  -3.7114564e-04
  6.5864025e-04  -3.6907725e-04
  6.5979707e-04  -3.6700522e-04
  6.6094736e-04  -3.6492956e-04
  6.6209113e-04  -3.6285029e-04
  6.6322836e-04  -3.6076744e-04
  6.6435903e-04  -3.5868103e-04
  6.6548314e-04  -3.5659107e-04
  6.6660067e-04  -3.5449759e-04
  6.6771162e-04  -3.5240061e-04
  6.6881598e-04  -3.5030014e-04
  6.6991372e-04  -3.4819622e-04
  6.7100485e-04  -3.4608885e-04
  6.7208935e-04  -3.4397807e-04
  6.7316720e-04  -3.4186389e-04
  6.7423841e-04  -3.3974633e-04
  6.7530296e-04  -3.3762541e-04
  6.7636083e-04  -3.3550116e-04
  6.7741202e-04  -3.3337359e-04
  6.7845652e-04  -3.3124273e-04
  6.7949432e-04  -3.2910860e-04
  6.8052541e-04  -3.2697121e-04
  6.8154977e-04  -3.2483060e-04
  6.8256739e-04  -3.2268677e-04
  6.8357828e-04  -3.2053976e-04
  6.8458241e-04  -3.1838958e-04
  6.8557978e-04  -3.1623626e-04
  6.8657037e-04  -3.1407981e-04
  6.8755418e-04  -3.1192026e-04
  6.8853120e-04  -3.0975763e-04
  6.8950142e-04  -3.0759193e-04
  6.9046482e-04  -3.0542320e-04
  6.9142140e-04  -3.0325145e-04
  6.9237116e-04  -3.0107671e-04
  6.9331407e-04  -2.9889899e-04
  6.9425013e-04  -2.9671831e-04
  6.9517933e-04  -2.9453471e-04
  6.9610167e-04  -2.9234819e-04
  6.9701713e-04  -2.9015879e-04
  6.9792570e-04  -2.8796652e-04
  6.9882738e-04  -2.8577141e-04
  6.9972215e-04  -2.8357347e-04
  7.0061001e-04  -2.8137273e-04
  7.0149095e-04  -2.7916921e-04
  7.0236496e-04  -2.7696294e-04
  7.0323203e-04  -2.7475392e-04
  7.0409215e-04  -2.7254220e-04
  7.0494531e-04  -2.7032778e-04
  7.0579151e-04  -2.6811069e-04
  7.0663074e-04  -2.6589095e-04
  7.0746299e-04  -2.6366858e-04
  7.0828825e-04  -2.6144361e-04
  7.0910651e-04  -2.5921606e-04
  7.0991776e-04  -2.5698594e-04
  7.1072200e-04  -2.5475329e-04
  7.1151922e-04  -2.5251812e-04
  7.1230941e-04  -2.5028045e-04
  7.1309256e-04  -2.4804031e-04
  7.1386867e-04  -2.4579772e-04
  7.1463773e-04  -2.4355271e-04
  7.1539972e-04  -2.4130528e-04
  7.1615465e-04  -2.3905548e-04
  7.1690250e-04  -2.3680331e-04
  7.1764327e-04  -2.3454880e-04
  7.1837695e-04  -2.3229197e-04
  7.1910353e-04  -2.3003285e-04
  7.1982301e-04  -2.2777146e-04
  7.2053537e-04  -2.2550782e-04
  7.2124062e-04  -2.2324195e-04
  7.2193874e-04  -2.2097387e-04
  7.2262973e-04  -2.1870361e-04
  7.2331358e-04  -2.1643119e-04
  7.2399029e-04  -2.1415663e-04
  7.2465984e-04  -2.1187996e-04
  7.2532223e-04  -2.0960119e-04
  7.2597746e-04  -2.0732035e-04
  7.2662551e-04  -2.0503746e-04
  7.2726639e-04  -2.0275255e-04
  7.2790008e-04  -2.0046563e-04
  7.2852658e-04  -1.9817674e-04
  7.2914588e-04  -1.9588588e-04
  7.2975798e-04  -1.9359310e-04
  7.3036287e-04  -1.9129839e-04
  7.3096055e-04  -1.8900180e-04
  7.3155100e-04  -1.8670334e-04
  7.3213422e-04  -1.8440304e-04
  7.3271021e-04  -1.8210091e-04
  7.3327897e-04  -1.7979699e-04
  7.3384047e-04  -1.7749129e-04
  7.3439473e-04  -1.7518384e-04
  7.3494174e-04  -1.7287465e-04
  7.3548148e-04  -1.7056376e-04
  7.3601395e-04  -1.6825118e-04
  7.3653916e-04  -1.6593694e-04
  7.3705709e-04  -1.6362106e-04
  7.3756773e-04  -1.6130356e-04
  7.3807109e-04  -1.5898448e-04
  7.3856716e-04  -1.5666382e-04
  7.3905593e-04  -1.5434161e-04
  7.3953740e-04  -1.5201787e-04
  7.4001156e-04  -1.4969264e-04
  7.4047842e-04  -1.4736593e-04
  7.4093795e-04  -1.4503776e-04
  7.4139017e-04  -1.4270815e-04
  7.4183506e-04  -1.4037714e-04
  7.4227262e-04  -1.3804474e-04
  7.4270285e-04  -1.3571098e-04
  7.4312575e-04  -1.3337588e-04
  7.4354130e-04  -1.3103946e-04
  7.4394950e-04  -1.2870174e-04
  7.4435036e-04  -1.2636275e-04
  7.4474386e-04  -1.2402252e-04
  7.4513000e-04  -1.2168106e-04
  7.4550878e-04  -1.1933839e-04
  7.4588020e-04  -1.1699455e-04
  7.4624425e-04  -1.1464955e-04
  7.4660093e-04  -1.1230342e-04
  7.4695022e-04  -1.0995618e-04
  7.4729214e-04  -1.0760786e-04
  7.4762668e-04  -1.0525847e-04
  7.4795383e-04  -1.0290804e-04
  7.4827359e-04  -1.0055659e-04
  7.4858596e-04  -9.8204150e-05
  7.4889094e-04  -9.5850740e-05
  7.4918851e-04  -9.3496383e-05
  7.4947869e-04  -9.1141103e-05
  7.4976145e-04  -8.8784922e-05
  7.5003682e-04  -8.6427864e-05
  7.5030477e-04  -8.4069952e-05
  7.5056531e-04  -8.1711209e-05
  7.5081843e-04  -7.9351660e-05
  7.5106414e-04  -7.6991326e-05
  7.5130242e-04  -7.4630232e-05
  7.5153328e-04  -7.2268400e-05
  7.5175672e-04  -6.9905854e-05
  7.5197274e-04  -6.7542618e-05
  7.5218132e-04  -6.5178714e-05
  7.5238247e-04  -6.2814167e-05
  7.5257619e-04  -6.0448999e-05
  7.5276247e-04  -5.8083234e-05
  7.5294132e-04  -5.5716894e-05
  7.5311273e-04  -5.3350005e-05
  7.5327669e-04  -5.0982588e-05
  7.5343322e-04  -4.8614668e-05
  7.5358230e-04  -4.6246267e-05
  7.5372394e-04  -4.3877410e-05
  7.5385813e-04  -4.1508119e-05
  7.5398487e-04  -3.9138418e-05
  7.5410416e-04  -3.6768330e-05
  7.5421601e-04  -3.4397879e-05
  7.5432040e-04  -3.2027088e-05
  7.5441734e-04  -2.9655981e-05
  7.5450683e-04  -2.7284581e-05
  7.5458886e-04  -2.4912911e-05
  7.5466344e-04  -2.2540995e-05
  7.5473056e-04  -2.0168857e-05
  7.5479023e-04  -1.7796519e-05
  7.5484243e-04  -1.5424005e-05
  7.5488719e-04  -1.3051339e-05
  7.5492448e-04  -1.0678544e-05
  7.5495431e-04  -8.3056440e-06
  7.5497669e-04  -5.9326614e-06
  7.5499161e-04  -3.5596203e-06
  7.5499907e-04  -1.1865440e-06
  7.5499907e-04   1.1865440e-06
  7.5499161e-04   3.5596203e-06
  7.5497669e-04   5.9326614e-06
  7.5495431e-04   8.3056440e-06
  7.5492448e-04   1.0678544e-05
  7.5488719e-04   1.3051339e-05
  7.5484243e-04   1.5424005e-05
  7.5479023e-04   1.7796519e-05
  7.5473056e-04   2.0168857e-05
  7.5466344e-04   2.2540995e-05
  7.5458886e-04   2.4912911e-05
  7.5450683e-04   2.7284581e-05
  7.5441734e-04   2.9655981e-05
  7.5432040e-04   3.2027088e-05
  7.5421601e-04   3.4397879e-05
  7.5410416e-04   3.6768330e-05
  7.5398487e-04   3.9138418e-05
  7.5385813e-04   4.1508119e-05
  7.5372394e-04   4.3877410e-05
  7.5358230e-04   4.6246267e-05
  7.5343322e-04   4.8614668e-05
  7.5327669e-04   5.0982588e-05
  7.5311273e-04   5.3350005e-05
  7.5294132e-04   5.5716894e-05
  7.5276247e-04   5.8083234e-05
  7.5257619e-04   6.0448999e-05
  7.5238247e-04   6.2814167e-05
  7.5218132e-04   6.5178714e-05
  7.5197274e-04   6.7542618e-05
  7.5175672e-04   6.9905854e-05
  7.5153328e-04   7.2268400e-05
  7.5130242e-04   7.4630232e-05
  7.5106414e-04   7.6991326e-05
  7.5081843e-04   7.9351660e-05
  7.5056531e-04   8.1711209e-05
  7.5030477e-04   8.4069952e-05
  7.5003682e-04   8.6427864e-05
  7.4976145e-04   8.8784922e-05
  7.4947869e-04   9.1141103e-05
  7.4918851e-04   9.3496383e-05
  7.4889094e-04   9.5850740e-05
  7.4858596e-04   9.8204150e-05
  7.4827359e-04   1.0055659e-04
  7.4795383e-04   1.0290804e-04
  7.4762668e-04   1.0525847e-04
  7.4729214e-04   1.0760786e-04
  7.4695022e-04   1.0995618e-04
  7.4660093e-04   1.1230342e-04
  7.4624425e-04   1.1464955e-04
  7.4588020e-04   1.1699455e-04
  7.4550878e-04   1.1933839e-04
  7.4513000e-04   1.2168106e-04
  7.4474386e-04   1.2402252e-04
  7.4435036e-04   1.2636275e-04
  7.4394950e-04   1.2870174e-04
  7.4354130e-04   1.3103946e-04
  7.4312575e-04   1.3337588e-04
  7.4270285e-04   1.3571098e-04
  7.4227262e-04   1.3804474e-04
  7.4183506e-04   1.4037714e-04
  7.4139017e-04   1.4270815e-04
  7.4093795e-04   1.4503776e-04
  7.4047842e-04   1.4736593e-04
  7.4001156e-04   1.4969264e-04
  7.3953740e-04   1.5201787e-04
  7.3905593e-04   1.5434161e-04
  7.3856716e-04   1.5666382e-04
  7.3807109e-04   1.5898448e-04
  7.3756773e-04   1.6130356e-04
  7.3705709e-04   1.6362106e-04
  7.3653916e-04   1.6593694e-04
  7.3601395e-04   1.6825118e-04
  7.3548148e-04   1.7056376e-04
  7.3494174e-04   1.7287465e-04
  7.3439473e-04   1.7518384e-04
  7.3384047e-04   1.7749129e-04
  7.3327897e-04   1.7979699e-04
  7.3271021e-04   1.8210091e-04
  7.3213422e-04   1.8440304e-04
  7.3155100e-04   1.8670334e-04
  7.3096055e-04   1.8900180e-04
  7.3036287e-04   1.9129839e-04
  7.2975798e-04   1.9359310e-04
  7.2914588e-04   1.9588588e-04
  7.2852658e-04   1.9817674e-04
  7.2790008e-04   2.0046563e-04
  7.2726639e-04   2.0275255e-04
  7.2662551e-04   2.0503746e-04
  7.2597746e-04   2.0732035e-04
  7.2532223e-04   2.0960119e-04
  7.2465984e-04   2.1187996e-04
  7.2399029e-04   2.1415663e-04
  7.2331358e-04   2.1643119e-04
  7.2262973e-04   2.1870361e-04
  7.2193874e-04   2.2097387e-04
  7.2124062e-04   2.2324195e-04
  7.2053537e-04   2.2550782e-04
  7.1982301e-04   2.2777146e-04
  7.1910353e-04   2.3003285e-04
  7.1837695e-04   2.3229197e-04
  7.1764327e-04   2.3454880e-04
  7.1690250e-04   2.3680331e-04
  7.1615465e-04   2.3905548e-04
  7.1539972e-04   2.4130528e-04
  7.1463773e-04   2.4355271e-04
  7.1386867e-04   2.4579772e-04
  7.1309256e-04   2.4804031e-04
  7.1230941e-04   2.5028045e-04
  7.1151922e-04   2.5251812e-04
  7.1072200e-04   2.5475329e-04
  7.0991776e-04   2.5698594e-04
  7.0910651e-04   2.5921606e-04
  7.0828825e-04   2.6144361e-04
  7.0746299e-04   2.6366858e-04
  7.0663074e-04   2.6589095e-04
  7.0579151e-04   2.6811069e-04
  7.0494531e-04   2.7032778e-04
  7.0409215e-04   2.7254220e-04
  7.0323203e-04   2.7475392e-04
  7.0236496e-04   2.7696294e-04
  7.0149095e-04   2.7916921e-04
  7.0061001e-04   2.8137273e-04
  6.9972215e-04   2.8357347e-04
  6.9882738e-04   2.8577141e-04
  6.9792570e-04   2.8796652e-04
  6.9701713e-04   2.9015879e-04
  6.9610167e-04   2.9234819e-04
  6.9517933e-04   2.9453471e-04
  6.9425013e-04   2.9671831e-04
  6.9331407e-04   2.9889899e-04
  6.9237116e-04   3.0107671e-04
  6.9142140e-04   3.0325145e-04
  6.9046482e-04   3.0542320e-04
  6.8950142e-04   3.0759193e-04
  6.8853120e-04   3.0975763e-04
  6.8755418e-04   3.1192026e-04
  6.8657037e-04   3.1407981e-04
  6.8557978e-04   3.1623626e-04
  6.8458241e-04   3.1838958e-04
  6.8357828e-04   3.2053976e-04
  6.8256739e-04   3.2268677e-04
  6.8154977e-04   3.2483060e-04
  6.8052541e-04   3.2697121e-04
  6.7949432e-04   3.2910860e-04
  6.7845652e-04   3.3124273e-04
  6.7741202e-04   3.3337359e-04
  6.7636083e-04   3.3550116e-04
  6.7530296e-04   3.3762541e-04
  6.7423841e-04   3.3974633e-04
  6.7316720e-04   3.4186389e-04
  6.7208935e-04   3.4397807e-04
  6.7100485e-04   3.4608885e-04
  6.6991372e-04   3.4819622e-04
  6.6881598e-04   3.5030014e-04
  6.6771162e-04   3.5240061e-04
  6.6660067e-04   3.5449759e-04
  6.6548314e-04   3.5659107e-04
  6.6435903e-04   3.5868103e-04
  6.6322836e-04   3.6076744e-04
  6.6209113e-04   3.6285029e-04
  6.6094736e-04   3.6492956e-04
  6.5979707e-04   3.6700522e-04
  6.5864025e-04   3.6907725e-04
  6.5747693e-04   3.7114564e-04
  6.5630711e-04   3.7321036e-04
  6.5513081e-04   3.7527140e-04
  6.5394804e-04   3.7732872e-04
  6.5275880e-04   3.7938232e-04
  6.5156312e-04   3.8143217e-04
  6.5036100e-04   3.8347826e-04
  6.4915245e-04   3.8552055e-04
  6.4793749e-04   3.8755903e-04
  6.4671613e-04   3.8959369e-04
  6.4548838e-04   3.9162450e-04
  6.4425426e-04   3.9365144e-04
  6.4301376e-04   3.9567449e-04
  6.4176692e-04   3.9769363e-04
  6.4051374e-04   3.9970884e-04
  6.3925422e-04   4.0172010e-04
  6.3798840e-04   4.0372739e-04
  6.3671626e-04   4.0573070e-04
  6.3543784e-04   4.0772999e-04
  6.3415314e-04   4.0972526e-04
  6.3286218e-04   4.1171648e-04
  6.3156496e-04   4.1370363e-04
  6.3026151e-04   4.1568670e-04
  6.2895182e-04   4.1766566e-04
  6.2763593e-04   4.1964049e-04
  6.2631383e-04   4.2161118e-04
  6.2498555e-04   4.2357770e-04
  6.2365109e-04   4.2554004e-04
  6.2231047e-04   4.2749817e-04
  6.2096370e-04   4.2945208e-04
  6.1961079e-04   4.3140174e-04
  6.1825177e-04   4.3334715e-04
  6.1688664e-04   4.3528827e-04
  6.1551541e-04   4.3722509e-04
  6.1413810e-04   4.3915760e-04
  6.1275472e-04   4.4108576e-04
  6.1136529e-04   4.4300957e-04
  6.0996983e-04   4.4492900e-04
  6.0856833e-04   4.4684403e-04
  6.0716082e-04   4.4875465e-04
  6.0574731e-04   4.5066084e-04
  6.0432782e-04   4.5256257e-04
  6.0290236e-04   4.5445983e-04
  6.0147094e-04   4.5635261e-04
  6.0003358e-04   4.5824087e-04
  5.9859030e-04   4.6012461e-04
  5.9714110e-04   4.6200380e-04
  5.9568599e-04   4.6387843e-04
  5.9422501e-04   4.6574847e-04
  5.9275815e-04   4.6761392e-04
  5.9128544e-04   4.6947474e-04
  5.8980688e-04   4.7133092e-04
  5.8832250e-04   4.7318245e-04
  5.8683231e-04   4.7502931e-04
  5.8533632e-04   4.7687147e-04
  5.8383454e-04   4.7870892e-04
  5.8232700e-04   4.8054164e-04
  5.8081370e-04   4.8236961e-04
  5.7929467e-04   4.8419282e-04
  5.7776991e-04   4.8601124e-04
  5.7623945e-04   4.8782486e-04
  5.7470329e-04   4.8963366e-04
  5.7316146e-04   4.9143763e-04
  5.7161396e-04   4.9323674e-04
  5.7006081e-04   4.9503098e-04
  5.6850204e-04   4.9682032e-04
  5.6693764e-04   4.9860476e-04
  5.6536765e-04   5.0038427e-04
  5.6379207e-04   5.0215884e-04
  5.6221092e-04   5.0392845e-04
  5.6062421e-04   5.0569308e-04
  5.5903197e-04   5.0745271e-04
  5.5743420e-04   5.0920733e-04
  5.5583093e-04   5.1095692e-04
  5.5422217e-04   5.1270146e-04
  5.5260793e-04   5.1444094e-04
  5.5098823e-04   5.1617533e-04
  5.4936308e-04   5.1790463e-04
  5.4773251e-04   5.1962880e-04
  5.4609653e-04   5.2134785e-04
  5.4445516e-04   5.2306174e-04
  5.4280840e-04   5.2477046e-04
  5.4115628e-04   5.2647401e-04
  5.3949882e-04   5.2817235e-04
  5.3783602e-04   5.2986547e-04
  5.3616791e-04   5.3155335e-04
  5.3449451e-04   5.3323599e-04
  5.3281582e-04   5.3491336e-04
  5.3113187e-04   5.3658544e-04
  5.2944268e-04   5.3825222e-04
  5.2774825e-04   5.3991368e-04
  5.2604861e-04   5.4156981e-04
  5.2434377e-04   5.4322059e-04
  5.2263375e-04   5.4486601e-04
  5.2091857e-04   5.4650603e-04
  5.1919824e-04   5.4814066e-04
  5.1747278e-04   5.4976988e-04
  5.1574221e-04   5.5139366e-04
  5.1400655e-04   5.5301200e-04
  5.1226580e-04   5.5462487e-04
  5.1052000e-04   5.5623227e-04
  5.0876915e-04   5.5783416e-04
  5.0701327e-04   5.5943055e-04
  5.0525239e-04   5.6102141e-04
  5.0348651e-04   5.6260673e-04
  5.0171567e-04   5.6418649e-04
  4.9993986e-04   5.6576067e-04
  4.9815911e-04   5.6732927e-04
  4.9637345e-04   5.6889226e-04
  4.9458288e-04   5.7044963e-04
  4.9278742e-04   5.7200136e-04
  4.9098709e-04   5.7354745e-04
  4.8918192e-04   5.7508786e-04
  4.8737191e-04   5.7662260e-04
  4.8555708e-04   5.7815164e-04
  4.8373746e-04   5.7967497e-04
  4.8191306e-04   5.8119257e-04
  4.8008390e-04   5.8270443e-04
  4.7825000e-04   5.8421053e-04
  4.7641137e-04   5.8571086e-04
  4.7456803e-04   5.8720540e-04
  4.7272001e-04   5.8869414e-04
  4.7086731e-04   5.9017707e-04
  4.6900997e-04   5.9165416e-04
  4.6714799e-04   5.9312541e-04
  4.6528139e-04   5.9459081e-04
  4.6341020e-04   5.9605032e-04
  4.6153443e-04   5.9750395e-04
  4.5965410e-04   5.9895167e-04
  4.5776923e-04   6.0039348e-04
  4.5587984e-04   6.0182936e-04
  4.5398594e-04   6.0325929e-04
  4.5208756e-04   6.0468326e-04
  4.5018471e-04   6.0610125e-04
  4.4827741e-04   6.0751326e-04
  4.4636569e-04   6.0891927e-04
  4.4444955e-04   6.1031926e-04
  4.4252903e-04   6.1171322e-04
  4.4060413e-04   6.1310114e-04
  4.3867488e-04   6.1448300e-04
  4.3674129e-04   6.1585879e-04
  4.3480339e-04   6.1722849e-04
  4.3286120e-04   6.1859210e-04
  4.3091473e-04   6.1994959e-04
  4.2896400e-04   6.2130097e-04
  4.2700903e-04   6.2264620e-04
  4.2504984e-04   6.2398528e-04
  4.2308646e-04   6.2531820e-04
  4.2111890e-04   6.2664494e-04
  4.1914717e-04   6.2796548e-04
  4.1717130e-04   6.2927983e-04
  4.1519132e-04   6.3058796e-04
  4.1320723e-04   6.3188985e-04
  4.1121906e-04   6.3318551e-04
  4.0922682e-04   6.3447491e-04
  4.0723055e-04   6.3575804e-04
  4.0523025e-04   6.3703489e-04
  4.0322594e-04   6.3830544e-04
  4.0121765e-04   6.3956969e-04
  3.9920540e-04   6.4082763e-04
  3.9718921e-04   6.4207923e-04
  3.9516909e-04   6.4332448e-04
  3.9314507e-04   6.4456339e-04
  3.9111716e-04   6.4579592e-04
  3.8908539e-04   6.4702207e-04
  3.8704977e-04   6.4824183e-04
  3.8501033e-04   6.4945519e-04
  3.8296709e-04   6.5066213e-04
  3.8092006e-04   6.5186264e-04
  3.7886927e-04   6.5305672e-04
  3.7681474e-04   6.5424434e-04
  3.7475649e-04   6.5542549e-04
  3.7269453e-04   6.5660017e-04
  3.7062889e-04   6.5776837e-04
  3.6855959e-04   6.5893007e-04
  3.6648664e-04   6.6008525e-04
  3.6441008e-04   6.6123392e-04
  3.6232992e-04   6.6237605e-04
  3.6024617e-04   6.6351164e-04
  3.5815887e-04   6.6464067e-04
  3.5606803e-04   6.6576314e-04
  3.5397367e-04   6.6687903e-04
  3.5187582e-04   6.6798833e-04
  3.4977449e-04   6.6909103e-04
  3.4766970e-04   6.7018712e-04
  3.4556148e-04   6.7127659e-04
  3.4344984e-04   6.7235943e-04
  3.4133481e-04   6.7343563e-04
  3.3921641e-04   6.7450517e-04
  3.3709466e-04   6.7556805e-04
  3.3496957e-04   6.7662426e-04
  3.3284118e-04   6.7767378e-04
  3.3070950e-04   6.7871660e-04
  3.2857455e-04   6.7975272e-04
  3.2643636e-04   6.8078213e-04
  3.2429494e-04   6.8180480e-04
  3.2215032e-04   6.8282075e-04
  3.2000251e-04   6.8382994e-04
  3.1785155e-04   6.8483238e-04
  3.1569744e-04   6.8582806e-04
  3.1354021e-04   6.8681696e-04
  3.1137989e-04   6.8779907e-04
  3.0921649e-04   6.8877439e-04
  3.0705003e-04   6.8974291e-04
  3.0488054e-04   6.9070461e-04
  3.0270804e-04   6.9165948e-04
  3.0053255e-04   6.9260753e-04
  2.9835409e-04   6.9354873e-04
  2.9617269e-04   6.9448307e-04
  2.9398835e-04   6.9541056e-04
  2.9180111e-04   6.9633118e-04
  2.8961099e-04   6.9724492e-04
  2.8741801e-04   6.9815177e-04
  2.8522219e-04   6.9905172e-04
  2.8302355e-04   6.9994476e-04
  2.8082211e-04   7.0083089e-04
  2.7861790e-04   7.0171010e-04
  2.7641094e-04   7.0258237e-04
  2.7420125e-04   7.0344771e-04
  2.7198884e-04   7.0430609e-04
  2.6977375e-04   7.0515752e-04
  2.6755600e-04   7.0600197e-04
  2.6533560e-04   7.0683946e-04
  2.6311258e-04   7.0766996e-04
  2.6088696e-04   7.0849347e-04
  2.5865877e-04   7.0930998e-04
  2.5642801e-04   7.1011948e-04
  2.5419473e-04   7.1092196e-04
  2.5195893e-04   7.1171743e-04
  2.4972065e-04   7.1250586e-04
  2.4747989e-04   7.1328725e-04
  2.4523670e-04   7.1406160e-04
  2.4299108e-04   7.1482889e-04
  2.4074305e-04   7.1558912e-04
  2.3849265e-04   7.1634227e-04
  2.3623990e-04   7.1708836e-04
  2.3398481e-04   7.1782735e-04
  2.3172741e-04   7.1855926e-04
  2.2946772e-04   7.1928407e-04
  2.2720576e-04   7.2000177e-04
  2.2494156e-04   7.2071235e-04
  2.2267513e-04   7.2141582e-04
  2.2040651e-04   7.2211216e-04
  2.1813571e-04   7.2280137e-04
  2.1586275e-04   7.2348343e-04
  2.1358766e-04   7.2415835e-04
  2.1131046e-04   7.2482611e-04
  2.0903117e-04   7.2548671e-04
  2.0674982e-04   7.2614015e-04
  2.0446642e-04   7.2678641e-04
  2.0218101e-04   7.2742549e-04
  1.9989360e-04   7.2805738e-04
  1.9760421e-04   7.2868208e-04
  1.9531287e-04   7.2929958e-04
  1.9301960e-04   7.2990988e-04
  1.9072442e-04   7.3051297e-04
  1.8842736e-04   7.3110884e-04
  1.8612844e-04   7.3169748e-04
  1.8382768e-04   7.3227890e-04
  1.8152510e-04   7.3285308e-04
  1.7922073e-04   7.3342002e-04
  1.7691459e-04   7.3397972e-04
  1.7460670e-04   7.3453216e-04
  1.7229709e-04   7.3507735e-04
  1.6998577e-04   7.3561528e-04
  1.6767278e-04   7.3614594e-04
  1.6535812e-04   7.3666932e-04
  1.6304184e-04   7.3718543e-04
  1.6072394e-04   7.3769426e-04
  1.5840446e-04   7.3819579e-04
  1.5608341e-04   7.3869004e-04
  1.5376082e-04   7.3917698e-04
  1.5143671e-04   7.3965663e-04
  1.4911110e-04   7.4012896e-04
  1.4678402e-04   7.4059399e-04
  1.4445549e-04   7.4105169e-04
  1.4212553e-04   7.4150208e-04
  1.3979417e-04   7.4194514e-04
  1.3746143e-04   7.4238087e-04
  1.3512733e-04   7.4280927e-04
  1.3279189e-04   7.4323032e-04
  1.3045515e-04   7.4364404e-04
  1.2811711e-04   7.4405041e-04
  1.2577781e-04   7.4444942e-04
  1.2343727e-04   7.4484108e-04
  1.2109550e-04   7.4522539e-04
  1.1875254e-04   7.4560233e-04
  1.1640841e-04   7.4597190e-04
  1.1406313e-04   7.4633411e-04
  1.1171671e-04   7.4668894e-04
  1.0936920e-04   7.4703640e-04
  1.0702061e-04   7.4737647e-04
  1.0467095e-04   7.4770916e-04
  1.0232027e-04   7.4803447e-04
  9.9968572e-05   7.4835238e-04
  9.7615888e-05   7.4866290e-04
  9.5262239e-05   7.4896602e-04
  9.2907649e-05   7.4926175e-04
  9.0552141e-05   7.4955007e-04
  8.8195739e-05   7.4983099e-04
  8.5838465e-05   7.5010450e-04
  8.3480343e-05   7.5037060e-04
  8.1121397e-05   7.5062928e-04
  7.8761649e-05   7.5088055e-04
  7.6401123e-05   7.5112440e-04
  7.4039842e-05   7.5136083e-04
  7.1677829e-05   7.5158984e-04
  6.9315109e-05   7.5181142e-04
  6.6951704e-05   7.5202558e-04
  6.4587637e-05   7.5223230e-04
  6.2222932e-05   7.5243160e-04
  5.9857613e-05   7.5262346e-04
  5.7491702e-05   7.5280788e-04
  5.5125223e-05   7.5298487e-04
  5.2758199e-05   7.5315441e-04
  5.0390655e-05   7.5331652e-04
  4.8022612e-05   7.5347119e-04
  4.5654095e-05   7.5361841e-04
  4.3285127e-05   7.5375818e-04
  4.0915731e-05   7.5389051e-04
  3.8545931e-05   7.5401539e-04
  3.6175751e-05   7.5413282e-04
  3.3805213e-05   7.5424280e-04
  3.1434340e-05   7.5434533e-04
  2.9063158e-05   7.5444041e-04
  2.6691688e-05   7.5452803e-04
  2.4319955e-05   7.5460820e-04
  2.1947981e-05   7.5468092e-04
  1.9575790e-05   7.5474617e-04
  1.7203406e-05   7.5480398e-04
  1.4830852e-05   7.5485432e-04
  1.2458152e-05   7.5489721e-04
  1.0085328e-05   7.5493264e-04
  7.7124051e-06   7.5496061e-04
  5.3394057e-06   7.5498112e-04
  2.9663536e-06   7.5499417e-04
  5.9327219e-07   7.5499977e-04
 -1.7798151e-06   7.5499790e-04
 -4.1528848e-06   7.5498858e-04
 -6.5259135e-06   7.5497180e-04
 -8.8988777e-06   7.5494755e-04
 -1.1271754e-05   7.5491585e-04
 -1.3644519e-05   7.5487670e-04
 -1.6017149e-05   7.5483008e-04
 -1.8389621e-05   7.5477601e-04
 -2.0761911e-05   7.5471448e-04
 -2.3133996e-05   7.5464549e-04
 -2.5505853e-05   7.5456905e-04
 -2.7877457e-05   7.5448515e-04
 -3.0248786e-05   7.5439380e-04
 -3.2619817e-05   7.5429500e-04
 -3.4990525e-05   7.5418875e-04
 -3.7360887e-05   7.5407504e-04
 -3.9730880e-05   7.5395388e-04
 -4.2100481e-05   7.5382528e-04
 -4.4469666e-05   7.5368923e-04
 -4.6838411e-05   7.5354573e-04
 -4.9206694e-05   7.5339478e-04
 -5.1574491e-05   7.5323640e-04
 -5.3941778e-05   7.5307057e-04
 -5.6308532e-05   7.5289730e-04
 -5.8674730e-05   7.5271660e-04
 -6.1040348e-05   7.5252846e-04
 -6.3405363e-05   7.5233288e-04
 -6.5769752e-05   7.5212987e-04
 -6.8133490e-05   7.5191943e-04
 -7.0496556e-05   7.5170156e-04
 -7.2858926e-05   7.5147627e-04
 -7.5220575e-05   7.5124355e-04
 -7.7581482e-05   7.5100340e-04
 -7.9941621e-05   7.5075584e-04
 -8.2300972e-05   7.5050087e-04
 -8.4659509e-05   7.5023847e-04
 -8.7017209e-05   7.4996867e-04
 -8.9374050e-05   7.4969146e-04
 -9.1730008e-05   7.4940684e-04
 -9.4085060e-05   7.4911481e-04
 -9.6439182e-05   7.4881539e-04
 -9.8792352e-05   7.4850856e-04
 -1.0114455e-04   7.4819435e-04
 -1.0349574e-04   7.4787274e-04
 -1.0584591e-04   7.4754374e-04
 -1.0819504e-04   7.4720736e-04
 -1.1054309e-04   7.4686359e-04
 -1.1289006e-04   7.4651245e-04
 -1.1523591e-04   7.4615393e-04
 -1.1758062e-04   7.4578804e-04
 -1.1992417e-04   7.4541478e-04
 -1.2226653e-04   7.4503416e-04
 -1.2460769e-04   7.4464617e-04
 -1.2694762e-04   7.4425083e-04
 -1.2928629e-04   7.4384814e-04
 -1.3162368e-04   7.4343810e-04
 -1.3395978e-04   7.4302071e-04
 -1.3629455e-04   7.4259598e-04
 -1.3862797e-04   7.4216392e-04
 -1.4096003e-04   7.4172452e-04
 -1.4329069e-04   7.4127780e-04
 -1.4561993e-04   7.4082375e-04
 -1.4794774e-04   7.4036239e-04
 -1.5027409e-04   7.3989371e-04
 -1.5259895e-04   7.3941772e-04
 -1.5492230e-04   7.3893442e-04
 -1.5724413e-04   7.3844383e-04
 -1.5956440e-04   7.3794594e-04
 -1.6188309e-04   7.3744075e-04
 -1.6420018e-04   7.3692829e-04
 -1.6651565e-04   7.3640854e-04
 -1.6882948e-04   7.3588152e-04
 -1.7114164e-04   7.3534722e-04
 -1.7345211e-04   7.3480567e-04
 -1.7576086e-04   7.3425685e-04
 -1.7806788e-04   7.3370078e-04
 -1.8037314e-04   7.3313746e-04
 -1.8267662e-04   7.3256689e-04
 -1.8497829e-04   7.3198909e-04
 -1.8727813e-04   7.3140406e-04
 -1.8957613e-04   7.3081180e-04
 -1.9187225e-04   7.3021233e-04
 -1.9416647e-04   7.2960563e-04
 -1.9645878e-04   7.2899173e-04
 -1.9874915e-04   7.2837063e-04
 -2.0103755e-04   7.2774233e-04
 -2.0332397e-04   7.2710685e-04
 -2.0560837e-04   7.2646417e-04
 -2.0789075e-04   7.2581433e-04
 -2.1017107e-04   7.2515731e-04
 -2.1244932e-04   7.2449312e-04
 -2.1472547e-04   7.2382178e-04
 -2.1699950e-04   7.2314329e-04
 -2.1927138e-04   7.2245765e-04
 -2.2154109e-04   7.2176488e-04
 -2.2380862e-04   7.2106498e-04
 -2.2607394e-04   7.2035795e-04
 -2.2833702e-04   7.1964380e-04
 -2.3059785e-04   7.1892255e-04
 -2.3285640e-04   7.1819419e-04
 -2.3511264e-04   7.1745874e-04
 -2.3736657e-04   7.1671620e-04
 -2.3961815e-04   7.1596658e-04
 -2.4186736e-04   7.1520988e-04
 -2.4411419e-04   7.1444612e-04
 -2.4635860e-04   7.1367530e-04
 -2.4860058e-04   7.1289744e-04
 -2.5084010e-04   7.1211252e-04
 -2.5307714e-04   7.1132057e-04
 -2.5531169e-04   7.1052160e-04
 -2.5754371e-04   7.0971560e-04
 -2.5977319e-04   7.0890260e-04
 -2.6200010e-04   7.0808259e-04
 -2.6422442e-04   7.0725558e-04
 -2.6644613e-04   7.0642159e-04
 -2.6866521e-04   7.0558062e-04
 -2.7088163e-04   7.0473267e-04
 -2.7309538e-04   7.0387777e-04
 -2.7530643e-04   7.0301591e-04
 -2.7751476e-04   7.0214710e-04
 -2.7972035e-04   7.0127136e-04
 -2.8192318e-04   7.0038869e-04
 -2.8412322e-04   6.9949910e-04
 -2.8632045e-04   6.9860260e-04
 -2.8851486e-04   6.9769920e-04
 -2.9070641e-04   6.9678891e-04
 -2.9289509e-04   6.9587173e-04
 -2.9508088e-04   6.9494768e-04
 -2.9726376e-04   6.9401676e-04
 -2.9944369e-04   6.9307898e-04
 -3.0162067e-04   6.9213436e-04
 -3.0379467e-04   6.9118290e-04
 -3.0596567e-04   6.9022461e-04
 -3.0813364e-04   6.8925950e-04
 -3.1029857e-04   6.8828758e-04
 -3.1246044e-04   6.8730887e-04
 -3.1461921e-04   6.8632336e-04
 -3.1677488e-04   6.8533107e-04
 -3.1892742e-04   6.8433201e-04
 -3.2107681e-04   6.8332619e-04
 -3.2322303e-04   6.8231362e-04
 -3.2536605e-04   6.8129431e-04
 -3.2750586e-04   6.8026826e-04
 -3.2964243e-04   6.7923550e-04
 -3.3177575e-04   6.7819603e-04
 -3.3390579e-04   6.7714985e-04
 -3.3603253e-04   6.7609699e-04
 -3.3815595e-04   6.7503745e-04
 -3.4027603e-04   6.7397123e-04
 -3.4239275e-04   6.7289836e-04
 -3.4450608e-04   6.7181884e-04
 -3.4661602e-04   6.7073269e-04
 -3.4872252e-04   6.6963990e-04
 -3.5082559e-04   6.6854051e-04
 -3.5292518e-04   6.6743450e-04
 -3.5502129e-04   6.6632191e-04
 -3.5711389e-04   6.6520273e-04
 -3.5920297e-04   6.6407697e-04
 -3.6128849e-04   6.6294466e-04
 -3.6337045e-04   6.6180580e-04
 -3.6544881e-04   6.6066040e-04
 -3.6752357e-04   6.5950847e-04
 -3.6959469e-04   6.5835003e-04
 -3.7166217e-04   6.5718508e-04
 -3.7372597e-04   6.5601364e-04
 -3.7578608e-04   6.5483572e-04
 -3.7784247e-04   6.5365133e-04
 -3.7989514e-04   6.5246048e-04
 -3.8194405e-04   6.5126319e-04
 -3.8398919e-04   6.5005946e-04
 -3.8603053e-04   6.4884931e-04
 -3.8806806e-04   6.4763275e-04
 -3.9010175e-04   6.4640979e-04
 -3.9213160e-04   6.4518045e-04
 -3.9415756e-04   6.4394473e-04
 -3.9617964e-04   6.4270265e-04
 -3.9819780e-04   6.4145422e-04
 -4.0021202e-04   6.4019945e-04
 -4.0222229e-04   6.3893836e-04
 -4.0422859e-04   6.3767095e-04
 -4.0623090e-04   6.3639725e-04
 -4.0822919e-04   6.3511726e-04
 -4.1022345e-04   6.3383099e-04
 -4.1221365e-04   6.3253846e-04
 -4.1419978e-04   6.3123968e-04
 -4.1618182e-04   6.2993467e-04
 -4.1815975e-04   6.2862343e-04
 -4.2013355e-04   6.2730598e-04
 -4.2210320e-04   6.2598234e-04
 -4.2406868e-04   6.2465251e-04
 -4.2602996e-04   6.2331651e-04
 -4.2798704e-04   6.2197435e-04
 -4.2993989e-04   6.2062605e-04
 -4.3188849e-04   6.1927161e-04
 -4.3383283e-04   6.1791106e-04
 -4.3577288e-04   6.1654440e-04
 -4.3770862e-04   6.1517165e-04
 -4.3964004e-04   6.1379282e-04
 -4.4156712e-04   6.1240793e-04
 -4.4348984e-04   6.1101699e-04
 -4.4540817e-04   6.0962002e-04
 -4.4732210e-04   6.0821702e-04
 -4.4923161e-04   6.0680801e-04
 -4.5113669e-04   6.0539300e-04
 -4.5303731e-04   6.0397202e-04
 -4.5493345e-04   6.0254507e-04
 -4.5682510e-04   6.0111216e-04
 -4.5871223e-04   5.9967332e-04
 -4.6059483e-04   5.9822855e-04
 -4.6247289e-04   5.9677787e-04
 -4.6434637e-04   5.9532130e-04
 -4.6621527e-04   5.9385884e-04
 -4.6807956e-04   5.9239052e-04
 -4.6993922e-04   5.9091635e-04
 -4.7179424e-04   5.8943633e-04
 -4.7364461e-04   5.8795050e-04
 -4.7549029e-04   5.8645885e-04
 -4.7733127e-04   5.8496141e-04
 -4.7916754e-04   5.8345820e-04
 -4.8099908e-04   5.8194921e-04
 -4.8282586e-04   5.8043448e-04
 -4.8464787e-04   5.7891402e-04
 -4.8646510e-04   5.7738783e-04
 -4.8827752e-04   5.7585594e-04
 -4.9008511e-04   5.7431837e-04
 -4.9188786e-04   5.7277511e-04
 -4.9368576e-04   5.7122620e-04
 -4.9547877e-04   5.6967165e-04
 -4.9726689e-04   5.6811146e-04
 -4.9905010e-04   5.6654567e-04
 -5.0082838e-04   5.6497428e-04
 -5.0260171e-04   5.6339730e-04
 -5.0437008e-04   5.6181476e-04
 -5.0613346e-04   5.6022667e-04
 -5.0789184e-04   5.5863305e-04
 -5.0964520e-04   5.5703390e-04
 -5.1139353e-04   5.5542925e-04
 -5.1313681e-04   5.5381912e-04
 -5.1487501e-04   5.5220351e-04
 -5.1660813e-04   5.5058245e-04
 -5.1833615e-04   5.4895595e-04
 -5.2005905e-04   5.4732403e-04
 -5.2177680e-04   5.4568669e-04
 -5.2348941e-04   5.4404397e-04
 -5.2519684e-04   5.4239587e-04
 -5.2689908e-04   5.4074242e-04
 -5.2859612e-04   5.3908362e-04
 -5.3028793e-04   5.3741949e-04
 -5.3197451e-04   5.3575006e-04
 -5.3365583e-04   5.3407533e-04
 -5.3533187e-04   5.3239533e-04
 -5.3700263e-04   5.3071007e-04
 -5.3866809e-04   5.2901956e-04
 -5.4032822e-04   5.2732383e-04
 -5.4198301e-04   5.2562288e-04
 -5.4363245e-04   5.2391675e-04
 -5.4527652e-04   5.2220544e-04
 -5.4691520e-04   5.2048897e-04
 -5.4854848e-04   5.1876735e-04
 -5.5017634e-04   5.1704062e-04
 -5.5179876e-04   5.1530877e-04
 -5.5341573e-04   5.1357183e-04
 -5.5502723e-04   5.1182982e-04
 -5.5663326e-04   5.1008276e-04
 -5.5823378e-04   5.0833065e-04
 -5.5982878e-04   5.0657352e-04
 -5.6141826e-04   5.0481139e-04
 -5.6300219e-04   5.0304427e-04
 -5.6458056e-04   5.0127218e-04
 -5.6615335e-04   4.9949513e-04
 -5.6772054e-04   4.9771316e-04
 -5.6928213e-04   4.9592626e-04
 -5.7083809e-04   4.9413447e-04
 -5.7238841e-04   4.9233779e-04
 -5.7393308e-04   4.9053625e-04
 -5.7547208e-04   4.8872987e-04
 -5.7700539e-04   4.8691865e-04
 -5.7853301e-04   4.8510263e-04
 -5.8005490e-04   4.8328181e-04
 -5.8157107e-04   4.8145622e-04
 -5.8308149e-04   4.7962587e-04
 -5.8458615e-04   4.7779078e-04
 -5.8608504e-04   4.7595097e-04
 -5.8757813e-04   4.7410647e-04
 -5.8906542e-04   4.7225727e-04
 -5.9054689e-04   4.7040341e-04
 -5.9202253e-04   4.6854491e-04
 -5.9349231e-04   4.6668177e-04
 -5.9495624e-04   4.6481402e-04
 -5.9641428e-04   4.6294169e-04
 -5.9786643e-04   4.6106477e-04
 -5.9931268e-04   4.5918331e-04
 -6.0075301e-04   4.5729730e-04
 -6.0218740e-04   4.5540678e-04
 -6.0361584e-04   4.5351176e-04
 -6.0503832e-04   4.5161226e-04
 -6.0645482e-04   4.4970830e-04
 -6.0786533e-04   4.4779989e-04
 -6.0926983e-04   4.4588707e-04
 -6.1066831e-04   4.4396983e-04
 -6.1206077e-04   4.4204821e-04
 -6.1344717e-04   4.4012222e-04
 -6.1482751e-04   4.3819189e-04
 -6.1620178e-04   4.3625722e-04
 -6.1756997e-04   4.3431825e-04
 -6.1893205e-04   4.3237498e-04
 -6.2028801e-04   4.3042744e-04
 -6.2163785e-04   4.2847565e-04
 -6.2298155e-04   4.2651963e-04
 -6.2431909e-04   4.2455939e-04
 -6.2565046e-04   4.2259496e-04
 -6.2697565e-04   4.2062635e-04
 -6.2829465e-04   4.1865359e-04
 -6.2960744e-04   4.1667669e-04
 -6.3091401e-04   4.1469568e-04
 -6.3221435e-04   4.1271057e-04
 -6.3350844e-04   4.1072138e-04
 -6.3479628e-04   4.0872813e-04
 -6.3607784e-04   4.0673085e-04
 -6.3735312e-04   4.0472954e-04
 -6.3862210e-04   4.0272424e-04
 -6.3988477e-04   4.0071496e-04
 -6.4114112e-04   3.9870172e-04
 -6.4239114e-04   3.9668455e-04
 -6.4363481e-04   3.9466345e-04
 -6.4487212e-04   3.9263845e-04
 -6.4610306e-04   3.9060958e-04
 -6.4732761e-04   3.8857684e-04
 -6.4854577e-04   3.8654027e-04
 -6.4975753e-04   3.8449988e-04
 -6.5096286e-04   3.8245569e-04
 -6.5216177e-04   3.8040772e-04
 -6.5335423e-04   3.7835599e-04
 -6.5454023e-04   3.7630053e-04
 -6.5571977e-04   3.7424134e-04
 -6.5689283e-04   3.7217846e-04
 -6.5805940e-04   3.7011191e-04
 -6.5921947e-04   3.6804169e-04
 -6.6037303e-04   3.6596784e-04
 -6.6152006e-04   3.6389038e-04
 -6.6266056e-04   3.6180932e-04
 -6.6379451e-04   3.5972468e-04
 -6.6492190e-04   3.5763649e-04
 -6.6604273e-04   3.5554477e-04
 -6.6715697e-04   3.5344954e-04
 -6.6826462e-04   3.5135081e-04
 -6.6936567e-04   3.4924861e-04
 -6.7046011e-04   3.4714296e-04
 -6.7154793e-04   3.4503389e-04
 -6.7262911e-04   3.4292140e-04
 -6.7370364e-04   3.4080553e-04
 -6.7477152e-04   3.3868629e-04
 -6.7583273e-04   3.3656370e-04
 -6.7688726e-04   3.3443779e-04
 -6.7793511e-04   3.3230857e-04
 -6.7897626e-04   3.3017607e-04
 -6.8001070e-04   3.2804031e-04
 -6.8103843e-04   3.2590131e-04
 -6.8205942e-04   3.2375908e-04
 -6.8307368e-04   3.2161366e-04
 -6.8408119e-04   3.1946507e-04
 -6.8508194e-04   3.1731331e-04
 -6.8607592e-04   3.1515842e-04
 -6.8706312e-04   3.1300042e-04
 -6.8804354e-04   3.1083933e-04
 -6.8901716e-04   3.0867516e-04
 -6.8998397e-04   3.0650794e-04
 -6.9094397e-04   3.0433770e-04
 -6.9189713e-04   3.0216445e-04
 -6.9284347e-04   2.9998822e-04
 -6.9378296e-04   2.9780902e-04
 -6.9471559e-04   2.9562688e-04
 -6.9564136e-04   2.9344181e-04
 -6.9656026e-04   2.9125385e-04
 -6.9747227e-04   2.8906301e-04
 -6.9837740e-04   2.8686932e-04
 -6.9927563e-04   2.8467279e-04
 -7.0016694e-04   2.8247345e-04
 -7.0105134e-04   2.8027132e-04
 -7.0192882e-04   2.7806642e-04
 -7.0279936e-04   2.7585877e-04
 -7.0366295e-04   2.7364840e-04
 -7.0451960e-04   2.7143532e-04
 -7.0536928e-04   2.6921956e-04
 -7.0621200e-04   2.6700115e-04
 -7.0704774e-04   2.6478009e-04
 -7.0787649e-04   2.6255642e-04
 -7.0869825e-04   2.6033015e-04
 -7.0951301e-04   2.5810132e-04
 -7.1032076e-04   2.5586993e-04
 -7.1112149e-04   2.5363601e-04
 -7.1191519e-04   2.5139959e-04
 -7.1270187e-04   2.4916069e-04
 -7.1348150e-04   2.4691932e-04
 -7.1425408e-04   2.4467552e-04
 -7.1501961e-04   2.4242929e-04
 -7.1577807e-04   2.4018068e-04
 -7.1652946e-04   2.3792969e-04
 -7.1727377e-04   2.3567634e-04
 -7.1801099e-04   2.3342067e-04
 -7.1874113e-04   2.3116270e-04
 -7.1946416e-04   2.2890244e-04
 -7.2018008e-04   2.2663992e-04
 -7.2088889e-04   2.2437516e-04
 -7.2159057e-04   2.2210818e-04
 -7.2228513e-04   2.1983901e-04
 -7.2297255e-04   2.1756767e-04
 -7.2365283e-04   2.1529418e-04
 -7.2432596e-04   2.1301856e-04
 -7.2499193e-04   2.1074083e-04
 -7.2565074e-04   2.0846103e-04
 -7.2630238e-04   2.0617916e-04
 -7.2694685e-04   2.0389526e-04
 -7.2758414e-04   2.0160934e-04
 -7.2821423e-04   1.9932143e-04
 -7.2883713e-04   1.9703155e-04
 -7.2945283e-04   1.9473973e-04
 -7.3006133e-04   1.9244598e-04
 -7.3066261e-04   1.9015033e-04
 -7.3125667e-04   1.8785280e-04
 -7.3184351e-04   1.8555342e-04
 -7.3242312e-04   1.8325220e-04
 -7.3299550e-04   1.8094918e-04
 -7.3356063e-04   1.7864436e-04
 -7.3411851e-04   1.7633778e-04
 -7.3466914e-04   1.7402946e-04
 -7.3521251e-04   1.7171942e-04
 -7.3574862e-04   1.6940768e-04
 -7.3627747e-04   1.6709427e-04
 -7.3679903e-04   1.6477920e-04
 -7.3731332e-04   1.6246251e-04
 -7.3782032e-04   1.6014422e-04
 -7.3832004e-04   1.5782434e-04
 -7.3881246e-04   1.5550290e-04
 -7.3929758e-04   1.5317993e-04
 -7.3977540e-04   1.5085544e-04
 -7.4024590e-04   1.4852947e-04
 -7.4070910e-04   1.4620202e-04
 -7.4116498e-04   1.4387313e-04
 -7.4161353e-04   1.4154282e-04
 -7.4205476e-04   1.3921112e-04
 -7.4248866e-04   1.3687803e-04
 -7.4291522e-04   1.3454360e-04
 -7.4333444e-04   1.3220783e-04
 -7.4374632e-04   1.2987076e-04
 -7.4415085e-04   1.2753240e-04
 -7.4454803e-04   1.2519279e-04
 -7.4493785e-04   1.2285194e-04
 -7.4532031e-04   1.2050987e-04
 -7.4569541e-04   1.1816662e-04
 -7.4606315e-04   1.1582219e-04
 -7.4642351e-04   1.1347663e-04
 -7.4677650e-04   1.1112994e-04
 -7.4712211e-04   1.0878215e-04
 -7.4746034e-04   1.0643329e-04
 -7.4779118e-04   1.0408338e-04
 -7.4811464e-04   1.0173244e-04
 -7.4843070e-04   9.9380493e-05
 -7.4873937e-04   9.7027565e-05
 -7.4904065e-04   9.4673679e-05
 -7.4933452e-04   9.2318857e-05
 -7.4962100e-04   8.9963123e-05
 -7.4990006e-04   8.7606501e-05
 -7.5017172e-04   8.5249013e-05
 -7.5043596e-04   8.2890683e-05
 -7.5069279e-04   8.0531534e-05
 -7.5094221e-04   7.8171589e-05
 -7.5118421e-04   7.5810872e-05
 -7.5141878e-04   7.3449406e-05
 -7.5164593e-04   7.1087215e-05
 -7.5186566e-04   6.8724321e-05
 -7.5207796e-04   6.6360748e-05
 -7.5228282e-04   6.3996520e-05
 -7.5248026e-04   6.1631659e-05
 -7.5267026e-04   5.9266189e-05
 -7.5285282e-04   5.6900134e-05
 -7.5302795e-04   5.4533517e-05
 -7.5319564e-04   5.2166361e-05
 -7.5335589e-04   4.9798690e-05
 -7.5350869e-04   4.7430526e-05
 -7.5365405e-04   4.5061894e-05
 -7.5379196e-04   4.2692817e-05
 -7.5392243e-04   4.0323318e-05
 -7.5404545e-04   3.7953421e-05
 -7.5416102e-04   3.5583149e-05
 -7.5426914e-04   3.3212525e-05
 -7.5436980e-04   3.0841573e-05
 -7.5446302e-04   2.8470316e-05
 -7.5454877e-04   2.6098778e-05
 -7.5462708e-04   2.3726983e-05
 -7.5469793e-04   2.1354953e-05
 -7.5476132e-04   1.8982711e-05
 -7.5481726e-04   1.6610283e-05
 -7.5486574e-04   1.4237690e-05
 -7.5490676e-04   1.1864957e-05
 -7.5494033e-04   9.4921059e-06
 -7.5496643e-04   7.1191615e-06
 -7.5498508e-04   4.7461467e-06
 -7.5499627e-04   2.3730851e-06
 -7.5500000e-04   0.0000000e+00
 -9.8000000e-04   0.0000000e+00

 -7.5500000e-04   0.0000000e+00
 -7.5499627e-04   2.3730851e-06
 -7.5498508e-04   4.7461467e-06
 -7.5496643e-04   7.1191615e-06
 -7.5494033e-04   9.4921059e-06
 -7.5490676e-04   1.1864957e-05
 -7.5486574e-04   1.4237690e-05
 -7.5481726e-04   1.6610283e-05
 -7.5476132e-04   1.8982711e-05
 -7.5469793e-04   2.1354953e-05
 -7.5462708e-04   2.3726983e-05
 -7.5454877e-04   2.6098778e-05
 -7.5446302e-04   2.8470316e-05
 -7.5436980e-04   3.0841573e-05
 -7.5426914e-04   3.3212525e-05
 -7.5416102e-04   3.5583149e-05
 -7.5404545e-04   3.7953421e-05
 -7.5392243e-04   4.0323318e-05
 -7.5379196e-04   4.2692817e-05
 -7.5365405e-04   4.5061894e-05
 -7.5350869e-04   4.7430526e-05
 -7.5335589e-04   4.9798690e-05
 -7.5319564e-04   5.2166361e-05
 -7.5302795e-04   5.4533517e-05
 -7.5285282e-04   5.6900134e-05
 -7.5267026e-04   5.9266189e-05
 -7.5248026e-04   6.1631659e-05
 -7.5228282e-04   6.3996520e-05
 -7.5207796e-04   6.6360748e-05
 -7.5186566e-04   6.8724321e-05
 -7.5164593e-04   7.1087215e-05
 -7.5141878e-04   7.3449406e-05
 -7.5118421e-04   7.5810872e-05
 -7.5094221e-04   7.8171589e-05
 -7.5069279e-04   8.0531534e-05
 -7.5043596e-04   8.2890683e-05
 -7.5017172e-04   8.5249013e-05
 -7.4990006e-04   8.7606501e-05
 -7.4962100e-04   8.9963123e-05
 -7.4933452e-04   9.2318857e-05
 -7.4904065e-04   9.4673679e-05
 -7.4873937e-04   9.7027565e-05
 -7.4843070e-04   9.9380493e-05
 -7.4811464e-04   1.0173244e-04
 -7.4779118e-04   1.0408338e-04
 -7.4746034e-04   1.0643329e-04
 -7.4712211e-04   1.0878215e-04
 -7.4677650e-04   1.1112994e-04
 -7.4642351e-04   1.1347663e-04
 -7.4606315e-04   1.1582219e-04
 -7.4569541e-04   1.1816662e-04
 -7.4532031e-04   1.2050987e-04
 -7.4493785e-04   1.2285194e-04
 -7.4454803e-04   1.2519279e-04
 -7.4415085e-04   1.2753240e-04
 -7.4374632e-04   1.2987076e-04
 -7.4333444e-04   1.3220783e-04
 -7.4291522e-04   1.3454360e-04
 -7.4248866e-04   1.3687803e-04
 -7.4205476e-04   1.3921112e-04
 -7.4161353e-04   1.4154282e-04
 -7.4116498e-04   1.4387313e-04
 -7.4070910e-04   1.4620202e-04
 -7.4024590e-04   1.4852947e-04
 -7.3977540e-04   1.5085544e-04
 -7.3929758e-04   1.5317993e-04
 -7.3881246e-04   1.5550290e-04
 -7.3832004e-04   1.5782434e-04
 -7.3782032e-04   1.6014422e-04
 -7.3731332e-04   1.6246251e-04
 -7.3679903e-04   1.6477920e-04
 -7.3627747e-04   1.6709427e-04
 -7.3574862e-04   1.6940768e-04
 -7.3521251e-04   1.7171942e-04
 -7.3466914e-04   1.7402946e-04
 -7.3411851e-04   1.7633778e-04
 -7.3356063e-04   1.7864436e-04
 -7.3299550e-04   1.8094918e-04
 -7.3242312e-04   1.8325220e-04
 -7.3184351e-04   1.8555342e-04
 -7.3125667e-04   1.8785280e-04
 -7.3066261e-04   1.9015033e-04
 -7.3006133e-04   1.9244598e-04
 -7.2945283e-04   1.9473973e-04
 -7.2883713e-04   1.9703155e-04
 -7.2821423e-04   1.9932143e-04
 -7.2758414e-04   2.0160934e-04
 -7.2694685e-04   2.0389526e-04
 -7.2630238e-04   2.0617916e-04
 -7.2565074e-04   2.0846103e-04
 -7.2499193e-04   2.1074083e-04
 -7.2432596e-04   2.1301856e-04
 -7.2365283e-04   2.1529418e-04
 -7.2297255e-04   2.1756767e-04
 -7.2228513e-04   2.1983901e-04
 -7.2159057e-04   2.2210818e-04
 -7.2088889e-04   2.2437516e-04
 -7.2018008e-04   2.2663992e-04
 -7.1946416e-04   2.2890244e-04
 -7.1874113e-04   2.3116270e-04
 -7.1801099e-04   2.3342067e-04
 -7.1727377e-04   2.3567634e-04
 -7.1652946e-04   2.3792969e-04
 -7.1577807e-04   2.4018068e-04
 -7.1501961e-04   2.4242929e-04
 -7.1425408e-04   2.4467552e-04
 -7.1348150e-04   2.4691932e-04
 -7.1270187e-04   2.4916069e-04
 -7.1191519e-04   2.5139959e-04
 -7.1112149e-04   2.5363601e-04
 -7.1032076e-04   2.5586993e-04
 -7.0951301e-04   2.5810132e-04
 -7.0869825e-04   2.6033015e-04
 -7.0787649e-04   2.6255642e-04
 -7.0704774e-04   2.6478009e-04
 -7.0621200e-04   2.6700115e-04
 -7.0536928e-04   2.6921956e-04
 -7.0451960e-04   2.7143532e-04
 -7.0366295e-04   2.7364840e-04
 -7.0279936e-04   2.7585877e-04
 -7.0192882e-04   2.7806642e-04
 -7.0105134e-04   2.8027132e-04
 -7.0016694e-04   2.8247345e-04
 -6.9927563e-04   2.8467279e-04
 -6.9837740e-04   2.8686932e-04
 -6.9747227e-04   2.8906301e-04
 -6.9656026e-04   2.9125385e-04
 -6.9564136e-04   2.9344181e-04
 -6.9471559e-04   2.9562688e-04
 -6.9378296e-04   2.9780902e-04
 -6.9284347e-04   2.9998822e-04
 -6.9189713e-04   3.0216445e-04
 -6.9094397e-04   3.0433770e-04
 -6.8998397e-04   3.0650794e-04
 -6.8901716e-04   3.0867516e-04
 -6.8804354e-04   3.1083933e-04
 -6.8706312e-04   3.1300042e-04
 -6.8607592e-04   3.1515842e-04
 -6.8508194e-04   3.1731331e-04
 -6.8408119e-04   3.1946507e-04
 -6.8307368e-04   3.2161366e-04
 -6.8205942e-04   3.2375908e-04
 -6.8103843e-04   3.2590131e-04
 -6.8001070e-04   3.2804031e-04
 -6.7897626e-04   3.3017607e-04
 -6.7793511e-04   3.3230857e-04
 -6.7688726e-04   3.3443779e-04
 -6.7583273e-04   3.3656370e-04
 -6.7477152e-04   3.3868629e-04
 -6.7370364e-04   3.4080553e-04
 -6.7262911e-04   3.4292140e-04
 -6.7154793e-04   3.4503389e-04
 -6.7046011e-04   3.4714296e-04
 -6.6936567e-04   3.4924861e-04
 -6.6826462e-04   3.5135081e-04
 -6.6715697e-04   3.5344954e-04
 -6.6604273e-04   3.5554477e-04
 -6.6492190e-04   3.5763649e-04
 -6.6379451e-04   3.5972468e-04
 -6.6266056e-04   3.6180932e-04
 -6.6152006e-04   3.6389038e-04
 -6.6037303e-04   3.6596784e-04
 -6.5921947e-04   3.6804169e-04
 -6.5805940e-04   3.7011191e-04
 -6.5689283e-04   3.7217846e-04
 -6.5571977e-04   3.7424134e-04
 -6.5454023e-04   3.7630053e-04
 -6.5335423e-04   3.7835599e-04
 -6.5216177e-04   3.8040772e-04
 -6.5096286e-04   3.8245569e-04
 -6.4975753e-04   3.8449988e-04
 -6.4854577e-04   3.8654027e-04
 -6.4732761e-04   3.8857684e-04
 -6.4610306e-04   3.9060958e-04
 -6.4487212e-04   3.9263845e-04
 -6.4363481e-04   3.9466345e-04
 -6.4239114e-04   3.9668455e-04
 -6.4114112e-04   3.9870172e-04
 -6.3988477e-04   4.0071496e-04
 -6.3862210e-04   4.0272424e-04
 -6.3735312e-04   4.0472954e-04
 -6.3607784e-04   4.0673085e-04
 -6.3479628e-04   4.0872813e-04
 -6.3350844e-04   4.1072138e-04
 -6.3221435e-04   4.1271057e-04
 -6.3091401e-04   4.1469568e-04
 -6.2960744e-04   4.1667669e-04
 -6.2829465e-04   4.1865359e-04
 -6.2697565e-04   4.2062635e-04
 -6.2565046e-04   4.2259496e-04
 -6.2431909e-04   4.2455939e-04
 -6.2298155e-04   4.2651963e-04
 -6.2163785e-04   4.2847565e-04
 -6.2028801e-04   4.3042744e-04
 -6.1893205e-04   4.3237498e-04
 -6.1756997e-04   4.3431825e-04
 -6.1620178e-04   4.3625722e-04
 -6.1482751e-04   4.3819189e-04
 -6.1344717e-04   4.4012222e-04
 -6.1206077e-04   4.4204821e-04
 -6.1066831e-04   4.4396983e-04
 -6.0926983e-04   4.4588707e-04
 -6.0786533e-04   4.4779989e-04
 -6.0645482e-04   4.4970830e-04
 -6.0503832e-04   4.5161226e-04
 -6.0361584e-04   4.5351176e-04
 -6.0218740e-04   4.5540678e-04
 -6.0075301e-04   4.5729730e-04
 -5.9931268e-04   4.5918331e-04
 -5.9786643e-04   4.6106477e-04
 -5.9641428e-04   4.6294169e-04
 -5.9495624e-04   4.6481402e-04
 -5.9349231e-04   4.6668177e-04
 -5.9202253e-04   4.6854491e-04
 -5.9054689e-04   4.7040341e-04
 -5.8906542e-04   4.7225727e-04
 -5.8757813e-04   4.7410647e-04
 -5.8608504e-04   4.7595097e-04
 -5.8458615e-04   4.7779078e-04
 -5.8308149e-04   4.7962587e-04
 -5.8157107e-04   4.8145622e-04
 -5.8005490e-04   4.8328181e-04
 -5.7853301e-04   4.8510263e-04
 -5.7700539e-04   4.8691865e-04
 -5.7547208e-04   4.8872987e-04
 -5.7393308e-04   4.9053625e-04
 -5.7238841e-04   4.9233779e-04
 -5.7083809e-04   4.9413447e-04
 -5.6928213e-04   4.9592626e-04
 -5.6772054e-04   4.9771316e-04
 -5.6615335e-04   4.9949513e-04
 -5.6458056e-04   5.0127218e-04
 -5.6300219e-04   5.0304427e-04
 -5.6141826e-04   5.0481139e-04
 -5.5982878e-04   5.0657352e-04
 -5.5823378e-04   5.0833065e-04
 -5.5663326e-04   5.1008276e-04
 -5.5502723e-04   5.1182982e-04
 -5.5341573e-04   5.1357183e-04
 -5.5179876e-04   5.1530877e-04
 -5.5017634e-04   5.1704062e-04
 -5.4854848e-04   5.1876735e-04
 -5.4691520e-04   5.2048897e-04
 -5.4527652e-04   5.2220544e-04
 -5.4363245e-04   5.2391675e-04
 -5.4198301e-04   5.2562288e-04
 -5.4032822e-04   5.2732383e-04
 -5.3866809e-04   5.2901956e-04
 -5.3700263e-04   5.3071007e-04
 -5.3533187e-04   5.3239533e-04
 -5.3365583e-04   5.3407533e-04
 -5.3197451e-04   5.3575006e-04
 -5.3028793e-04   5.3741949e-04
 -5.2859612e-04   5.3908362e-04
 -5.2689908e-04   5.4074242e-04
 -5.2519684e-04   5.4239587e-04
 -5.2348941e-04   5.4404397e-04
 -5.2177680e-04   5.4568669e-04
 -5.2005905e-04   5.4732403e-04
 -5.1833615e-04   5.4895595e-04
 -5.1660813e-04   5.5058245e-04
 -5.1487501e-04   5.5220351e-04
 -5.1313681e-04   5.5381912e-04
 -5.1139353e-04   5.5542925e-04
 -5.0964520e-04   5.5703390e-04
 -5.0789184e-04   5.5863305e-04
 -5.0613346e-04   5.6022667e-04
 -5.0437008e-04   5.6181476e-04
 -5.0260171e-04   5.6339730e-04
 -5.0082838e-04   5.6497428e-04
 -4.9905010e-04   5.6654567e-04
 -4.9726689e-04   5.6811146e-04
 -4.9547877e-04   5.6967165e-04
 -4.9368576e-04   5.7122620e-04
 -4.9188786e-04   5.7277511e-04
 -4.9008511e-04   5.7431837e-04
 -4.8827752e-04   5.7585594e-04
 -4.8646510e-04   5.7738783e-04
 -4.8464787e-04   5.7891402e-04
 -4.8282586e-04   5.8043448e-04
 -4.8099908e-04   5.8194921e-04
 -4.7916754e-04   5.8345820e-04
 -4.7733127e-04   5.8496141e-04
 -4.7549029e-04   5.8645885e-04
 -4.7364461e-04   5.8795050e-04
 -4.7179424e-04   5.8943633e-04
 -4.6993922e-04   5.9091635e-04
 -4.6807956e-04   5.9239052e-04
 -4.6621527e-04   5.9385884e-04
 -4.6434637e-04   5.9532130e-04
 -4.6247289e-04   5.9677787e-04
 -4.6059483e-04   5.9822855e-04
 -4.5871223e-04   5.9967332e-04
 -4.5682510e-04   6.0111216e-04
 -4.5493345e-04   6.0254507e-04
 -4.5303731e-04   6.0397202e-04
 -4.5113669e-04   6.0539300e-04
 -4.4923161e-04   6.0680801e-04
 -4.4732210e-04   6.0821702e-04
 -4.4540817e-04   6.0962002e-04
 -4.4348984e-04   6.1101699e-04
 -4.4156712e-04   6.1240793e-04
 -4.3964004e-04   6.1379282e-04
 -4.3770862e-04   6.1517165e-04
 -4.3577288e-04   6.1654440e-04
 -4.3383283e-04   6.1791106e-04
 -4.3188849e-04   6.1927161e-04
 -4.2993989e-04   6.2062605e-04
 -4.2798704e-04   6.2197435e-04
 -4.2602996e-04   6.2331651e-04
 -4.2406868e-04   6.2465251e-04
 -4.2210320e-04   6.2598234e-04
 -4.2013355e-04   6.2730598e-04
 -4.1815975e-04   6.2862343e-04
 -4.1618182e-04   6.2993467e-04
 -4.1419978e-04   6.3123968e-04
 -4.1221365e-04   6.3253846e-04
 -4.1022345e-04   6.3383099e-04
 -4.0822919e-04   6.3511726e-04
 -4.0623090e-04   6.3639725e-04
 -4.0422859e-04   6.3767095e-04
 -4.0222229e-04   6.3893836e-04
 -4.0021202e-04   6.4019945e-04
 -3.9819780e-04   6.4145422e-04
 -3.9617964e-04   6.4270265e-04
 -3.9415756e-04   6.4394473e-04
 -3.9213160e-04   6.4518045e-04
 -3.9010175e-04   6.4640979e-04
 -3.8806806e-04   6.4763275e-04
 -3.8603053e-04   6.4884931e-04
 -3.8398919e-04   6.5005946e-04
 -3.8194405e-04   6.5126319e-04
 -3.7989514e-04   6.5246048e-04
 -3.7784247e-04   6.5365133e-04
 -3.7578608e-04   6.5483572e-04
 -3.7372597e-04   6.5601364e-04
 -3.7166217e-04   6.5718508e-04
 -3.6959469e-04   6.5835003e-04
 -3.6752357e-04   6.5950847e-04
 -3.6544881e-04   6.6066040e-04
 -3.6337045e-04   6.6180580e-04
 -3.6128849e-04   6.6294466e-04
 -3.5920297e-04   6.6407697e-04
 -3.5711389e-04   6.6520273e-04
 -3.5502129e-04   6.6632191e-04
 -3.5292518e-04   6.6743450e-04
 -3.5082559e-04   6.6854051e-04
 -3.4872252e-04   6.6963990e-04
 -3.4661602e-04   6.7073269e-04
 -3.4450608e-04   6.7181884e-04
 -3.4239275e-04   6.7289836e-04
 -3.4027603e-04   6.7397123e-04
 -3.3815595e-04   6.7503745e-04
 -3.3603253e-04   6.7609699e-04
 -3.3390579e-04   6.7714985e-04
 -3.3177575e-04   6.7819603e-04
 -3.2964243e-04   6.7923550e-04
 -3.2750586e-04   6.8026826e-04
 -3.2536605e-04   6.8129431e-04
 -3.2322303e-04   6.8231362e-04
 -3.2107681e-04   6.8332619e-04
 -3.1892742e-04   6.8433201e-04
 -3.1677488e-04   6.8533107e-04
 -3.1461921e-04   6.8632336e-04
 -3.1246044e-04   6.8730887e-04
 -3.1029857e-04   6.8828758e-04
 -3.0813364e-04   6.8925950e-04
 -3.0596567e-04   6.9022461e-04
 -3.0379467e-04   6.9118290e-04
 -3.0162067e-04   6.9213436e-04
 -2.9944369e-04   6.9307898e-04
 -2.9726376e-04   6.9401676e-04
 -2.9508088e-04   6.9494768e-04
 -2.9289509e-04   6.9587173e-04
 -2.9070641e-04   6.9678891e-04
 -2.8851486e-04   6.9769920e-04
 -2.8632045e-04   6.9860260e-04
 -2.8412322e-04   6.9949910e-04
 -2.8192318e-04   7.0038869e-04
 -2.7972035e-04   7.0127136e-04
 -2.7751476e-04   7.0214710e-04
 -2.7530643e-04   7.0301591e-04
 -2.7309538e-04   7.0387777e-04
 -2.7088163e-04   7.0473267e-04
 -2.6866521e-04   7.0558062e-04
 -2.6644613e-04   7.0642159e-04
 -2.6422442e-04   7.0725558e-04
 -2.6200010e-04   7.0808259e-04
 -2.5977319e-04   7.0890260e-04
 -2.5754371e-04   7.0971560e-04
 -2.5531169e-04   7.1052160e-04
 -2.5307714e-04   7.1132057e-04
 -2.5084010e-04   7.1211252e-04
 -2.4860058e-04   7.1289744e-04
 -2.4635860e-04   7.1367530e-04
 -2.4411419e-04   7.1444612e-04
 -2.4186736e-04   7.1520988e-04
 -2.3961815e-04   7.1596658e-04
 -2.3736657e-04   7.1671620e-04
 -2.3511264e-04   7.1745874e-04
 -2.3285640e-04   7.1819419e-04
 -2.3059785e-04   7.1892255e-04
 -2.2833702e-04   7.1964380e-04
 -2.2607394e-04   7.2035795e-04
 -2.2380862e-04   7.2106498e-04
 -2.2154109e-04   7.2176488e-04
 -2.1927138e-04   7.2245765e-04
 -2.1699950e-04   7.2314329e-04
 -2.1472547e-04   7.2382178e-04
 -2.1244932e-04   7.2449312e-04
 -2.1017107e-04   7.2515731e-04
 -2.0789075e-04   7.2581433e-04
 -2.0560837e-04   7.2646417e-04
 -2.0332397e-04   7.2710685e-04
 -2.0103755e-04   7.2774233e-04
 -1.9874915e-04   7.2837063e-04
 -1.9645878e-04   7.2899173e-04
 -1.9416647e-04   7.2960563e-04
 -1.9187225e-04   7.3021233e-04
 -1.8957613e-04   7.3081180e-04
 -1.8727813e-04   7.3140406e-04
 -1.8497829e-04   7.3198909e-04
 -1.8267662e-04   7.3256689e-04
 -1.8037314e-04   7.3313746e-04
 -1.7806788e-04   7.3370078e-04
 -1.7576086e-04   7.3425685e-04
 -1.7345211e-04   7.3480567e-04
 -1.7114164e-04   7.3534722e-04
 -1.6882948e-04   7.3588152e-04
 -1.6651565e-04   7.3640854e-04
 -1.6420018e-04   7.3692829e-04
 -1.6188309e-04   7.3744075e-04
 -1.5956440e-04   7.3794594e-04
 -1.5724413e-04   7.3844383e-04
 -1.5492230e-04   7.3893442e-04
 -1.5259895e-04   7.3941772e-04
 -1.5027409e-04   7.3989371e-04
 -1.4794774e-04   7.4036239e-04
 -1.4561993e-04   7.4082375e-04
 -1.4329069e-04   7.4127780e-04
 -1.4096003e-04   7.4172452e-04
 -1.3862797e-04   7.4216392e-04
 -1.3629455e-04   7.4259598e-04
 -1.3395978e-04   7.4302071e-04
 -1.3162368e-04   7.4343810e-04
 -1.2928629e-04   7.4384814e-04
 -1.2694762e-04   7.4425083e-04
 -1.2460769e-04   7.4464617e-04
 -1.2226653e-04   7.4503416e-04
 -1.1992417e-04   7.4541478e-04
 -1.1758062e-04   7.4578804e-04
 -1.1523591e-04   7.4615393e-04
 -1.1289006e-04   7.4651245e-04
 -1.1054309e-04   7.4686359e-04
 -1.0819504e-04   7.4720736e-04
 -1.0584591e-04   7.4754374e-04
 -1.0349574e-04   7.4787274e-04
 -1.0114455e-04   7.4819435e-04
 -9.8792352e-05   7.4850856e-04
 -9.6439182e-05   7.4881539e-04
 -9.4085060e-05   7.4911481e-04
 -9.1730008e-05   7.4940684e-04
 -8.9374050e-05   7.4969146e-04
 -8.7017209e-05   7.4996867e-04
 -8.4659509e-05   7.5023847e-04
 -8.2300972e-05   7.5050087e-04
 -7.9941621e-05   7.5075584e-04
 -7.7581482e-05   7.5100340e-04
 -7.5220575e-05   7.5124355e-04
 -7.2858926e-05   7.5147627e-04
 -7.0496556e-05   7.5170156e-04
 -6.8133490e-05   7.5191943e-04
 -6.5769752e-05   7.5212987e-04
 -6.3405363e-05   7.5233288e-04
 -6.1040348e-05   7.5252846e-04
 -5.8674730e-05   7.5271660e-04
 -5.6308532e-05   7.5289730e-04
 -5.3941778e-05   7.5307057e-04
 -5.1574491e-05   7.5323640e-04
 -4.9206694e-05   7.5339478e-04
 -4.6838411e-05   7.5354573e-04
 -4.4469666e-05   7.5368923e-04
 -4.2100481e-05   7.5382528e-04
 -3.9730880e-05   7.5395388e-04
 -3.7360887e-05   7.5407504e-04
 -3.4990525e-05   7.5418875e-04
 -3.2619817e-05   7.5429500e-04
 -3.0248786e-05   7.5439380e-04
 -2.7877457e-05   7.5448515e-04
 -2.5505853e-05   7.5456905e-04
 -2.3133996e-05   7.5464549e-04
 -2.0761911e-05   7.5471448e-04
 -1.8389621e-05   7.5477601e-04
 -1.6017149e-05   7.5483008e-04
 -1.3644519e-05   7.5487670e-04
 -1.1271754e-05   7.5491585e-04
 -8.8988777e-06   7.5494755e-04
 -6.5259135e-06   7.5497180e-04
 -4.1528848e-06   7.5498858e-04
 -1.7798151e-06   7.5499790e-04
  5.9327219e-07   7.5499977e-04
  2.9663536e-06   7.5499417e-04
  5.3394057e-06   7.5498112e-04
  7.7124051e-06   7.5496061e-04
  1.0085328e-05   7.5493264e-04
  1.2458152e-05   7.5489721e-04
  1.4830852e-05   7.5485432e-04
  1.7203406e-05   7.5480398e-04
  1.9575790e-05   7.5474617e-04
  2.1947981e-05   7.5468092e-04
  2.4319955e-05   7.5460820e-04
  2.6691688e-05   7.5452803e-04
  2.9063158e-05   7.5444041e-04
  3.1434340e-05   7.5434533e-04
  3.3805213e-05   7.5424280e-04
  3.6175751e-05   7.5413282e-04
  3.8545931e-05   7.5401539e-04
  4.0915731e-05   7.5389051e-04
  4.3285127e-05   7.5375818e-04
  4.5654095e-05   7.5361841e-04
  4.8022612e-05   7.5347119e-04
  5.0390655e-05   7.5331652e-04
  5.2758199e-05   7.5315441e-04
  5.5125223e-05   7.5298487e-04
  5.7491702e-05   7.5280788e-04
  5.9857613e-05   7.5262346e-04
  6.2222932e-05   7.5243160e-04
  6.4587637e-05   7.5223230e-04
  6.6951704e-05   7.5202558e-04
  6.9315109e-05   7.5181142e-04
  7.1677829e-05   7.5158984e-04
  7.4039842e-05   7.5136083e-04
  7.6401123e-05   7.5112440e-04
  7.8761649e-05   7.5088055e-04
  8.1121397e-05   7.5062928e-04
  8.3480343e-05   7.5037060e-04
  8.5838465e-05   7.5010450e-04
  8.8195739e-05   7.4983099e-04
  9.0552141e-05   7.4955007e-04
  9.2907649e-05   7.4926175e-04
  9.5262239e-05   7.4896602e-04
  9.7615888e-05   7.4866290e-04
  9.9968572e-05   7.4835238e-04
  1.0232027e-04   7.4803447e-04
  1.0467095e-04   7.4770916e-04
  1.0702061e-04   7.4737647e-04
  1.0936920e-04   7.4703640e-04
  1.1171671e-04   7.4668894e-04
  1.1406313e-04   7.4633411e-04
  1.1640841e-04   7.4597190e-04
  1.1875254e-04   7.4560233e-04
  1.2109550e-04   7.4522539e-04
  1.2343727e-04   7.4484108e-04
  1.2577781e-04   7.4444942e-04
  1.2811711e-04   7.4405041e-04
  1.3045515e-04   7.4364404e-04
  1.3279189e-04   7.4323032e-04
  1.3512733e-04   7.4280927e-04
  1.3746143e-04   7.4238087e-04
  1.3979417e-04   7.4194514e-04
  1.4212553e-04   7.4150208e-04
  1.4445549e-04   7.4105169e-04
  1.4678402e-04   7.4059399e-04
  1.4911110e-04   7.4012896e-04
  1.5143671e-04   7.3965663e-04
  1.5376082e-04   7.3917698e-04
  1.5608341e-04   7.3869004e-04
  1.5840446e-04   7.3819579e-04
  1.6072394e-04   7.3769426e-04
  1.6304184e-04   7.3718543e-04
  1.6535812e-04   7.3666932e-04
  1.6767278e-04   7.3614594e-04
  1.6998577e-04   7.3561528e-04
  1.7229709e-04   7.3507735e-04
  1.7460670e-04   7.3453216e-04
  1.7691459e-04   7.3397972e-04
  1.7922073e-04   7.3342002e-04
  1.8152510e-04   7.3285308e-04
  1.8382768e-04   7.3227890e-04
  1.8612844e-04   7.3169748e-04
  1.8842736e-04   7.3110884e-04
  1.9072442e-04   7.3051297e-04
  1.9301960e-04   7.2990988e-04
  1.9531287e-04   7.2929958e-04
  1.9760421e-04   7.2868208e-04
  1.9989360e-04   7.2805738e-04
  2.0218101e-04   7.2742549e-04
  2.0446642e-04   7.2678641e-04
  2.0674982e-04   7.2614015e-04
  2.0903117e-04   7.2548671e-04
  2.1131046e-04   7.2482611e-04
  2.1358766e-04   7.2415835e-04
  2.1586275e-04   7.2348343e-04
  2.1813571e-04   7.2280137e-04
  2.2040651e-04   7.2211216e-04
  2.2267513e-04   7.2141582e-04
  2.2494156e-04   7.2071235e-04
  2.2720576e-04   7.2000177e-04
  2.2946772e-04   7.1928407e-04
  2.3172741e-04   7.1855926e-04
  2.3398481e-04   7.1782735e-04
  2.3623990e-04   7.1708836e-04
  2.3849265e-04   7.1634227e-04
  2.4074305e-04   7.1558912e-04
  2.4299108e-04   7.1482889e-04
  2.4523670e-04   7.1406160e-04
  2.4747989e-04   7.1328725e-04
  2.4972065e-04   7.1250586e-04
  2.5195893e-04   7.1171743e-04
  2.5419473e-04   7.1092196e-04
  2.5642801e-04   7.1011948e-04
  2.5865877e-04   7.0930998e-04
  2.6088696e-04   7.0849347e-04
  2.6311258e-04   7.0766996e-04
  2.6533560e-04   7.0683946e-04
  2.6755600e-04   7.0600197e-04
  2.6977375e-04   7.0515752e-04
  2.7198884e-04   7.0430609e-04
  2.7420125e-04   7.0344771e-04
  2.7641094e-04   7.0258237e-04
  2.7861790e-04   7.0171010e-04
  2.8082211e-04   7.0083089e-04
  2.8302355e-04   6.9994476e-04
  2.8522219e-04   6.9905172e-04
  2.8741801e-04   6.9815177e-04
  2.8961099e-04   6.9724492e-04
  2.9180111e-04   6.9633118e-04
  2.9398835e-04   6.9541056e-04
  2.9617269e-04   6.9448307e-04
  2.9835409e-04   6.9354873e-04
  3.0053255e-04   6.9260753e-04
  3.0270804e-04   6.9165948e-04
  3.0488054e-04   6.9070461e-04
  3.0705003e-04   6.8974291e-04
  3.0921649e-04   6.8877439e-04
  3.1137989e-04   6.8779907e-04
  3.1354021e-04   6.8681696e-04
  3.1569744e-04   6.8582806e-04
  3.1785155e-04   6.8483238e-04
  3.2000251e-04   6.8382994e-04
  3.2215032e-04   6.8282075e-04
  3.2429494e-04   6.8180480e-04
  3.2643636e-04   6.8078213e-04
  3.2857455e-04   6.7975272e-04
  3.3070950e-04   6.7871660e-04
  3.3284118e-04   6.7767378e-04
  3.3496957e-04   6.7662426e-04
  3.3709466e-04   6.7556805e-04
  3.3921641e-04   6.7450517e-04
  3.4133481e-04   6.7343563e-04
  3.4344984e-04   6.7235943e-04
  3.4556148e-04   6.7127659e-04
  3.4766970e-04   6.7018712e-04
  3.4977449e-04   6.6909103e-04
  3.5187582e-04   6.6798833e-04
  3.5397367e-04   6.6687903e-04
  3.5606803e-04   6.6576314e-04
  3.5815887e-04   6.6464067e-04
  3.6024617e-04   6.6351164e-04
  3.6232992e-04   6.6237605e-04
  3.6441008e-04   6.6123392e-04
  3.6648664e-04   6.6008525e-04
  3.6855959e-04   6.5893007e-04
  3.7062889e-04   6.5776837e-04
  3.7269453e-04   6.5660017e-04
  3.7475649e-04   6.5542549e-04
  3.7681474e-04   6.5424434e-04
  3.7886927e-04   6.5305672e-04
  3.8092006e-04   6.5186264e-04
  3.8296709e-04   6.5066213e-04
  3.8501033e-04   6.4945519e-04
  3.8704977e-04   6.4824183e-04
  3.8908539e-04   6.4702207e-04
  3.9111716e-04   6.4579592e-04
  3.9314507e-04   6.4456339e-04
  3.9516909e-04   6.4332448e-04
  3.9718921e-04   6.4207923e-04
  3.9920540e-04   6.4082763e-04
  4.0121765e-04   6.3956969e-04
  4.0322594e-04   6.3830544e-04
  4.0523025e-04   6.3703489e-04
  4.0723055e-04   6.3575804e-04
  4.0922682e-04   6.3447491e-04
  4.1121906e-04   6.3318551e-04
  4.1320723e-04   6.3188985e-04
  4.1519132e-04   6.3058796e-04
  4.1717130e-04   6.2927983e-04
  4.1914717e-04   6.2796548e-04
  4.2111890e-04   6.2664494e-04
  4.2308646e-04   6.2531820e-04
  4.2504984e-04   6.2398528e-04
  4.2700903e-04   6.2264620e-04
  4.2896400e-04   6.2130097e-04
  4.3091473e-04   6.1994959e-04
  4.3286120e-04   6.1859210e-04
  4.3480339e-04   6.1722849e-04
  4.3674129e-04   6.1585879e-04
  4.3867488e-04   6.1448300e-04
  4.4060413e-04   6.1310114e-04
  4.4252903e-04   6.1171322e-04
  4.4444955e-04   6.1031926e-04
  4.4636569e-04   6.0891927e-04
  4.4827741e-04   6.0751326e-04
  4.5018471e-04   6.0610125e-04
  4.5208756e-04   6.0468326e-04
  4.5398594e-04   6.0325929e-04
  4.5587984e-04   6.0182936e-04
  4.5776923e-04   6.0039348e-04
  4.5965410e-04   5.9895167e-04
  4.6153443e-04   5.9750395e-04
  4.6341020e-04   5.9605032e-04
  4.6528139e-04   5.9459081e-04
  4.6714799e-04   5.9312541e-04
  4.6900997e-04   5.9165416e-04
  4.7086731e-04   5.9017707e-04
  4.7272001e-04   5.8869414e-04
  4.7456803e-04   5.8720540e-04
  4.7641137e-04   5.8571086e-04
  4.7825000e-04   5.8421053e-04
  4.8008390e-04   5.8270443e-04
  4.8191306e-04   5.8119257e-04
  4.8373746e-04   5.7967497e-04
  4.8555708e-04   5.7815164e-04
  4.8737191e-04   5.7662260e-04
  4.8918192e-04   5.7508786e-04
  4.9098709e-04   5.7354745e-04
  4.9278742e-04   5.7200136e-04
  4.9458288e-04   5.7044963e-04
  4.9637345e-04   5.6889226e-04
  4.9815911e-04   5.6732927e-04
  4.9993986e-04   5.6576067e-04
  5.0171567e-04   5.6418649e-04
  5.0348651e-04   5.6260673e-04
  5.0525239e-04   5.6102141e-04
  5.0701327e-04   5.5943055e-04
  5.0876915e-04   5.5783416e-04
  5.1052000e-04   5.5623227e-04
  5.1226580e-04   5.5462487e-04
  5.1400655e-04   5.5301200e-04
  5.1574221e-04   5.5139366e-04
  5.1747278e-04   5.4976988e-04
  5.1919824e-04   5.4814066e-04
  5.2091857e-04   5.4650603e-04
  5.2263375e-04   5.4486601e-04
  5.2434377e-04   5.4322059e-04
  5.2604861e-04   5.4156981e-04
  5.2774825e-04   5.3991368e-04
  5.2944268e-04   5.3825222e-04
  5.3113187e-04   5.3658544e-04
  5.3281582e-04   5.3491336e-04
  5.3449451e-04   5.3323599e-04
  5.3616791e-04   5.3155335e-04
  5.3783602e-04   5.2986547e-04
  5.3949882e-04   5.2817235e-04
  5.4115628e-04   5.2647401e-04
  5.4280840e-04   5.2477046e-04
  5.4445516e-04   5.2306174e-04
  5.4609653e-04   5.2134785e-04
  5.4773251e-04   5.1962880e-04
  5.4936308e-04   5.1790463e-04
  5.5098823e-04   5.1617533e-04
  5.5260793e-04   5.1444094e-04
  5.5422217e-04   5.1270146e-04
  5.5583093e-04   5.1095692e-04
  5.5743420e-04   5.0920733e-04
  5.5903197e-04   5.0745271e-04
  5.6062421e-04   5.0569308e-04
  5.6221092e-04   5.0392845e-04
  5.6379207e-04   5.0215884e-04
  5.6536765e-04   5.0038427e-04
  5.6693764e-04   4.9860476e-04
  5.6850204e-04   4.9682032e-04
  5.7006081e-04   4.9503098e-04
  5.7161396e-04   4.9323674e-04
  5.7316146e-04   4.9143763e-04
  5.7470329e-04   4.8963366e-04
  5.7623945e-04   4.8782486e-04
  5.7776991e-04   4.8601124e-04
  5.7929467e-04   4.8419282e-04
  5.8081370e-04   4.8236961e-04
  5.8232700e-04   4.8054164e-04
  5.8383454e-04   4.7870892e-04
  5.8533632e-04   4.7687147e-04
  5.8683231e-04   4.7502931e-04
  5.8832250e-04   4.7318245e-04
  5.8980688e-04   4.7133092e-04
  5.9128544e-04   4.6947474e-04
  5.9275815e-04   4.6761392e-04
  5.9422501e-04   4.6574847e-04
  5.9568599e-04   4.6387843e-04
  5.9714110e-04   4.6200380e-04
  5.9859030e-04   4.6012461e-04
  6.0003358e-04   4.5824087e-04
  6.0147094e-04   4.5635261e-04
  6.0290236e-04   4.5445983e-04
  6.0432782e-04   4.5256257e-04
  6.0574731e-04   4.5066084e-04
  6.0716082e-04   4.4875465e-04
  6.0856833e-04   4.4684403e-04
  6.0996983e-04   4.4492900e-04
  6.1136529e-04   4.4300957e-04
  6.1275472e-04   4.4108576e-04
  6.1413810e-04   4.3915760e-04
  6.1551541e-04   4.3722509e-04
  6.1688664e-04   4.3528827e-04
  6.1825177e-04   4.3334715e-04
  6.1961079e-04   4.3140174e-04
  6.2096370e-04   4.2945208e-04
  6.2231047e-04   4.2749817e-04
  6.2365109e-04   4.2554004e-04
  6.2498555e-04   4.2357770e-04
  6.2631383e-04   4.2161118e-04
  6.2763593e-04   4.1964049e-04
  6.2895182e-04   4.1766566e-04
  6.3026151e-04   4.1568670e-04
  6.3156496e-04   4.1370363e-04
  6.3286218e-04   4.1171648e-04
  6.3415314e-04   4.0972526e-04
  6.3543784e-04   4.0772999e-04
  6.3671626e-04   4.0573070e-04
  6.3798840e-04   4.0372739e-04
  6.3925422e-04   4.0172010e-04
  6.4051374e-04   3.9970884e-04
  6.4176692e-04   3.9769363e-04
  6.4301376e-04   3.9567449e-04
  6.4425426e-04   3.9365144e-04
  6.4548838e-04   3.9162450e-04
  6.4671613e-04   3.8959369e-04
  6.4793749e-04   3.8755903e-04
  6.4915245e-04   3.8552055e-04
  6.5036100e-04   3.8347826e-04
  6.5156312e-04   3.8143217e-04
  6.5275880e-04   3.7938232e-04
  6.5394804e-04   3.7732872e-04
  6.5513081e-04   3.7527140e-04
  6.5630711e-04   3.7321036e-04
  6.5747693e-04   3.7114564e-04
  6.5864025e-04   3.6907725e-04
  6.5979707e-04   3.6700522e-04
  6.6094736e-04   3.6492956e-04
  6.6209113e-04   3.6285029e-04
  6.6322836e-04   3.6076744e-04
  6.6435903e-04   3.5868103e-04
  6.6548314e-04   3.5659107e-04
  6.6660067e-04   3.5449759e-04
  6.6771162e-04   3.5240061e-04
  6.6881598e-04   3.5030014e-04
  6.6991372e-04   3.4819622e-04
  6.7100485e-04   3.4608885e-04
  6.7208935e-04   3.4397807e-04
  6.7316720e-04   3.4186389e-04
  6.7423841e-04   3.3974633e-04
  6.7530296e-04   3.3762541e-04
  6.7636083e-04   3.3550116e-04
  6.7741202e-04   3.3337359e-04
  6.7845652e-04   3.3124273e-04
  6.7949432e-04   3.2910860e-04
  6.8052541e-04   3.2697121e-04
  6.8154977e-04   3.2483060e-04
  6.8256739e-04   3.2268677e-04
  6.8357828e-04   3.2053976e-04
  6.8458241e-04   3.1838958e-04
  6.8557978e-04   3.1623626e-04
  6.8657037e-04   3.1407981e-04
  6.8755418e-04   3.1192026e-04
  6.8853120e-04   3.0975763e-04
  6.8950142e-04   3.0759193e-04
  6.9046482e-04   3.0542320e-04
  6.9142140e-04   3.0325145e-04
  6.9237116e-04   3.0107671e-04
  6.9331407e-04   2.9889899e-04
  6.9425013e-04   2.9671831e-04
  6.9517933e-04   2.9453471e-04
  6.9610167e-04   2.9234819e-04
  6.9701713e-04   2.9015879e-04
  6.9792570e-04   2.8796652e-04
  6.9882738e-04   2.8577141e-04
  6.9972215e-04   2.8357347e-04
  7.0061001e-04   2.8137273e-04
  7.0149095e-04   2.7916921e-04
  7.0236496e-04   2.7696294e-04
  7.0323203e-04   2.7475392e-04
  7.0409215e-04   2.7254220e-04
  7.0494531e-04   2.7032778e-04
  7.0579151e-04   2.6811069e-04
  7.0663074e-04   2.6589095e-04
  7.0746299e-04   2.6366858e-04
  7.0828825e-04   2.6144361e-04
  7.0910651e-04   2.5921606e-04
  7.0991776e-04   2.5698594e-04
  7.1072200e-04   2.5475329e-04
  7.1151922e-04   2.5251812e-04
  7.1230941e-04   2.5028045e-04
  7.1309256e-04   2.4804031e-04
  7.1386867e-04   2.4579772e-04
  7.1463773e-04   2.4355271e-04
  7.1539972e-04   2.4130528e-04
  7.1615465e-04   2.3905548e-04
  7.1690250e-04   2.3680331e-04
  7.1764327e-04   2.3454880e-04
  7.1837695e-04   2.3229197e-04
  7.1910353e-04   2.3003285e-04
  7.1982301e-04   2.2777146e-04
  7.2053537e-04   2.2550782e-04
  7.2124062e-04   2.2324195e-04
  7.2193874e-04   2.2097387e-04
  7.2262973e-04   2.1870361e-04
  7.2331358e-04   2.1643119e-04
  7.2399029e-04   2.1415663e-04
  7.2465984e-04   2.1187996e-04
  7.2532223e-04   2.0960119e-04
  7.2597746e-04   2.0732035e-04
  7.2662551e-04   2.0503746e-04
  7.2726639e-04   2.0275255e-04
  7.2790008e-04   2.0046563e-04
  7.2852658e-04   1.9817674e-04
  7.2914588e-04   1.9588588e-04
  7.2975798e-04   1.9359310e-04
  7.3036287e-04   1.9129839e-04
  7.3096055e-04   1.8900180e-04
  7.3155100e-04   1.8670334e-04
  7.3213422e-04   1.8440304e-04
  7.3271021e-04   1.8210091e-04
  7.3327897e-04   1.7979699e-04
  7.3384047e-04   1.7749129e-04
  7.3439473e-04   1.7518384e-04
  7.3494174e-04   1.7287465e-04
  7.3548148e-04   1.7056376e-04
  7.3601395e-04   1.6825118e-04
  7.3653916e-04   1.6593694e-04
  7.3705709e-04   1.6362106e-04
  7.3756773e-04   1.6130356e-04
  7.3807109e-04   1.5898448e-04
  7.3856716e-04   1.5666382e-04
  7.3905593e-04   1.5434161e-04
  7.3953740e-04   1.5201787e-04
  7.4001156e-04   1.4969264e-04
  7.4047842e-04   1.4736593e-04
  7.4093795e-04   1.4503776e-04
  7.4139017e-04   1.4270815e-04
  7.4183506e-04   1.4037714e-04
  7.4227262e-04   1.3804474e-04
  7.4270285e-04   1.3571098e-04
  7.4312575e-04   1.3337588e-04
  7.4354130e-04   1.3103946e-04
  7.4394950e-04   1.2870174e-04
  7.4435036e-04   1.2636275e-04
  7.4474386e-04   1.2402252e-04
  7.4513000e-04   1.2168106e-04
  7.4550878e-04   1.1933839e-04
  7.4588020e-04   1.1699455e-04
  7.4624425e-04   1.1464955e-04
  7.4660093e-04   1.1230342e-04
  7.4695022e-04   1.0995618e-04
  7.4729214e-04   1.0760786e-04
  7.4762668e-04   1.0525847e-04
  7.4795383e-04   1.0290804e-04
  7.4827359e-04   1.0055659e-04
  7.4858596e-04   9.8204150e-05
  7.4889094e-04   9.5850740e-05
  7.4918851e-04   9.3496383e-05
  7.4947869e-04   9.1141103e-05
  7.4976145e-04   8.8784922e-05
  7.5003682e-04   8.6427864e-05
  7.5030477e-04   8.4069952e-05
  7.5056531e-04   8.1711209e-05
  7.5081843e-04   7.9351660e-05
  7.5106414e-04   7.6991326e-05
  7.5130242e-04   7.4630232e-05
  7.5153328e-04   7.2268400e-05
  7.5175672e-04   6.9905854e-05
  7.5197274e-04   6.7542618e-05
  7.5218132e-04   6.5178714e-05
  7.5238247e-04   6.2814167e-05
  7.5257619e-04   6.0448999e-05
  7.5276247e-04   5.8083234e-05
  7.5294132e-04   5.5716894e-05
  7.5311273e-04   5.3350005e-05
  7.5327669e-04   5.0982588e-05
  7.5343322e-04   4.8614668e-05
  7.5358230e-04   4.6246267e-05
  7.5372394e-04   4.3877410e-05
  7.5385813e-04   4.1508119e-05
  7.5398487e-04   3.9138418e-05
  7.5410416e-04   3.6768330e-05
  7.5421601e-04   3.4397879e-05
  7.5432040e-04   3.2027088e-05
  7.5441734e-04   2.9655981e-05
  7.5450683e-04   2.7284581e-05
  7.5458886e-04   2.4912911e-05
  7.5466344e-04   2.2540995e-05
  7.5473056e-04   2.0168857e-05
  7.5479023e-04   1.7796519e-05
  7.5484243e-04   1.5424005e-05
  7.5488719e-04   1.3051339e-05
  7.5492448e-04   1.0678544e-05
  7.5495431e-04   8.3056440e-06
  7.5497669e-04   5.9326614e-06
  7.5499161e-04   3.5596203e-06
  7.5499907e-04   1.1865440e-06
  7.5499907e-04  -1.1865440e-06
  7.5499161e-04  -3.5596203e-06
  7.5497669e-04  -5.9326614e-06
  7.5495431e-04  -8.3056440e-06
  7.5492448e-04  -1.0678544e-05
  7.5488719e-04  -1.3051339e-05
  7.5484243e-04  -1.5424005e-05
  7.5479023e-04  -1.7796519e-05
  7.5473056e-04  -2.0168857e-05
  7.5466344e-04  -2.2540995e-05
  7.5458886e-04  -2.4912911e-05
  7.5450683e-04  -2.7284581e-05
  7.5441734e-04  -2.9655981e-05
  7.5432040e-04  -3.2027088e-05
  7.5421601e-04  -3.4397879e-05
  7.5410416e-04  -3.6768330e-05
  7.5398487e-04  -3.9138418e-05
  7.5385813e-04  -4.1508119e-05
  7.5372394e-04  -4.3877410e-05
  7.5358230e-04  -4.6246267e-05
  7.5343322e-04  -4.8614668e-05
  7.5327669e-04  -5.0982588e-05
  7.5311273e-04  -5.3350005e-05
  7.5294132e-04  -5.5716894e-05
  7.5276247e-04  -5.8083234e-05
  7.5257619e-04  -6.0448999e-05
  7.5238247e-04  -6.2814167e-05
  7.5218132e-04  -6.5178714e-05
  7.5197274e-04  -6.7542618e-05
  7.5175672e-04  -6.9905854e-05
  7.5153328e-04  -7.2268400e-05
  7.5130242e-04  -7.4630232e-05
  7.5106414e-04  -7.6991326e-05
  7.5081843e-04  -7.9351660e-05
  7.5056531e-04  -8.1711209e-05
  7.5030477e-04  -8.4069952e-05
  7.5003682e-04  -8.6427864e-05
  7.4976145e-04  -8.8784922e-05
  7.4947869e-04  -9.1141103e-05
  7.4918851e-04  -9.3496383e-05
  7.4889094e-04  -9.5850740e-05
  7.4858596e-04  -9.8204150e-05
  7.4827359e-04  -1.0055659e-04
  7.4795383e-04  -1.0290804e-04
  7.4762668e-04  -1.0525847e-04
  7.4729214e-04  -1.0760786e-04
  7.4695022e-04  -1.0995618e-04
  7.4660093e-04  -1.1230342e-04
  7.4624425e-04  -1.1464955e-04
  7.4588020e-04  -1.1699455e-04
  7.4550878e-04  -1.1933839e-04
  7.4513000e-04  -1.2168106e-04
  7.4474386e-04  -1.2402252e-04
  7.4435036e-04  -1.2636275e-04
  7.4394950e-04  -1.2870174e-04
  7.4354130e-04  -1.3103946e-04
  7.4312575e-04  -1.3337588e-04
  7.4270285e-04  -1.3571098e-04
  7.4227262e-04  -1.3804474e-04
  7.4183506e-04  -1.4037714e-04
  7.4139017e-04  -1.4270815e-04
  7.4093795e-04  -1.4503776e-04
  7.4047842e-04  -1.4736593e-04
  7.4001156e-04  -1.4969264e-04
  7.3953740e-04  -1.5201787e-04
  7.3905593e-04  -1.5434161e-04
  7.3856716e-04  -1.5666382e-04
  7.3807109e-04  -1.5898448e-04
  7.3756773e-04  -1.6130356e-04
  7.3705709e-04  -1.6362106e-04
  7.3653916e-04  -1.6593694e-04
  7.3601395e-04  -1.6825118e-04
  7.3548148e-04  -1.7056376e-04
  7.3494174e-04  -1.7287465e-04
  7.3439473e-04  -1.7518384e-04
  7.3384047e-04  -1.7749129e-04
  7.3327897e-04  -1.7979699e-04
  7.3271021e-04  -1.8210091e-04
  7.3213422e-04  -1.8440304e-04
  7.3155100e-04  -1.8670334e-04
  7.3096055e-04  -1.8900180e-04
  7.3036287e-04  -1.9129839e-04
  7.2975798e-04  -1.9359310e-04
  7.2914588e-04  -1.9588588e-04
  7.2852658e-04  -1.9817674e-04
  7.2790008e-04  -2.0046563e-04
  7.2726639e-04  -2.0275255e-04
  7.2662551e-04  -2.0503746e-04
  7.2597746e-04  -2.0732035e-04
  7.2532223e-04  -2.0960119e-04
  7.2465984e-04  -2.1187996e-04
  7.2399029e-04  -2.1415663e-04
  7.2331358e-04  -2.1643119e-04
  7.2262973e-04  -2.1870361e-04
  7.2193874e-04  -2.2097387e-04
  7.2124062e-04  -2.2324195e-04
  7.2053537e-04  -2.2550782e-04
  7.1982301e-04  -2.2777146e-04
  7.1910353e-04  -2.3003285e-04
  7.1837695e-04  -2.3229197e-04
  7.1764327e-04  -2.3454880e-04
  7.1690250e-04  -2.3680331e-04
  7.1615465e-04  -2.3905548e-04
  7.1539972e-04  -2.4130528e-04
  7.1463773e-04  -2.4355271e-04
  7.1386867e-04  -2.4579772e-04
  7.1309256e-04  -2.4804031e-04
  7.1230941e-04  -2.5028045e-04
  7.1151922e-04  -2.5251812e-04
  7.1072200e-04  -2.5475329e-04
  7.0991776e-04  -2.5698594e-04
  7.0910651e-04  -2.5921606e-04
  7.0828825e-04  -2.6144361e-04
  7.0746299e-04  -2.6366858e-04
  7.0663074e-04  -2.6589095e-04
  7.0579151e-04  -2.6811069e-04
  7.0494531e-04  -2.7032778e-04
  7.0409215e-04  -2.7254220e-04
  7.0323203e-04  -2.7475392e-04
  7.0236496e-04  -2.7696294e-04
  7.0149095e-04  -2.7916921e-04
  7.0061001e-04  -2.8137273e-04
  6.9972215e-04  -2.8357347e-04
  6.9882738e-04  -2.8577141e-04
  6.9792570e-04  -2.8796652e-04
  6.9701713e-04  -2.9015879e-04
  6.9610167e-04  -2.9234819e-04
  6.9517933e-04  -2.9453471e-04
  6.9425013e-04  -2.9671831e-04
  6.9331407e-04  -2.9889899e-04
  6.9237116e-04  -3.0107671e-04
  6.9142140e-04  -3.0325145e-04
  6.9046482e-04  -3.0542320e-04
  6.8950142e-04  -3.0759193e-04
  6.8853120e-04  -3.0975763e-04
  6.8755418e-04  -3.1192026e-04
  6.8657037e-04  -3.1407981e-04
  6.8557978e-04  -3.1623626e-04
  6.8458241e-04  -3.1838958e-04
  6.8357828e-04  -3.2053976e-04
  6.8256739e-04  -3.2268677e-04
  6.8154977e-04  -3.2483060e-04
  6.8052541e-04  -3.2697121e-04
  6.7949432e-04  -3.2910860e-04
  6.7845652e-04  -3.3124273e-04
  6.7741202e-04  -3.3337359e-04
  6.7636083e-04  -3.3550116e-04
  6.7530296e-04  -3.3762541e-04
  6.7423841e-04  -3.3974633e-04
  6.7316720e-04  -3.4186389e-04
  6.7208935e-04  -3.4397807e-04
  6.7100485e-04  -3.4608885e-04
  6.6991372e-04  -3.4819622e-04
  6.6881598e-04  -3.5030014e-04
  6.6771162e-04  -3.5240061e-04
  6.6660067e-04  -3.5449759e-04
  6.6548314e-04  -3.5659107e-04
  6.6435903e-04  -3.5868103e-04
  6.6322836e-04  -3.6076744e-04
  6.6209113e-04  -3.6285029e-04
  6.6094736e-04  -3.6492956e-04
  6.5979707e-04  -3.6700522e-04
  6.5864025e-04  -3.6907725e-04
  6.5747693e-04  -3.7114564e-04
  6.5630711e-04  -3.7321036e-04
  6.5513081e-04  -3.7527140e-04
  6.5394804e-04  -3.7732872e-04
  6.5275880e-04  -3.7938232e-04
  6.5156312e-04  -3.8143217e-04
  6.5036100e-04  -3.8347826e-04
  6.4915245e-04  -3.8552055e-04
  6.4793749e-04  -3.8755903e-04
  6.4671613e-04  -3.8959369e-04
  6.4548838e-04  -3.9162450e-04
  6.4425426e-04  -3.9365144e-04
  6.4301376e-04  -3.9567449e-04
  6.4176692e-04  -3.9769363e-04
  6.4051374e-04  -3.9970884e-04
  6.3925422e-04  -4.0172010e-04
  6.3798840e-04  -4.0372739e-04
  6.3671626e-04  -4.0573070e-04
  6.3543784e-04  -4.0772999e-04
  6.3415314e-04  -4.0972526e-04
  6.3286218e-04  -4.1171648e-04
  6.3156496e-04  -4.1370363e-04
  6.3026151e-04  -4.1568670e-04
  6.2895182e-04  -4.1766566e-04
  6.2763593e-04  -4.1964049e-04
  6.2631383e-04  -4.2161118e-04
  6.2498555e-04  -4.2357770e-04
  6.2365109e-04  -4.2554004e-04
  6.2231047e-04  -4.2749817e-04
  6.2096370e-04  -4.2945208e-04
  6.1961079e-04  -4.3140174e-04
  6.1825177e-04  -4.3334715e-04
  6.1688664e-04  -4.3528827e-04
  6.1551541e-04  -4.3722509e-04
  6.1413810e-04  -4.3915760e-04
  6.1275472e-04  -4.4108576e-04
  6.1136529e-04  -4.4300957e-04
  6.0996983e-04  -4.4492900e-04
  6.0856833e-04  -4.4684403e-04
  6.0716082e-04  -4.4875465e-04
  6.0574731e-04  -4.5066084e-04
  6.0432782e-04  -4.5256257e-04
  6.0290236e-04  -4.5445983e-04
  6.0147094e-04  -4.5635261e-04
  6.0003358e-04  -4.5824087e-04
  5.9859030e-04  -4.6012461e-04
  5.9714110e-04  -4.6200380e-04
  5.9568599e-04  -4.6387843e-04
  5.9422501e-04  -4.6574847e-04
  5.9275815e-04  -4.6761392e-04
  5.9128544e-04  -4.6947474e-04
  5.8980688e-04  -4.7133092e-04
  5.8832250e-04  -4.7318245e-04
  5.8683231e-04  -4.7502931e-04
  5.8533632e-04  -4.7687147e-04
  5.8383454e-04  -4.7870892e-04
  5.8232700e-04  -4.8054164e-04
  5.8081370e-04  -4.8236961e-04
  5.7929467e-04  -4.8419282e-04
  5.7776991e-04  -4.8601124e-04
  5.7623945e-04  -4.8782486e-04
  5.7470329e-04  -4.8963366e-04
  5.7316146e-04  -4.9143763e-04
  5.7161396e-04  -4.9323674e-04
  5.7006081e-04  -4.9503098e-04
  5.6850204e-04  -4.9682032e-04
  5.6693764e-04  -4.9860476e-04
  5.6536765e-04  -5.0038427e-04
  5.6379207e-04  -5.0215884e-04
  5.6221092e-04  -5.0392845e-04
  5.6062421e-04  -5.0569308e-04
  5.5903197e-04  -5.0745271e-04
  5.5743420e-04  -5.0920733e-04
  5.5583093e-04  -5.1095692e-04
  5.5422217e-04  -5.1270146e-04
  5.5260793e-04  -5.1444094e-04
  5.5098823e-04  -5.1617533e-04
  5.4936308e-04  -5.1790463e-04
  5.4773251e-04  -5.1962880e-04
  5.4609653e-04  -5.2134785e-04
  5.4445516e-04  -5.2306174e-04
  5.4280840e-04  -5.2477046e-04
  5.4115628e-04  -5.2647401e-04
  5.3949882e-04  -5.2817235e-04
  5.3783602e-04  -5.2986547e-04
  5.3616791e-04  -5.3155335e-04
  5.3449451e-04  -5.3323599e-04
  5.3281582e-04  -5.3491336e-04
  5.3113187e-04  -5.3658544e-04
  5.2944268e-04  -5.3825222e-04
  5.2774825e-04  -5.3991368e-04
  5.2604861e-04  -5.4156981e-04
  5.2434377e-04  -5.4322059e-04
  5.2263375e-04  -5.4486601e-04
  5.2091857e-04  -5.4650603e-04
  5.1919824e-04  -5.4814066e-04
  5.1747278e-04  -5.4976988e-04
  5.1574221e-04  -5.5139366e-04
  5.1400655e-04  -5.5301200e-04
  5.1226580e-04  -5.5462487e-04
  5.1052000e-04  -5.5623227e-04
  5.0876915e-04  -5.5783416e-04
  5.0701327e-04  -5.5943055e-04
  5.0525239e-04  -5.6102141e-04
  5.0348651e-04  -5.6260673e-04
  5.0171567e-04  -5.6418649e-04
  4.9993986e-04  -5.6576067e-04
  4.9815911e-04  -5.6732927e-04
  4.9637345e-04  -5.6889226e-04
  4.9458288e-04  -5.7044963e-04
  4.9278742e-04  -5.7200136e-04
  4.9098709e-04  -5.7354745e-04
  4.8918192e-04  -5.7508786e-04
  4.8737191e-04  -5.7662260e-04
  4.8555708e-04  -5.7815164e-04
  4.8373746e-04  -5.7967497e-04
  4.8191306e-04  -5.8119257e-04
  4.8008390e-04  -5.8270443e-04
  4.7825000e-04  -5.8421053e-04
  4.7641137e-04  -5.8571086e-04
  4.7456803e-04  -5.8720540e-04
  4.7272001e-04  -5.8869414e-04
  4.7086731e-04  -5.9017707e-04
  4.6900997e-04  -5.9165416e-04
  4.6714799e-04  -5.9312541e-04
  4.6528139e-04  -5.9459081e-04
  4.6341020e-04  -5.9605032e-04
  4.6153443e-04  -5.9750395e-04
  4.5965410e-04  -5.9895167e-04
  4.5776923e-04  -6.0039348e-04
  4.5587984e-04  -6.0182936e-04
  4.5398594e-04  -6.0325929e-04
  4.5208756e-04  -6.0468326e-04
  4.5018471e-04  -6.0610125e-04
  4.4827741e-04  -6.0751326e-04
  4.4636569e-04  -6.0891927e-04
  4.4444955e-04  -6.1031926e-04
  4.4252903e-04  -6.1171322e-04
  4.4060413e-04  -6.1310114e-04
  4.3867488e-04  -6.1448300e-04
  4.3674129e-04  -6.1585879e-04
  4.3480339e-04  -6.1722849e-04
  4.3286120e-04  -6.1859210e-04
  4.3091473e-04  -6.1994959e-04
  4.2896400e-04  -6.2130097e-04
  4.2700903e-04  -6.2264620e-04
  4.2504984e-04  -6.2398528e-04
  4.2308646e-04  -6.2531820e-04
  4.2111890e-04  -6.2664494e-04
  4.1914717e-04  -6.2796548e-04
  4.1717130e-04  -6.2927983e-04
  4.1519132e-04  -6.3058796e-04
  4.1320723e-04  -6.3188985e-04
  4.1121906e-04  -6.3318551e-04
  4.0922682e-04  -6.3447491e-04
  4.0723055e-04  -6.3575804e-04
  4.0523025e-04  -6.3703489e-04
  4.0322594e-04  -6.3830544e-04
  4.0121765e-04  -6.3956969e-04
  3.9920540e-04  -6.4082763e-04
  3.9718921e-04  -6.4207923e-04
  3.9516909e-04  -6.4332448e-04
  3.9314507e-04  -6.4456339e-04
  3.9111716e-04  -6.4579592e-04
  3.8908539e-04  -6.4702207e-04
  3.8704977e-04  -6.4824183e-04
  3.8501033e-04  -6.4945519e-04
  3.8296709e-04  -6.5066213e-04
  3.8092006e-04  -6.5186264e-04
  3.7886927e-04  -6.5305672e-04
  3.7681474e-04  -6.5424434e-04
  3.7475649e-04  -6.5542549e-04
  3.7269453e-04  -6.5660017e-04
  3.7062889e-04  -6.5776837e-04
  3.6855959e-04  -6.5893007e-04
  3.6648664e-04  -6.6008525e-04
  3.6441008e-04  -6.6123392e-04
  3.6232992e-04  -6.6237605e-04
  3.6024617e-04  -6.6351164e-04
  3.5815887e-04  -6.6464067e-04
  3.5606803e-04  -6.6576314e-04
  3.5397367e-04  -6.6687903e-04
  3.5187582e-04  -6.6798833e-04
  3.4977449e-04  -6.6909103e-04
  3.4766970e-04  -6.7018712e-04
  3.4556148e-04  -6.7127659e-04
  3.4344984e-04  -6.7235943e-04
  3.4133481e-04  -6.7343563e-04
  3.3921641e-04  -6.7450517e-04
  3.3709466e-04  -6.7556805e-04
  3.3496957e-04  -6.7662426e-04
  3.3284118e-04  -6.7767378e-04
  3.3070950e-04  -6.7871660e-04
  3.2857455e-04  -6.7975272e-04
  3.2643636e-04  -6.8078213e-04
  3.2429494e-04  -6.8180480e-04
  3.2215032e-04  -6.8282075e-04
  3.2000251e-04  -6.8382994e-04
  3.1785155e-04  -6.8483238e-04
  3.1569744e-04  -6.8582806e-04
  3.1354021e-04  -6.8681696e-04
  3.1137989e-04  -6.8779907e-04
  3.0921649e-04  -6.8877439e-04
  3.0705003e-04  -6.8974291e-04
  3.0488054e-04  -6.9070461e-04
  3.0270804e-04  -6.9165948e-04
  3.0053255e-04  -6.9260753e-04
  2.9835409e-04  -6.9354873e-04
  2.9617269e-04  -6.9448307e-04
  2.9398835e-04  -6.9541056e-04
  2.9180111e-04  -6.9633118e-04
  2.8961099e-04  -6.9724492e-04
  2.8741801e-04  -6.9815177e-04
  2.8522219e-04  -6.9905172e-04
  2.8302355e-04  -6.9994476e-04
  2.8082211e-04  -7.0083089e-04
  2.7861790e-04  -7.0171010e-04
  2.7641094e-04  -7.0258237e-04
  2.7420125e-04  -7.0344771e-04
  2.7198884e-04  -7.0430609e-04
  2.6977375e-04  -7.0515752e-04
  2.6755600e-04  -7.0600197e-04
  2.6533560e-04  -7.0683946e-04
  2.6311258e-04  -7.0766996e-04
  2.6088696e-04  -7.0849347e-04
  2.5865877e-04  -7.0930998e-04
  2.5642801e-04  -7.1011948e-04
  2.5419473e-04  -7.1092196e-04
  2.5195893e-04  -7.1171743e-04
  2.4972065e-04  -7.1250586e-04
  2.4747989e-04  -7.1328725e-04
  2.4523670e-04  -7.1406160e-04
  2.4299108e-04  -7.1482889e-04
  2.4074305e-04  -7.1558912e-04
  2.3849265e-04  -7.1634227e-04
  2.3623990e-04  -7.1708836e-04
  2.3398481e-04  -7.1782735e-04
  2.3172741e-04  -7.1855926e-04
  2.2946772e-04  -7.1928407e-04
  2.2720576e-04  -7.2000177e-04
  2.2494156e-04  -7.2071235e-04
  2.2267513e-04  -7.2141582e-04
  2.2040651e-04  -7.2211216e-04
  2.1813571e-04  -7.2280137e-04
  2.1586275e-04  -7.2348343e-04
  2.1358766e-04  -7.2415835e-04
  2.1131046e-04  -7.2482611e-04
  2.0903117e-04  -7.2548671e-04
  2.0674982e-04  -7.2614015e-04
  2.0446642e-04  -7.2678641e-04
  2.0218101e-04  -7.2742549e-04
  1.9989360e-04  -7.2805738e-04
  1.9760421e-04  -7.2868208e-04
  1.9531287e-04  -7.2929958e-04
  1.9301960e-04  -7.2990988e-04
  1.9072442e-04  -7.3051297e-04
  1.8842736e-04  -7.3110884e-04
  1.8612844e-04  -7.3169748e-04
  1.8382768e-04  -7.3227890e-04
  1.8152510e-04  -7.3285308e-04
  1.7922073e-04  -7.3342002e-04
  1.7691459e-04  -7.3397972e-04
  1.7460670e-04  -7.3453216e-04
  1.7229709e-04  -7.3507735e-04
  1.6998577e-04  -7.3561528e-04
  1.6767278e-04  -7.3614594e-04
  1.6535812e-04  -7.3666932e-04
  1.6304184e-04  -7.3718543e-04
  1.6072394e-04  -7.3769426e-04
  1.5840446e-04  -7.3819579e-04
  1.5608341e-04  -7.3869004e-04
  1.5376082e-04  -7.3917698e-04
  1.5143671e-04  -7.3965663e-04
  1.4911110e-04  -7.4012896e-04
  1.4678402e-04  -7.4059399e-04
  1.4445549e-04  -7.4105169e-04
  1.4212553e-04  -7.4150208e-04
  1.3979417e-04  -7.4194514e-04
  1.3746143e-04  -7.4238087e-04
  1.3512733e-04  -7.4280927e-04
  1.3279189e-04  -7.4323032e-04
  1.3045515e-04  -7.4364404e-04
  1.2811711e-04  -7.4405041e-04
  1.2577781e-04  -7.4444942e-04
  1.2343727e-04  -7.4484108e-04
  1.2109550e-04  -7.4522539e-04
  1.1875254e-04  -7.4560233e-04
  1.1640841e-04  -7.4597190e-04
  1.1406313e-04  -7.4633411e-04
  1.1171671e-04  -7.4668894e-04
  1.0936920e-04  -7.4703640e-04
  1.0702061e-04  -7.4737647e-04
  1.0467095e-04  -7.4770916e-04
  1.0232027e-04  -7.4803447e-04
  9.9968572e-05  -7.4835238e-04
  9.7615888e-05  -7.4866290e-04
  9.5262239e-05  -7.4896602e-04
  9.2907649e-05  -7.4926175e-04
  9.0552141e-05  -7.4955007e-04
  8.8195739e-05  -7.4983099e-04
  8.5838465e-05  -7.5010450e-04
  8.3480343e-05  -7.5037060e-04
  8.1121397e-05  -7.5062928e-04
  7.8761649e-05  -7.5088055e-04
  7.6401123e-05  -7.5112440e-04
  7.4039842e-05  -7.5136083e-04
  7.1677829e-05  -7.5158984e-04
  6.9315109e-05  -7.5181142e-04
  6.6951704e-05  -7.5202558e-04
  6.4587637e-05  -7.5223230e-04
  6.2222932e-05  -7.5243160e-04
  5.9857613e-05  -7.5262346e-04
  5.7491702e-05  -7.5280788e-04
  5.5125223e-05  -7.5298487e-04
  5.2758199e-05  -7.5315441e-04
  5.0390655e-05  -7.5331652e-04
  4.8022612e-05  -7.5347119e-04
  4.5654095e-05  -7.5361841e-04
  4.3285127e-05  -7.5375818e-04
  4.0915731e-05  -7.5389051e-04
  3.8545931e-05  -7.5401539e-04
  3.6175751e-05  -7.5413282e-04
  3.3805213e-05  -7.5424280e-04
  3.1434340e-05  -7.5434533e-04
  2.9063158e-05  -7.5444041e-04
  2.6691688e-05  -7.5452803e-04
  2.4319955e-05  -7.5460820e-04
  2.1947981e-05  -7.5468092e-04
  1.9575790e-05  -7.5474617e-04
  1.7203406e-05  -7.5480398e-04
  1.4830852e-05  -7.5485432e-04
  1.2458152e-05  -7.5489721e-04
  1.0085328e-05  -7.5493264e-04
  7.7124051e-06  -7.5496061e-04
  5.3394057e-06  -7.5498112e-04
  2.9663536e-06  -7.5499417e-04
  5.9327219e-07  -7.5499977e-04
 -1.7798151e-06  -7.5499790e-04
 -4.1528848e-06  -7.5498858e-04
 -6.5259135e-06  -7.5497180e-04
 -8.8988777e-06  -7.5494755e-04
 -1.1271754e-05  -7.5491585e-04
 -1.3644519e-05  -7.5487670e-04
 -1.6017149e-05  -7.5483008e-04
 -1.8389621e-05  -7.5477601e-04
 -2.0761911e-05  -7.5471448e-04
 -2.3133996e-05  -7.5464549e-04
 -2.5505853e-05  -7.5456905e-04
 -2.7877457e-05  -7.5448515e-04
 -3.0248786e-05  -7.5439380e-04
 -3.2619817e-05  -7.5429500e-04
 -3.4990525e-05  -7.5418875e-04
 -3.7360887e-05  -7.5407504e-04
 -3.9730880e-05  -7.5395388e-04
 -4.2100481e-05  -7.5382528e-04
 -4.4469666e-05  -7.5368923e-04
 -4.6838411e-05  -7.5354573e-04
 -4.9206694e-05  -7.5339478e-04
 -5.1574491e-05  -7.5323640e-04
 -5.3941778e-05  -7.5307057e-04
 -5.6308532e-05  -7.5289730e-04
 -5.8674730e-05  -7.5271660e-04
 -6.1040348e-05  -7.5252846e-04
 -6.3405363e-05  -7.5233288e-04
 -6.5769752e-05  -7.5212987e-04
 -6.8133490e-05  -7.5191943e-04
 -7.0496556e-05  -7.5170156e-04
 -7.2858926e-05  -7.5147627e-04
 -7.5220575e-05  -7.5124355e-04
 -7.7581482e-05  -7.5100340e-04
 -7.9941621e-05  -7.5075584e-04
 -8.2300972e-05  -7.5050087e-04
 -8.4659509e-05  -7.5023847e-04
 -8.7017209e-05  -7.4996867e-04
 -8.9374050e-05  -7.4969146e-04
 -9.1730008e-05  -7.4940684e-04
 -9.4085060e-05  -7.4911481e-04
 -9.6439182e-05  -7.4881539e-04
 -9.8792352e-05  -7.4850856e-04
 -1.0114455e-04  -7.4819435e-04
 -1.0349574e-04  -7.4787274e-04
 -1.0584591e-04  -7.4754374e-04
 -1.0819504e-04  -7.4720736e-04
 -1.1054309e-04  -7.4686359e-04
 -1.1289006e-04  -7.4651245e-04
 -1.1523591e-04  -7.4615393e-04
 -1.1758062e-04  -7.4578804e-04
 -1.1992417e-04  -7.4541478e-04
 -1.2226653e-04  -7.4503416e-04
 -1.2460769e-04  -7.4464617e-04
 -1.2694762e-04  -7.4425083e-04
 -1.2928629e-04  -7.4384814e-04
 -1.3162368e-04  -7.4343810e-04
 -1.3395978e-04  -7.4302071e-04
 -1.3629455e-04  -7.4259598e-04
 -1.3862797e-04  -7.4216392e-04
 -1.4096003e-04  -7.4172452e-04
 -1.4329069e-04  -7.4127780e-04
 -1.4561993e-04  -7.4082375e-04
 -1.4794774e-04  -7.4036239e-04
 -1.5027409e-04  -7.3989371e-04
 -1.5259895e-04  -7.3941772e-04
 -1.5492230e-04  -7.3893442e-04
 -1.5724413e-04  -7.3844383e-04
 -1.5956440e-04  -7.3794594e-04
 -1.6188309e-04  -7.3744075e-04
 -1.6420018e-04  -7.3692829e-04
 -1.6651565e-04  -7.3640854e-04
 -1.6882948e-04  -7.3588152e-04
 -1.7114164e-04  -7.3534722e-04
 -1.7345211e-04  -7.3480567e-04
 -1.7576086e-04  -7.3425685e-04
 -1.7806788e-04  -7.3370078e-04
 -1.8037314e-04  -7.3313746e-04
 -1.8267662e-04  -7.3256689e-04
 -1.8497829e-04  -7.3198909e-04
 -1.8727813e-04  -7.3140406e-04
 -1.8957613e-04  -7.3081180e-04
 -1.9187225e-04  -7.3021233e-04
 -1.9416647e-04  -7.2960563e-04
 -1.9645878e-04  -7.2899173e-04
 -1.9874915e-04  -7.2837063e-04
 -2.0103755e-04  -7.2774233e-04
 -2.0332397e-04  -7.2710685e-04
 -2.0560837e-04  -7.2646417e-04
 -2.0789075e-04  -7.2581433e-04
 -2.1017107e-04  -7.2515731e-04
 -2.1244932e-04  -7.2449312e-04
 -2.1472547e-04  -7.2382178e-04
 -2.1699950e-04  -7.2314329e-04
 -2.1927138e-04  -7.2245765e-04
 -2.2154109e-04  -7.2176488e-04
 -2.2380862e-04  -7.2106498e-04
 -2.2607394e-04  -7.2035795e-04
 -2.2833702e-04  -7.1964380e-04
 -2.3059785e-04  -7.1892255e-04
 -2.3285640e-04  -7.1819419e-04
 -2.3511264e-04  -7.1745874e-04
 -2.3736657e-04  -7.1671620e-04
 -2.3961815e-04  -7.1596658e-04
 -2.4186736e-04  -7.1520988e-04
 -2.4411419e-04  -7.1444612e-04
 -2.4635860e-04  -7.1367530e-04
 -2.4860058e-04  -7.1289744e-04
 -2.5084010e-04  -7.1211252e-04
 -2.5307714e-04  -7.1132057e-04
 -2.5531169e-04  -7.1052160e-04
 -2.5754371e-04  -7.0971560e-04
 -2.5977319e-04  -7.0890260e-04
 -2.6200010e-04  -7.0808259e-04
 -2.6422442e-04  -7.0725558e-04
 -2.6644613e-04  -7.0642159e-04
 -2.6866521e-04  -7.0558062e-04
 -2.7088163e-04  -7.0473267e-04
 -2.7309538e-04  -7.0387777e-04
 -2.7530643e-04  -7.0301591e-04
 -2.7751476e-04  -7.0214710e-04
 -2.7972035e-04  -7.0127136e-04
 -2.8192318e-04  -7.0038869e-04
 -2.8412322e-04  -6.9949910e-04
 -2.8632045e-04  -6.9860260e-04
 -2.8851486e-04  -6.9769920e-04
 -2.9070641e-04  -6.9678891e-04
 -2.9289509e-04  -6.9587173e-04
 -2.9508088e-04  -6.9494768e-04
 -2.9726376e-04  -6.9401676e-04
 -2.9944369e-04  -6.9307898e-04
 -3.0162067e-04  -6.9213436e-04
 -3.0379467e-04  -6.9118290e-04
 -3.0596567e-04  -6.9022461e-04
 -3.0813364e-04  -6.8925950e-04
 -3.1029857e-04  -6.8828758e-04
 -3.1246044e-04  -6.8730887e-04
 -3.1461921e-04  -6.8632336e-04
 -3.1677488e-04  -6.8533107e-04
 -3.1892742e-04  -6.8433201e-04
 -3.2107681e-04  -6.8332619e-04
 -3.2322303e-04  -6.8231362e-04
 -3.2536605e-04  -6.8129431e-04
 -3.2750586e-04  -6.8026826e-04
 -3.2964243e-04  -6.7923550e-04
 -3.3177575e-04  -6.7819603e-04
 -3.3390579e-04  -6.7714985e-04
 -3.3603253e-04  -6.7609699e-04
 -3.3815595e-04  -6.7503745e-04
 -3.4027603e-04  -6.7397123e-04
 -3.4239275e-04  -6.7289836e-04
 -3.4450608e-04  -6.7181884e-04
 -3.4661602e-04  -6.7073269e-04
 -3.4872252e-04  -6.6963990e-04
 -3.5082559e-04  -6.6854051e-04
 -3.5292518e-04  -6.6743450e-04
 -3.5502129e-04  -6.6632191e-04
 -3.5711389e-04  -6.6520273e-04
 -3.5920297e-04  -6.6407697e-04
 -3.6128849e-04  -6.6294466e-04
 -3.6337045e-04  -6.6180580e-04
 -3.6544881e-04  -6.6066040e-04
 -3.6752357e-04  -6.5950847e-04
 -3.6959469e-04  -6.5835003e-04
 -3.7166217e-04  -6.5718508e-04
 -3.7372597e-04  -6.5601364e-04
 -3.7578608e-04  -6.5483572e-04
 -3.7784247e-04  -6.5365133e-04
 -3.7989514e-04  -6.5246048e-04
 -3.8194405e-04  -6.5126319e-04
 -3.8398919e-04  -6.5005946e-04
 -3.8603053e-04  -6.4884931e-04
 -3.8806806e-04  -6.4763275e-04
 -3.9010175e-04  -6.4640979e-04
 -3.9213160e-04  -6.4518045e-04
 -3.9415756e-04  -6.4394473e-04
 -3.9617964e-04  -6.4270265e-04
 -3.9819780e-04  -6.4145422e-04
 -4.0021202e-04  -6.4019945e-04
 -4.0222229e-04  -6.3893836e-04
 -4.0422859e-04  -6.3767095e-04
 -4.0623090e-04  -6.3639725e-04
 -4.0822919e-04  -6.3511726e-04
 -4.1022345e-04  -6.3383099e-04
 -4.1221365e-04  -6.3253846e-04
 -4.1419978e-04  -6.3123968e-04
 -4.1618182e-04  -6.2993467e-04
 -4.1815975e-04  -6.2862343e-04
 -4.2013355e-04  -6.2730598e-04
 -4.2210320e-04  -6.2598234e-04
 -4.2406868e-04  -6.2465251e-04
 -4.2602996e-04  -6.2331651e-04
 -4.2798704e-04  -6.2197435e-04
 -4.2993989e-04  -6.2062605e-04
 -4.3188849e-04  -6.1927161e-04
 -4.3383283e-04  -6.1791106e-04
 -4.3577288e-04  -6.1654440e-04
 -4.3770862e-04  -6.1517165e-04
 -4.3964004e-04  -6.1379282e-04
 -4.4156712e-04  -6.1240793e-04
 -4.4348984e-04  -6.1101699e-04
 -4.4540817e-04  -6.0962002e-04
 -4.4732210e-04  -6.0821702e-04
 -4.4923161e-04  -6.0680801e-04
 -4.5113669e-04  -6.0539300e-04
 -4.5303731e-04  -6.0397202e-04
 -4.5493345e-04  -6.0254507e-04
 -4.5682510e-04  -6.0111216e-04
 -4.5871223e-04  -5.9967332e-04
 -4.6059483e-04  -5.9822855e-04
 -4.6247289e-04  -5.9677787e-04
 -4.6434637e-04  -5.9532130e-04
 -4.6621527e-04  -5.9385884e-04
 -4.6807956e-04  -5.9239052e-04
 -4.6993922e-04  -5.9091635e-04
 -4.7179424e-04  -5.8943633e-04
 -4.7364461e-04  -5.8795050e-04
 -4.7549029e-04  -5.8645885e-04
 -4.7733127e-04  -5.8496141e-04
 -4.7916754e-04  -5.8345820e-04
 -4.8099908e-04  -5.8194921e-04
 -4.8282586e-04  -5.8043448e-04
 -4.8464787e-04  -5.7891402e-04
 -4.8646510e-04  -5.7738783e-04
 -4.8827752e-04  -5.7585594e-04
 -4.9008511e-04  -5.7431837e-04
 -4.9188786e-04  -5.7277511e-04
 -4.9368576e-04  -5.7122620e-04
 -4.9547877e-04  -5.6967165e-04
 -4.9726689e-04  -5.6811146e-04
 -4.9905010e-04  -5.6654567e-04
 -5.0082838e-04  -5.6497428e-04
 -5.0260171e-04  -5.6339730e-04
 -5.0437008e-04  -5.6181476e-04
 -5.0613346e-04  -5.6022667e-04
 -5.0789184e-04  -5.5863305e-04
 -5.0964520e-04  -5.5703390e-04
 -5.1139353e-04  -5.5542925e-04
 -5.1313681e-04  -5.5381912e-04
 -5.1487501e-04  -5.5220351e-04
 -5.1660813e-04  -5.5058245e-04
 -5.1833615e-04  -5.4895595e-04
 -5.2005905e-04  -5.4732403e-04
 -5.2177680e-04  -5.4568669e-04
 -5.2348941e-04  -5.4404397e-04
 -5.2519684e-04  -5.4239587e-04
 -5.2689908e-04  -5.4074242e-04
 -5.2859612e-04  -5.3908362e-04
 -5.3028793e-04  -5.3741949e-04
 -5.3197451e-04  -5.3575006e-04
 -5.3365583e-04  -5.3407533e-04
 -5.3533187e-04  -5.3239533e-04
 -5.3700263e-04  -5.3071007e-04
 -5.3866809e-04  -5.2901956e-04
 -5.4032822e-04  -5.2732383e-04
 -5.4198301e-04  -5.2562288e-04
 -5.4363245e-04  -5.2391675e-04
 -5.4527652e-04  -5.2220544e-04
 -5.4691520e-04  -5.2048897e-04
 -5.4854848e-04  -5.1876735e-04
 -5.5017634e-04  -5.1704062e-04
 -5.5179876e-04  -5.1530877e-04
 -5.5341573e-04  -5.1357183e-04
 -5.5502723e-04  -5.1182982e-04
 -5.5663326e-04  -5.1008276e-04
 -5.5823378e-04  -5.0833065e-04
 -5.5982878e-04  -5.0657352e-04
 -5.6141826e-04  -5.0481139e-04
 -5.6300219e-04  -5.0304427e-04
 -5.6458056e-04  -5.0127218e-04
 -5.6615335e-04  -4.9949513e-04
 -5.6772054e-04  -4.9771316e-04
 -5.6928213e-04  -4.9592626e-04
 -5.7083809e-04  -4.9413447e-04
 -5.7238841e-04  -4.9233779e-04
 -5.7393308e-04  -4.9053625e-04
 -5.7547208e-04  -4.8872987e-04
 -5.7700539e-04  -4.8691865e-04
 -5.7853301e-04  -4.8510263e-04
 -5.8005490e-04  -4.8328181e-04
 -5.8157107e-04  -4.8145622e-04
 -5.8308149e-04  -4.7962587e-04
 -5.8458615e-04  -4.7779078e-04
 -5.8608504e-04  -4.7595097e-04
 -5.8757813e-04  -4.7410647e-04
 -5.8906542e-04  -4.7225727e-04
 -5.9054689e-04  -4.7040341e-04
 -5.9202253e-04  -4.6854491e-04
 -5.9349231e-04  -4.6668177e-04
 -5.9495624e-04  -4.6481402e-04
 -5.9641428e-04  -4.6294169e-04
 -5.9786643e-04  -4.6106477e-04
 -5.9931268e-04  -4.5918331e-04
 -6.0075301e-04  -4.5729730e-04
 -6.0218740e-04  -4.5540678e-04
 -6.0361584e-04  -4.5351176e-04
 -6.0503832e-04  -4.5161226e-04
 -6.0645482e-04  -4.4970830e-04
 -6.0786533e-04  -4.4779989e-04
 -6.0926983e-04  -4.4588707e-04
 -6.1066831e-04  -4.4396983e-04
 -6.1206077e-04  -4.4204821e-04
 -6.1344717e-04  -4.4012222e-04
 -6.1482751e-04  -4.3819189e-04
 -6.1620178e-04  -4.3625722e-04
 -6.1756997e-04  -4.3431825e-04
 -6.1893205e-04  -4.3237498e-04
 -6.2028801e-04  -4.3042744e-04
 -6.2163785e-04  -4.2847565e-04
 -6.2298155e-04  -4.2651963e-04
 -6.2431909e-04  -4.2455939e-04
 -6.2565046e-04  -4.2259496e-04
 -6.2697565e-04  -4.2062635e-04
 -6.2829465e-04  -4.1865359e-04
 -6.2960744e-04  -4.1667669e-04
 -6.3091401e-04  -4.1469568e-04
 -6.3221435e-04  -4.1271057e-04
 -6.3350844e-04  -4.1072138e-04
 -6.3479628e-04  -4.0872813e-04
 -6.3607784e-04  -4.0673085e-04
 -6.3735312e-04  -4.0472954e-04
 -6.3862210e-04  -4.0272424e-04
 -6.3988477e-04  -4.0071496e-04
 -6.4114112e-04  -3.9870172e-04
 -6.4239114e-04  -3.9668455e-04
 -6.4363481e-04  -3.9466345e-04
 -6.4487212e-04  -3.9263845e-04
 -6.4610306e-04  -3.9060958e-04
 -6.4732761e-04  -3.8857684e-04
 -6.4854577e-04  -3.8654027e-04
 -6.4975753e-04  -3.8449988e-04
 -6.5096286e-04  -3.8245569e-04
 -6.5216177e-04  -3.8040772e-04
 -6.5335423e-04  -3.7835599e-04
 -6.5454023e-04  -3.7630053e-04
 -6.5571977e-04  -3.7424134e-04
 -6.5689283e-04  -3.7217846e-04
 -6.5805940e-04  -3.7011191e-04
 -6.5921947e-04  -3.6804169e-04
 -6.6037303e-04  -3.6596784e-04
 -6.6152006e-04  -3.6389038e-04
 -6.6266056e-04  -3.6180932e-04
 -6.6379451e-04  -3.5972468e-04
 -6.6492190e-04  -3.5763649e-04
 -6.6604273e-04  -3.5554477e-04
 -6.6715697e-04  -3.5344954e-04
 -6.6826462e-04  -3.5135081e-04
 -6.6936567e-04  -3.4924861e-04
 -6.7046011e-04  -3.4714296e-04
 -6.7154793e-04  -3.4503389e-04
 -6.7262911e-04  -3.4292140e-04
 -6.7370364e-04  -3.4080553e-04
 -6.7477152e-04  -3.3868629e-04
 -6.7583273e-04  -3.3656370e-04
 -6.7688726e-04  -3.3443779e-04
 -6.7793511e-04  -3.3230857e-04
 -6.7897626e-04  -3.3017607e-04
 -6.8001070e-04  -3.2804031e-04
 -6.8103843e-04  -3.2590131e-04
 -6.8205942e-04  -3.2375908e-04
 -6.8307368e-04  -3.2161366e-04
 -6.8408119e-04  -3.1946507e-04
 -6.8508194e-04  -3.1731331e-04
 -6.8607592e-04  -3.1515842e-04
 -6.8706312e-04  -3.1300042e-04
 -6.8804354e-04  -3.1083933e-04
 -6.8901716e-04  -3.0867516e-04
 -6.8998397e-04  -3.0650794e-04
 -6.9094397e-04  -3.0433770e-04
 -6.9189713e-04  -3.0216445e-04
 -6.9284347e-04  -2.9998822e-04
 -6.9378296e-04  -2.9780902e-04
 -6.9471559e-04  -2.9562688e-04
 -6.9564136e-04  -2.9344181e-04
 -6.9656026e-04  -2.9125385e-04
 -6.9747227e-04  -2.8906301e-04
 -6.9837740e-04  -2.8686932e-04
 -6.9927563e-04  -2.8467279e-04
 -7.0016694e-04  -2.8247345e-04
 -7.0105134e-04  -2.8027132e-04
 -7.0192882e-04  -2.7806642e-04
 -7.0279936e-04  -2.7585877e-04
 -7.0366295e-04  -2.7364840e-04
 -7.0451960e-04  -2.7143532e-04
 -7.0536928e-04  -2.6921956e-04
 -7.0621200e-04  -2.6700115e-04
 -7.0704774e-04  -2.6478009e-04
 -7.0787649e-04  -2.6255642e-04
 -7.0869825e-04  -2.6033015e-04
 -7.0951301e-04  -2.5810132e-04
 -7.1032076e-04  -2.5586993e-04
 -7.1112149e-04  -2.5363601e-04
 -7.1191519e-04  -2.5139959e-04
 -7.1270187e-04  -2.4916069e-04
 -7.1348150e-04  -2.4691932e-04
 -7.1425408e-04  -2.4467552e-04
 -7.1501961e-04  -2.4242929e-04
 -7.1577807e-04  -2.4018068e-04
 -7.1652946e-04  -2.3792969e-04
 -7.1727377e-04  -2.3567634e-04
 -7.1801099e-04  -2.3342067e-04
 -7.1874113e-04  -2.3116270e-04
 -7.1946416e-04  -2.2890244e-04
 -7.2018008e-04  -2.2663992e-04
 -7.2088889e-04  -2.2437516e-04
 -7.2159057e-04  -2.2210818e-04
 -7.2228513e-04  -2.1983901e-04
 -7.2297255e-04  -2.1756767e-04
 -7.2365283e-04  -2.1529418e-04
 -7.2432596e-04  -2.1301856e-04
 -7.2499193e-04  -2.1074083e-04
 -7.2565074e-04  -2.0846103e-04
 -7.2630238e-04  -2.0617916e-04
 -7.2694685e-04  -2.0389526e-04
 -7.2758414e-04  -2.0160934e-04
 -7.2821423e-04  -1.9932143e-04
 -7.2883713e-04  -1.9703155e-04
 -7.2945283e-04  -1.9473973e-04
 -7.3006133e-04  -1.9244598e-04
 -7.3066261e-04  -1.9015033e-04
 -7.3125667e-04  -1.8785280e-04
 -7.3184351e-04  -1.8555342e-04
 -7.3242312e-04  -1.8325220e-04
 -7.3299550e-04  -1.8094918e-04
 -7.3356063e-04  -1.7864436e-04
 -7.3411851e-04  -1.7633778e-04
 -7.3466914e-04  -1.7402946e-04
 -7.3521251e-04  -1.7171942e-04
 -7.3574862e-04  -1.6940768e-04
 -7.3627747e-04  -1.6709427e-04
 -7.3679903e-04  -1.6477920e-04
 -7.3731332e-04  -1.6246251e-04
 -7.3782032e-04  -1.6014422e-04
 -7.3832004e-04  -1.5782434e-04
 -7.3881246e-04  -1.5550290e-04
 -7.3929758e-04  -1.5317993e-04
 -7.3977540e-04  -1.5085544e-04
 -7.4024590e-04  -1.4852947e-04
 -7.4070910e-04  -1.4620202e-04
 -7.4116498e-04  -1.4387313e-04
 -7.4161353e-04  -1.4154282e-04
 -7.4205476e-04  -1.3921112e-04
 -7.4248866e-04  -1.3687803e-04
 -7.4291522e-04  -1.3454360e-04
 -7.4333444e-04  -1.3220783e-04
 -7.4374632e-04  -1.2987076e-04
 -7.4415085e-04  -1.2753240e-04
 -7.4454803e-04  -1.2519279e-04
 -7.4493785e-04  -1.2285194e-04
 -7.4532031e-04  -1.2050987e-04
 -7.4569541e-04  -1.1816662e-04
 -7.4606315e-04  -1.1582219e-04
 -7.4642351e-04  -1.1347663e-04
 -7.4677650e-04  -1.1112994e-04
 -7.4712211e-04  -1.0878215e-04
 -7.4746034e-04  -1.0643329e-04
 -7.4779118e-04  -1.0408338e-04
 -7.4811464e-04  -1.0173244e-04
 -7.4843070e-04  -9.9380493e-05
 -7.4873937e-04  -9.7027565e-05
 -7.4904065e-04  -9.4673679e-05
 -7.4933452e-04  -9.2318857e-05
 -7.4962100e-04  -8.9963123e-05
 -7.4990006e-04  -8.7606501e-05
 -7.5017172e-04  -8.5249013e-05
 -7.5043596e-04  -8.2890683e-05
 -7.5069279e-04  -8.0531534e-05
 -7.5094221e-04  -7.8171589e-05
 -7.5118421e-04  -7.5810872e-05
 -7.5141878e-04  -7.3449406e-05
 -7.5164593e-04  -7.1087215e-05
 -7.5186566e-04  -6.8724321e-05
 -7.5207796e-04  -6.6360748e-05
 -7.5228282e-04  -6.3996520e-05
 -7.5248026e-04  -6.1631659e-05
 -7.5267026e-04  -5.9266189e-05
 -7.5285282e-04  -5.6900134e-05
 -7.5302795e-04  -5.4533517e-05
 -7.5319564e-04  -5.2166361e-05
 -7.5335589e-04  -4.9798690e-05
 -7.5350869e-04  -4.7430526e-05
 -7.5365405e-04  -4.5061894e-05
 -7.5379196e-04  -4.2692817e-05
 -7.5392243e-04  -4.0323318e-05
 -7.5404545e-04  -3.7953421e-05
 -7.5416102e-04  -3.5583149e-05
 -7.5426914e-04  -3.3212525e-05
 -7.5436980e-04  -3.0841573e-05
 -7.5446302e-04  -2.8470316e-05
 -7.5454877e-04  -2.6098778e-05
 -7.5462708e-04  -2.3726983e-05
 -7.5469793e-04  -2.1354953e-05
 -7.5476132e-04  -1.8982711e-05
 -7.5481726e-04  -1.6610283e-05
 -7.5486574e-04  -1.4237690e-05
 -7.5490676e-04  -1.1864957e-05
 -7.5494033e-04  -9.4921059e-06
 -7.5496643e-04  -7.1191615e-06
 -7.5498508e-04  -4.7461467e-06
 -7.5499627e-04  -2.3730851e-06
 -7.5500000e-04  -1.8492167e-19
 -7.5500000e-04   0.0000000e+00

