i,j,theta_lo,phi_lo,theta_hi,phi_hi,hs
0,0,0.0,0.0,0.06283185307179587,0.12566370614359174,2057.518415834649
0,1,0.0,0.12566370614359174,0.06283185307179587,0.25132741228718347,2014.3677944127935
0,2,0.0,0.25132741228718347,0.06283185307179587,0.3769911184307752,2014.3677944127935
0,3,0.0,0.3769911184307752,0.06283185307179587,0.5026548245743669,0.0
0,4,0.0,0.5026548245743669,0.06283185307179587,0.6283185307179586,3958.968696246326
0,5,0.0,0.6283185307179586,0.06283185307179587,0.7539822368615504,0.0
0,6,0.0,0.7539822368615504,0.06283185307179587,0.8796459430051422,3917.43118216734
0,7,0.0,0.8796459430051422,0.06283185307179587,1.0053096491487339,3958.968696246326
0,8,0.0,1.0053096491487339,0.06283185307179587,1.1309733552923256,7942.537279471467
0,9,0.0,1.1309733552923256,0.06283185307179587,1.2566370614359172,2014.367794412794
0,10,0.0,1.2566370614359172,0.06283185307179587,1.3823007675795091,2014.3677944127903
0,11,0.0,1.3823007675795091,0.06283185307179587,1.5079644737231008,5973.3364906591205
0,12,0.0,1.5079644737231008,0.06283185307179587,1.6336281798666925,4030.7519730041795
0,13,0.0,1.6336281798666925,0.06283185307179587,1.7592918860102844,0.0
0,14,0.0,1.7592918860102844,0.06283185307179587,1.884955592153876,2016.3841785913853
0,15,0.0,1.884955592153876,0.06283185307179587,2.0106192982974678,4143.266210169579
0,16,0.0,2.0106192982974678,0.06283185307179587,2.1362830044410597,2014.3677944127903
0,17,0.0,2.1362830044410597,0.06283185307179587,2.261946710584651,0.0
0,18,0.0,2.261946710584651,0.06283185307179587,2.387610416728243,8030.854906493756
0,19,0.0,2.387610416728243,0.06283185307179587,2.5132741228718345,4028.7355888255947
0,20,0.0,2.5132741228718345,0.06283185307179587,2.6389378290154264,0.0
0,21,0.0,2.6389378290154264,0.06283185307179587,2.7646015351590183,2014.3677944127903
0,22,0.0,2.7646015351590183,0.06283185307179587,2.8902652413026098,4030.7519730041868
0,23,0.0,2.8902652413026098,0.06283185307179587,3.0159289474462017,0.0
0,24,0.0,3.0159289474462017,0.06283185307179587,3.1415926535897936,2126.8820315781895
0,25,0.0,3.1415926535897936,0.06283185307179587,3.267256359733385,3958.968696246333
0,26,0.0,3.267256359733385,0.06283185307179587,3.392920065876977,0.0
0,27,0.0,3.392920065876977,0.06283185307179587,3.518583772020569,3958.9686962463193
0,28,0.0,3.518583772020569,0.06283185307179587,3.6442474781641603,0.0
0,29,0.0,3.6442474781641603,0.06283185307179587,3.769911184307752,0.0
0,30,0.0,3.769911184307752,0.06283185307179587,3.8955748904513436,0.0
0,31,0.0,3.8955748904513436,0.06283185307179587,4.0212385965949355,0.0
0,32,0.0,4.0212385965949355,0.06283185307179587,4.1469023027385274,5833.802705500586
0,33,0.0,4.1469023027385274,0.06283185307179587,4.272566008882119,5973.33649065911
0,34,0.0,4.272566008882119,0.06283185307179587,4.39822971502571,0.0
0,35,0.0,4.39822971502571,0.06283185307179587,4.523893421169302,1944.6009018335287
0,36,0.0,4.523893421169302,0.06283185307179587,4.649557127312894,1944.6009018335287
0,37,0.0,4.649557127312894,0.06283185307179587,4.775220833456486,0.0
0,38,0.0,4.775220833456486,0.06283185307179587,4.900884539600078,1984.525308569638
0,39,0.0,4.900884539600078,0.06283185307179587,5.026548245743669,4028.7355888256097
0,40,0.0,5.026548245743669,0.06283185307179587,5.152211951887261,0.0
0,41,0.0,5.152211951887261,0.06283185307179587,5.277875658030853,0.0
0,42,0.0,5.277875658030853,0.06283185307179587,5.403539364174445,0.0
0,43,0.0,5.403539364174445,0.06283185307179587,5.529203070318037,2014.3677944127903
0,44,0.0,5.529203070318037,0.06283185307179587,5.6548667764616285,7917.9373924926385
0,45,0.0,5.6548667764616285,0.06283185307179587,5.7805304826052195,2014.3677944128049
0,46,0.0,5.7805304826052195,0.06283185307179587,5.906194188748811,2016.384178591382
0,47,0.0,5.906194188748811,0.06283185307179587,6.031857894892403,5975.352874837701
0,48,0.0,6.031857894892403,0.06283185307179587,6.157521601035995,3889.2018036670574
0,49,0.0,6.157521601035995,0.06283185307179587,6.283185307179586,4002.119317668203
1,0,0.06283185307179587,0.0,0.12566370614359174,0.12566370614359174,1993.7349505527168
1,1,0.06283185307179587,0.12566370614359174,0.12566370614359174,0.25132741228718347,2017.0212148280084
1,2,0.06283185307179587,0.25132741228718347,0.12566370614359174,0.3769911184307752,1358.9486943545928
1,3,0.06283185307179587,0.3769911184307752,0.12566370614359174,0.5026548245743669,2689.900030505367
1,4,0.06283185307179587,0.5026548245743669,0.12566370614359174,0.6283185307179586,3339.0887738564174
1,5,0.06283185307179587,0.6283185307179586,0.12566370614359174,0.7539822368615504,3306.245719040396
1,6,0.06283185307179587,0.7539822368615504,0.12566370614359174,0.8796459430051422,2666.0753554953844
1,7,0.06283185307179587,0.8796459430051422,0.12566370614359174,1.0053096491487339,2017.0212148280089
1,8,0.06283185307179587,1.0053096491487339,0.12566370614359174,1.1309733552923256,5332.823724409136
1,9,0.06283185307179587,1.1309733552923256,0.12566370614359174,1.2566370614359172,1993.7349505527175
1,10,0.06283185307179587,1.2566370614359172,0.12566370614359174,1.3823007675795091,1995.080977389436
1,11,0.06283185307179587,1.3823007675795091,0.12566370614359174,1.5079644737231008,2656.7877703220047
1,12,0.06283185307179587,1.5079644737231008,0.12566370614359174,1.6336281798666925,1321.3945456100478
1,13,0.06283185307179587,1.6336281798666925,0.12566370614359174,1.7592918860102844,5957.91858738285
1,14,0.06283185307179587,1.7592918860102844,0.12566370614359174,1.884955592153876,1993.7349505527175
1,15,0.06283185307179587,1.884955592153876,0.12566370614359174,2.0106192982974678,4011.4291787990874
1,16,0.06283185307179587,2.0106192982974678,0.12566370614359174,2.1362830044410597,2017.0212148280054
1,17,0.06283185307179587,2.1362830044410597,0.12566370614359174,2.261946710584651,2727.5887819335903
1,18,0.06283185307179587,2.261946710584651,0.12566370614359174,2.387610416728243,672.3404049426684
1,19,0.06283185307179587,2.387610416728243,0.12566370614359174,2.5132741228718345,649.0541406673792
1,20,0.06283185307179587,2.5132741228718345,0.12566370614359174,2.6389378290154264,4071.5965784005566
1,21,0.06283185307179587,2.6389378290154264,0.12566370614359174,2.7646015351590183,2703.629504239928
1,22,0.06283185307179587,2.7646015351590183,0.12566370614359174,2.8902652413026098,1321.39454561005
1,23,0.06283185307179587,2.8902652413026098,0.12566370614359174,3.0159289474462017,1335.7970327629714
1,24,0.06283185307179587,3.0159289474462017,0.12566370614359174,3.1415926535897936,1993.734950552714
1,25,0.06283185307179587,3.1415926535897936,0.12566370614359174,3.267256359733385,3291.8432318874793
1,26,0.06283185307179587,3.267256359733385,0.12566370614359174,3.392920065876977,3983.0280125442455
1,27,0.06283185307179587,3.392920065876977,0.12566370614359174,3.518583772020569,1321.3945456100455
1,28,0.06283185307179587,3.518583772020569,0.12566370614359174,3.6442474781641603,1321.39454561005
1,29,0.06283185307179587,3.6442474781641603,0.12566370614359174,3.769911184307752,3282.9594547651022
1,30,0.06283185307179587,3.769911184307752,0.12566370614359174,3.8955748904513436,5961.956667893037
1,31,0.06283185307179587,3.8955748904513436,0.12566370614359174,4.0212385965949355,1321.3945456100455
1,32,0.06283185307179587,4.0212385965949355,0.12566370614359174,4.1469023027385274,3967.9525119729583
1,33,0.06283185307179587,4.1469023027385274,0.12566370614359174,4.272566008882119,3315.129496162759
1,34,0.06283185307179587,4.272566008882119,0.12566370614359174,4.39822971502571,1311.4339470183115
1,35,0.06283185307179587,4.39822971502571,0.12566370614359174,4.523893421169302,1960.4880876856791
1,36,0.06283185307179587,4.523893421169302,0.12566370614359174,4.649557127312894,2656.787770322
1,37,0.06283185307179587,4.649557127312894,0.12566370614359174,4.775220833456486,1984.8511734303484
1,38,0.06283185307179587,4.775220833456486,0.12566370614359174,4.900884539600078,1344.6808098853369
1,39,0.06283185307179587,4.900884539600078,0.12566370614359174,5.026548245743669,3342.7230463155847
1,40,0.06283185307179587,5.026548245743669,0.12566370614359174,5.152211951887261,1321.3945456100455
1,41,0.06283185307179587,5.152211951887261,0.12566370614359174,5.277875658030853,672.3404049426684
1,42,0.06283185307179587,5.277875658030853,0.12566370614359174,5.403539364174445,672.3404049426684
1,43,0.06283185307179587,5.403539364174445,0.12566370614359174,5.529203070318037,1947.1624220021308
1,44,0.06283185307179587,5.529203070318037,0.12566370614359174,5.6548667764616285,2596.2165626695078
1,45,0.06283185307179587,5.6548667764616285,0.12566370614359174,5.7805304826052195,2680.4778426483276
1,46,0.06283185307179587,5.7805304826052195,0.12566370614359174,5.906194188748811,2689.3616197706738
1,47,0.06283185307179587,5.906194188748811,0.12566370614359174,6.031857894892403,2642.789091220091
1,48,0.06283185307179587,6.031857894892403,0.12566370614359174,6.157521601035995,1321.3945456100455
1,49,0.06283185307179587,6.157521601035995,0.12566370614359174,6.283185307179586,1321.3945456100548
2,0,0.12566370614359174,0.0,0.1884955592153876,0.12566370614359174,2407.8632329243933
2,1,0.12566370614359174,0.12566370614359174,0.1884955592153876,0.25132741228718347,2798.3231639561873
2,2,0.12566370614359174,0.25132741228718347,0.1884955592153876,0.3769911184307752,3222.5495386296775
2,3,0.12566370614359174,0.3769911184307752,0.1884955592153876,0.5026548245743669,3598.191102307921
2,4,0.12566370614359174,0.5026548245743669,0.1884955592153876,0.6283185307179586,4379.515837796471
2,5,0.12566370614359174,0.6283185307179586,0.1884955592153876,0.7539822368615504,2009.1438840234066
2,6,0.12566370614359174,0.7539822368615504,0.1884955592153876,0.8796459430051422,3222.9544120546357
2,7,0.12566370614359174,0.8796459430051422,0.1884955592153876,1.0053096491487339,2023.1525045270375
2,8,0.12566370614359174,1.0053096491487339,0.1884955592153876,1.1309733552923256,1980.7217695911893
2,9,0.12566370614359174,1.1309733552923256,0.1884955592153876,1.2566370614359172,2008.3341371734873
2,10,0.12566370614359174,1.2566370614359172,0.1884955592153876,1.3823007675795091,2044.9346947899023
2,11,0.12566370614359174,1.3823007675795091,0.1884955592153876,1.5079644737231008,2427.2161826375004
2,12,0.12566370614359174,1.5079644737231008,0.1884955592153876,1.6336281798666925,2022.5856817320928
2,13,0.12566370614359174,1.6336281798666925,0.1884955592153876,1.7592918860102844,3247.327792237248
2,14,0.12566370614359174,1.7592918860102844,0.1884955592153876,1.884955592153876,1994.325516669858
2,15,0.12566370614359174,1.884955592153876,0.1884955592153876,2.0106192982974678,794.9284825672174
2,16,0.12566370614359174,2.0106192982974678,0.1884955592153876,2.1362830044410597,3663.618647781514
2,17,0.12566370614359174,2.1362830044410597,0.1884955592153876,2.261946710584651,2067.526631902699
2,18,0.12566370614359174,2.261946710584651,0.1884955592153876,2.387610416728243,1235.9975917190573
2,19,0.12566370614359174,2.387610416728243,0.1884955592153876,2.5132741228718345,2043.3152010900683
2,20,0.12566370614359174,2.5132741228718345,0.1884955592153876,2.6389378290154264,1988.3333899804409
2,21,0.12566370614359174,2.6389378290154264,0.1884955592153876,2.7646015351590183,1604.2704590630217
2,22,0.12566370614359174,2.7646015351590183,0.1884955592153876,2.8902652413026098,2808.768898320171
2,23,0.12566370614359174,2.8902652413026098,0.1884955592153876,3.0159289474462017,2776.0551255833625
2,24,0.12566370614359174,3.0159289474462017,0.1884955592153876,3.1415926535897936,1194.0527048931617
2,25,0.12566370614359174,3.1415926535897936,0.1884955592153876,3.267256359733385,817.5204196800083
2,26,0.12566370614359174,3.267256359733385,0.1884955592153876,3.392920065876977,4422.108522102296
2,27,0.12566370614359174,3.392920065876977,0.1884955592153876,3.518583772020569,3211.6179561557424
2,28,0.12566370614359174,3.518583772020569,0.1884955592153876,3.6442474781641603,1994.3255166698616
2,29,0.12566370614359174,3.6442474781641603,0.1884955592153876,3.769911184307752,1199.3970341026386
2,30,0.12566370614359174,3.769911184307752,0.1884955592153876,3.8955748904513436,1575.8483446308082
2,31,0.12566370614359174,3.8955748904513436,0.1884955592153876,4.0212385965949355,2370.776827198019
2,32,0.12566370614359174,4.0212385965949355,0.1884955592153876,4.1469023027385274,1974.3247694768118
2,33,0.12566370614359174,4.1469023027385274,0.1884955592153876,4.272566008882119,1185.3884135990095
2,34,0.12566370614359174,4.272566008882119,0.1884955592153876,4.39822971502571,2793.869556281639
2,35,0.12566370614359174,4.39822971502571,0.1884955592153876,4.523893421169302,4722.200704682932
2,36,0.12566370614359174,4.523893421169302,0.1884955592153876,4.649557127312894,3573.493823385333
2,37,0.12566370614359174,4.649557127312894,0.1884955592153876,4.775220833456486,780.9198620635868
2,38,0.12566370614359174,4.775220833456486,0.1884955592153876,4.900884539600078,3160.3609805557585
2,39,0.12566370614359174,4.900884539600078,0.1884955592153876,5.026548245743669,2370.7768271980362
2,40,0.12566370614359174,5.026548245743669,0.1884955592153876,5.152211951887261,1191.0566415484548
2,41,0.12566370614359174,5.152211951887261,0.1884955592153876,5.277875658030853,1569.856217941389
2,42,0.12566370614359174,5.277875658030853,0.1884955592153876,5.403539364174445,3182.9529176685473
2,43,0.12566370614359174,5.403539364174445,0.1884955592153876,5.529203070318037,2387.862485731347
2,44,0.12566370614359174,5.529203070318037,0.1884955592153876,5.6548667764616285,2424.139144607798
2,45,0.12566370614359174,5.6548667764616285,0.1884955592153876,5.7805304826052195,1635.2027887300067
2,46,0.12566370614359174,5.7805304826052195,0.1884955592153876,5.906194188748811,1612.934750357174
2,47,0.12566370614359174,5.906194188748811,0.1884955592153876,6.031857894892403,2407.3773848144374
2,48,0.12566370614359174,6.031857894892403,0.1884955592153876,6.157521601035995,1993.9206432448943
2,49,0.12566370614359174,6.157521601035995,0.1884955592153876,6.283185307179586,1575.8483446308142
3,0,0.1884955592153876,0.0,0.25132741228718347,0.12566370614359174,2847.0361521934715
3,1,0.1884955592153876,0.12566370614359174,0.25132741228718347,0.25132741228718347,1450.258579637193
3,2,0.1884955592153876,0.25132741228718347,0.25132741228718347,0.3769911184307752,2307.0579927521794
3,3,0.1884955592153876,0.3769911184307752,0.25132741228718347,0.5026548245743669,2870.6699957134842
3,4,0.1884955592153876,0.5026548245743669,0.25132741228718347,0.6283185307179586,2317.161896370073
3,5,0.1884955592153876,0.6283185307179586,0.25132741228718347,0.7539822368615504,2560.8169514314386
3,6,0.1884955592153876,0.7539822368615504,0.25132741228718347,0.8796459430051422,2015.8449085927978
3,7,0.1884955592153876,0.8796459430051422,0.25132741228718347,1.0053096491487339,4010.785189010648
3,8,0.1884955592153876,1.0053096491487339,0.25132741228718347,1.1309733552923256,2870.960337771471
3,9,0.1884955592153876,1.1309733552923256,0.25132741228718347,1.2566370614359172,2337.4858404290526
3,10,0.1884955592153876,1.2566370614359172,0.25132741228718347,1.3823007675795091,2326.5689790487963
3,11,0.1884955592153876,1.3823007675795091,0.25132741228718347,1.5079644737231008,2602.568139369745
3,12,0.1884955592153876,1.5079644737231008,0.25132741228718347,1.6336281798666925,2600.0711976710704
3,13,0.1884955592153876,1.6336281798666925,0.25132741228718347,1.7592918860102844,2359.2614947779552
3,14,0.1884955592153876,1.7592918860102844,0.25132741228718347,1.884955592153876,3480.2721806596815
3,15,0.1884955592153876,1.884955592153876,0.25132741228718347,2.0106192982974678,4611.096428101311
3,16,0.1884955592153876,2.0106192982974678,0.25132741228718347,2.1362830044410597,2035.3558948894167
3,17,0.1884955592153876,2.1362830044410597,0.25132741228718347,2.261946710584651,1446.3679960601914
3,18,0.1884955592153876,2.261946710584651,0.25132741228718347,2.387610416728243,2635.492928745287
3,19,0.1884955592153876,2.387610416728243,0.25132741228718347,2.5132741228718345,3460.6450575398735
3,20,0.1884955592153876,2.5132741228718345,0.25132741228718347,2.6389378290154264,2638.9770334411123
3,21,0.1884955592153876,2.6389378290154264,0.25132741228718347,2.7646015351590183,1787.7521878394473
3,22,0.1884955592153876,2.7646015351590183,0.25132741228718347,2.8902652413026098,2649.313210705403
3,23,0.1884955592153876,2.8902652413026098,0.25132741228718347,3.0159289474462017,1760.750376446803
3,24,0.1884955592153876,3.0159289474462017,0.25132741228718347,3.1415926535897936,902.5573214534879
3,25,0.1884955592153876,3.1415926535897936,0.25132741228718347,3.267256359733385,1745.3041789619845
3,26,0.1884955592153876,3.267256359733385,0.25132741228718347,3.392920065876977,2018.8063975842474
3,27,0.1884955592153876,3.392920065876977,0.25132741228718347,3.518583772020569,1727.8255870712555
3,28,0.1884955592153876,3.518583772020569,0.25132741228718347,3.6442474781641603,1431.6186195145317
3,29,0.1884955592153876,3.6442474781641603,0.25132741228718347,3.769911184307752,1981.584545750516
3,30,0.1884955592153876,3.769911184307752,0.25132741228718347,3.8955748904513436,2859.404723863656
3,31,0.1884955592153876,3.8955748904513436,0.25132741228718347,4.0212385965949355,1700.1269547394468
3,32,0.1884955592153876,4.0212385965949355,0.25132741228718347,4.1469023027385274,2271.92660373594
3,33,0.1884955592153876,4.1469023027385274,0.25132741228718347,4.272566008882119,1156.6646906023307
3,34,0.1884955592153876,4.272566008882119,0.25132741228718347,4.39822971502571,2558.145804497989
3,35,0.1884955592153876,4.39822971502571,0.25132741228718347,4.523893421169302,2276.3978714289156
3,36,0.1884955592153876,4.523893421169302,0.25132741228718347,4.649557127312894,3121.6997390476777
3,37,0.1884955592153876,4.649557127312894,0.25132741228718347,4.775220833456486,2272.1008089707316
3,38,0.1884955592153876,4.775220833456486,0.25132741228718347,4.900884539600078,2292.1924793833223
3,39,0.1884955592153876,4.900884539600078,0.25132741228718347,5.026548245743669,1986.2880870898946
3,40,0.1884955592153876,5.026548245743669,0.25132741228718347,5.152211951887261,2292.9473687340846
3,41,0.1884955592153876,5.152211951887261,0.25132741228718347,5.277875658030853,4307.688977506537
3,42,0.1884955592153876,5.277875658030853,0.25132741228718347,5.403539364174445,1442.593549306376
3,43,0.1884955592153876,5.403539364174445,0.25132741228718347,5.529203070318037,2578.7020222033384
3,44,0.1884955592153876,5.529203070318037,0.25132741228718347,5.6548667764616285,2578.87622743813
3,45,0.1884955592153876,5.6548667764616285,0.25132741228718347,5.7805304826052195,3439.0436084257713
3,46,0.1884955592153876,5.7805304826052195,0.25132741228718347,5.906194188748811,2605.1812178916093
3,47,0.1884955592153876,5.906194188748811,0.25132741228718347,6.031857894892403,3417.326022488437
3,48,0.1884955592153876,6.031857894892403,0.25132741228718347,6.157521601035995,860.109312576019
3,49,0.1884955592153876,6.157521601035995,0.25132741228718347,6.283185307179586,1420.4114160762997
4,0,0.25132741228718347,0.0,0.3141592653589793,0.12566370614359174,1805.9326019400185
4,1,0.25132741228718347,0.12566370614359174,0.3141592653589793,0.25132741228718347,1353.8024485743692
4,2,0.25132741228718347,0.25132741228718347,0.3141592653589793,0.3769911184307752,2958.8690333935174
4,3,0.25132741228718347,0.3769911184307752,0.3141592653589793,0.5026548245743669,1366.5154876326524
4,4,0.25132741228718347,0.5026548245743669,0.3141592653589793,0.6283185307179586,2490.302736673945
4,5,0.25132741228718347,0.6283185307179586,0.3141592653589793,0.7539822368615504,2025.868177648313
4,6,0.25132741228718347,0.7539822368615504,0.3141592653589793,0.8796459430051422,1600.6624248596702
4,7,0.25132741228718347,0.8796459430051422,0.3141592653589793,1.0053096491487339,3415.90278753879
4,8,0.25132741228718347,1.0053096491487339,0.3141592653589793,1.1309733552923256,2961.411641205174
4,9,0.25132741228718347,1.1309733552923256,0.3141592653589793,1.2566370614359172,2943.6587902345004
4,10,0.25132741228718347,1.2566370614359172,0.3141592653589793,1.3823007675795091,2260.968592804701
4,11,0.25132741228718347,1.3823007675795091,0.3141592653589793,1.5079644737231008,3394.3814285615545
4,12,0.25132741228718347,1.5079644737231008,0.3141592653589793,1.6336281798666925,3414.540676211118
4,13,0.25132741228718347,1.6336281798666925,0.3141592653589793,1.7592918860102844,2520.496204437363
4,14,0.25132741228718347,1.7592918860102844,0.3141592653589793,1.884955592153876,2991.559705257674
4,15,0.25132741228718347,1.884955592153876,0.3141592653589793,2.0106192982974678,2507.8285690900066
4,16,0.25132741228718347,2.0106192982974678,0.3141592653589793,2.1362830044410597,3208.2262137795483
4,17,0.25132741228718347,2.1362830044410597,0.3141592653589793,2.261946710584651,3729.551622591007
4,18,0.25132741228718347,2.261946710584651,0.3141592653589793,2.387610416728243,1844.480352513167
4,19,0.25132741228718347,2.387610416728243,0.3141592653589793,2.5132741228718345,2340.4704906299
4,20,0.25132741228718347,2.5132741228718345,0.3141592653589793,2.6389378290154264,1829.406320486917
4,21,0.25132741228718347,2.6389378290154264,0.3141592653589793,2.7646015351590183,2995.691442951611
4,22,0.25132741228718347,2.7646015351590183,0.3141592653589793,2.8902652413026098,2789.603999074669
4,23,0.25132741228718347,2.8902652413026098,0.3141592653589793,3.0159289474462017,1598.1198170480122
4,24,0.25132741228718347,3.0159289474462017,0.3141592653589793,3.1415926535897936,1355.0737524801957
4,25,0.25132741228718347,3.1415926535897936,0.3141592653589793,3.267256359733385,1368.0592138040179
4,26,0.25132741228718347,3.267256359733385,0.3141592653589793,3.392920065876977,2700.6581293776017
4,27,0.25132741228718347,3.392920065876977,0.3141592653589793,3.518583772020569,1327.1050665519733
4,28,0.25132741228718347,3.518583772020569,0.3141592653589793,3.6442474781641603,1803.6624163939
4,29,0.25132741228718347,3.6442474781641603,0.3141592653589793,3.769911184307752,2012.3832755043468
4,30,0.25132741228718347,3.769911184307752,0.3141592653589793,3.8955748904513436,2884.6793697462567
4,31,0.25132741228718347,3.8955748904513436,0.3141592653589793,4.0212385965949355,2452.299830631859
4,32,0.25132741228718347,4.0212385965949355,0.3141592653589793,4.1469023027385274,4208.878598799184
4,33,0.25132741228718347,4.1469023027385274,0.3141592653589793,4.272566008882119,4426.634796383201
4,34,0.25132741228718347,4.272566008882119,0.3141592653589793,4.39822971502571,2649.7151657226436
4,35,0.25132741228718347,4.39822971502571,0.3141592653589793,4.523893421169302,1557.4834957724293
4,36,0.25132741228718347,4.523893421169302,0.3141592653589793,4.649557127312894,3101.7545116664287
4,37,0.25132741228718347,4.649557127312894,0.3141592653589793,4.775220833456486,4008.194196522004
4,38,0.25132741228718347,4.775220833456486,0.3141592653589793,4.900884539600078,2938.482767189338
4,39,0.25132741228718347,4.900884539600078,0.3141592653589793,5.026548245743669,3106.6581124460736
4,40,0.25132741228718347,5.026548245743669,0.3141592653589793,5.152211951887261,3582.0349658039904
4,41,0.25132741228718347,5.152211951887261,0.3141592653589793,5.277875658030853,2673.0072694258365
4,42,0.25132741228718347,5.277875658030853,0.3141592653589793,5.403539364174445,1583.409014709142
4,43,0.25132741228718347,5.403539364174445,0.3141592653589793,5.529203070318037,3122.367796425217
4,44,0.25132741228718347,5.529203070318037,0.3141592653589793,5.6548667764616285,2236.6322037502737
4,45,0.25132741228718347,5.6548667764616285,0.3141592653589793,5.7805304826052195,3397.8321105916793
4,46,0.25132741228718347,5.7805304826052195,0.3141592653589793,5.906194188748811,2717.139676442447
4,47,0.25132741228718347,5.906194188748811,0.3141592653589793,6.031857894892403,2047.0717106490906
4,48,0.25132741228718347,6.031857894892403,0.3141592653589793,6.157521601035995,1584.9527408805047
4,49,0.25132741228718347,6.157521601035995,0.3141592653589793,6.283185307179586,921.9677539910552
5,0,0.3141592653589793,0.0,0.3769911184307752,0.12566370614359174,740.8397726186652
5,1,0.3141592653589793,0.12566370614359174,0.3769911184307752,0.25132741228718347,2062.0183686823384
5,2,0.3141592653589793,0.25132741228718347,0.3769911184307752,0.3769911184307752,1297.3577422371081
5,3,0.3141592653589793,0.3769911184307752,0.3769911184307752,0.5026548245743669,2057.9796681905505
5,4,0.3141592653589793,0.5026548245743669,0.3769911184307752,0.6283185307179586,2624.444807538769
5,5,0.3141592653589793,0.6283185307179586,0.3769911184307752,0.7539822368615504,2441.431842660883
5,6,0.3141592653589793,0.7539822368615504,0.3769911184307752,0.8796459430051422,2989.7228297960532
5,7,0.3141592653589793,0.8796459430051422,0.3769911184307752,1.0053096491487339,2992.9762274144414
5,8,0.3141592653589793,1.0053096491487339,0.3769911184307752,1.1309733552923256,2251.6877102966887
5,9,0.3141592653589793,1.1309733552923256,0.3769911184307752,1.2566370614359172,2252.6599900447113
5,10,0.3141592653589793,1.2566370614359172,0.3769911184307752,1.3823007675795091,3556.000992269647
5,11,0.3141592653589793,1.3823007675795091,0.3769911184307752,1.5079644737231008,3563.5922533792195
5,12,0.3141592653589793,1.5079644737231008,0.3769911184307752,1.6336281798666925,2417.872756458788
5,13,0.3141592653589793,1.6336281798666925,0.3769911184307752,1.7592918860102844,2071.367212413327
5,14,0.3141592653589793,1.7592918860102844,0.3769911184307752,1.884955592153876,2251.8746871713083
5,15,0.3141592653589793,1.884955592153876,0.3769911184307752,2.0106192982974678,2847.5456143351425
5,16,0.3141592653589793,2.0106192982974678,0.3769911184307752,2.1362830044410597,2306.359748435521
5,17,0.3141592653589793,2.1362830044410597,0.3769911184307752,2.261946710584651,3051.01384929644
5,18,0.3141592653589793,2.261946710584651,0.3769911184307752,2.387610416728243,1868.7964664502106
5,19,0.3141592653589793,2.387610416728243,0.3769911184307752,2.5132741228718345,2311.632496299808
5,20,0.3141592653589793,2.5132741228718345,0.3769911184307752,2.6389378290154264,2121.3648286866674
5,21,0.3141592653589793,2.6389378290154264,0.3769911184307752,2.7646015351590183,2448.6491500212064
5,22,0.3141592653589793,2.7646015351590183,0.3769911184307752,2.8902652413026098,2283.2494067325188
5,23,0.3141592653589793,2.8902652413026098,0.3769911184307752,3.0159289474462017,1521.2064565319586
5,24,0.3141592653589793,3.0159289474462017,0.3769911184307752,3.1415926535897936,1910.454914115507
5,25,0.3141592653589793,3.1415926535897936,0.3769911184307752,3.267256359733385,2035.7668154857192
5,26,0.3141592653589793,3.267256359733385,0.3769911184307752,3.392920065876977,1504.4533285660227
5,27,0.3141592653589793,3.392920065876977,0.3769911184307752,3.518583772020569,1484.1102446073855
5,28,0.3141592653589793,3.518583772020569,0.3769911184307752,3.6442474781641603,737.175025876118
5,29,0.3141592653589793,3.6442474781641603,0.3769911184307752,3.769911184307752,3096.150066829654
5,30,0.3141592653589793,3.769911184307752,0.3769911184307752,3.8955748904513436,2966.350720468583
5,31,0.3141592653589793,3.8955748904513436,0.3769911184307752,4.0212385965949355,2004.05553755019
5,32,0.3141592653589793,4.0212385965949355,0.3769911184307752,4.1469023027385274,2012.5068922830062
5,33,0.3141592653589793,4.1469023027385274,0.3769911184307752,4.272566008882119,1824.295970290692
5,34,0.3141592653589793,4.272566008882119,0.3769911184307752,4.39822971502571,2022.379271262947
5,35,0.3141592653589793,4.39822971502571,0.3769911184307752,4.523893421169302,3648.629335956308
5,36,0.3141592653589793,4.523893421169302,0.3769911184307752,4.649557127312894,2761.83541500941
5,37,0.3141592653589793,4.649557127312894,0.3769911184307752,4.775220833456486,3107.8548191808554
5,38,0.3141592653589793,4.775220833456486,0.3769911184307752,4.900884539600078,2032.8125808667196
5,39,0.3141592653589793,4.900884539600078,0.3769911184307752,5.026548245743669,2558.516761547833
5,40,0.3141592653589793,5.026548245743669,0.3769911184307752,5.152211951887261,3154.3372702113443
5,41,0.3141592653589793,5.152211951887261,0.3769911184307752,5.277875658030853,2585.7779898673853
5,42,0.3141592653589793,5.277875658030853,0.3769911184307752,5.403539364174445,1668.4694429825317
5,43,0.3141592653589793,5.403539364174445,0.3769911184307752,5.529203070318037,3370.033792772772
5,44,0.3141592653589793,5.529203070318037,0.3769911184307752,5.6548667764616285,2040.815191100448
5,45,0.3141592653589793,5.6548667764616285,0.3769911184307752,5.7805304826052195,2235.757280579092
5,46,0.3141592653589793,5.7805304826052195,0.3769911184307752,5.906194188748811,2409.645773975512
5,47,0.3141592653589793,5.906194188748811,0.3769911184307752,6.031857894892403,1302.742676226157
5,48,0.3141592653589793,6.031857894892403,0.3769911184307752,6.157521601035995,3139.49130636653
5,49,0.3141592653589793,6.157521601035995,0.3769911184307752,6.283185307179586,2045.1530545916426
6,0,0.3769911184307752,0.0,0.4398229715025711,0.12566370614359174,1895.3264435500896
6,1,0.3769911184307752,0.12566370614359174,0.4398229715025711,0.25132741228718347,1270.206490549766
6,2,0.3769911184307752,0.25132741228718347,0.4398229715025711,0.3769911184307752,1912.5500148863907
6,3,0.3769911184307752,0.3769911184307752,0.4398229715025711,0.5026548245743669,2390.121373439064
6,4,0.3769911184307752,0.5026548245743669,0.4398229715025711,0.6283185307179586,1594.4561687068808
6,5,0.3769911184307752,0.6283185307179586,0.4398229715025711,0.7539822368615504,2396.4685784315143
6,6,0.3769911184307752,0.7539822368615504,0.4398229715025711,0.8796459430051422,3034.2829414167404
6,7,0.3769911184307752,0.8796459430051422,0.4398229715025711,1.0053096491487339,1768.5737167159
6,8,0.3769911184307752,1.0053096491487339,0.4398229715025711,1.1309733552923256,3039.450012817634
6,9,0.3769911184307752,1.1309733552923256,0.4398229715025711,1.2566370614359172,1436.126894422805
6,10,0.3769911184307752,1.2566370614359172,0.4398229715025711,1.3823007675795091,2893.464297991235
6,11,0.3769911184307752,1.3823007675795091,0.4398229715025711,1.5079644737231008,1598.8896435508552
6,12,0.3769911184307752,1.5079644737231008,0.4398229715025711,1.6336281798666925,1149.7690732055542
6,13,0.3769911184307752,1.6336281798666925,0.4398229715025711,1.7592918860102844,1612.8279781322667
6,14,0.3769911184307752,1.7592918860102844,0.4398229715025711,1.884955592153876,2106.442774429683
6,15,0.3769911184307752,1.884955592153876,0.4398229715025711,2.0106192982974678,1932.8036589577832
6,16,0.3769911184307752,2.0106192982974678,0.4398229715025711,2.1362830044410597,2265.8564957978924
6,17,0.3769911184307752,2.1362830044410597,0.4398229715025711,2.261946710584651,1286.9835248514255
6,18,0.3769911184307752,2.261946710584651,0.4398229715025711,2.387610416728243,1121.8924040427232
6,19,0.3769911184307752,2.387610416728243,0.4398229715025711,2.5132741228718345,2457.2295106456954
6,20,0.3769911184307752,2.5132741228718345,0.4398229715025711,2.6389378290154264,1501.4169879883752
6,21,0.3769911184307752,2.6389378290154264,0.4398229715025711,2.7646015351590183,2110.397816736534
6,22,0.3769911184307752,2.7646015351590183,0.4398229715025711,2.8902652413026098,1326.7253209348178
6,23,0.3769911184307752,2.8902652413026098,0.4398229715025711,3.0159289474462017,829.1235868280716
6,24,0.3769911184307752,3.0159289474462017,0.4398229715025711,3.1415926535897936,1791.2514189753604
6,25,0.3769911184307752,3.1415926535897936,0.4398229715025711,3.267256359733385,1286.2180327920341
6,26,0.3769911184307752,3.267256359733385,0.4398229715025711,3.392920065876977,2387.5697332410896
6,27,0.3769911184307752,3.392920065876977,0.4398229715025711,3.518583772020569,1578.9868500066814
6,28,0.3769911184307752,3.518583772020569,0.4398229715025711,3.6442474781641603,1261.7541823939912
6,29,0.3769911184307752,3.6442474781641603,0.4398229715025711,3.769911184307752,3432.9767223496447
6,30,0.3769911184307752,3.769911184307752,0.4398229715025711,3.8955748904513436,2658.458235758152
6,31,0.3769911184307752,3.8955748904513436,0.4398229715025711,4.0212385965949355,1882.8234065800302
6,32,0.3769911184307752,4.0212385965949355,0.4398229715025711,4.1469023027385274,1721.942492097984
6,33,0.3769911184307752,4.1469023027385274,0.4398229715025711,4.272566008882119,1399.3513800695512
6,34,0.3769911184307752,4.272566008882119,0.4398229715025711,4.39822971502571,2652.7808363176778
6,35,0.3769911184307752,4.39822971502571,0.4398229715025711,4.523893421169302,1565.239888440115
6,36,0.3769911184307752,4.523893421169302,0.4398229715025711,4.649557127312894,2195.7820768611246
6,37,0.3769911184307752,4.649557127312894,0.4398229715025711,4.775220833456486,1730.8094417859322
6,38,0.3769911184307752,4.775220833456486,0.4398229715025711,4.900884539600078,1404.1676009432208
6,39,0.3769911184307752,4.900884539600078,0.4398229715025711,5.026548245743669,2372.5788470780294
6,40,0.3769911184307752,5.026548245743669,0.4398229715025711,5.152211951887261,3474.18571154687
6,41,0.3769911184307752,5.152211951887261,0.4398229715025711,5.277875658030853,2526.378960010691
6,42,0.3769911184307752,5.277875658030853,0.4398229715025711,5.403539364174445,3340.128914645989
6,43,0.3769911184307752,5.403539364174445,0.4398229715025711,5.529203070318037,2389.323985877195
6,44,0.3769911184307752,5.529203070318037,0.4398229715025711,5.6548667764616285,1747.8416401073862
6,45,0.3769911184307752,5.6548667764616285,0.4398229715025711,5.7805304826052195,1761.2696466492189
6,46,0.3769911184307752,5.7805304826052195,0.4398229715025711,5.906194188748811,2229.112876947116
6,47,0.3769911184307752,5.906194188748811,0.4398229715025711,6.031857894892403,2053.7514043415863
6,48,0.3769911184307752,6.031857894892403,0.4398229715025711,6.157521601035995,802.0443052271087
6,49,0.3769911184307752,6.157521601035995,0.4398229715025711,6.283185307179586,2531.450344904176
7,0,0.4398229715025711,0.0,0.5026548245743669,0.12566370614359174,4026.5339978080265
7,1,0.4398229715025711,0.12566370614359174,0.5026548245743669,0.25132741228718347,1810.7823670552646
7,2,0.4398229715025711,0.25132741228718347,0.5026548245743669,0.3769911184307752,2100.9629060144734
7,3,0.4398229715025711,0.3769911184307752,0.5026548245743669,0.5026548245743669,981.7588888287239
7,4,0.4398229715025711,0.5026548245743669,0.5026548245743669,0.6283185307179586,2514.665487855647
7,5,0.4398229715025711,0.6283185307179586,0.5026548245743669,0.7539822368615504,1678.4991040547243
7,6,0.4398229715025711,0.7539822368615504,0.5026548245743669,0.8796459430051422,2651.3572628903717
7,7,0.4398229715025711,0.8796459430051422,0.5026548245743669,1.0053096491487339,3218.6602165556283
7,8,0.4398229715025711,1.0053096491487339,0.5026548245743669,1.1309733552923256,2080.4549544630304
7,9,0.4398229715025711,1.1309733552923256,0.5026548245743669,1.2566370614359172,3198.905618326482
7,10,0.4398229715025711,1.2566370614359172,0.5026548245743669,1.3823007675795091,2505.597346013167
7,11,0.4398229715025711,1.3823007675795091,0.5026548245743669,1.5079644737231008,1535.1108550440165
7,12,0.4398229715025711,1.5079644737231008,0.5026548245743669,1.6336281798666925,2405.8756877208434
7,13,0.4398229715025711,1.6336281798666925,0.5026548245743669,1.7592918860102844,2082.99403417892
7,14,0.4398229715025711,1.7592918860102844,0.5026548245743669,1.884955592153876,2015.0806272725088
7,15,0.4398229715025711,1.884955592153876,0.5026548245743669,2.0106192982974678,1733.9403281808748
7,16,0.4398229715025711,2.0106192982974678,0.5026548245743669,2.1362830044410597,1999.5671292281477
7,17,0.4398229715025711,2.1362830044410597,0.5026548245743669,2.261946710584651,2900.075467148302
7,18,0.4398229715025711,2.261946710584651,0.5026548245743669,2.387610416728243,3050.048582235383
7,19,0.4398229715025711,2.387610416728243,0.5026548245743669,2.5132741228718345,2620.637188525563
7,20,0.4398229715025711,2.5132741228718345,0.5026548245743669,2.6389378290154264,2047.084192482718
7,21,0.4398229715025711,2.6389378290154264,0.5026548245743669,2.7646015351590183,3897.375755996273
7,22,0.4398229715025711,2.7646015351590183,0.5026548245743669,2.8902652413026098,1560.7248680021494
7,23,0.4398229715025711,2.8902652413026098,0.5026548245743669,3.0159289474462017,2452.0534561802137
7,24,0.4398229715025711,3.0159289474462017,0.5026548245743669,3.1415926535897936,1538.5427979567044
7,25,0.4398229715025711,3.1415926535897936,0.5026548245743669,3.267256359733385,1259.9136766060685
7,26,0.4398229715025711,3.267256359733385,0.5026548245743669,3.392920065876977,1807.8247577158697
7,27,0.4398229715025711,3.392920065876977,0.5026548245743669,3.518583772020569,1806.8760905692723
7,28,0.4398229715025711,3.518583772020569,0.5026548245743669,3.6442474781641603,2062.541886577282
7,29,0.4398229715025711,3.6442474781641603,0.5026548245743669,3.769911184307752,3027.5037865162444
7,30,0.4398229715025711,3.769911184307752,0.5026548245743669,3.8955748904513436,2207.2415284082876
7,31,0.4398229715025711,3.8955748904513436,0.5026548245743669,4.0212385965949355,2602.2776890414034
7,32,0.4398229715025711,4.0212385965949355,0.5026548245743669,4.1469023027385274,2732.942637497747
7,33,0.4398229715025711,4.1469023027385274,0.5026548245743669,4.272566008882119,2753.7854127479904
7,34,0.4398229715025711,4.272566008882119,0.5026548245743669,4.39822971502571,1925.180464144964
7,35,0.4398229715025711,4.39822971502571,0.5026548245743669,4.523893421169302,1923.7853653999537
7,36,0.4398229715025711,4.523893421169302,0.5026548245743669,4.649557127312894,2342.2591849490127
7,37,0.4398229715025711,4.649557127312894,0.5026548245743669,4.775220833456486,4007.393243026671
7,38,0.4398229715025711,4.775220833456486,0.5026548245743669,4.900884539600078,3194.3854983926894
7,39,0.4398229715025711,4.900884539600078,0.5026548245743669,5.026548245743669,2783.3615061419305
7,40,0.4398229715025711,5.026548245743669,0.5026548245743669,5.152211951887261,2643.823729667391
7,41,0.4398229715025711,5.152211951887261,0.5026548245743669,5.277875658030853,3622.0390676838238
7,42,0.4398229715025711,5.277875658030853,0.5026548245743669,5.403539364174445,3890.009634622694
7,43,0.4398229715025711,5.403539364174445,0.5026548245743669,5.529203070318037,3341.931141663488
7,44,0.4398229715025711,5.529203070318037,0.5026548245743669,5.6548667764616285,3064.3901973339443
7,45,0.4398229715025711,5.6548667764616285,0.5026548245743669,5.7805304826052195,2346.8909127824177
7,46,0.4398229715025711,5.7805304826052195,0.5026548245743669,5.906194188748811,2350.3507576699913
7,47,0.4398229715025711,5.906194188748811,0.5026548245743669,6.031857894892403,2095.689432758386
7,48,0.4398229715025711,6.031857894892403,0.5026548245743669,6.157521601035995,1240.5218040506172
7,49,0.4398229715025711,6.157521601035995,0.5026548245743669,6.283185307179586,2648.092731827098
8,0,0.5026548245743669,0.0,0.5654866776461628,0.12566370614359174,2114.4094811257078
8,1,0.5026548245743669,0.12566370614359174,0.5654866776461628,0.25132741228718347,2116.549546506927
8,2,0.5026548245743669,0.25132741228718347,0.5654866776461628,0.3769911184307752,2752.771076758442
8,3,0.5026548245743669,0.3769911184307752,0.5654866776461628,0.5026548245743669,2379.9020108027694
8,4,0.5026548245743669,0.5026548245743669,0.5654866776461628,0.6283185307179586,1622.8663244370791
8,5,0.5026548245743669,0.6283185307179586,0.5654866776461628,0.7539822368615504,2250.8262069378393
8,6,0.5026548245743669,0.7539822368615504,0.5654866776461628,0.8796459430051422,2741.7223671158667
8,7,0.5026548245743669,0.8796459430051422,0.5654866776461628,1.0053096491487339,3235.6544339974866
8,8,0.5026548245743669,1.0053096491487339,0.5654866776461628,1.1309733552923256,2868.6083366372227
8,9,0.5026548245743669,1.1309733552923256,0.5654866776461628,1.2566370614359172,3625.071679935843
8,10,0.5026548245743669,1.2566370614359172,0.5654866776461628,1.3823007675795091,2753.492726712569
8,11,0.5026548245743669,1.3823007675795091,0.5654866776461628,1.5079644737231008,2845.8141518791213
8,12,0.5026548245743669,1.5079644737231008,0.5654866776461628,1.6336281798666925,1475.0027372835418
8,13,0.5026548245743669,1.6336281798666925,0.5654866776461628,1.7592918860102844,2770.6132497623225
8,14,0.5026548245743669,1.7592918860102844,0.5654866776461628,1.884955592153876,3237.197271830458
8,15,0.5026548245743669,1.884955592153876,0.5654866776461628,2.0106192982974678,2330.4565467041357
8,16,0.5026548245743669,2.0106192982974678,0.5654866776461628,2.1362830044410597,2755.4337162443726
8,17,0.5026548245743669,2.1362830044410597,0.5654866776461628,2.261946710584651,2545.309157186073
8,18,0.5026548245743669,2.261946710584651,0.5654866776461628,2.387610416728243,2312.7885650684852
8,19,0.5026548245743669,2.387610416728243,0.5654866776461628,2.5132741228718345,3247.1759487824293
8,20,0.5026548245743669,2.5132741228718345,0.5654866776461628,2.6389378290154264,1529.4997510610967
8,21,0.5026548245743669,2.6389378290154264,0.5654866776461628,2.7646015351590183,2079.3472471473583
8,22,0.5026548245743669,2.7646015351590183,0.5654866776461628,2.8902652413026098,1038.2552081465958
8,23,0.5026548245743669,2.8902652413026098,0.5654866776461628,3.0159289474462017,2668.935259673237
8,24,0.5026548245743669,3.0159289474462017,0.5654866776461628,3.1415926535897936,2425.141997582491
8,25,0.5026548245743669,3.1415926535897936,0.5654866776461628,3.267256359733385,2767.8261878705134
8,26,0.5026548245743669,3.267256359733385,0.5654866776461628,3.392920065876977,2890.18318181765
8,27,0.5026548245743669,3.392920065876977,0.5654866776461628,3.518583772020569,3222.4407744925124
8,28,0.5026548245743669,3.518583772020569,0.5654866776461628,3.6442474781641603,2487.975312554341
8,29,0.5026548245743669,3.6442474781641603,0.5654866776461628,3.769911184307752,1714.117716913014
8,30,0.5026548245743669,3.769911184307752,0.5654866776461628,3.8955748904513436,3190.8125989165997
8,31,0.5026548245743669,3.8955748904513436,0.5654866776461628,4.0212385965949355,2340.385454693741
8,32,0.5026548245743669,4.0212385965949355,0.5654866776461628,4.1469023027385274,3199.870550065003
8,33,0.5026548245743669,4.1469023027385274,0.5654866776461628,4.272566008882119,2703.599341952751
8,34,0.5026548245743669,4.272566008882119,0.5654866776461628,4.39822971502571,1833.6129955248223
8,35,0.5026548245743669,4.39822971502571,0.5654866776461628,4.523893421169302,2083.4531865415574
8,36,0.5026548245743669,4.523893421169302,0.5654866776461628,4.649557127312894,2563.8232111817274
8,37,0.5026548245743669,4.649557127312894,0.5654866776461628,4.775220833456486,3346.7387579714623
8,38,0.5026548245743669,4.775220833456486,0.5654866776461628,4.900884539600078,2959.2625015649096
8,39,0.5026548245743669,4.900884539600078,0.5654866776461628,5.026548245743669,3578.8363139090593
8,40,0.5026548245743669,5.026548245743669,0.5654866776461628,5.152211951887261,2373.456930177931
8,41,0.5026548245743669,5.152211951887261,0.5654866776461628,5.277875658030853,2133.495878188439
8,42,0.5026548245743669,5.277875658030853,0.5654866776461628,5.403539364174445,2770.8372100929164
8,43,0.5026548245743669,5.403539364174445,0.5654866776461628,5.529203070318037,1764.1106395975412
8,44,0.5026548245743669,5.529203070318037,0.5654866776461628,5.6548667764616285,3000.570740318676
8,45,0.5026548245743669,5.6548667764616285,0.5654866776461628,5.7805304826052195,2611.253032305046
8,46,0.5026548245743669,5.7805304826052195,0.5654866776461628,5.906194188748811,2870.7981709807927
8,47,0.5026548245743669,5.906194188748811,0.5654866776461628,6.031857894892403,2107.1929815843846
8,48,0.5026548245743669,6.031857894892403,0.5654866776461628,6.157521601035995,2714.697820557679
8,49,0.5026548245743669,6.157521601035995,0.5654866776461628,6.283185307179586,1978.7392897488955
9,0,0.5654866776461628,0.0,0.6283185307179586,0.12566370614359174,2137.5374020867393
9,1,0.5654866776461628,0.12566370614359174,0.6283185307179586,0.25132741228718347,2375.6550437113056
9,2,0.5654866776461628,0.25132741228718347,0.6283185307179586,0.3769911184307752,3179.589420928149
9,3,0.5654866776461628,0.3769911184307752,0.6283185307179586,0.5026548245743669,2152.99724518294
9,4,0.5654866776461628,0.5026548245743669,0.6283185307179586,0.6283185307179586,1815.5399703687951
9,5,0.5654866776461628,0.6283185307179586,0.6283185307179586,0.7539822368615504,3511.006990276138
9,6,0.5654866776461628,0.7539822368615504,0.6283185307179586,0.8796459430051422,2830.2780973259532
9,7,0.5654866776461628,0.8796459430051422,0.6283185307179586,1.0053096491487339,2481.8907585152256
9,8,0.5654866776461628,1.0053096491487339,0.6283185307179586,1.1309733552923256,3283.5489780750468
9,9,0.5654866776461628,1.1309733552923256,0.6283185307179586,1.2566370614359172,2138.5515317359077
9,10,0.5654866776461628,1.2566370614359172,0.6283185307179586,1.3823007675795091,2605.907546501212
9,11,0.5654866776461628,1.3823007675795091,0.6283185307179586,1.5079644737231008,2269.0812856909984
9,12,0.5654866776461628,1.5079644737231008,0.6283185307179586,1.6336281798666925,2910.754919041014
9,13,0.5654866776461628,1.6336281798666925,0.6283185307179586,1.7592918860102844,2131.8357398369717
9,14,0.5654866776461628,1.7592918860102844,0.6283185307179586,1.884955592153876,2278.8620027518596
9,15,0.5654866776461628,1.884955592153876,0.6283185307179586,2.0106192982974678,3143.734303776464
9,16,0.5654866776461628,2.0106192982974678,0.6283185307179586,2.1362830044410597,2966.194006528842
9,17,0.5654866776461628,2.1362830044410597,0.6283185307179586,2.261946710584651,2549.2289672199618
9,18,0.5654866776461628,2.261946710584651,0.6283185307179586,2.387610416728243,2330.740368360388
9,19,0.5654866776461628,2.387610416728243,0.6283185307179586,2.5132741228718345,3501.5643164316734
9,20,0.5654866776461628,2.5132741228718345,0.6283185307179586,2.6389378290154264,2463.0504832551283
9,21,0.5654866776461628,2.6389378290154264,0.6283185307179586,2.7646015351590183,3049.3301015461643
9,22,0.5654866776461628,2.7646015351590183,0.6283185307179586,2.8902652413026098,2917.921435228472
9,23,0.5654866776461628,2.8902652413026098,0.6283185307179586,3.0159289474462017,2321.5455928746014
9,24,0.5654866776461628,3.0159289474462017,0.6283185307179586,3.1415926535897936,2313.9283523986314
9,25,0.5654866776461628,3.1415926535897936,0.6283185307179586,3.267256359733385,1816.1935205871503
9,26,0.5654866776461628,3.267256359733385,0.6283185307179586,3.392920065876977,1712.8875136585987
9,27,0.5654866776461628,3.392920065876977,0.6283185307179586,3.518583772020569,2018.6814072042864
9,28,0.5654866776461628,3.518583772020569,0.6283185307179586,3.6442474781641603,1900.366281468066
9,29,0.5654866776461628,3.6442474781641603,0.6283185307179586,3.769911184307752,2912.9860042691794
9,30,0.5654866776461628,3.769911184307752,0.6283185307179586,3.8955748904513436,3690.868517609637
9,31,0.5654866776461628,3.8955748904513436,0.6283185307179586,4.0212385965949355,2335.1123939590216
9,32,0.5654866776461628,4.0212385965949355,0.6283185307179586,4.1469023027385274,1889.18831911279
9,33,0.5654866776461628,4.1469023027385274,0.6283185307179586,4.272566008882119,2884.274867090522
9,34,0.5654866776461628,4.272566008882119,0.6283185307179586,4.39822971502571,2006.6696049152704
9,35,0.5654866776461628,4.39822971502571,0.6283185307179586,4.523893421169302,2222.882046117801
9,36,0.5654866776461628,4.523893421169302,0.6283185307179586,4.649557127312894,2567.821344121361
9,37,0.5654866776461628,4.649557127312894,0.6283185307179586,4.775220833456486,3027.740408126107
9,38,0.5654866776461628,4.775220833456486,0.6283185307179586,4.900884539600078,3019.627370932766
9,39,0.5654866776461628,4.900884539600078,0.6283185307179586,5.026548245743669,3034.140693023098
9,40,0.5654866776461628,5.026548245743669,0.6283185307179586,5.152211951887261,2389.9430036573544
9,41,0.5654866776461628,5.152211951887261,0.6283185307179586,5.277875658030853,2828.880852031543
9,42,0.5654866776461628,5.277875658030853,0.6283185307179586,5.403539364174445,3158.856103656273
9,43,0.5654866776461628,5.403539364174445,0.6283185307179586,5.529203070318037,2052.1251494123944
9,44,0.5654866776461628,5.529203070318037,0.6283185307179586,5.6548667764616285,2493.1137932993443
9,45,0.5654866776461628,5.6548667764616285,0.6283185307179586,5.7805304826052195,2834.1092537783825
9,46,0.5654866776461628,5.7805304826052195,0.6283185307179586,5.906194188748811,2143.8926145548544
9,47,0.5654866776461628,5.906194188748811,0.6283185307179586,6.031857894892403,2478.2849642070696
9,48,0.5654866776461628,6.031857894892403,0.6283185307179586,6.157521601035995,2359.0007812505273
9,49,0.5654866776461628,6.157521601035995,0.6283185307179586,6.283185307179586,2025.0591558868448
10,0,0.6283185307179586,0.0,0.6911503837897546,0.12566370614359174,2883.916590167471
10,1,0.6283185307179586,0.12566370614359174,0.6911503837897546,0.25132741228718347,2268.625662141071
10,2,0.6283185307179586,0.25132741228718347,0.6911503837897546,0.3769911184307752,2902.930652637133
10,3,0.6283185307179586,0.3769911184307752,0.6911503837897546,0.5026548245743669,2295.452024190659
10,4,0.6283185307179586,0.5026548245743669,0.6911503837897546,0.6283185307179586,3441.0906229061693
10,5,0.6283185307179586,0.6283185307179586,0.6911503837897546,0.7539822368615504,1976.2637842108202
10,6,0.6283185307179586,0.7539822368615504,0.6911503837897546,0.8796459430051422,2176.779473428923
10,7,0.6283185307179586,0.8796459430051422,0.6911503837897546,1.0053096491487339,2691.3372052845316
10,8,0.6283185307179586,1.0053096491487339,0.6911503837897546,1.1309733552923256,2485.9439956937767
10,9,0.6283185307179586,1.1309733552923256,0.6911503837897546,1.2566370614359172,2076.3769566054307
10,10,0.6283185307179586,1.2566370614359172,0.6911503837897546,1.3823007675795091,2279.889427408421
10,11,0.6283185307179586,1.3823007675795091,0.6911503837897546,1.5079644737231008,2166.5904160402915
10,12,0.6283185307179586,1.5079644737231008,0.6911503837897546,1.6336281798666925,2772.2709755358287
10,13,0.6283185307179586,1.6336281798666925,0.6911503837897546,1.7592918860102844,2458.5182773272063
10,14,0.6283185307179586,1.7592918860102844,0.6911503837897546,1.884955592153876,2851.7786911019016
10,15,0.6283185307179586,1.884955592153876,0.6911503837897546,2.0106192982974678,3035.0990542604845
10,16,0.6283185307179586,2.0106192982974678,0.6911503837897546,2.1362830044410597,2815.011281174149
10,17,0.6283185307179586,2.1362830044410597,0.6911503837897546,2.261946710584651,1788.995936343868
10,18,0.6283185307179586,2.261946710584651,0.6911503837897546,2.387610416728243,2022.3728856997484
10,19,0.6283185307179586,2.387610416728243,0.6911503837897546,2.5132741228718345,2060.897029660025
10,20,0.6283185307179586,2.5132741228718345,0.6911503837897546,2.6389378290154264,1617.125345585488
10,21,0.6283185307179586,2.6389378290154264,0.6911503837897546,2.7646015351590183,3191.779062502331
10,22,0.6283185307179586,2.7646015351590183,0.6911503837897546,2.8902652413026098,2775.1024174470776
10,23,0.6283185307179586,2.8902652413026098,0.6911503837897546,3.0159289474462017,2454.0541061386784
10,24,0.6283185307179586,3.0159289474462017,0.6911503837897546,3.1415926535897936,3061.8220790140376
10,25,0.6283185307179586,3.1415926535897936,0.6911503837897546,3.267256359733385,1977.2144873343084
10,26,0.6283185307179586,3.267256359733385,0.6911503837897546,3.392920065876977,1247.3638329281941
10,27,0.6283185307179586,3.392920065876977,0.6911503837897546,3.518583772020569,2068.1306403821714
10,28,0.6283185307179586,3.518583772020569,0.6911503837897546,3.6442474781641603,3489.2044679381
10,29,0.6283185307179586,3.6442474781641603,0.6911503837897546,3.769911184307752,2878.088366671331
10,30,0.6283185307179586,3.769911184307752,0.6911503837897546,3.8955748904513436,2576.281459883878
10,31,0.6283185307179586,3.8955748904513436,0.6911503837897546,4.0212385965949355,2652.647721650608
10,32,0.6283185307179586,4.0212385965949355,0.6911503837897546,4.1469023027385274,2364.9153545825366
10,33,0.6283185307179586,4.1469023027385274,0.6911503837897546,4.272566008882119,2350.6134728118786
10,34,0.6283185307179586,4.272566008882119,0.6911503837897546,4.39822971502571,2159.811489420684
10,35,0.6283185307179586,4.39822971502571,0.6911503837897546,4.523893421169302,2877.3650055991156
10,36,0.6283185307179586,4.523893421169302,0.6911503837897546,4.649557127312894,2568.8411745696553
10,37,0.6283185307179586,4.649557127312894,0.6911503837897546,4.775220833456486,3395.601545193418
10,38,0.6283185307179586,4.775220833456486,0.6911503837897546,4.900884539600078,1853.2303995565865
10,39,0.6283185307179586,4.900884539600078,0.6911503837897546,5.026548245743669,1757.7467380241692
10,40,0.6283185307179586,5.026548245743669,0.6911503837897546,5.152211951887261,2284.1469240048905
10,41,0.6283185307179586,5.152211951887261,0.6911503837897546,5.277875658030853,3313.634401981814
10,42,0.6283185307179586,5.277875658030853,0.6911503837897546,5.403539364174445,2077.6996739946217
10,43,0.6283185307179586,5.403539364174445,0.6911503837897546,5.529203070318037,1773.5986792352776
10,44,0.6283185307179586,5.529203070318037,0.6911503837897546,5.6548667764616285,2893.216946810237
10,45,0.6283185307179586,5.6548667764616285,0.6911503837897546,5.7805304826052195,3384.6477918141813
10,46,0.6283185307179586,5.7805304826052195,0.6911503837897546,5.906194188748811,2879.5350888157627
10,47,0.6283185307179586,5.906194188748811,0.6911503837897546,6.031857894892403,2360.533853230834
10,48,0.6283185307179586,6.031857894892403,0.6911503837897546,6.157521601035995,2548.711069302862
10,49,0.6283185307179586,6.157521601035995,0.6911503837897546,6.283185307179586,2778.161201409599
11,0,0.6911503837897546,0.0,0.7539822368615504,0.12566370614359174,3260.2451620778743
11,1,0.6911503837897546,0.12566370614359174,0.7539822368615504,0.25132741228718347,2600.978638051716
11,2,0.6911503837897546,0.25132741228718347,0.7539822368615504,0.3769911184307752,2037.4856226585634
11,3,0.6911503837897546,0.3769911184307752,0.7539822368615504,0.5026548245743669,2901.305206423096
11,4,0.6911503837897546,0.5026548245743669,0.7539822368615504,0.6283185307179586,2320.956053510535
11,5,0.6911503837897546,0.6283185307179586,0.7539822368615504,0.7539822368615504,2505.645687558421
11,6,0.6911503837897546,0.7539822368615504,0.7539822368615504,0.8796459430051422,3085.55428233127
11,7,0.6911503837897546,0.8796459430051422,0.7539822368615504,1.0053096491487339,3368.8331661659754
11,8,0.6911503837897546,1.0053096491487339,0.7539822368615504,1.1309733552923256,2794.4985895955674
11,9,0.6911503837897546,1.1309733552923256,0.7539822368615504,1.2566370614359172,3827.0710955714544
11,10,0.6911503837897546,1.2566370614359172,0.7539822368615504,1.3823007675795091,2495.110601608788
11,11,0.6911503837897546,1.3823007675795091,0.7539822368615504,1.5079644737231008,1995.3644335617685
11,12,0.6911503837897546,1.5079644737231008,0.7539822368615504,1.6336281798666925,2628.3123974155756
11,13,0.6911503837897546,1.6336281798666925,0.7539822368615504,1.7592918860102844,1786.4632565314537
11,14,0.6911503837897546,1.7592918860102844,0.7539822368615504,1.884955592153876,2951.2415138243437
11,15,0.6911503837897546,1.884955592153876,0.7539822368615504,2.0106192982974678,2900.3666260384916
11,16,0.6911503837897546,2.0106192982974678,0.7539822368615504,2.1362830044410597,3492.53422991636
11,17,0.6911503837897546,2.1362830044410597,0.7539822368615504,2.261946710584651,1816.6319117508563
11,18,0.6911503837897546,2.261946710584651,0.7539822368615504,2.387610416728243,2173.733016039874
11,19,0.6911503837897546,2.387610416728243,0.7539822368615504,2.5132741228718345,2169.4615175548493
11,20,0.6911503837897546,2.5132741228718345,0.7539822368615504,2.6389378290154264,2477.315883704776
11,21,0.6911503837897546,2.6389378290154264,0.7539822368615504,2.7646015351590183,1800.8101281246775
11,22,0.6911503837897546,2.7646015351590183,0.7539822368615504,2.8902652413026098,2477.200955494425
11,23,0.6911503837897546,2.8902652413026098,0.7539822368615504,3.0159289474462017,2374.627527748468
11,24,0.6911503837897546,3.0159289474462017,0.7539822368615504,3.1415926535897936,2250.619988770451
11,25,0.6911503837897546,3.1415926535897936,0.7539822368615504,3.267256359733385,1338.0899985151784
11,26,0.6911503837897546,3.267256359733385,0.7539822368615504,3.392920065876977,2314.9989412735576
11,27,0.6911503837897546,3.392920065876977,0.7539822368615504,3.518583772020569,3631.0035686979627
11,28,0.6911503837897546,3.518583772020569,0.7539822368615504,3.6442474781641603,2957.5242559906756
11,29,0.6911503837897546,3.6442474781641603,0.7539822368615504,3.769911184307752,2098.7423587802305
11,30,0.6911503837897546,3.769911184307752,0.7539822368615504,3.8955748904513436,2285.7688664387715
11,31,0.6911503837897546,3.8955748904513436,0.7539822368615504,4.0212385965949355,3031.7678798829716
11,32,0.6911503837897546,4.0212385965949355,0.7539822368615504,4.1469023027385274,2658.6342902487813
11,33,0.6911503837897546,4.1469023027385274,0.7539822368615504,4.272566008882119,2273.4715479302863
11,34,0.6911503837897546,4.272566008882119,0.7539822368615504,4.39822971502571,2571.327159778952
11,35,0.6911503837897546,4.39822971502571,0.7539822368615504,4.523893421169302,2570.8674469374955
11,36,0.6911503837897546,4.523893421169302,0.7539822368615504,4.649557127312894,2483.9625652039067
11,37,0.6911503837897546,4.649557127312894,0.7539822368615504,4.775220833456486,2753.143588567832
11,38,0.6911503837897546,4.775220833456486,0.7539822368615504,4.900884539600078,2198.308498355104
11,39,0.6911503837897546,4.900884539600078,0.7539822368615504,5.026548245743669,2302.4334569409243
11,40,0.6911503837897546,5.026548245743669,0.7539822368615504,5.152211951887261,3448.478415945179
11,41,0.6911503837897546,5.152211951887261,0.7539822368615504,5.277875658030853,2302.5866945547214
11,42,0.6911503837897546,5.277875658030853,0.7539822368615504,5.403539364174445,2790.1121629001736
11,43,0.6911503837897546,5.403539364174445,0.7539822368615504,5.529203070318037,2702.766723026872
11,44,0.6911503837897546,5.529203070318037,0.7539822368615504,5.6548667764616285,2284.926059562795
11,45,0.6911503837897546,5.6548667764616285,0.7539822368615504,5.7805304826052195,2603.0856552416585
11,46,0.6911503837897546,5.7805304826052195,0.7539822368615504,5.906194188748811,2278.068676344672
11,47,0.6911503837897546,5.906194188748811,0.7539822368615504,6.031857894892403,2653.6732225015935
11,48,0.6911503837897546,6.031857894892403,0.7539822368615504,6.157521601035995,2282.723268864236
11,49,0.6911503837897546,6.157521601035995,0.7539822368615504,6.283185307179586,2845.143620960718
12,0,0.7539822368615504,0.0,0.8168140899333463,0.12566370614359174,2322.858848310095
12,1,0.7539822368615504,0.12566370614359174,0.8168140899333463,0.25132741228718347,3067.3717795007497
12,2,0.7539822368615504,0.25132741228718347,0.8168140899333463,0.3769911184307752,2978.141295615749
12,3,0.7539822368615504,0.3769911184307752,0.8168140899333463,0.5026548245743669,2268.4355979502
12,4,0.7539822368615504,0.5026548245743669,0.8168140899333463,0.6283185307179586,2354.7639861938915
12,5,0.7539822368615504,0.6283185307179586,0.8168140899333463,0.7539822368615504,1896.0358189898682
12,6,0.7539822368615504,0.7539822368615504,0.8168140899333463,0.8796459430051422,1344.7988746764022
12,7,0.7539822368615504,0.8796459430051422,0.8168140899333463,1.0053096491487339,2154.841842014687
12,8,0.7539822368615504,1.0053096491487339,0.8168140899333463,1.1309733552923256,2333.625264855946
12,9,0.7539822368615504,1.1309733552923256,0.8168140899333463,1.2566370614359172,3505.695706362465
12,10,0.7539822368615504,1.2566370614359172,0.8168140899333463,1.3823007675795091,3102.393983073355
12,11,0.7539822368615504,1.3823007675795091,0.8168140899333463,1.5079644737231008,2555.044413785602
12,12,0.7539822368615504,1.5079644737231008,0.8168140899333463,1.6336281798666925,1852.7014402470834
12,13,0.7539822368615504,1.6336281798666925,0.8168140899333463,1.7592918860102844,1564.4624348847701
12,14,0.7539822368615504,1.7592918860102844,0.8168140899333463,1.884955592153876,2787.498691820489
12,15,0.7539822368615504,1.884955592153876,0.8168140899333463,2.0106192982974678,2994.7477317854723
12,16,0.7539822368615504,2.0106192982974678,0.8168140899333463,2.1362830044410597,2753.282625926015
12,17,0.7539822368615504,2.1362830044410597,0.8168140899333463,2.261946710584651,2003.3417010358794
12,18,0.7539822368615504,2.261946710584651,0.8168140899333463,2.387610416728243,1617.201753205879
12,19,0.7539822368615504,2.387610416728243,0.8168140899333463,2.5132741228718345,2481.0051465909246
12,20,0.7539822368615504,2.5132741228718345,0.8168140899333463,2.6389378290154264,2667.724547019217
12,21,0.7539822368615504,2.6389378290154264,0.8168140899333463,2.7646015351590183,3324.189329586145
12,22,0.7539822368615504,2.7646015351590183,0.8168140899333463,2.8902652413026098,2655.2383700933387
12,23,0.7539822368615504,2.8902652413026098,0.8168140899333463,3.0159289474462017,2329.2542072233505
12,24,0.7539822368615504,3.0159289474462017,0.8168140899333463,3.1415926535897936,2394.049762375338
12,25,0.7539822368615504,3.1415926535897936,0.8168140899333463,3.267256359733385,2631.6274932090923
12,26,0.7539822368615504,3.267256359733385,0.8168140899333463,3.392920065876977,2435.6643807380874
12,27,0.7539822368615504,3.392920065876977,0.8168140899333463,3.518583772020569,2592.5746012457616
12,28,0.7539822368615504,3.518583772020569,0.8168140899333463,3.6442474781641603,2404.887835603698
12,29,0.7539822368615504,3.6442474781641603,0.8168140899333463,3.769911184307752,2592.395459539509
12,30,0.7539822368615504,3.769911184307752,0.8168140899333463,3.8955748904513436,1863.3245434279338
12,31,0.7539822368615504,3.8955748904513436,0.8168140899333463,4.0212385965949355,2039.9403516235166
12,32,0.7539822368615504,4.0212385965949355,0.8168140899333463,4.1469023027385274,2227.46588972996
12,33,0.7539822368615504,4.1469023027385274,0.8168140899333463,4.272566008882119,2941.8651000993564
12,34,0.7539822368615504,4.272566008882119,0.8168140899333463,4.39822971502571,2319.1864433319056
12,35,0.7539822368615504,4.39822971502571,0.8168140899333463,4.523893421169302,2853.4944964043734
12,36,0.7539822368615504,4.523893421169302,0.8168140899333463,4.649557127312894,3036.828118584478
12,37,0.7539822368615504,4.649557127312894,0.8168140899333463,4.775220833456486,2769.6740920482366
12,38,0.7539822368615504,4.775220833456486,0.8168140899333463,4.900884539600078,2506.353698025825
12,39,0.7539822368615504,4.900884539600078,0.8168140899333463,5.026548245743669,2508.790025230894
12,40,0.7539822368615504,5.026548245743669,0.8168140899333463,5.152211951887261,2145.974327555122
12,41,0.7539822368615504,5.152211951887261,0.8168140899333463,5.277875658030853,2246.311597227857
12,42,0.7539822368615504,5.277875658030853,0.8168140899333463,5.403539364174445,2074.425130077368
12,43,0.7539822368615504,5.403539364174445,0.8168140899333463,5.529203070318037,1791.4528908789182
12,44,0.7539822368615504,5.529203070318037,0.8168140899333463,5.6548667764616285,1796.182231924018
12,45,0.7539822368615504,5.6548667764616285,0.8168140899333463,5.7805304826052195,2062.816747512139
12,46,0.7539822368615504,5.7805304826052195,0.8168140899333463,5.906194188748811,3029.429566116198
12,47,0.7539822368615504,5.906194188748811,0.8168140899333463,6.031857894892403,2851.273139246828
12,48,0.7539822368615504,6.031857894892403,0.8168140899333463,6.157521601035995,3202.3550551629587
12,49,0.7539822368615504,6.157521601035995,0.8168140899333463,6.283185307179586,2690.2068311540847
13,0,0.8168140899333463,0.0,0.8796459430051422,0.12566370614359174,2643.952144945589
13,1,0.8168140899333463,0.12566370614359174,0.8796459430051422,0.25132741228718347,2459.662773320899
13,2,0.8168140899333463,0.25132741228718347,0.8796459430051422,0.3769911184307752,2556.0039137148196
13,3,0.8168140899333463,0.3769911184307752,0.8796459430051422,0.5026548245743669,1963.0119514128864
13,4,0.8168140899333463,0.5026548245743669,0.8796459430051422,0.6283185307179586,1956.645499190537
13,5,0.8168140899333463,0.6283185307179586,0.8796459430051422,0.7539822368615504,2640.6760395579577
13,6,0.8168140899333463,0.7539822368615504,0.8796459430051422,0.8796459430051422,2378.9422385123175
13,7,0.8168140899333463,0.8796459430051422,0.8796459430051422,1.0053096491487339,2040.8954465043441
13,8,0.8168140899333463,1.0053096491487339,0.8796459430051422,1.1309733552923256,1439.3248164863537
13,9,0.8168140899333463,1.1309733552923256,0.8796459430051422,1.2566370614359172,4478.385403464641
13,10,0.8168140899333463,1.2566370614359172,0.8796459430051422,1.3823007675795091,2183.91264510138
13,11,0.8168140899333463,1.3823007675795091,0.8796459430051422,1.5079644737231008,2097.450482293869
13,12,0.8168140899333463,1.5079644737231008,0.8796459430051422,1.6336281798666925,2480.99123262283
13,13,0.8168140899333463,1.6336281798666925,0.8796459430051422,1.7592918860102844,2398.193579449926
13,14,0.8168140899333463,1.7592918860102844,0.8796459430051422,1.884955592153876,3525.9675284292803
13,15,0.8168140899333463,1.884955592153876,0.8796459430051422,2.0106192982974678,2310.903946724922
13,16,0.8168140899333463,2.0106192982974678,0.8796459430051422,2.1362830044410597,2653.9662196613763
13,17,0.8168140899333463,2.1362830044410597,0.8796459430051422,2.261946710584651,2111.6694551618275
13,18,0.8168140899333463,2.261946710584651,0.8796459430051422,2.387610416728243,1702.2576045552983
13,19,0.8168140899333463,2.387610416728243,0.8796459430051422,2.5132741228718345,2252.93039107684
13,20,0.8168140899333463,2.5132741228718345,0.8796459430051422,2.6389378290154264,1806.0628613478357
13,21,0.8168140899333463,2.6389378290154264,0.8796459430051422,2.7646015351590183,3042.117159530659
13,22,0.8168140899333463,2.7646015351590183,0.8796459430051422,2.8902652413026098,2181.4977839136
13,23,0.8168140899333463,2.8902652413026098,0.8796459430051422,3.0159289474462017,3546.1814364137686
13,24,0.8168140899333463,3.0159289474462017,0.8796459430051422,3.1415926535897936,1791.573694221107
13,25,0.8168140899333463,3.1415926535897936,0.8796459430051422,3.267256359733385,3153.5216298512146
13,26,0.8168140899333463,3.267256359733385,0.8796459430051422,3.392920065876977,2289.136421752478
13,27,0.8168140899333463,3.392920065876977,0.8796459430051422,3.518583772020569,2020.4113442610742
13,28,0.8168140899333463,3.518583772020569,0.8796459430051422,3.6442474781641603,2346.265620341904
13,29,0.8168140899333463,3.6442474781641603,0.8796459430051422,3.769911184307752,2097.0620780468766
13,30,0.8168140899333463,3.769911184307752,0.8796459430051422,3.8955748904513436,1761.0586301208825
13,31,0.8168140899333463,3.8955748904513436,0.8796459430051422,4.0212385965949355,1848.1625042929784
13,32,0.8168140899333463,4.0212385965949355,0.8796459430051422,4.1469023027385274,2266.6934111331066
13,33,0.8168140899333463,4.1469023027385274,0.8796459430051422,4.272566008882119,2518.9535259805007
13,34,0.8168140899333463,4.272566008882119,0.8796459430051422,4.39822971502571,2525.0835582264426
13,35,0.8168140899333463,4.39822971502571,0.8796459430051422,4.523893421169302,2528.933826413947
13,36,0.8168140899333463,4.523893421169302,0.8796459430051422,4.649557127312894,2109.8456439150996
13,37,0.8168140899333463,4.649557127312894,0.8796459430051422,4.775220833456486,2192.0015857234116
13,38,0.8168140899333463,4.775220833456486,0.8796459430051422,4.900884539600078,2274.3939475081506
13,39,0.8168140899333463,4.900884539600078,0.8796459430051422,5.026548245743669,2525.607059602816
13,40,0.8168140899333463,5.026548245743669,0.8796459430051422,5.152211951887261,1441.4863705565383
13,41,0.8168140899333463,5.152211951887261,0.8796459430051422,5.277875658030853,2701.26710208791
13,42,0.8168140899333463,5.277875658030853,0.8796459430051422,5.403539364174445,1849.6823469985807
13,43,0.8168140899333463,5.403539364174445,0.8796459430051422,5.529203070318037,1923.8506710319027
13,44,0.8168140899333463,5.529203070318037,0.8796459430051422,5.6548667764616285,1586.5975746590739
13,45,0.8168140899333463,5.6548667764616285,0.8796459430051422,5.7805304826052195,2023.906982483973
13,46,0.8168140899333463,5.7805304826052195,0.8796459430051422,5.906194188748811,2346.4513788948057
13,47,0.8168140899333463,5.906194188748811,0.8796459430051422,6.031857894892403,2337.5011940729337
13,48,0.8168140899333463,6.031857894892403,0.8796459430051422,6.157521601035995,2343.3610320600837
13,49,0.8168140899333463,6.157521601035995,0.8796459430051422,6.283185307179586,2950.538192947644
14,0,0.8796459430051422,0.0,0.942477796076938,0.12566370614359174,2169.615353058021
14,1,0.8796459430051422,0.12566370614359174,0.942477796076938,0.25132741228718347,1527.7050826806174
14,2,0.8796459430051422,0.25132741228718347,0.942477796076938,0.3769911184307752,2913.0199398051273
14,3,0.8796459430051422,0.3769911184307752,0.942477796076938,0.5026548245743669,2830.4746491736933
14,4,0.8796459430051422,0.5026548245743669,0.942477796076938,0.6283185307179586,1941.6659478359666
14,5,0.8796459430051422,0.6283185307179586,0.942477796076938,0.7539822368615504,2255.222626697922
14,6,0.8796459430051422,0.7539822368615504,0.942477796076938,0.8796459430051422,1688.4992689368376
14,7,0.8796459430051422,0.8796459430051422,0.942477796076938,1.0053096491487339,2580.321859309081
14,8,0.8796459430051422,1.0053096491487339,0.942477796076938,1.1309733552923256,2251.375108781523
14,9,0.8796459430051422,1.1309733552923256,0.942477796076938,1.2566370614359172,2251.054482288491
14,10,0.8796459430051422,1.2566370614359172,0.942477796076938,1.3823007675795091,2479.981798314291
14,11,0.8796459430051422,1.3823007675795091,0.942477796076938,1.5079644737231008,2538.7846971366102
14,12,0.8796459430051422,1.5079644737231008,0.942477796076938,1.6336281798666925,2445.225886469481
14,13,0.8796459430051422,1.6336281798666925,0.942477796076938,1.7592918860102844,3325.0570460022677
14,14,0.8796459430051422,1.7592918860102844,0.942477796076938,1.884955592153876,2965.185870221651
14,15,0.8796459430051422,1.884955592153876,0.942477796076938,2.0106192982974678,2102.5563220400973
14,16,0.8796459430051422,2.0106192982974678,0.942477796076938,2.1362830044410597,2867.458915145084
14,17,0.8796459430051422,2.1362830044410597,0.942477796076938,2.261946710584651,1931.790651850543
14,18,0.8796459430051422,2.261946710584651,0.942477796076938,2.387610416728243,1778.1143737396553
14,19,0.8796459430051422,2.387610416728243,0.942477796076938,2.5132741228718345,1887.9129162789293
14,20,0.8796459430051422,2.5132741228718345,0.942477796076938,2.6389378290154264,2302.83566091337
14,21,0.8796459430051422,2.6389378290154264,0.942477796076938,2.7646015351590183,2630.5319681180968
14,22,0.8796459430051422,2.7646015351590183,0.942477796076938,2.8902652413026098,2300.334774267718
14,23,0.8796459430051422,2.8902652413026098,0.942477796076938,3.0159289474462017,2207.0324647950074
14,24,0.8796459430051422,3.0159289474462017,0.942477796076938,3.1415926535897936,2856.172862590312
14,25,0.8796459430051422,3.1415926535897936,0.942477796076938,3.267256359733385,1385.4751703710292
14,26,0.8796459430051422,3.267256359733385,0.942477796076938,3.392920065876977,3297.9160133669993
14,27,0.8796459430051422,3.392920065876977,0.942477796076938,3.518583772020569,3124.4731119606113
14,28,0.8796459430051422,3.518583772020569,0.942477796076938,3.6442474781641603,2549.766154523005
14,29,0.8796459430051422,3.6442474781641603,0.942477796076938,3.769911184307752,2627.726486304053
14,30,0.8796459430051422,3.769911184307752,0.942477796076938,3.8955748904513436,1847.225414312998
14,31,0.8796459430051422,3.8955748904513436,0.942477796076938,4.0212385965949355,1998.3687431289086
14,32,0.8796459430051422,4.0212385965949355,0.942477796076938,4.1469023027385274,2080.1124675277592
14,33,0.8796459430051422,4.1469023027385274,0.942477796076938,4.272566008882119,2481.953651246447
14,34,0.8796459430051422,4.272566008882119,0.942477796076938,4.39822971502571,2805.8184718594453
14,35,0.8796459430051422,4.39822971502571,0.942477796076938,4.523893421169302,2728.098609948144
14,36,0.8796459430051422,4.523893421169302,0.942477796076938,4.649557127312894,2637.345281095056
14,37,0.8796459430051422,4.649557127312894,0.942477796076938,4.775220833456486,1437.352536943819
14,38,0.8796459430051422,4.775220833456486,0.942477796076938,4.900884539600078,2638.018596730427
14,39,0.8796459430051422,4.900884539600078,0.942477796076938,5.026548245743669,2549.044744913692
14,40,0.8796459430051422,5.026548245743669,0.942477796076938,5.152211951887261,1752.095533829999
14,41,0.8796459430051422,5.152211951887261,0.942477796076938,5.277875658030853,1896.473643642913
14,42,0.8796459430051422,5.277875658030853,0.942477796076938,5.403539364174445,1892.177248636266
14,43,0.8796459430051422,5.403539364174445,0.942477796076938,5.529203070318037,2305.015921065998
14,44,0.8796459430051422,5.529203070318037,0.942477796076938,5.6548667764616285,1918.0197439747537
14,45,0.8796459430051422,5.6548667764616285,0.942477796076938,5.7805304826052195,1656.9656533470184
14,46,0.8796459430051422,5.7805304826052195,0.942477796076938,5.906194188748811,2224.795172509056
14,47,0.8796459430051422,5.906194188748811,0.942477796076938,6.031857894892403,1921.9313871897605
14,48,0.8796459430051422,6.031857894892403,0.942477796076938,6.157521601035995,3107.896722270789
14,49,0.8796459430051422,6.157521601035995,0.942477796076938,6.283185307179586,2071.166988372145
15,0,0.942477796076938,0.0,1.0053096491487339,0.12566370614359174,3293.8332324425596
15,1,0.942477796076938,0.12566370614359174,1.0053096491487339,0.25132741228718347,2538.299590412169
15,2,0.942477796076938,0.25132741228718347,1.0053096491487339,0.3769911184307752,2237.7463441531354
15,3,0.942477796076938,0.3769911184307752,1.0053096491487339,0.5026548245743669,1696.2634649497043
15,4,0.942477796076938,0.5026548245743669,1.0053096491487339,0.6283185307179586,1619.3485443059587
15,5,0.942477796076938,0.6283185307179586,1.0053096491487339,0.7539822368615504,2387.5328682263785
15,6,0.942477796076938,0.7539822368615504,1.0053096491487339,0.8796459430051422,1689.539918521466
15,7,0.942477796076938,0.8796459430051422,1.0053096491487339,1.0053096491487339,2305.42596070525
15,8,0.942477796076938,1.0053096491487339,1.0053096491487339,1.1309733552923256,1309.0852104945288
15,9,0.942477796076938,1.1309733552923256,1.0053096491487339,1.2566370614359172,2464.2027393419894
15,10,0.942477796076938,1.2566370614359172,1.0053096491487339,1.3823007675795091,2217.345970935795
15,11,0.942477796076938,1.3823007675795091,1.0053096491487339,1.5079644737231008,2196.9915445049865
15,12,0.942477796076938,1.5079644737231008,1.0053096491487339,1.6336281798666925,1988.2859245104971
15,13,0.942477796076938,1.6336281798666925,1.0053096491487339,1.7592918860102844,2468.276687747249
15,14,0.942477796076938,1.7592918860102844,1.0053096491487339,1.884955592153876,2816.7524323524185
15,15,0.942477796076938,1.884955592153876,1.0053096491487339,2.0106192982974678,2594.8141378385776
15,16,0.942477796076938,2.0106192982974678,1.0053096491487339,2.1362830044410597,2643.6708875107256
15,17,0.942477796076938,2.1362830044410597,1.0053096491487339,2.261946710584651,2434.0616473812433
15,18,0.942477796076938,2.261946710584651,1.0053096491487339,2.387610416728243,2022.776645595662
15,19,0.942477796076938,2.387610416728243,1.0053096491487339,2.5132741228718345,1700.6130940741243
15,20,0.942477796076938,2.5132741228718345,1.0053096491487339,2.6389378290154264,2349.014145522469
15,21,0.942477796076938,2.6389378290154264,1.0053096491487339,2.7646015351590183,1716.6791537625472
15,22,0.942477796076938,2.7646015351590183,1.0053096491487339,2.8902652413026098,2349.044776713494
15,23,0.942477796076938,2.8902652413026098,1.0053096491487339,3.0159289474462017,2758.216226318884
15,24,0.942477796076938,3.0159289474462017,1.0053096491487339,3.1415926535897936,1704.6104645018395
15,25,0.942477796076938,3.1415926535897936,1.0053096491487339,3.267256359733385,1948.9401596491323
15,26,0.942477796076938,3.267256359733385,1.0053096491487339,3.392920065876977,2307.8151936045706
15,27,0.942477796076938,3.392920065876977,1.0053096491487339,3.518583772020569,2446.2528614060075
15,28,0.942477796076938,3.518583772020569,1.0053096491487339,3.6442474781641603,2819.095718465226
15,29,0.942477796076938,3.6442474781641603,1.0053096491487339,3.769911184307752,1221.342163826263
15,30,0.942477796076938,3.769911184307752,1.0053096491487339,3.8955748904513436,1980.3371304415825
15,31,0.942477796076938,3.8955748904513436,1.0053096491487339,4.0212385965949355,1302.8977099090876
15,32,0.942477796076938,4.0212385965949355,1.0053096491487339,4.1469023027385274,2009.6052334583414
15,33,0.942477796076938,4.1469023027385274,1.0053096491487339,4.272566008882119,1997.9653808718729
15,34,0.942477796076938,4.272566008882119,1.0053096491487339,4.39822971502571,2453.0223546207894
15,35,0.942477796076938,4.39822971502571,1.0053096491487339,4.523893421169302,2904.081957941948
15,36,0.942477796076938,4.523893421169302,1.0053096491487339,4.649557127312894,2752.2125128795474
15,37,0.942477796076938,4.649557127312894,1.0053096491487339,4.775220833456486,2296.236603400138
15,38,0.942477796076938,4.775220833456486,1.0053096491487339,4.900884539600078,2214.589163744262
15,39,0.942477796076938,4.900884539600078,1.0053096491487339,5.026548245743669,2743.023155574459
15,40,0.942477796076938,5.026548245743669,1.0053096491487339,5.152211951887261,2269.817201147955
15,41,0.942477796076938,5.152211951887261,1.0053096491487339,5.277875658030853,3107.044229620744
15,42,0.942477796076938,5.277875658030853,1.0053096491487339,5.403539364174445,1289.7262977717678
15,43,0.942477796076938,5.403539364174445,1.0053096491487339,5.529203070318037,1111.7897091538791
15,44,0.942477796076938,5.529203070318037,1.0053096491487339,5.6548667764616285,1660.4709182463107
15,45,0.942477796076938,5.6548667764616285,1.0053096491487339,5.7805304826052195,2629.6877488114733
15,46,0.942477796076938,5.7805304826052195,1.0053096491487339,5.906194188748811,2218.9847396552054
15,47,0.942477796076938,5.906194188748811,1.0053096491487339,6.031857894892403,1994.902261770171
15,48,0.942477796076938,6.031857894892403,1.0053096491487339,6.157521601035995,3131.6410760074154
15,49,0.942477796076938,6.157521601035995,1.0053096491487339,6.283185307179586,2366.198243683037
16,0,1.0053096491487339,0.0,1.0681415022205298,0.12566370614359174,2432.969830482818
16,1,1.0053096491487339,0.12566370614359174,1.0681415022205298,0.25132741228718347,2503.521408124707
16,2,1.0053096491487339,0.25132741228718347,1.0681415022205298,0.3769911184307752,2955.837373669854
16,3,1.0053096491487339,0.3769911184307752,1.0681415022205298,0.5026548245743669,2515.2064211926363
16,4,1.0053096491487339,0.5026548245743669,1.0681415022205298,0.6283185307179586,2588.68661042208
16,5,1.0053096491487339,0.6283185307179586,1.0681415022205298,0.7539822368615504,1553.400339259883
16,6,1.0053096491487339,0.7539822368615504,1.0681415022205298,0.8796459430051422,1697.844172083232
16,7,1.0053096491487339,0.8796459430051422,1.0681415022205298,1.0053096491487339,2206.186390461646
16,8,1.0053096491487339,1.0053096491487339,1.0681415022205298,1.1309733552923256,2215.075241712314
16,9,1.0053096491487339,1.1309733552923256,1.0681415022205298,1.2566370614359172,1850.014241506915
16,10,1.0053096491487339,1.2566370614359172,1.0681415022205298,1.3823007675795091,3442.0604804095933
16,11,1.0053096491487339,1.3823007675795091,1.0681415022205298,1.5079644737231008,2389.7617720855333
16,12,1.0053096491487339,1.5079644737231008,1.0681415022205298,1.6336281798666925,2534.1320217031625
16,13,1.0053096491487339,1.6336281798666925,1.0681415022205298,1.7592918860102844,1570.5599428331907
16,14,1.0053096491487339,1.7592918860102844,1.0681415022205298,1.884955592153876,2931.1134165487915
16,15,1.0053096491487339,1.884955592153876,1.0681415022205298,2.0106192982974678,2663.5354472778677
16,16,1.0053096491487339,2.0106192982974678,1.0681415022205298,2.1362830044410597,1830.7060083266526
16,17,1.0053096491487339,2.1362830044410597,1.0681415022205298,2.261946710584651,1847.2622296130844
16,18,1.0053096491487339,2.261946710584651,1.0681415022205298,2.387610416728243,1627.3367443647726
16,19,1.0053096491487339,2.387610416728243,1.0681415022205298,2.5132741228718345,1581.5091238439516
16,20,1.0053096491487339,2.5132741228718345,1.0681415022205298,2.6389378290154264,2241.6093456940202
16,21,1.0053096491487339,2.6389378290154264,1.0681415022205298,2.7646015351590183,2691.526498732779
16,22,1.0053096491487339,2.7646015351590183,1.0681415022205298,2.8902652413026098,2909.906736661029
16,23,1.0053096491487339,2.8902652413026098,1.0681415022205298,3.0159289474462017,2614.367149217464
16,24,1.0053096491487339,3.0159289474462017,1.0681415022205298,3.1415926535897936,2681.6516325254975
16,25,1.0053096491487339,3.1415926535897936,1.0681415022205298,3.267256359733385,2299.916677904532
16,26,1.0053096491487339,3.267256359733385,1.0681415022205298,3.392920065876977,2722.563894904397
16,27,1.0053096491487339,3.392920065876977,1.0681415022205298,3.518583772020569,2723.2114271147097
16,28,1.0053096491487339,3.518583772020569,1.0681415022205298,3.6442474781641603,2370.9539047041562
16,29,1.0053096491487339,3.6442474781641603,1.0681415022205298,3.769911184307752,2434.014712004
16,30,1.0053096491487339,3.769911184307752,1.0681415022205298,3.8955748904513436,1626.0563965852941
16,31,1.0053096491487339,3.8955748904513436,1.0681415022205298,4.0212385965949355,2295.531118843766
16,32,1.0053096491487339,4.0212385965949355,1.0681415022205298,4.1469023027385274,2081.757189593438
16,33,1.0053096491487339,4.1469023027385274,1.0681415022205298,4.272566008882119,1544.7175209852226
16,34,1.0053096491487339,4.272566008882119,1.0681415022205298,4.39822971502571,2274.942537884041
16,35,1.0053096491487339,4.39822971502571,1.0681415022205298,4.523893421169302,2208.143703733726
16,36,1.0053096491487339,4.523893421169302,1.0681415022205298,4.649557127312894,2356.251980201804
16,37,1.0053096491487339,4.649557127312894,1.0681415022205298,4.775220833456486,2418.753555138203
16,38,1.0053096491487339,4.775220833456486,1.0681415022205298,4.900884539600078,2407.6424910748683
16,39,1.0053096491487339,4.900884539600078,1.0681415022205298,5.026548245743669,2693.9105945980427
16,40,1.0053096491487339,5.026548245743669,1.0681415022205298,5.152211951887261,2693.881161315736
16,41,1.0053096491487339,5.152211951887261,1.0681415022205298,5.277875658030853,2029.8957462037822
16,42,1.0053096491487339,5.277875658030853,1.0681415022205298,5.403539364174445,2002.30204405974
16,43,1.0053096491487339,5.403539364174445,1.0681415022205298,5.529203070318037,2064.2738199149744
16,44,1.0053096491487339,5.529203070318037,1.0681415022205298,5.6548667764616285,2099.034526295896
16,45,1.0053096491487339,5.6548667764616285,1.0681415022205298,5.7805304826052195,2362.168069941504
16,46,1.0053096491487339,5.7805304826052195,1.0681415022205298,5.906194188748811,2560.6514090437277
16,47,1.0053096491487339,5.906194188748811,1.0681415022205298,6.031857894892403,2859.252057845129
16,48,1.0053096491487339,6.031857894892403,1.0681415022205298,6.157521601035995,2627.9947589163367
16,49,1.0053096491487339,6.157521601035995,1.0681415022205298,6.283185307179586,2206.3041235908063
17,0,1.0681415022205298,0.0,1.1309733552923256,0.12566370614359174,2132.5291621662072
17,1,1.0681415022205298,0.12566370614359174,1.1309733552923256,0.25132741228718347,2922.61173267057
17,2,1.0681415022205298,0.25132741228718347,1.1309733552923256,0.3769911184307752,2568.8132864624226
17,3,1.0681415022205298,0.3769911184307752,1.1309733552923256,0.5026548245743669,1854.6198144816917
17,4,1.0681415022205298,0.5026548245743669,1.1309733552923256,0.6283185307179586,1997.1428966659191
17,5,1.0681415022205298,0.6283185307179586,1.1309733552923256,0.7539822368615504,1712.2673334930953
17,6,1.0681415022205298,0.7539822368615504,1.1309733552923256,0.8796459430051422,1706.282074879673
17,7,1.0681415022205298,0.8796459430051422,1.1309733552923256,1.0053096491487339,2131.292303497876
17,8,1.0681415022205298,1.0053096491487339,1.1309733552923256,1.1309733552923256,1981.1206010428143
17,9,1.0681415022205298,1.1309733552923256,1.1309733552923256,1.2566370614359172,2415.1726930295117
17,10,1.0681415022205298,1.2566370614359172,1.1309733552923256,1.3823007675795091,2392.269482515913
17,11,1.0681415022205298,1.3823007675795091,1.1309733552923256,1.5079644737231008,1759.012061096263
17,12,1.0681415022205298,1.5079644737231008,1.1309733552923256,1.6336281798666925,1535.4534109868396
17,13,1.0681415022205298,1.6336281798666925,1.1309733552923256,1.7592918860102844,1819.049465192419
17,14,1.0681415022205298,1.7592918860102844,1.1309733552923256,1.884955592153876,2634.8928162372135
17,15,1.0681415022205298,1.884955592153876,1.1309733552923256,2.0106192982974678,1961.47303001253
17,16,1.0681415022205298,2.0106192982974678,1.1309733552923256,2.1362830044410597,2538.0197706508434
17,17,1.0681415022205298,2.1362830044410597,1.1309733552923256,2.261946710584651,2279.7579939966213
17,18,1.0681415022205298,2.261946710584651,1.1309733552923256,2.387610416728243,1790.7581002501124
17,19,1.0681415022205298,2.387610416728243,1.1309733552923256,2.5132741228718345,2298.8653279074038
17,20,1.0681415022205298,2.5132741228718345,1.1309733552923256,2.6389378290154264,1872.5187232567446
17,21,1.0681415022205298,2.6389378290154264,1.1309733552923256,2.7646015351590183,2881.695879251491
17,22,1.0681415022205298,2.7646015351590183,1.1309733552923256,2.8902652413026098,1945.9909715089295
17,23,1.0681415022205298,2.8902652413026098,1.1309733552923256,3.0159289474462017,3253.563835430328
17,24,1.0681415022205298,3.0159289474462017,1.1309733552923256,3.1415926535897936,2666.510904494339
17,25,1.0681415022205298,3.1415926535897936,1.1309733552923256,3.267256359733385,2163.9055653961937
17,26,1.0681415022205298,3.267256359733385,1.1309733552923256,3.392920065876977,2424.541542022962
17,27,1.0681415022205298,3.392920065876977,1.1309733552923256,3.518583772020569,3186.361181117624
17,28,1.0681415022205298,3.518583772020569,1.1309733552923256,3.6442474781641603,1991.1149877535909
17,29,1.0681415022205298,3.6442474781641603,1.1309733552923256,3.769911184307752,2557.1697548605334
17,30,1.0681415022205298,3.769911184307752,1.1309733552923256,3.8955748904513436,1955.573071996926
17,31,1.0681415022205298,3.8955748904513436,1.1309733552923256,4.0212385965949355,2145.8787057244067
17,32,1.0681415022205298,4.0212385965949355,1.1309733552923256,4.1469023027385274,2282.6155640234483
17,33,1.0681415022205298,4.1469023027385274,1.1309733552923256,4.272566008882119,2768.3313847540326
17,34,1.0681415022205298,4.272566008882119,1.1309733552923256,4.39822971502571,2849.025750287986
17,35,1.0681415022205298,4.39822971502571,1.1309733552923256,4.523893421169302,1771.0820956872226
17,36,1.0681415022205298,4.523893421169302,1.1309733552923256,4.649557127312894,2339.4826292341127
17,37,1.0681415022205298,4.649557127312894,1.1309733552923256,4.775220833456486,1695.8185348809088
17,38,1.0681415022205298,4.775220833456486,1.1309733552923256,4.900884539600078,1981.9593902546676
17,39,1.0681415022205298,4.900884539600078,1.1309733552923256,5.026548245743669,2259.3285008196976
17,40,1.0681415022205298,5.026548245743669,1.1309733552923256,5.152211951887261,2936.3024786200303
17,41,1.0681415022205298,5.152211951887261,1.1309733552923256,5.277875658030853,2584.991966514851
17,42,1.0681415022205298,5.277875658030853,1.1309733552923256,5.403539364174445,2419.8642259093867
17,43,1.0681415022205298,5.403539364174445,1.1309733552923256,5.529203070318037,2574.656377412814
17,44,1.0681415022205298,5.529203070318037,1.1309733552923256,5.6548667764616285,2010.591957588238
17,45,1.0681415022205298,5.6548667764616285,1.1309733552923256,5.7805304826052195,2094.101242850113
17,46,1.0681415022205298,5.7805304826052195,1.1309733552923256,5.906194188748811,2440.848172972122
17,47,1.0681415022205298,5.906194188748811,1.1309733552923256,6.031857894892403,2898.741782048389
17,48,1.0681415022205298,6.031857894892403,1.1309733552923256,6.157521601035995,2690.5230227795423
17,49,1.0681415022205298,6.157521601035995,1.1309733552923256,6.283185307179586,3045.0607408354495
18,0,1.1309733552923256,0.0,1.1938052083641215,0.12566370614359174,2751.139051008104
18,1,1.1309733552923256,0.12566370614359174,1.1938052083641215,0.25132741228718347,2545.4416388821883
18,2,1.1309733552923256,0.25132741228718347,1.1938052083641215,0.3769911184307752,2554.4132095647246
18,3,1.1309733552923256,0.3769911184307752,1.1938052083641215,0.5026548245743669,2287.0327983922616
18,4,1.1309733552923256,0.5026548245743669,1.1938052083641215,0.6283185307179586,2290.8974749939703
18,5,1.1309733552923256,0.6283185307179586,1.1938052083641215,0.7539822368615504,2355.644610489014
18,6,1.1309733552923256,0.7539822368615504,1.1938052083641215,0.8796459430051422,1797.0470149614089
18,7,1.1309733552923256,0.8796459430051422,1.1938052083641215,1.0053096491487339,2136.834902750163
18,8,1.1309733552923256,1.0053096491487339,1.1938052083641215,1.1309733552923256,1858.937050254479
18,9,1.1309733552923256,1.1309733552923256,1.1938052083641215,1.2566370614359172,2335.810538072393
18,10,1.1309733552923256,1.2566370614359172,1.1938052083641215,1.3823007675795091,2126.0276106818114
18,11,1.1309733552923256,1.3823007675795091,1.1938052083641215,1.5079644737231008,1697.6558142153378
18,12,1.1309733552923256,1.5079644737231008,1.1938052083641215,1.6336281798666925,1556.815956915946
18,13,1.1309733552923256,1.6336281798666925,1.1938052083641215,1.7592918860102844,1825.7974483948283
18,14,1.1309733552923256,1.7592918860102844,1.1938052083641215,1.884955592153876,3463.882033278124
18,15,1.1309733552923256,1.884955592153876,1.1938052083641215,2.0106192982974678,2315.7418245763793
18,16,1.1309733552923256,2.0106192982974678,1.1938052083641215,2.1362830044410597,3149.2697530662076
18,17,1.1309733552923256,2.1362830044410597,1.1938052083641215,2.261946710584651,2366.0240276478926
18,18,1.1309733552923256,2.261946710584651,1.1938052083641215,2.387610416728243,2914.739093008263
18,19,1.1309733552923256,2.387610416728243,1.1938052083641215,2.5132741228718345,2365.872201067111
18,20,1.1309733552923256,2.5132741228718345,1.1938052083641215,2.6389378290154264,2370.0405308303743
18,21,1.1309733552923256,2.6389378290154264,1.1938052083641215,2.7646015351590183,2230.6913345059265
18,22,1.1309733552923256,2.7646015351590183,1.1938052083641215,2.8902652413026098,2864.5259020189387
18,23,1.1309733552923256,2.8902652413026098,1.1938052083641215,3.0159289474462017,2726.0876651791696
18,24,1.1309733552923256,3.0159289474462017,1.1938052083641215,3.1415926535897936,2176.2822089204496
18,25,1.1309733552923256,3.1415926535897936,1.1938052083641215,3.267256359733385,2572.328746096933
18,26,1.1309733552923256,3.267256359733385,1.1938052083641215,3.392920065876977,2774.8101951935605
18,27,1.1309733552923256,3.392920065876977,1.1938052083641215,3.518583772020569,2496.028988046058
18,28,1.1309733552923256,3.518583772020569,1.1938052083641215,3.6442474781641603,2567.1390375174965
18,29,1.1309733552923256,3.6442474781641603,1.1938052083641215,3.769911184307752,2511.30826303924
18,30,1.1309733552923256,3.769911184307752,1.1938052083641215,3.8955748904513436,2037.2918754233115
18,31,1.1309733552923256,3.8955748904513436,1.1938052083641215,4.0212385965949355,1674.4815570215198
18,32,1.1309733552923256,4.0212385965949355,1.1938052083641215,4.1469023027385274,2520.8871400449025
18,33,1.1309733552923256,4.1469023027385274,1.1938052083641215,4.272566008882119,2209.5460325280096
18,34,1.1309733552923256,4.272566008882119,1.1938052083641215,4.39822971502571,2553.0329679212723
18,35,1.1309733552923256,4.39822971502571,1.1938052083641215,4.523893421169302,2632.8385397465263
18,36,1.1309733552923256,4.523893421169302,1.1938052083641215,4.649557127312894,1648.0499295491234
18,37,1.1309733552923256,4.649557127312894,1.1938052083641215,4.775220833456486,1439.412602722624
18,38,1.1309733552923256,4.775220833456486,1.1938052083641215,4.900884539600078,1166.1799669818597
18,39,1.1309733552923256,4.900884539600078,1.1938052083641215,5.026548245743669,1555.0354451958815
18,40,1.1309733552923256,5.026548245743669,1.1938052083641215,5.152211951887261,3253.864464808149
18,41,1.1309733552923256,5.152211951887261,1.1938052083641215,5.277875658030853,2860.136733592701
18,42,1.1309733552923256,5.277875658030853,1.1938052083641215,5.403539364174445,2249.6006450214277
18,43,1.1309733552923256,5.403539364174445,1.1938052083641215,5.529203070318037,2663.383287316455
18,44,1.1309733552923256,5.529203070318037,1.1938052083641215,5.6548667764616285,2269.0620521943165
18,45,1.1309733552923256,5.6548667764616285,1.1938052083641215,5.7805304826052195,2108.332912812577
18,46,1.1309733552923256,5.7805304826052195,1.1938052083641215,5.906194188748811,2176.6686765806226
18,47,1.1309733552923256,5.906194188748811,1.1938052083641215,6.031857894892403,3017.3600592000503
18,48,1.1309733552923256,6.031857894892403,1.1938052083641215,6.157521601035995,2834.5194486899522
18,49,1.1309733552923256,6.157521601035995,1.1938052083641215,6.283185307179586,2273.810083447859
19,0,1.1938052083641215,0.0,1.2566370614359172,0.12566370614359174,2417.4725457033746
19,1,1.1938052083641215,0.12566370614359174,1.2566370614359172,0.25132741228718347,2683.3700227733652
19,2,1.1938052083641215,0.25132741228718347,1.2566370614359172,0.3769911184307752,2557.960655740101
19,3,1.1938052083641215,0.3769911184307752,1.2566370614359172,0.5026548245743669,2432.780162484568
19,4,1.1938052083641215,0.5026548245743669,1.2566370614359172,0.6283185307179586,2294.984685127032
19,5,1.1938052083641215,0.6283185307179586,1.2566370614359172,0.7539822368615504,1890.5243303859336
19,6,1.1938052083641215,0.7539822368615504,1.2566370614359172,0.8796459430051422,3099.7452771198723
19,7,1.1938052083641215,0.8796459430051422,1.2566370614359172,1.0053096491487339,2016.606855588997
19,8,1.1938052083641215,1.0053096491487339,1.2566370614359172,1.1309733552923256,2682.131411740938
19,9,1.1938052083641215,1.1309733552923256,1.2566370614359172,1.2566370614359172,3867.8591383489475
19,10,1.1938052083641215,1.2566370614359172,1.2566370614359172,1.3823007675795091,2129.5762596444006
19,11,1.1938052083641215,1.3823007675795091,1.2566370614359172,1.5079644737231008,1514.2693029593518
19,12,1.1938052083641215,1.5079644737231008,1.2566370614359172,1.6336281798666925,2439.215554587832
19,13,1.1938052083641215,1.6336281798666925,1.2566370614359172,1.7592918860102844,1390.6370734943505
19,14,1.1938052083641215,1.7592918860102844,1.2566370614359172,1.884955592153876,2796.0163109072687
19,15,1.1938052083641215,1.884955592153876,1.2566370614359172,2.0106192982974678,1599.9219484843782
19,16,1.1938052083641215,2.0106192982974678,1.2566370614359172,2.1362830044410597,2147.45534063422
19,17,1.1938052083641215,2.1362830044410597,1.2566370614359172,2.261946710584651,1955.4706306079959
19,18,1.1938052083641215,2.261946710584651,1.2566370614359172,2.387610416728243,2780.910641577009
19,19,1.1938052083641215,2.387610416728243,1.2566370614359172,2.5132741228718345,3003.362490368282
19,20,1.1938052083641215,2.5132741228718345,1.2566370614359172,2.6389378290154264,2038.3364013100538
19,21,1.1938052083641215,2.6389378290154264,1.2566370614359172,2.7646015351590183,2525.1240002173768
19,22,1.1938052083641215,2.7646015351590183,1.2566370614359172,2.8902652413026098,2584.1599717086224
19,23,1.1938052083641215,2.8902652413026098,1.2566370614359172,3.0159289474462017,3067.474074459783
19,24,1.1938052083641215,3.0159289474462017,1.2566370614359172,3.1415926535897936,2736.9264867624456
19,25,1.1938052083641215,3.1415926535897936,1.2566370614359172,3.267256359733385,2528.018580347515
19,26,1.1938052083641215,3.267256359733385,1.2566370614359172,3.392920065876977,2651.7585151196727
19,27,1.1938052083641215,3.392920065876977,1.2566370614359172,3.518583772020569,2784.5995483474985
19,28,1.1938052083641215,3.518583772020569,1.2566370614359172,3.6442474781641603,1964.3832447761135
19,29,1.1938052083641215,3.6442474781641603,1.2566370614359172,3.769911184307752,2042.4561293092142
19,30,1.1938052083641215,3.769911184307752,1.2566370614359172,3.8955748904513436,2136.348230832569
19,31,1.1938052083641215,3.8955748904513436,1.2566370614359172,4.0212385965949355,1846.2439859766553
19,32,1.1938052083641215,4.0212385965949355,1.2566370614359172,4.1469023027385274,2244.2016327975075
19,33,1.1938052083641215,4.1469023027385274,1.2566370614359172,4.272566008882119,2501.0114745752326
19,34,1.1938052083641215,4.272566008882119,1.2566370614359172,4.39822971502571,2032.1433461479317
19,35,1.1938052083641215,4.39822971502571,1.2566370614359172,4.523893421169302,2549.317304839898
19,36,1.1938052083641215,4.523893421169302,1.2566370614359172,4.649557127312894,2151.5616054699835
19,37,1.1938052083641215,4.649557127312894,1.2566370614359172,4.775220833456486,1804.1446740375231
19,38,1.1938052083641215,4.775220833456486,1.2566370614359172,4.900884539600078,2321.3994117098787
19,39,1.1938052083641215,4.900884539600078,1.2566370614359172,5.026548245743669,2631.321433084641
19,40,1.1938052083641215,5.026548245743669,1.2566370614359172,5.152211951887261,2119.048065868768
19,41,1.1938052083641215,5.152211951887261,1.2566370614359172,5.277875658030853,3489.180741511085
19,42,1.1938052083641215,5.277875658030853,1.2566370614359172,5.403539364174445,1891.1974885557302
19,43,1.1938052083641215,5.403539364174445,1.2566370614359172,5.529203070318037,2267.8025582306086
19,44,1.1938052083641215,5.529203070318037,1.2566370614359172,5.6548667764616285,3142.463894575216
19,45,1.1938052083641215,5.6548667764616285,1.2566370614359172,5.7805304826052195,1991.848098103858
19,46,1.1938052083641215,5.7805304826052195,1.2566370614359172,5.906194188748811,2237.308493138784
19,47,1.1938052083641215,5.906194188748811,1.2566370614359172,6.031857894892403,3273.9047588098665
19,48,1.1938052083641215,6.031857894892403,1.2566370614359172,6.157521601035995,2211.688093196293
19,49,1.1938052083641215,6.157521601035995,1.2566370614359172,6.283185307179586,1929.567504234198
20,0,1.2566370614359172,0.0,1.3194689145077132,0.12566370614359174,2815.5392529432643
20,1,1.2566370614359172,0.12566370614359174,1.3194689145077132,0.25132741228718347,2362.2042446698943
20,2,1.2566370614359172,0.25132741228718347,1.3194689145077132,0.3769911184307752,2767.32615737952
20,3,1.2566370614359172,0.3769911184307752,1.3194689145077132,0.5026548245743669,2581.900306671027
20,4,1.2566370614359172,0.5026548245743669,1.3194689145077132,0.6283185307179586,2910.44847936765
20,5,1.2566370614359172,0.6283185307179586,1.3194689145077132,0.7539822368615504,2636.5374179774626
20,6,1.2566370614359172,0.7539822368615504,1.3194689145077132,0.8796459430051422,2049.7754708183857
20,7,1.2566370614359172,0.8796459430051422,1.3194689145077132,1.0053096491487339,2896.57155008364
20,8,1.2566370614359172,1.0053096491487339,1.3194689145077132,1.1309733552923256,2677.4427009714923
20,9,1.2566370614359172,1.1309733552923256,1.3194689145077132,1.2566370614359172,2943.2017259571926
20,10,1.2566370614359172,1.2566370614359172,1.3194689145077132,1.3823007675795091,2464.157463715628
20,11,1.2566370614359172,1.3823007675795091,1.3194689145077132,1.5079644737231008,2258.2064210243266
20,12,1.2566370614359172,1.5079644737231008,1.3194689145077132,1.6336281798666925,2188.386471689472
20,13,1.2566370614359172,1.6336281798666925,1.3194689145077132,1.7592918860102844,1688.1310855993452
20,14,1.2566370614359172,1.7592918860102844,1.3194689145077132,1.884955592153876,3204.449429825846
20,15,1.2566370614359172,1.884955592153876,1.3194689145077132,2.0106192982974678,2703.679594836411
20,16,1.2566370614359172,2.0106192982974678,1.3194689145077132,2.1362830044410597,2371.9655827594024
20,17,1.2566370614359172,2.1362830044410597,1.3194689145077132,2.261946710584651,2716.949738239187
20,18,1.2566370614359172,2.261946710584651,1.3194689145077132,2.387610416728243,2597.188672678787
20,19,1.2566370614359172,2.387610416728243,1.3194689145077132,2.5132741228718345,3075.4942390649344
20,20,1.2566370614359172,2.5132741228718345,1.3194689145077132,2.6389378290154264,1862.7930824145358
20,21,1.2566370614359172,2.6389378290154264,1.3194689145077132,2.7646015351590183,2612.239600733023
20,22,1.2566370614359172,2.7646015351590183,1.3194689145077132,2.8902652413026098,2319.1224471018577
20,23,1.2566370614359172,2.8902652413026098,1.3194689145077132,3.0159289474462017,2882.549519828025
20,24,1.2566370614359172,3.0159289474462017,1.3194689145077132,3.1415926535897936,2682.336561013662
20,25,1.2566370614359172,3.1415926535897936,1.3194689145077132,3.267256359733385,3799.9174352809873
20,26,1.2566370614359172,3.267256359733385,1.3194689145077132,3.392920065876977,2946.4994753117535
20,27,1.2566370614359172,3.392920065876977,1.3194689145077132,3.518583772020569,2181.421625052625
20,28,1.2566370614359172,3.518583772020569,1.3194689145077132,3.6442474781641603,2536.2858375986857
20,29,1.2566370614359172,3.6442474781641603,1.3194689145077132,3.769911184307752,2695.9100973570517
20,30,1.2566370614359172,3.769911184307752,1.3194689145077132,3.8955748904513436,2492.109187244931
20,31,1.2566370614359172,3.8955748904513436,1.3194689145077132,4.0212385965949355,2704.022560769282
20,32,1.2566370614359172,4.0212385965949355,1.3194689145077132,4.1469023027385274,2187.3311918960067
20,33,1.2566370614359172,4.1469023027385274,1.3194689145077132,4.272566008882119,2572.389597532458
20,34,1.2566370614359172,4.272566008882119,1.3194689145077132,4.39822971502571,3313.947899394849
20,35,1.2566370614359172,4.39822971502571,1.3194689145077132,4.523893421169302,2378.7853284246444
20,36,1.2566370614359172,4.523893421169302,1.3194689145077132,4.649557127312894,1651.9613706784733
20,37,1.2566370614359172,4.649557127312894,1.3194689145077132,4.775220833456486,2540.7971587157226
20,38,1.2566370614359172,4.775220833456486,1.3194689145077132,4.900884539600078,1816.8092654144787
20,39,1.2566370614359172,4.900884539600078,1.3194689145077132,5.026548245743669,1880.5613559369463
20,40,1.2566370614359172,5.026548245743669,1.3194689145077132,5.152211951887261,2832.080763705758
20,41,1.2566370614359172,5.152211951887261,1.3194689145077132,5.277875658030853,2293.1229911904597
20,42,1.2566370614359172,5.277875658030853,1.3194689145077132,5.403539364174445,2673.4194467589173
20,43,1.2566370614359172,5.403539364174445,1.3194689145077132,5.529203070318037,2434.477719524543
20,44,1.2566370614359172,5.529203070318037,1.3194689145077132,5.6548667764616285,2724.5477527520966
20,45,1.2566370614359172,5.6548667764616285,1.3194689145077132,5.7805304826052195,2536.7607135057556
20,46,1.2566370614359172,5.7805304826052195,1.3194689145077132,5.906194188748811,2588.3638954059734
20,47,1.2566370614359172,5.906194188748811,1.3194689145077132,6.031857894892403,2865.6386611378143
20,48,1.2566370614359172,6.031857894892403,1.3194689145077132,6.157521601035995,2354.32921921119
20,49,1.2566370614359172,6.157521601035995,1.3194689145077132,6.283185307179586,2224.0945017007166
21,0,1.3194689145077132,0.0,1.3823007675795091,0.12566370614359174,3086.616033454939
21,1,1.3194689145077132,0.12566370614359174,1.3823007675795091,0.25132741228718347,3153.786642380592
21,2,1.3194689145077132,0.25132741228718347,1.3823007675795091,0.3769911184307752,2463.46748004205
21,3,1.3194689145077132,0.3769911184307752,1.3823007675795091,0.5026548245743669,2014.378417584334
21,4,1.3194689145077132,0.5026548245743669,1.3823007675795091,0.6283185307179586,2081.6139256490465
21,5,1.3194689145077132,0.6283185307179586,1.3823007675795091,0.7539822368615504,2078.5247266298556
21,6,1.3194689145077132,0.7539822368615504,1.3823007675795091,0.8796459430051422,2469.4252210076284
21,7,1.3194689145077132,0.8796459430051422,1.3823007675795091,1.0053096491487339,2724.154341812644
21,8,1.3194689145077132,1.0053096491487339,1.3823007675795091,1.1309733552923256,2116.750319535374
21,9,1.3194689145077132,1.1309733552923256,1.3823007675795091,1.2566370614359172,2166.281342464899
21,10,1.3194689145077132,1.2566370614359172,1.3823007675795091,1.3823007675795091,1898.71517195409
21,11,1.3194689145077132,1.3823007675795091,1.3823007675795091,1.5079644737231008,1831.142188366277
21,12,1.3194689145077132,1.5079644737231008,1.3823007675795091,1.6336281798666925,1835.3865920607097
21,13,1.3194689145077132,1.6336281798666925,1.3823007675795091,1.7592918860102844,2256.9973590410095
21,14,1.3194689145077132,1.7592918860102844,1.3823007675795091,1.884955592153876,2130.1584816648806
21,15,1.3194689145077132,1.884955592153876,1.3823007675795091,2.0106192982974678,2131.858839108216
21,16,1.3194689145077132,2.0106192982974678,1.3823007675795091,2.1362830044410597,2399.541828069322
21,17,1.3194689145077132,2.1362830044410597,1.3823007675795091,2.261946710584651,1828.779859704546
21,18,1.3194689145077132,2.261946710584651,1.3823007675795091,2.387610416728243,2684.825463543125
21,19,1.3194689145077132,2.387610416728243,1.3823007675795091,2.5132741228718345,2219.965910294178
21,20,1.3194689145077132,2.5132741228718345,1.3823007675795091,2.6389378290154264,1965.6391641513198
21,21,1.3194689145077132,2.6389378290154264,1.3823007675795091,2.7646015351590183,2683.6313193844476
21,22,1.3194689145077132,2.7646015351590183,1.3823007675795091,2.8902652413026098,2096.3200705597283
21,23,1.3194689145077132,2.8902652413026098,1.3823007675795091,3.0159289474462017,3162.0158532132173
21,24,1.3194689145077132,3.0159289474462017,1.3823007675795091,3.1415926535897936,2227.5980490474612
21,25,1.3194689145077132,3.1415926535897936,1.3823007675795091,3.267256359733385,2641.39495968512
21,26,1.3194689145077132,3.267256359733385,1.3823007675795091,3.392920065876977,2096.294110904097
21,27,1.3194689145077132,3.392920065876977,1.3823007675795091,3.518583772020569,2437.62464286891
21,28,1.3194689145077132,3.518583772020569,1.3823007675795091,3.6442474781641603,2163.9709331144154
21,29,1.3194689145077132,3.6442474781641603,1.3823007675795091,3.769911184307752,2962.892314753614
21,30,1.3194689145077132,3.769911184307752,1.3823007675795091,3.8955748904513436,1928.5947355766764
21,31,1.3194689145077132,3.8955748904513436,1.3823007675795091,4.0212385965949355,3520.3759192670063
21,32,1.3194689145077132,4.0212385965949355,1.3823007675795091,4.1469023027385274,2713.6147216295226
21,33,1.3194689145077132,4.1469023027385274,1.3823007675795091,4.272566008882119,2552.548038313884
21,34,1.3194689145077132,4.272566008882119,1.3823007675795091,4.39822971502571,2288.5123809678817
21,35,1.3194689145077132,4.39822971502571,1.3823007675795091,4.523893421169302,2154.417779844982
21,36,1.3194689145077132,4.523893421169302,1.3823007675795091,4.649557127312894,2324.1290284832266
21,37,1.3194689145077132,4.649557127312894,1.3823007675795091,4.775220833456486,1996.0249410585575
21,38,1.3194689145077132,4.775220833456486,1.3823007675795091,4.900884539600078,2087.078433157776
21,39,1.3194689145077132,4.900884539600078,1.3823007675795091,5.026548245743669,2141.7364880729465
21,40,1.3194689145077132,5.026548245743669,1.3823007675795091,5.152211951887261,2166.2553828092714
21,41,1.3194689145077132,5.152211951887261,1.3823007675795091,5.277875658030853,3019.8348193636316
21,42,1.3194689145077132,5.277875658030853,1.3823007675795091,5.403539364174445,2247.4571855993963
21,43,1.3194689145077132,5.403539364174445,1.3823007675795091,5.529203070318037,2524.4467111015106
21,44,1.3194689145077132,5.529203070318037,1.3823007675795091,5.6548667764616285,2963.7489833891877
21,45,1.3194689145077132,5.6548667764616285,1.3823007675795091,5.7805304826052195,2911.894571281386
21,46,1.3194689145077132,5.7805304826052195,1.3823007675795091,5.906194188748811,1697.0605670712016
21,47,1.3194689145077132,5.906194188748811,1.3823007675795091,6.031857894892403,2028.500470243483
21,48,1.3194689145077132,6.031857894892403,1.3823007675795091,6.157521601035995,2768.999646902135
21,49,1.3194689145077132,6.157521601035995,1.3823007675795091,6.283185307179586,3730.869786889706
22,0,1.3823007675795091,0.0,1.4451326206513049,0.12566370614359174,2848.115130671408
22,1,1.3823007675795091,0.12566370614359174,1.4451326206513049,0.25132741228718347,2358.156683057156
22,2,1.3823007675795091,0.25132741228718347,1.4451326206513049,0.3769911184307752,2037.7592813269446
22,3,1.3823007675795091,0.3769911184307752,1.4451326206513049,0.5026548245743669,1733.7523959449527
22,4,1.3823007675795091,0.5026548245743669,1.4451326206513049,0.6283185307179586,2049.7636031594434
22,5,1.3823007675795091,0.6283185307179586,1.4451326206513049,0.7539822368615504,3080.6988661760624
22,6,1.3823007675795091,0.7539822368615504,1.4451326206513049,0.8796459430051422,2944.3549074140005
22,7,1.3823007675795091,0.8796459430051422,1.4451326206513049,1.0053096491487339,2050.879389483618
22,8,1.3823007675795091,1.0053096491487339,1.4451326206513049,1.1309733552923256,2543.877392946484
22,9,1.3823007675795091,1.1309733552923256,1.4451326206513049,1.2566370614359172,2646.3117075577716
22,10,1.3823007675795091,1.2566370614359172,1.4451326206513049,1.3823007675795091,1813.3964542567194
22,11,1.3823007675795091,1.3823007675795091,1.4451326206513049,1.5079644737231008,2562.614908114518
22,12,1.3823007675795091,1.5079644737231008,1.4451326206513049,1.6336281798666925,2558.356964900426
22,13,1.3823007675795091,1.6336281798666925,1.4451326206513049,1.7592918860102844,2346.9475192947543
22,14,1.3823007675795091,1.7592918860102844,1.4451326206513049,1.884955592153876,2865.7496846454287
22,15,1.3823007675795091,1.884955592153876,1.4451326206513049,2.0106192982974678,2502.1315942661586
22,16,1.3823007675795091,2.0106192982974678,1.4451326206513049,2.1362830044410597,1933.042093546653
22,17,1.3823007675795091,2.1362830044410597,1.4451326206513049,2.261946710584651,3095.640142815877
22,18,1.3823007675795091,2.261946710584651,1.4451326206513049,2.387610416728243,2122.8668450881155
22,19,1.3823007675795091,2.387610416728243,1.4451326206513049,2.5132741228718345,2063.6019186052436
22,20,1.3823007675795091,2.5132741228718345,1.4451326206513049,2.6389378290154264,1879.612601287904
22,21,1.3823007675795091,2.6389378290154264,1.4451326206513049,2.7646015351590183,1877.7657825444428
22,22,1.3823007675795091,2.7646015351590183,1.4451326206513049,2.8902652413026098,2323.92641065231
22,23,1.3823007675795091,2.8902652413026098,1.4451326206513049,3.0159289474462017,2188.8136643858793
22,24,1.3823007675795091,3.0159289474462017,1.4451326206513049,3.1415926535897936,2776.2046258478763
22,25,1.3823007675795091,3.1415926535897936,1.4451326206513049,3.267256359733385,2941.0844992224615
22,26,1.3823007675795091,3.267256359733385,1.4451326206513049,3.392920065876977,2661.689038623113
22,27,1.3823007675795091,3.392920065876977,1.4451326206513049,3.518583772020569,2271.9846334924523
22,28,1.3823007675795091,3.518583772020569,1.4451326206513049,3.6442474781641603,2133.742555466284
22,29,1.3823007675795091,3.6442474781641603,1.4451326206513049,3.769911184307752,2156.109582470419
22,30,1.3823007675795091,3.769911184307752,1.4451326206513049,3.8955748904513436,1914.8560589756298
22,31,1.3823007675795091,3.8955748904513436,1.4451326206513049,4.0212385965949355,2569.5533035326557
22,32,1.3823007675795091,4.0212385965949355,1.4451326206513049,4.1469023027385274,3190.392204459565
22,33,1.3823007675795091,4.1469023027385274,1.4451326206513049,4.272566008882119,2534.361146365588
22,34,1.3823007675795091,4.272566008882119,1.4451326206513049,4.39822971502571,2986.7676128628136
22,35,1.3823007675795091,4.39822971502571,1.4451326206513049,4.523893421169302,2582.532335257536
22,36,1.3823007675795091,4.523893421169302,1.4451326206513049,4.649557127312894,2034.3734469639285
22,37,1.3823007675795091,4.649557127312894,1.4451326206513049,4.775220833456486,2138.3083018042785
22,38,1.3823007675795091,4.775220833456486,1.4451326206513049,4.900884539600078,2447.0476602163894
22,39,1.3823007675795091,4.900884539600078,1.4451326206513049,5.026548245743669,2611.568429946419
22,40,1.3823007675795091,5.026548245743669,1.4451326206513049,5.152211951887261,2003.4264078807882
22,41,1.3823007675795091,5.152211951887261,1.4451326206513049,5.277875658030853,2585.8925193602254
22,42,1.3823007675795091,5.277875658030853,1.4451326206513049,5.403539364174445,2657.879974964728
22,43,1.3823007675795091,5.403539364174445,1.4451326206513049,5.529203070318037,3079.134200296185
22,44,1.3823007675795091,5.529203070318037,1.4451326206513049,5.6548667764616285,2122.9950963897463
22,45,1.3823007675795091,5.6548667764616285,1.4451326206513049,5.7805304826052195,2342.9204284236143
22,46,1.3823007675795091,5.7805304826052195,1.4451326206513049,5.906194188748811,2168.998838284161
22,47,1.3823007675795091,5.906194188748811,1.4451326206513049,6.031857894892403,2029.7179247147878
22,48,1.3823007675795091,6.031857894892403,1.4451326206513049,6.157521601035995,2975.853427094144
22,49,1.3823007675795091,6.157521601035995,1.4451326206513049,6.283185307179586,1835.7763063910381
23,0,1.4451326206513049,0.0,1.5079644737231008,0.12566370614359174,2887.8599630748704
23,1,1.4451326206513049,0.12566370614359174,1.5079644737231008,0.25132741228718347,2384.1541370375694
23,2,1.4451326206513049,0.25132741228718347,1.5079644737231008,0.3769911184307752,2004.6825154417195
23,3,1.4451326206513049,0.3769911184307752,1.5079644737231008,0.5026548245743669,2148.244019816249
23,4,1.4451326206513049,0.5026548245743669,1.5079644737231008,0.6283185307179586,1530.4320543452195
23,5,1.4451326206513049,0.6283185307179586,1.5079644737231008,0.7539822368615504,2666.4930346774504
23,6,1.4451326206513049,0.7539822368615504,1.5079644737231008,0.8796459430051422,2983.2877112632013
23,7,1.4451326206513049,0.8796459430051422,1.5079644737231008,1.0053096491487339,2840.756826569109
23,8,1.4451326206513049,1.0053096491487339,1.5079644737231008,1.1309733552923256,2258.0241013321097
23,9,1.4451326206513049,1.1309733552923256,1.5079644737231008,1.2566370614359172,2054.2158786013456
23,10,1.4451326206513049,1.2566370614359172,1.5079644737231008,1.3823007675795091,2593.3826558654264
23,11,1.4451326206513049,1.3823007675795091,1.5079644737231008,1.5079644737231008,2725.0602246655726
23,12,1.4451326206513049,1.5079644737231008,1.5079644737231008,1.6336281798666925,2552.32327674493
23,13,1.4451326206513049,1.6336281798666925,1.5079644737231008,1.7592918860102844,2692.39848738564
23,14,1.4451326206513049,1.7592918860102844,1.5079644737231008,1.884955592153876,2585.2776591193006
23,15,1.4451326206513049,1.884955592153876,1.5079644737231008,2.0106192982974678,2344.290785694363
23,16,1.4451326206513049,2.0106192982974678,1.5079644737231008,2.1362830044410597,2553.4556860234256
23,17,1.4451326206513049,2.1362830044410597,1.5079644737231008,2.261946710584651,3008.862347777679
23,18,1.4451326206513049,2.261946710584651,1.5079644737231008,2.387610416728243,2811.2251194297505
23,19,1.4451326206513049,2.387610416728243,1.5079644737231008,2.5132741228718345,2693.149185671396
23,20,1.4451326206513049,2.5132741228718345,1.5079644737231008,2.6389378290154264,2185.1427491157347
23,21,1.4451326206513049,2.6389378290154264,1.5079644737231008,2.7646015351590183,2116.7655866138543
23,22,1.4451326206513049,2.7646015351590183,1.5079644737231008,2.8902652413026098,2125.1505047546766
23,23,1.4451326206513049,2.8902652413026098,1.5079644737231008,3.0159289474462017,2112.05781770323
23,24,1.4451326206513049,3.0159289474462017,1.5079644737231008,3.1415926535897936,2443.2048276165046
23,25,1.4451326206513049,3.1415926535897936,1.5079644737231008,3.267256359733385,2113.877306768694
23,26,1.4451326206513049,3.267256359733385,1.5079644737231008,3.392920065876977,2557.1201115538574
23,27,1.4451326206513049,3.392920065876977,1.5079644737231008,3.518583772020569,1861.197353265738
23,28,1.4451326206513049,3.518583772020569,1.5079644737231008,3.6442474781641603,1948.1638411147133
23,29,1.4451326206513049,3.6442474781641603,1.5079644737231008,3.769911184307752,2469.3647543198676
23,30,1.4451326206513049,3.769911184307752,1.5079644737231008,3.8955748904513436,2874.7418286239194
23,31,1.4451326206513049,3.8955748904513436,1.5079644737231008,4.0212385965949355,2211.0227544244103
23,32,1.4451326206513049,4.0212385965949355,1.5079644737231008,4.1469023027385274,2215.0943383471126
23,33,1.4451326206513049,4.1469023027385274,1.5079644737231008,4.272566008882119,2132.8101720092527
23,34,1.4451326206513049,4.272566008882119,1.5079644737231008,4.39822971502571,3218.1035903053134
23,35,1.4451326206513049,4.39822971502571,1.5079644737231008,4.523893421169302,2932.036648636183
23,36,1.4451326206513049,4.523893421169302,1.5079644737231008,4.649557127312894,2227.1055109190847
23,37,1.4451326206513049,4.649557127312894,1.5079644737231008,4.775220833456486,2025.84202814001
23,38,1.4451326206513049,4.775220833456486,1.5079644737231008,4.900884539600078,2552.8449484350213
23,39,1.4451326206513049,4.900884539600078,1.5079644737231008,5.026548245743669,2215.107062046887
23,40,1.4451326206513049,5.026548245743669,1.5079644737231008,5.152211951887261,2413.9912129711174
23,41,1.4451326206513049,5.152211951887261,1.5079644737231008,5.277875658030853,1783.8881535334303
23,42,1.4451326206513049,5.277875658030853,1.5079644737231008,5.403539364174445,2577.999702857469
23,43,1.4451326206513049,5.403539364174445,1.5079644737231008,5.529203070318037,2744.1712217027543
23,44,1.4451326206513049,5.529203070318037,1.5079644737231008,5.6548667764616285,1998.816889853075
23,45,1.4451326206513049,5.6548667764616285,1.5079644737231008,5.7805304826052195,2546.89025694809
23,46,1.4451326206513049,5.7805304826052195,1.5079644737231008,5.906194188748811,2407.3239942976934
23,47,1.4451326206513049,5.906194188748811,1.5079644737231008,6.031857894892403,1644.10558798716
23,48,1.4451326206513049,6.031857894892403,1.5079644737231008,6.157521601035995,2453.7018799172242
23,49,1.4451326206513049,6.157521601035995,1.5079644737231008,6.283185307179586,2000.178325727243
24,0,1.5079644737231008,0.0,1.5707963267948968,0.12566370614359174,2490.4285421271666
24,1,1.5079644737231008,0.12566370614359174,1.5707963267948968,0.25132741228718347,1990.130043198313
24,2,1.5079644737231008,0.25132741228718347,1.5707963267948968,0.3769911184307752,1370.536028755799
24,3,1.5079644737231008,0.3769911184307752,1.5707963267948968,0.5026548245743669,1818.9873000243522
24,4,1.5079644737231008,0.5026548245743669,1.5707963267948968,0.6283185307179586,2203.19667517703
24,5,1.5079644737231008,0.6283185307179586,1.5707963267948968,0.7539822368615504,2082.6338111505265
24,6,1.5079644737231008,0.7539822368615504,1.5707963267948968,0.8796459430051422,2274.0287835596755
24,7,1.5079644737231008,0.8796459430051422,1.5707963267948968,1.0053096491487339,2451.41955490194
24,8,1.5079644737231008,1.0053096491487339,1.5707963267948968,1.1309733552923256,2429.9886915498105
24,9,1.5079644737231008,1.1309733552923256,1.5707963267948968,1.2566370614359172,2540.653563691029
24,10,1.5079644737231008,1.2566370614359172,1.5707963267948968,1.3823007675795091,2030.393705451248
24,11,1.5079644737231008,1.3823007675795091,1.5707963267948968,1.5079644737231008,2826.5547147026805
24,12,1.5079644737231008,1.5079644737231008,1.5707963267948968,1.6336281798666925,2300.4530000523996
24,13,1.5079644737231008,1.6336281798666925,1.5707963267948968,1.7592918860102844,2806.0490157649174
24,14,1.5079644737231008,1.7592918860102844,1.5707963267948968,1.884955592153876,2589.2310321881973
24,15,1.5079644737231008,1.884955592153876,1.5707963267948968,2.0106192982974678,2532.289063506281
24,16,1.5079644737231008,2.0106192982974678,1.5707963267948968,2.1362830044410597,2275.372172983284
24,17,1.5079644737231008,2.1362830044410597,1.5707963267948968,2.261946710584651,2154.631880164993
24,18,1.5079644737231008,2.261946710584651,1.5707963267948968,2.387610416728243,1893.8749236480858
24,19,1.5079644737231008,2.387610416728243,1.5707963267948968,2.5132741228718345,3503.889127390201
24,20,1.5079644737231008,2.5132741228718345,1.5707963267948968,2.6389378290154264,1786.0108917202444
24,21,1.5079644737231008,2.6389378290154264,1.5707963267948968,2.7646015351590183,1640.810772604127
24,22,1.5079644737231008,2.7646015351590183,1.5707963267948968,2.8902652413026098,1397.8854096628959
24,23,1.5079644737231008,2.8902652413026098,1.5707963267948968,3.0159289474462017,1838.18762999388
24,24,1.5079644737231008,3.0159289474462017,1.5707963267948968,3.1415926535897936,1865.6383987820018
24,25,1.5079644737231008,3.1415926535897936,1.5707963267948968,3.267256359733385,2229.0886052943615
24,26,1.5079644737231008,3.267256359733385,1.5707963267948968,3.392920065876977,2628.6455709375264
24,27,1.5079644737231008,3.392920065876977,1.5707963267948968,3.518583772020569,1852.6987704659023
24,28,1.5079644737231008,3.518583772020569,1.5707963267948968,3.6442474781641603,2449.214368489601
24,29,1.5079644737231008,3.6442474781641603,1.5707963267948968,3.769911184307752,2320.3376982188583
24,30,1.5079644737231008,3.769911184307752,1.5707963267948968,3.8955748904513436,3235.692835102934
24,31,1.5079644737231008,3.8955748904513436,1.5707963267948968,4.0212385965949355,1864.409070724547
24,32,1.5079644737231008,4.0212385965949355,1.5707963267948968,4.1469023027385274,2711.644225043441
24,33,1.5079644737231008,4.1469023027385274,1.5707963267948968,4.272566008882119,2124.760475717338
24,34,1.5079644737231008,4.272566008882119,1.5707963267948968,4.39822971502571,3579.8033033093548
24,35,1.5079644737231008,4.39822971502571,1.5707963267948968,4.523893421169302,2566.900351391947
24,36,1.5079644737231008,4.523893421169302,1.5707963267948968,4.649557127312894,2606.821829546417
24,37,1.5079644737231008,4.649557127312894,1.5707963267948968,4.775220833456486,1322.56688754479
24,38,1.5079644737231008,4.775220833456486,1.5707963267948968,4.900884539600078,2525.3439936559116
24,39,1.5079644737231008,4.900884539600078,1.5707963267948968,5.026548245743669,2956.508631209346
24,40,1.5079644737231008,5.026548245743669,1.5707963267948968,5.152211951887261,1980.561561926364
24,41,1.5079644737231008,5.152211951887261,1.5707963267948968,5.277875658030853,2231.927465963117
24,42,1.5079644737231008,5.277875658030853,1.5707963267948968,5.403539364174445,2284.3196534839367
24,43,1.5079644737231008,5.403539364174445,1.5707963267948968,5.529203070318037,3128.766641074585
24,44,1.5079644737231008,5.529203070318037,1.5707963267948968,5.6548667764616285,2762.870451932451
24,45,1.5079644737231008,5.6548667764616285,1.5707963267948968,5.7805304826052195,1876.9178005462961
24,46,1.5079644737231008,5.7805304826052195,1.5707963267948968,5.906194188748811,1778.672943830899
24,47,1.5079644737231008,5.906194188748811,1.5707963267948968,6.031857894892403,1434.3723733475647
24,48,1.5079644737231008,6.031857894892403,1.5707963267948968,6.157521601035995,2171.9945547908987
24,49,1.5079644737231008,6.157521601035995,1.5707963267948968,6.283185307179586,1987.4559378362312
25,0,1.5707963267948968,0.0,1.6336281798666925,0.12566370614359174,3172.109960213739
25,1,1.5707963267948968,0.12566370614359174,1.6336281798666925,0.25132741228718347,1904.5079776708255
25,2,1.5707963267948968,0.25132741228718347,1.6336281798666925,0.3769911184307752,2425.476930844107
25,3,1.5707963267948968,0.3769911184307752,1.6336281798666925,0.5026548245743669,1686.8155236202392
25,4,1.5707963267948968,0.5026548245743669,1.6336281798666925,0.6283185307179586,2514.2420206834445
25,5,1.5707963267948968,0.6283185307179586,1.6336281798666925,0.7539822368615504,2819.9645024359174
25,6,1.5707963267948968,0.7539822368615504,1.6336281798666925,0.8796459430051422,2835.172684590002
25,7,1.5707963267948968,0.8796459430051422,1.6336281798666925,1.0053096491487339,3202.5770184624207
25,8,1.5707963267948968,1.0053096491487339,1.6336281798666925,1.1309733552923256,3551.7188602648093
25,9,1.5707963267948968,1.1309733552923256,1.6336281798666925,1.2566370614359172,2476.7411781885003
25,10,1.5707963267948968,1.2566370614359172,1.6336281798666925,1.3823007675795091,2391.702092976909
25,11,1.5707963267948968,1.3823007675795091,1.6336281798666925,1.5079644737231008,2748.1185152430016
25,12,1.5707963267948968,1.5079644737231008,1.6336281798666925,1.6336281798666925,1973.122226156004
25,13,1.5707963267948968,1.6336281798666925,1.6336281798666925,1.7592918860102844,2797.6464951247963
25,14,1.5707963267948968,1.7592918860102844,1.6336281798666925,1.884955592153876,2706.6762188731223
25,15,1.5707963267948968,1.884955592153876,1.6336281798666925,2.0106192982974678,2525.5594429031094
25,16,1.5707963267948968,2.0106192982974678,1.6336281798666925,2.1362830044410597,2541.033768244884
25,17,1.5707963267948968,2.1362830044410597,1.6336281798666925,2.261946710584651,2670.1005407925536
25,18,1.5707963267948968,2.261946710584651,1.6336281798666925,2.387610416728243,2657.0088306549032
25,19,1.5707963267948968,2.387610416728243,1.6336281798666925,2.5132741228718345,2421.2693337814803
25,20,1.5707963267948968,2.5132741228718345,1.6336281798666925,2.6389378290154264,2214.400036030544
25,21,1.5707963267948968,2.6389378290154264,1.6336281798666925,2.7646015351590183,1653.471584247408
25,22,1.5707963267948968,2.7646015351590183,1.6336281798666925,2.8902652413026098,1512.8719402329054
25,23,1.5707963267948968,2.8902652413026098,1.6336281798666925,3.0159289474462017,2477.197423653116
25,24,1.5707963267948968,3.0159289474462017,1.6336281798666925,3.1415926535897936,2823.373669935453
25,25,1.5707963267948968,3.1415926535897936,1.6336281798666925,3.267256359733385,2548.6758797773196
25,26,1.5707963267948968,3.267256359733385,1.6336281798666925,3.392920065876977,2589.167664762559
25,27,1.5707963267948968,3.392920065876977,1.6336281798666925,3.518583772020569,1787.6457713018144
25,28,1.5707963267948968,3.518583772020569,1.6336281798666925,3.6442474781641603,1672.557852850789
25,29,1.5707963267948968,3.6442474781641603,1.6336281798666925,3.769911184307752,1687.8040554602528
25,30,1.5707963267948968,3.769911184307752,1.6336281798666925,3.8955748904513436,2592.069892856975
25,31,1.5707963267948968,3.8955748904513436,1.6336281798666925,4.0212385965949355,2264.1814856149113
25,32,1.5707963267948968,4.0212385965949355,1.6336281798666925,4.1469023027385274,1948.472297581254
25,33,1.5707963267948968,4.1469023027385274,1.6336281798666925,4.272566008882119,2317.1313064813808
25,34,1.5707963267948968,4.272566008882119,1.6336281798666925,4.39822971502571,3022.0685697785857
25,35,1.5707963267948968,4.39822971502571,1.6336281798666925,4.523893421169302,2435.97057653042
25,36,1.5707963267948968,4.523893421169302,1.6336281798666925,4.649557127312894,2278.375788958724
25,37,1.5707963267948968,4.649557127312894,1.6336281798666925,4.775220833456486,2250.101243637256
25,38,1.5707963267948968,4.775220833456486,1.6336281798666925,4.900884539600078,2431.0659377857287
25,39,1.5707963267948968,4.900884539600078,1.6336281798666925,5.026548245743669,2829.178126124286
25,40,1.5707963267948968,5.026548245743669,1.6336281798666925,5.152211951887261,2992.2732062416894
25,41,1.5707963267948968,5.152211951887261,1.6336281798666925,5.277875658030853,2462.774997576994
25,42,1.5707963267948968,5.277875658030853,1.6336281798666925,5.403539364174445,2338.384741041714
25,43,1.5707963267948968,5.403539364174445,1.6336281798666925,5.529203070318037,2823.8045684298236
25,44,1.5707963267948968,5.529203070318037,1.6336281798666925,5.6548667764616285,2287.29792248912
25,45,1.5707963267948968,5.6548667764616285,1.6336281798666925,5.7805304826052195,2404.2741902243006
25,46,1.5707963267948968,5.7805304826052195,1.6336281798666925,5.906194188748811,2319.450554259879
25,47,1.5707963267948968,5.906194188748811,1.6336281798666925,6.031857894892403,2172.8056578391247
25,48,1.5707963267948968,6.031857894892403,1.6336281798666925,6.157521601035995,1796.1243328527173
25,49,1.5707963267948968,6.157521601035995,1.6336281798666925,6.283185307179586,2979.485659747153
26,0,1.6336281798666925,0.0,1.6964600329384885,0.12566370614359174,2864.4992503183666
26,1,1.6336281798666925,0.12566370614359174,1.6964600329384885,0.25132741228718347,2972.8161063620046
26,2,1.6336281798666925,0.25132741228718347,1.6964600329384885,0.3769911184307752,1799.8055019312467
26,3,1.6336281798666925,0.3769911184307752,1.6964600329384885,0.5026548245743669,1614.7011178453963
26,4,1.6336281798666925,0.5026548245743669,1.6964600329384885,0.6283185307179586,2500.041594437481
26,5,1.6336281798666925,0.6283185307179586,1.6964600329384885,0.7539822368615504,1888.311557450984
26,6,1.6336281798666925,0.7539822368615504,1.6964600329384885,0.8796459430051422,3164.676775019585
26,7,1.6336281798666925,0.8796459430051422,1.6964600329384885,1.0053096491487339,2335.167892967557
26,8,1.6336281798666925,1.0053096491487339,1.6964600329384885,1.1309733552923256,2196.7213158959225
26,9,1.6336281798666925,1.1309733552923256,1.6964600329384885,1.2566370614359172,2361.8240439614997
26,10,1.6336281798666925,1.2566370614359172,1.6964600329384885,1.3823007675795091,2391.330303701329
26,11,1.6336281798666925,1.3823007675795091,1.6964600329384885,1.5079644737231008,2280.964931996584
26,12,1.6336281798666925,1.5079644737231008,1.6964600329384885,1.6336281798666925,2472.571126659
26,13,1.6336281798666925,1.6336281798666925,1.6964600329384885,1.7592918860102844,2626.5660648354483
26,14,1.6336281798666925,1.7592918860102844,1.6964600329384885,1.884955592153876,3019.333952678875
26,15,1.6336281798666925,1.884955592153876,1.6964600329384885,2.0106192982974678,2476.7445001797696
26,16,1.6336281798666925,2.0106192982974678,1.6964600329384885,2.1362830044410597,1717.177795699907
26,17,1.6336281798666925,2.1362830044410597,1.6964600329384885,2.261946710584651,2990.858312619481
26,18,1.6336281798666925,2.261946710584651,1.6964600329384885,2.387610416728243,2851.7628268601557
26,19,1.6336281798666925,2.387610416728243,1.6964600329384885,2.5132741228718345,1713.3861331718954
26,20,1.6336281798666925,2.5132741228718345,1.6964600329384885,2.6389378290154264,2356.7218403583593
26,21,1.6336281798666925,2.6389378290154264,1.6964600329384885,2.7646015351590183,1842.6589227176844
26,22,1.6336281798666925,2.7646015351590183,1.6964600329384885,2.8902652413026098,1273.909543515222
26,23,1.6336281798666925,2.8902652413026098,1.6964600329384885,3.0159289474462017,2279.0054822337775
26,24,1.6336281798666925,3.0159289474462017,1.6964600329384885,3.1415926535897936,2533.950254293729
26,25,1.6336281798666925,3.1415926535897936,1.6964600329384885,3.267256359733385,2721.802957527412
26,26,1.6336281798666925,3.267256359733385,1.6964600329384885,3.392920065876977,1843.4605158024658
26,27,1.6336281798666925,3.392920065876977,1.6964600329384885,3.518583772020569,1736.6196089308085
26,28,1.6336281798666925,3.518583772020569,1.6964600329384885,3.6442474781641603,1342.9483384045416
26,29,1.6336281798666925,3.6442474781641603,1.6964600329384885,3.769911184307752,2660.576514289769
26,30,1.6336281798666925,3.769911184307752,1.6964600329384885,3.8955748904513436,2533.0468716108894
26,31,1.6336281798666925,3.8955748904513436,1.6964600329384885,4.0212385965949355,2664.8007826095723
26,32,1.6336281798666925,4.0212385965949355,1.6964600329384885,4.1469023027385274,1933.633375990562
26,33,1.6336281798666925,4.1469023027385274,1.6964600329384885,4.272566008882119,2139.553732881228
26,34,1.6336281798666925,4.272566008882119,1.6964600329384885,4.39822971502571,3106.1732035302753
26,35,1.6336281798666925,4.39822971502571,1.6964600329384885,4.523893421169302,3615.8973395532967
26,36,1.6336281798666925,4.523893421169302,1.6964600329384885,4.649557127312894,2767.7355136553892
26,37,1.6336281798666925,4.649557127312894,1.6964600329384885,4.775220833456486,2143.38356650852
26,38,1.6336281798666925,4.775220833456486,1.6964600329384885,4.900884539600078,2649.9903960907445
26,39,1.6336281798666925,4.900884539600078,1.6964600329384885,5.026548245743669,3094.5691893505764
26,40,1.6336281798666925,5.026548245743669,1.6964600329384885,5.152211951887261,2555.9240837765647
26,41,1.6336281798666925,5.152211951887261,1.6964600329384885,5.277875658030853,2061.2775319672764
26,42,1.6336281798666925,5.277875658030853,1.6964600329384885,5.403539364174445,2961.0466840854374
26,43,1.6336281798666925,5.403539364174445,1.6964600329384885,5.529203070318037,3139.992797488201
26,44,1.6336281798666925,5.529203070318037,1.6964600329384885,5.6548667764616285,2568.1642829441885
26,45,1.6336281798666925,5.6548667764616285,1.6964600329384885,5.7805304826052195,1761.8888766510918
26,46,1.6336281798666925,5.7805304826052195,1.6964600329384885,5.906194188748811,1242.0493993200723
26,47,1.6336281798666925,5.906194188748811,1.6964600329384885,6.031857894892403,1941.0767403492528
26,48,1.6336281798666925,6.031857894892403,1.6964600329384885,6.157521601035995,1822.975359191371
26,49,1.6336281798666925,6.157521601035995,1.6964600329384885,6.283185307179586,3244.0726615123012
27,0,1.6964600329384885,0.0,1.7592918860102844,0.12566370614359174,2735.5746134917267
27,1,1.6964600329384885,0.12566370614359174,1.7592918860102844,0.25132741228718347,2908.7266958213863
27,2,1.6964600329384885,0.25132741228718347,1.7592918860102844,0.3769911184307752,1617.1078371131366
27,3,1.6964600329384885,0.3769911184307752,1.7592918860102844,0.5026548245743669,2295.40332116995
27,4,1.6964600329384885,0.5026548245743669,1.7592918860102844,0.6283185307179586,2251.9261299176333
27,5,1.6964600329384885,0.6283185307179586,1.7592918860102844,0.7539822368615504,2865.14690352776
27,6,1.6964600329384885,0.7539822368615504,1.7592918860102844,0.8796459430051422,2525.58875733414
27,7,1.6964600329384885,0.8796459430051422,1.7592918860102844,1.0053096491487339,3237.370656246357
27,8,1.6964600329384885,1.0053096491487339,1.7592918860102844,1.1309733552923256,2840.099424319571
27,9,1.6964600329384885,1.1309733552923256,1.7592918860102844,1.2566370614359172,2259.0953776787096
27,10,1.6964600329384885,1.2566370614359172,1.7592918860102844,1.3823007675795091,2503.3499816316257
27,11,1.6964600329384885,1.3823007675795091,1.7592918860102844,1.5079644737231008,1809.651516249142
27,12,1.6964600329384885,1.5079644737231008,1.7592918860102844,1.6336281798666925,2575.119410023362
27,13,1.6964600329384885,1.6336281798666925,1.7592918860102844,1.7592918860102844,2167.998478131446
27,14,1.6964600329384885,1.7592918860102844,1.7592918860102844,1.884955592153876,2620.3536441080014
27,15,1.6964600329384885,1.884955592153876,1.7592918860102844,2.0106192982974678,2878.651765589324
27,16,1.6964600329384885,2.0106192982974678,1.7592918860102844,2.1362830044410597,2173.1285301966163
27,17,1.6964600329384885,2.1362830044410597,1.7592918860102844,2.261946710584651,2426.9891566415745
27,18,1.6964600329384885,2.261946710584651,1.7592918860102844,2.387610416728243,2741.858927271555
27,19,1.6964600329384885,2.387610416728243,1.7592918860102844,2.5132741228718345,2294.954441614255
27,20,1.6964600329384885,2.5132741228718345,1.7592918860102844,2.6389378290154264,2492.14081786923
27,21,1.6964600329384885,2.6389378290154264,1.7592918860102844,2.7646015351590183,2293.030672089807
27,22,1.6964600329384885,2.7646015351590183,1.7592918860102844,2.8902652413026098,2801.5599081799833
27,23,1.6964600329384885,2.8902652413026098,1.7592918860102844,3.0159289474462017,2661.150383156263
27,24,1.6964600329384885,3.0159289474462017,1.7592918860102844,3.1415926535897936,2459.4752113442555
27,25,1.6964600329384885,3.1415926535897936,1.7592918860102844,3.267256359733385,2230.5722881963657
27,26,1.6964600329384885,3.267256359733385,1.7592918860102844,3.392920065876977,2100.615244255432
27,27,1.6964600329384885,3.392920065876977,1.7592918860102844,3.518583772020569,2318.9502601490785
27,28,1.6964600329384885,3.518583772020569,1.7592918860102844,3.6442474781641603,2409.239176496084
27,29,1.6964600329384885,3.6442474781641603,1.7592918860102844,3.769911184307752,2606.053623976333
27,30,1.6964600329384885,3.769911184307752,1.7592918860102844,3.8955748904513436,2939.4172323012713
27,31,1.6964600329384885,3.8955748904513436,1.7592918860102844,4.0212385965949355,2029.5383728924983
27,32,1.6964600329384885,4.0212385965949355,1.7592918860102844,4.1469023027385274,3082.071155103482
27,33,1.6964600329384885,4.1469023027385274,1.7592918860102844,4.272566008882119,2613.068970175454
27,34,1.6964600329384885,4.272566008882119,1.7592918860102844,4.39822971502571,1958.0382722342017
27,35,1.6964600329384885,4.39822971502571,1.7592918860102844,4.523893421169302,2148.6325315854265
27,36,1.6964600329384885,4.523893421169302,1.7592918860102844,4.649557127312894,2970.4283970352158
27,37,1.6964600329384885,4.649557127312894,1.7592918860102844,4.775220833456486,1766.7771061144774
27,38,1.6964600329384885,4.775220833456486,1.7592918860102844,4.900884539600078,2014.9690250274152
27,39,1.6964600329384885,4.900884539600078,1.7592918860102844,5.026548245743669,2764.5081071393015
27,40,1.6964600329384885,5.026548245743669,1.7592918860102844,5.152211951887261,2605.053263823626
27,41,1.6964600329384885,5.152211951887261,1.7592918860102844,5.277875658030853,3622.6503914708037
27,42,1.6964600329384885,5.277875658030853,1.7592918860102844,5.403539364174445,2458.8211297059474
27,43,1.6964600329384885,5.403539364174445,1.7592918860102844,5.529203070318037,2743.3979428911057
27,44,1.6964600329384885,5.529203070318037,1.7592918860102844,5.6548667764616285,1805.9707038923782
27,45,1.6964600329384885,5.6548667764616285,1.7592918860102844,5.7805304826052195,2939.09660404721
27,46,1.6964600329384885,5.7805304826052195,1.7592918860102844,5.906194188748811,2101.628429538304
27,47,1.6964600329384885,5.906194188748811,1.7592918860102844,6.031857894892403,2271.25360107316
27,48,1.6964600329384885,6.031857894892403,1.7592918860102844,6.157521601035995,2025.9601615770423
27,49,1.6964600329384885,6.157521601035995,1.7592918860102844,6.283185307179586,2384.5764511927896
28,0,1.7592918860102844,0.0,1.8221237390820801,0.12566370614359174,2585.5557404390997
28,1,1.7592918860102844,0.12566370614359174,1.8221237390820801,0.25132741228718347,1939.9131454284975
28,2,1.7592918860102844,0.25132741228718347,1.8221237390820801,0.3769911184307752,2142.437398774772
28,3,1.7592918860102844,0.3769911184307752,1.8221237390820801,0.5026548245743669,2127.822112658775
28,4,1.7592918860102844,0.5026548245743669,1.8221237390820801,0.6283185307179586,2791.80520436734
28,5,1.7592918860102844,0.6283185307179586,1.8221237390820801,0.7539822368615504,1919.3660780025432
28,6,1.7592918860102844,0.7539822368615504,1.8221237390820801,0.8796459430051422,3209.379244898198
28,7,1.7592918860102844,0.8796459430051422,1.8221237390820801,1.0053096491487339,2965.1767644484903
28,8,1.7592918860102844,1.0053096491487339,1.8221237390820801,1.1309733552923256,3330.9353323549635
28,9,1.7592918860102844,1.1309733552923256,1.8221237390820801,1.2566370614359172,2490.41360257919
28,10,1.7592918860102844,1.2566370614359172,1.8221237390820801,1.3823007675795091,2689.4982015553533
28,11,1.7592918860102844,1.3823007675795091,1.8221237390820801,1.5079644737231008,2279.3616023606137
28,12,1.7592918860102844,1.5079644737231008,1.8221237390820801,1.6336281798666925,1908.1904462566556
28,13,1.7592918860102844,1.6336281798666925,1.8221237390820801,1.7592918860102844,1994.5063012045937
28,14,1.7592918860102844,1.7592918860102844,1.8221237390820801,1.884955592153876,3168.8692022978194
28,15,1.7592918860102844,1.884955592153876,1.8221237390820801,2.0106192982974678,2000.3861632033068
28,16,1.7592918860102844,2.0106192982974678,1.8221237390820801,2.1362830044410597,3183.406609446941
28,17,1.7592918860102844,2.1362830044410597,1.8221237390820801,2.261946710584651,2653.738775934073
28,18,1.7592918860102844,2.261946710584651,1.8221237390820801,2.387610416728243,2204.571834509478
28,19,1.7592918860102844,2.387610416728243,1.8221237390820801,2.5132741228718345,3032.0747969901026
28,20,1.7592918860102844,2.5132741228718345,1.8221237390820801,2.6389378290154264,1945.118056380996
28,21,1.7592918860102844,2.6389378290154264,1.8221237390820801,2.7646015351590183,1624.7759059877342
28,22,1.7592918860102844,2.7646015351590183,1.8221237390820801,2.8902652413026098,2401.3330443073555
28,23,1.7592918860102844,2.8902652413026098,1.8221237390820801,3.0159289474462017,2309.578641506295
28,24,1.7592918860102844,3.0159289474462017,1.8221237390820801,3.1415926535897936,2624.300526457081
28,25,1.7592918860102844,3.1415926535897936,1.8221237390820801,3.267256359733385,3282.338857027885
28,26,1.7592918860102844,3.267256359733385,1.8221237390820801,3.392920065876977,2647.690176173801
28,27,1.7592918860102844,3.392920065876977,1.8221237390820801,3.518583772020569,2998.028708639948
28,28,1.7592918860102844,3.518583772020569,1.8221237390820801,3.6442474781641603,2028.8898650778465
28,29,1.7592918860102844,3.6442474781641603,1.8221237390820801,3.769911184307752,2508.9098572108855
28,30,1.7592918860102844,3.769911184307752,1.8221237390820801,3.8955748904513436,2696.9226630636663
28,31,1.7592918860102844,3.8955748904513436,1.8221237390820801,4.0212385965949355,2834.197322000412
28,32,1.7592918860102844,4.0212385965949355,1.8221237390820801,4.1469023027385274,2249.9233528836266
28,33,1.7592918860102844,4.1469023027385274,1.8221237390820801,4.272566008882119,3508.745993547713
28,34,1.7592918860102844,4.272566008882119,1.8221237390820801,4.39822971502571,2984.4518087489105
28,35,1.7592918860102844,4.39822971502571,1.8221237390820801,4.523893421169302,2050.760874940588
28,36,1.7592918860102844,4.523893421169302,1.8221237390820801,4.649557127312894,2355.124857297623
28,37,1.7592918860102844,4.649557127312894,1.8221237390820801,4.775220833456486,2141.90522583449
28,38,1.7592918860102844,4.775220833456486,1.8221237390820801,4.900884539600078,1995.142312767366
28,39,1.7592918860102844,4.900884539600078,1.8221237390820801,5.026548245743669,2003.734958778739
28,40,1.7592918860102844,5.026548245743669,1.8221237390820801,5.152211951887261,2310.3314715193737
28,41,1.7592918860102844,5.152211951887261,1.8221237390820801,5.277875658030853,2581.5060341618387
28,42,1.7592918860102844,5.277875658030853,1.8221237390820801,5.403539364174445,1950.5695840619178
28,43,1.7592918860102844,5.403539364174445,1.8221237390820801,5.529203070318037,1806.7660717358665
28,44,1.7592918860102844,5.529203070318037,1.8221237390820801,5.6548667764616285,2715.2631597616196
28,45,1.7592918860102844,5.6548667764616285,1.8221237390820801,5.7805304826052195,2719.377765177955
28,46,1.7592918860102844,5.7805304826052195,1.8221237390820801,5.906194188748811,2506.6513671716484
28,47,1.7592918860102844,5.906194188748811,1.8221237390820801,6.031857894892403,1607.266118269723
28,48,1.7592918860102844,6.031857894892403,1.8221237390820801,6.157521601035995,2552.2105627907877
28,49,1.7592918860102844,6.157521601035995,1.8221237390820801,6.283185307179586,2963.4374675217387
29,0,1.8221237390820801,0.0,1.884955592153876,0.12566370614359174,3018.0606363058228
29,1,1.8221237390820801,0.12566370614359174,1.884955592153876,0.25132741228718347,2218.198125854739
29,2,1.8221237390820801,0.25132741228718347,1.884955592153876,0.3769911184307752,2397.648454732759
29,3,1.8221237390820801,0.3769911184307752,1.884955592153876,0.5026548245743669,2230.149169515683
29,4,1.8221237390820801,0.5026548245743669,1.884955592153876,0.6283185307179586,3095.2279712026484
29,5,1.8221237390820801,0.6283185307179586,1.884955592153876,0.7539822368615504,2399.2973294100398
29,6,1.8221237390820801,0.7539822368615504,1.884955592153876,0.8796459430051422,2534.584198931723
29,7,1.8221237390820801,0.8796459430051422,1.884955592153876,1.0053096491487339,2294.6663378883964
29,8,1.8221237390820801,1.0053096491487339,1.884955592153876,1.1309733552923256,2491.818985301724
29,9,1.8221237390820801,1.1309733552923256,1.884955592153876,1.2566370614359172,2402.489550785261
29,10,1.8221237390820801,1.2566370614359172,1.884955592153876,1.3823007675795091,2212.6710979364852
29,11,1.8221237390820801,1.3823007675795091,1.884955592153876,1.5079644737231008,1358.9761270214856
29,12,1.8221237390820801,1.5079644737231008,1.884955592153876,1.6336281798666925,1768.8072258094312
29,13,1.8221237390820801,1.6336281798666925,1.884955592153876,1.7592918860102844,1447.9889775999072
29,14,1.8221237390820801,1.7592918860102844,1.884955592153876,1.884955592153876,2304.98169786948
29,15,1.8221237390820801,1.884955592153876,1.884955592153876,2.0106192982974678,3107.0602958868276
29,16,1.8221237390820801,2.0106192982974678,1.884955592153876,2.1362830044410597,2372.387694676788
29,17,1.8221237390820801,2.1362830044410597,1.884955592153876,2.261946710584651,2569.7250160539793
29,18,1.8221237390820801,2.261946710584651,1.884955592153876,2.387610416728243,2761.1791525826075
29,19,1.8221237390820801,2.387610416728243,1.884955592153876,2.5132741228718345,2368.206148495207
29,20,1.8221237390820801,2.5132741228718345,1.884955592153876,2.6389378290154264,2830.1812600775297
29,21,1.8221237390820801,2.6389378290154264,1.884955592153876,2.7646015351590183,2829.4953282117795
29,22,1.8221237390820801,2.7646015351590183,1.884955592153876,2.8902652413026098,2302.3566893832476
29,23,1.8221237390820801,2.8902652413026098,1.884955592153876,3.0159289474462017,2815.6975449122783
29,24,1.8221237390820801,3.0159289474462017,1.884955592153876,3.1415926535897936,2221.65416717832
29,25,1.8221237390820801,3.1415926535897936,1.884955592153876,3.267256359733385,2740.4824776333626
29,26,1.8221237390820801,3.267256359733385,1.884955592153876,3.392920065876977,2963.7269179399996
29,27,1.8221237390820801,3.392920065876977,1.884955592153876,3.518583772020569,2863.554483545727
29,28,1.8221237390820801,3.518583772020569,1.884955592153876,3.6442474781641603,2667.931991832929
29,29,1.8221237390820801,3.6442474781641603,1.884955592153876,3.769911184307752,2823.0581214716663
29,30,1.8221237390820801,3.769911184307752,1.884955592153876,3.8955748904513436,2816.106465832252
29,31,1.8221237390820801,3.8955748904513436,1.884955592153876,4.0212385965949355,2481.8070182612596
29,32,1.8221237390820801,4.0212385965949355,1.884955592153876,4.1469023027385274,2827.3451956326007
29,33,1.8221237390820801,4.1469023027385274,1.884955592153876,4.272566008882119,2422.1705189333024
29,34,1.8221237390820801,4.272566008882119,1.884955592153876,4.39822971502571,2288.2291311482986
29,35,1.8221237390820801,4.39822971502571,1.884955592153876,4.523893421169302,2220.9154713228977
29,36,1.8221237390820801,4.523893421169302,1.884955592153876,4.649557127312894,1597.0604394236714
29,37,1.8221237390820801,4.649557127312894,1.884955592153876,4.775220833456486,1238.014680696031
29,38,1.8221237390820801,4.775220833456486,1.884955592153876,4.900884539600078,2226.191870290201
29,39,1.8221237390820801,4.900884539600078,1.884955592153876,5.026548245743669,2545.8888837191894
29,40,1.8221237390820801,5.026548245743669,1.884955592153876,5.152211951887261,2496.0664864703995
29,41,1.8221237390820801,5.152211951887261,1.884955592153876,5.277875658030853,2113.923291263384
29,42,1.8221237390820801,5.277875658030853,1.884955592153876,5.403539364174445,3033.1379463548897
29,43,1.8221237390820801,5.403539364174445,1.884955592153876,5.529203070318037,3095.86113907872
29,44,1.8221237390820801,5.529203070318037,1.884955592153876,5.6548667764616285,2647.208934888833
29,45,1.8221237390820801,5.6548667764616285,1.884955592153876,5.7805304826052195,2644.913701338075
29,46,1.8221237390820801,5.7805304826052195,1.884955592153876,5.906194188748811,2375.184186129458
29,47,1.8221237390820801,5.906194188748811,1.884955592153876,6.031857894892403,1972.8719558699213
29,48,1.8221237390820801,6.031857894892403,1.884955592153876,6.157521601035995,2278.903095973573
29,49,1.8221237390820801,6.157521601035995,1.884955592153876,6.283185307179586,2442.194453014241
30,0,1.884955592153876,0.0,1.9477874452256718,0.12566370614359174,2134.678798571466
30,1,1.884955592153876,0.12566370614359174,1.9477874452256718,0.25132741228718347,2396.429621315504
30,2,1.884955592153876,0.25132741228718347,1.9477874452256718,0.3769911184307752,2654.626168923012
30,3,1.884955592153876,0.3769911184307752,1.9477874452256718,0.5026548245743669,2895.8187411614363
30,4,1.884955592153876,0.5026548245743669,1.9477874452256718,0.6283185307179586,3327.138106877453
30,5,1.884955592153876,0.6283185307179586,1.9477874452256718,0.7539822368615504,2773.6270701798035
30,6,1.884955592153876,0.7539822368615504,1.9477874452256718,0.8796459430051422,2592.2109434193912
30,7,1.884955592153876,0.8796459430051422,1.9477874452256718,1.0053096491487339,2346.615916750494
30,8,1.884955592153876,1.0053096491487339,1.9477874452256718,1.1309733552923256,3165.2974196947475
30,9,1.884955592153876,1.1309733552923256,1.9477874452256718,1.2566370614359172,1988.7515705227772
30,10,1.884955592153876,1.2566370614359172,1.9477874452256718,1.3823007675795091,2416.785924370176
30,11,1.884955592153876,1.3823007675795091,1.9477874452256718,1.5079644737231008,1618.285703356453
30,12,1.884955592153876,1.5079644737231008,1.9477874452256718,1.6336281798666925,1871.4739541806682
30,13,1.884955592153876,1.6336281798666925,1.9477874452256718,1.7592918860102844,1475.9127504442909
30,14,1.884955592153876,1.7592918860102844,1.9477874452256718,1.884955592153876,2107.4832085116523
30,15,1.884955592153876,1.884955592153876,1.9477874452256718,2.0106192982974678,2303.4395517396883
30,16,1.884955592153876,2.0106192982974678,1.9477874452256718,2.1362830044410597,2906.952777289883
30,17,1.884955592153876,2.1362830044410597,1.9477874452256718,2.261946710584651,3364.956132856679
30,18,1.884955592153876,2.261946710584651,1.9477874452256718,2.387610416728243,2013.9142229098031
30,19,1.884955592153876,2.387610416728243,1.9477874452256718,2.5132741228718345,2678.9810315062914
30,20,1.884955592153876,2.5132741228718345,1.9477874452256718,2.6389378290154264,2834.5478845464713
30,21,1.884955592153876,2.6389378290154264,1.9477874452256718,2.7646015351590183,2027.4581652861261
30,22,1.884955592153876,2.7646015351590183,1.9477874452256718,2.8902652413026098,2286.9067870894646
30,23,1.884955592153876,2.8902652413026098,1.9477874452256718,3.0159289474462017,2951.8524272153722
30,24,1.884955592153876,3.0159289474462017,1.9477874452256718,3.1415926535897936,2126.641290024082
30,25,1.884955592153876,3.1415926535897936,1.9477874452256718,3.267256359733385,2753.5804198832416
30,26,1.884955592153876,3.267256359733385,1.9477874452256718,3.392920065876977,2567.034827868965
30,27,1.884955592153876,3.392920065876977,1.9477874452256718,3.518583772020569,2514.7842907292875
30,28,1.884955592153876,3.518583772020569,1.9477874452256718,3.6442474781641603,2857.1659990516728
30,29,1.884955592153876,3.6442474781641603,1.9477874452256718,3.769911184307752,3139.5019986281054
30,30,1.884955592153876,3.769911184307752,1.9477874452256718,3.8955748904513436,2182.217228522566
30,31,1.884955592153876,3.8955748904513436,1.9477874452256718,4.0212385965949355,1983.3797683277899
30,32,1.884955592153876,4.0212385965949355,1.9477874452256718,4.1469023027385274,2265.190704531791
30,33,1.884955592153876,4.1469023027385274,1.9477874452256718,4.272566008882119,3299.9290536542335
30,34,1.884955592153876,4.272566008882119,1.9477874452256718,4.39822971502571,2674.8882298339313
30,35,1.884955592153876,4.39822971502571,1.9477874452256718,4.523893421169302,2944.8515822494796
30,36,1.884955592153876,4.523893421169302,1.9477874452256718,4.649557127312894,1977.2540289826331
30,37,1.884955592153876,4.649557127312894,1.9477874452256718,4.775220833456486,1414.4130200515958
30,38,1.884955592153876,4.775220833456486,1.9477874452256718,4.900884539600078,2017.4011822293535
30,39,1.884955592153876,4.900884539600078,1.9477874452256718,5.026548245743669,2541.1990173121567
30,40,1.884955592153876,5.026548245743669,1.9477874452256718,5.152211951887261,2531.06125527499
30,41,1.884955592153876,5.152211951887261,1.9477874452256718,5.277875658030853,2500.001737320536
30,42,1.884955592153876,5.277875658030853,1.9477874452256718,5.403539364174445,2577.468779500825
30,43,1.884955592153876,5.403539364174445,1.9477874452256718,5.529203070318037,1750.803620662773
30,44,1.884955592153876,5.529203070318037,1.9477874452256718,5.6548667764616285,2491.6411128516515
30,45,1.884955592153876,5.6548667764616285,1.9477874452256718,5.7805304826052195,2701.1144721292403
30,46,1.884955592153876,5.7805304826052195,1.9477874452256718,5.906194188748811,1885.7583705437646
30,47,1.884955592153876,5.906194188748811,1.9477874452256718,6.031857894892403,2891.4970657113345
30,48,1.884955592153876,6.031857894892403,1.9477874452256718,6.157521601035995,3598.1650492012964
30,49,1.884955592153876,6.157521601035995,1.9477874452256718,6.283185307179586,2435.755521595085
31,0,1.9477874452256718,0.0,2.0106192982974678,0.12566370614359174,2618.083756577867
31,1,1.9477874452256718,0.12566370614359174,2.0106192982974678,0.25132741228718347,2311.9875673061474
31,2,1.9477874452256718,0.25132741228718347,2.0106192982974678,0.3769911184307752,2972.7782541160655
31,3,1.9477874452256718,0.3769911184307752,2.0106192982974678,0.5026548245743669,2262.298868141329
31,4,1.9477874452256718,0.5026548245743669,2.0106192982974678,0.6283185307179586,1930.7648253805116
31,5,1.9477874452256718,0.6283185307179586,2.0106192982974678,0.7539822368615504,2619.2017523090726
31,6,1.9477874452256718,0.7539822368615504,2.0106192982974678,0.8796459430051422,1979.708194057856
31,7,1.9477874452256718,0.8796459430051422,2.0106192982974678,1.0053096491487339,2203.983658704842
31,8,1.9477874452256718,1.0053096491487339,2.0106192982974678,1.1309733552923256,2830.6823769211173
31,9,1.9477874452256718,1.1309733552923256,2.0106192982974678,1.2566370614359172,2004.566346056703
31,10,1.9477874452256718,1.2566370614359172,2.0106192982974678,1.3823007675795091,2367.721724869351
31,11,1.9477874452256718,1.3823007675795091,2.0106192982974678,1.5079644737231008,1785.1631344111595
31,12,1.9477874452256718,1.5079644737231008,2.0106192982974678,1.6336281798666925,1861.7527432071538
31,13,1.9477874452256718,1.6336281798666925,2.0106192982974678,1.7592918860102844,2776.0524126726837
31,14,1.9477874452256718,1.7592918860102844,2.0106192982974678,1.884955592153876,2219.0282926186364
31,15,1.9477874452256718,1.884955592153876,2.0106192982974678,2.0106192982974678,2501.784595699324
31,16,1.9477874452256718,2.0106192982974678,2.0106192982974678,2.1362830044410597,2567.125235101056
31,17,1.9477874452256718,2.1362830044410597,2.0106192982974678,2.261946710584651,2354.8302679193766
31,18,1.9477874452256718,2.261946710584651,2.0106192982974678,2.387610416728243,2214.8461604389263
31,19,1.9477874452256718,2.387610416728243,2.0106192982974678,2.5132741228718345,2339.164525266024
31,20,1.9477874452256718,2.5132741228718345,2.0106192982974678,2.6389378290154264,2830.3925261759878
31,21,1.9477874452256718,2.6389378290154264,2.0106192982974678,2.7646015351590183,2708.144523814098
31,22,1.9477874452256718,2.7646015351590183,2.0106192982974678,2.8902652413026098,2695.2944741134274
31,23,1.9477874452256718,2.8902652413026098,2.0106192982974678,3.0159289474462017,2560.4586679631084
31,24,1.9477874452256718,3.0159289474462017,2.0106192982974678,3.1415926535897936,2277.302094805815
31,25,1.9477874452256718,3.1415926535897936,2.0106192982974678,3.267256359733385,2552.052996354402
31,26,1.9477874452256718,3.267256359733385,2.0106192982974678,3.392920065876977,1877.4322882769368
31,27,1.9477874452256718,3.392920065876977,2.0106192982974678,3.518583772020569,2660.0569049557002
31,28,1.9477874452256718,3.518583772020569,2.0106192982974678,3.6442474781641603,2244.3143195269577
31,29,1.9477874452256718,3.6442474781641603,2.0106192982974678,3.769911184307752,2179.815627527728
31,30,1.9477874452256718,3.769911184307752,2.0106192982974678,3.8955748904513436,2383.5668989363617
31,31,1.9477874452256718,3.8955748904513436,2.0106192982974678,4.0212385965949355,2175.3160397700244
31,32,1.9477874452256718,4.0212385965949355,2.0106192982974678,4.1469023027385274,2104.6614700409386
31,33,1.9477874452256718,4.1469023027385274,2.0106192982974678,4.272566008882119,1752.0373349679423
31,34,1.9477874452256718,4.272566008882119,2.0106192982974678,4.39822971502571,3236.238779021103
31,35,1.9477874452256718,4.39822971502571,2.0106192982974678,4.523893421169302,1962.2205324351253
31,36,1.9477874452256718,4.523893421169302,2.0106192982974678,4.649557127312894,1669.7749330172983
31,37,1.9477874452256718,4.649557127312894,2.0106192982974678,4.775220833456486,1517.934549819473
31,38,1.9477874452256718,4.775220833456486,2.0106192982974678,4.900884539600078,2418.514617348943
31,39,1.9477874452256718,4.900884539600078,2.0106192982974678,5.026548245743669,2075.1381012871916
31,40,1.9477874452256718,5.026548245743669,2.0106192982974678,5.152211951887261,2414.2772755034994
31,41,1.9477874452256718,5.152211951887261,2.0106192982974678,5.277875658030853,3386.395267413874
31,42,1.9477874452256718,5.277875658030853,2.0106192982974678,5.403539364174445,2223.6935093735487
31,43,1.9477874452256718,5.403539364174445,2.0106192982974678,5.529203070318037,2224.07997703372
31,44,1.9477874452256718,5.529203070318037,2.0106192982974678,5.6548667764616285,2611.375782190613
31,45,1.9477874452256718,5.6548667764616285,2.0106192982974678,5.7805304826052195,1661.1622251620747
31,46,1.9477874452256718,5.7805304826052195,2.0106192982974678,5.906194188748811,2761.946343076449
31,47,1.9477874452256718,5.906194188748811,2.0106192982974678,6.031857894892403,2488.782719417858
31,48,1.9477874452256718,6.031857894892403,2.0106192982974678,6.157521601035995,2391.9863729615035
31,49,1.9477874452256718,6.157521601035995,2.0106192982974678,6.283185307179586,2435.422577481433
32,0,2.0106192982974678,0.0,2.0734511513692637,0.12566370614359174,1595.0216617950023
32,1,2.0106192982974678,0.12566370614359174,2.0734511513692637,0.25132741228718347,2673.3918193848212
32,2,2.0106192982974678,0.25132741228718347,2.0734511513692637,0.3769911184307752,2255.8880433744293
32,3,2.0106192982974678,0.3769911184307752,2.0734511513692637,0.5026548245743669,2743.1819251646075
32,4,2.0106192982974678,0.5026548245743669,2.0734511513692637,0.6283185307179586,1929.3857884674037
32,5,2.0106192982974678,0.6283185307179586,2.0734511513692637,0.7539822368615504,2301.168444048419
32,6,2.0106192982974678,0.7539822368615504,2.0734511513692637,0.8796459430051422,1604.9449646742628
32,7,2.0106192982974678,0.8796459430051422,2.0734511513692637,1.0053096491487339,2344.7286159997902
32,8,2.0106192982974678,1.0053096491487339,2.0734511513692637,1.1309733552923256,2433.6260556903603
32,9,2.0106192982974678,1.1309733552923256,2.0734511513692637,1.2566370614359172,2579.945014477399
32,10,2.0106192982974678,1.2566370614359172,2.0734511513692637,1.3823007675795091,2009.127630659055
32,11,2.0106192982974678,1.3823007675795091,2.0734511513692637,1.5079644737231008,2011.0611108762212
32,12,2.0106192982974678,1.5079644737231008,2.0734511513692637,1.6336281798666925,2231.0940029425824
32,13,2.0106192982974678,1.6336281798666925,2.0734511513692637,1.7592918860102844,2285.1603651916175
32,14,2.0106192982974678,1.7592918860102844,2.0734511513692637,1.884955592153876,2588.190738932946
32,15,2.0106192982974678,1.884955592153876,2.0734511513692637,2.0106192982974678,2432.630882049176
32,16,2.0106192982974678,2.0106192982974678,2.0734511513692637,2.1362830044410597,2429.090907239807
32,17,2.0106192982974678,2.1362830044410597,2.0734511513692637,2.261946710584651,2651.512216045026
32,18,2.0106192982974678,2.261946710584651,2.0734511513692637,2.387610416728243,1417.738586000756
32,19,2.0106192982974678,2.387610416728243,2.0734511513692637,2.5132741228718345,2069.5488874453918
32,20,2.0106192982974678,2.5132741228718345,2.0734511513692637,2.6389378290154264,2930.7579397619797
32,21,2.0106192982974678,2.6389378290154264,2.0734511513692637,2.7646015351590183,1663.589125672758
32,22,2.0106192982974678,2.7646015351590183,2.0734511513692637,2.8902652413026098,3080.844341619236
32,23,2.0106192982974678,2.8902652413026098,2.0734511513692637,3.0159289474462017,2428.7212713159365
32,24,2.0106192982974678,3.0159289474462017,2.0734511513692637,3.1415926535897936,2420.7883157190486
32,25,2.0106192982974678,3.1415926535897936,2.0734511513692637,3.267256359733385,1907.705219855842
32,26,2.0106192982974678,3.267256359733385,2.0734511513692637,3.392920065876977,2371.513003714009
32,27,2.0106192982974678,3.392920065876977,2.0734511513692637,3.518583772020569,2883.686226533851
32,28,2.0106192982974678,3.518583772020569,2.0734511513692637,3.6442474781641603,2882.619969061161
32,29,2.0106192982974678,3.6442474781641603,2.0734511513692637,3.769911184307752,2317.17652290522
32,30,2.0106192982974678,3.769911184307752,2.0734511513692637,3.8955748904513436,1802.9845192704047
32,31,2.0106192982974678,3.8955748904513436,2.0734511513692637,4.0212385965949355,1741.3121870494329
32,32,2.0106192982974678,4.0212385965949355,2.0734511513692637,4.1469023027385274,2101.9062475502515
32,33,2.0106192982974678,4.1469023027385274,2.0734511513692637,4.272566008882119,1377.2350188044607
32,34,2.0106192982974678,4.272566008882119,2.0734511513692637,4.39822971502571,2014.8712042453449
32,35,2.0106192982974678,4.39822971502571,2.0734511513692637,4.523893421169302,2661.3928686253666
32,36,2.0106192982974678,4.523893421169302,2.0734511513692637,4.649557127312894,2312.7266750524846
32,37,2.0106192982974678,4.649557127312894,2.0734511513692637,4.775220833456486,2077.1122071184027
32,38,2.0106192982974678,4.775220833456486,2.0734511513692637,4.900884539600078,2266.493751036216
32,39,2.0106192982974678,4.900884539600078,2.0734511513692637,5.026548245743669,2496.0234429927755
32,40,2.0106192982974678,5.026548245743669,2.0734511513692637,5.152211951887261,2356.741783525539
32,41,2.0106192982974678,5.152211951887261,2.0734511513692637,5.277875658030853,2643.707211344851
32,42,2.0106192982974678,5.277875658030853,2.0734511513692637,5.403539364174445,1999.3322786765177
32,43,2.0106192982974678,5.403539364174445,2.0734511513692637,5.529203070318037,2709.9715590815767
32,44,2.0106192982974678,5.529203070318037,2.0734511513692637,5.6548667764616285,1988.1863338952276
32,45,2.0106192982974678,5.6548667764616285,2.0734511513692637,5.7805304826052195,2000.512270279652
32,46,2.0106192982974678,5.7805304826052195,2.0734511513692637,5.906194188748811,2488.0620538632634
32,47,2.0106192982974678,5.906194188748811,2.0734511513692637,6.031857894892403,4125.3785954087
32,48,2.0106192982974678,6.031857894892403,2.0734511513692637,6.157521601035995,2978.895910462807
32,49,2.0106192982974678,6.157521601035995,2.0734511513692637,6.283185307179586,2650.6307765342685
33,0,2.0734511513692637,0.0,2.1362830044410597,0.12566370614359174,2215.958240180918
33,1,2.0734511513692637,0.12566370614359174,2.1362830044410597,0.25132741228718347,2768.523965195515
33,2,2.0734511513692637,0.25132741228718347,2.1362830044410597,0.3769911184307752,2477.163903836711
33,3,2.0734511513692637,0.3769911184307752,2.1362830044410597,0.5026548245743669,2828.2146616735076
33,4,2.0734511513692637,0.5026548245743669,2.1362830044410597,0.6283185307179586,2573.5431866854246
33,5,2.0734511513692637,0.6283185307179586,2.1362830044410597,0.7539822368615504,1878.4173589138447
33,6,2.0734511513692637,0.7539822368615504,2.1362830044410597,0.8796459430051422,1831.986356106136
33,7,2.0734511513692637,0.8796459430051422,2.1362830044410597,1.0053096491487339,1627.4839107762086
33,8,2.0734511513692637,1.0053096491487339,2.1362830044410597,1.1309733552923256,1713.1789121547476
33,9,2.0734511513692637,1.1309733552923256,2.1362830044410597,1.2566370614359172,2974.8512740272386
33,10,2.0734511513692637,1.2566370614359172,2.1362830044410597,1.3823007675795091,2239.5195826516433
33,11,2.0734511513692637,1.3823007675795091,2.1362830044410597,1.5079644737231008,1871.2797879592551
33,12,2.0734511513692637,1.5079644737231008,2.1362830044410597,1.6336281798666925,1643.7457992397651
33,13,2.0734511513692637,1.6336281798666925,2.1362830044410597,1.7592918860102844,2158.548623080165
33,14,2.0734511513692637,1.7592918860102844,2.1362830044410597,1.884955592153876,2234.869124050305
33,15,2.0734511513692637,1.884955592153876,2.1362830044410597,2.0106192982974678,2377.3409269604263
33,16,2.0734511513692637,2.0106192982974678,2.1362830044410597,2.1362830044410597,2381.755919303469
33,17,2.0734511513692637,2.1362830044410597,2.1362830044410597,2.261946710584651,2302.330207052064
33,18,2.0734511513692637,2.261946710584651,2.1362830044410597,2.387610416728243,1323.9679038328802
33,19,2.0734511513692637,2.387610416728243,2.1362830044410597,2.5132741228718345,1855.3269489597142
33,20,2.0734511513692637,2.5132741228718345,2.1362830044410597,2.6389378290154264,2081.3745569237044
33,21,2.0734511513692637,2.6389378290154264,2.1362830044410597,2.7646015351590183,2027.5558002619641
33,22,2.0734511513692637,2.7646015351590183,2.1362830044410597,2.8902652413026098,3287.7564980201178
33,23,2.0734511513692637,2.8902652413026098,2.1362830044410597,3.0159289474462017,2237.944902049289
33,24,2.0734511513692637,3.0159289474462017,2.1362830044410597,3.1415926535897936,2288.4965643771748
33,25,2.0734511513692637,3.1415926535897936,2.1362830044410597,3.267256359733385,2449.540768410388
33,26,2.0734511513692637,3.267256359733385,2.1362830044410597,3.392920065876977,2231.8227793335977
33,27,2.0734511513692637,3.392920065876977,2.1362830044410597,3.518583772020569,2392.64623374965
33,28,2.0734511513692637,3.518583772020569,2.1362830044410597,3.6442474781641603,2460.1661833159874
33,29,2.0734511513692637,3.6442474781641603,2.1362830044410597,3.769911184307752,2317.8856967407237
33,30,2.0734511513692637,3.769911184307752,2.1362830044410597,3.8955748904513436,2240.122964938533
33,31,2.0734511513692637,3.8955748904513436,2.1362830044410597,4.0212385965949355,1796.4603843857506
33,32,2.0734511513692637,4.0212385965949355,2.1362830044410597,4.1469023027385274,1868.3658930128395
33,33,2.0734511513692637,4.1469023027385274,2.1362830044410597,4.272566008882119,2392.881700007945
33,34,2.0734511513692637,4.272566008882119,2.1362830044410597,4.39822971502571,2537.8111819890455
33,35,2.0734511513692637,4.39822971502571,2.1362830044410597,4.523893421169302,2297.2382492164065
33,36,2.0734511513692637,4.523893421169302,2.1362830044410597,4.649557127312894,2368.0988763223086
33,37,2.0734511513692637,4.649557127312894,2.1362830044410597,4.775220833456486,2370.232789288115
33,38,2.0734511513692637,4.775220833456486,2.1362830044410597,4.900884539600078,1696.9758902557626
33,39,2.0734511513692637,4.900884539600078,2.1362830044410597,5.026548245743669,2140.712054014271
33,40,2.0734511513692637,5.026548245743669,2.1362830044410597,5.152211951887261,2511.9540434999185
33,41,2.0734511513692637,5.152211951887261,2.1362830044410597,5.277875658030853,2218.298186122731
33,42,2.0734511513692637,5.277875658030853,2.1362830044410597,5.403539364174445,2063.3172382406447
33,43,2.0734511513692637,5.403539364174445,2.1362830044410597,5.529203070318037,2062.228206796026
33,44,2.0734511513692637,5.529203070318037,2.1362830044410597,5.6548667764616285,1626.306579484726
33,45,2.0734511513692637,5.6548667764616285,2.1362830044410597,5.7805304826052195,2443.2861959244133
33,46,2.0734511513692637,5.7805304826052195,2.1362830044410597,5.906194188748811,2436.369374586955
33,47,2.0734511513692637,5.906194188748811,2.1362830044410597,6.031857894892403,3019.6340130268723
33,48,2.0734511513692637,6.031857894892403,2.1362830044410597,6.157521601035995,2630.8056373747377
33,49,2.0734511513692637,6.157521601035995,2.1362830044410597,6.283185307179586,2605.654897660533
34,0,2.1362830044410597,0.0,2.199114857512855,0.12566370614359174,1953.5501538972035
34,1,2.1362830044410597,0.12566370614359174,2.199114857512855,0.25132741228718347,2071.3270833576585
34,2,2.1362830044410597,0.25132741228718347,2.199114857512855,0.3769911184307752,2825.0381695225406
34,3,2.1362830044410597,0.3769911184307752,2.199114857512855,0.5026548245743669,2372.2019571223723
34,4,2.1362830044410597,0.5026548245743669,2.199114857512855,0.6283185307179586,1568.9449194874562
34,5,2.1362830044410597,0.6283185307179586,2.199114857512855,0.7539822368615504,1347.5426708164089
34,6,2.1362830044410597,0.7539822368615504,2.199114857512855,0.8796459430051422,1596.145417110572
34,7,2.1362830044410597,0.8796459430051422,2.199114857512855,1.0053096491487339,2088.158922821515
34,8,2.1362830044410597,1.0053096491487339,2.199114857512855,1.1309733552923256,2179.1795069286004
34,9,2.1362830044410597,1.1309733552923256,2.199114857512855,1.2566370614359172,2711.2279792987915
34,10,2.1362830044410597,1.2566370614359172,2.199114857512855,1.3823007675795091,1877.5694845794746
34,11,2.1362830044410597,1.3823007675795091,2.199114857512855,1.5079644737231008,2423.3713617163135
34,12,2.1362830044410597,1.5079644737231008,2.199114857512855,1.6336281798666925,2104.240298105453
34,13,2.1362830044410597,1.6336281798666925,2.199114857512855,1.7592918860102844,2641.3582325889565
34,14,2.1362830044410597,1.7592918860102844,2.199114857512855,1.884955592153876,2331.3246327101574
34,15,2.1362830044410597,1.884955592153876,2.199114857512855,2.0106192982974678,3186.7925354335916
34,16,2.1362830044410597,2.0106192982974678,2.199114857512855,2.1362830044410597,2164.445904049409
34,17,2.1362830044410597,2.1362830044410597,2.199114857512855,2.261946710584651,2238.940960602818
34,18,2.1362830044410597,2.261946710584651,2.199114857512855,2.387610416728243,2102.8772101051904
34,19,2.1362830044410597,2.387610416728243,2.199114857512855,2.5132741228718345,1861.2430597674065
34,20,2.1362830044410597,2.5132741228718345,2.199114857512855,2.6389378290154264,2351.479956399353
34,21,2.1362830044410597,2.6389378290154264,2.199114857512855,2.7646015351590183,2111.545837163008
34,22,2.1362830044410597,2.7646015351590183,2.199114857512855,2.8902652413026098,2436.986926123383
34,23,2.1362830044410597,2.8902652413026098,2.199114857512855,3.0159289474462017,1951.6663356496535
34,24,2.1362830044410597,3.0159289474462017,2.199114857512855,3.1415926535897936,2269.265839709663
34,25,2.1362830044410597,3.1415926535897936,2.199114857512855,3.267256359733385,2261.026049326091
34,26,2.1362830044410597,3.267256359733385,2.199114857512855,3.392920065876977,2410.0008468373776
34,27,2.1362830044410597,3.392920065876977,2.199114857512855,3.518583772020569,2489.565365504096
34,28,2.1362830044410597,3.518583772020569,2.199114857512855,3.6442474781641603,1949.7672018066057
34,29,2.1362830044410597,3.6442474781641603,2.199114857512855,3.769911184307752,2734.277950539096
34,30,2.1362830044410597,3.769911184307752,2.199114857512855,3.8955748904513436,1633.1172646681234
34,31,2.1362830044410597,3.8955748904513436,2.199114857512855,4.0212385965949355,2179.056982164528
34,32,2.1362830044410597,4.0212385965949355,2.199114857512855,4.1469023027385274,2097.041968216447
34,33,2.1362830044410597,4.1469023027385274,2.199114857512855,4.272566008882119,2488.125699526295
34,34,2.1362830044410597,4.272566008882119,2.199114857512855,4.39822971502571,2328.6597190916864
34,35,2.1362830044410597,4.39822971502571,2.199114857512855,4.523893421169302,2013.6179194815832
34,36,2.1362830044410597,4.523893421169302,2.199114857512855,4.649557127312894,2391.7752881822476
34,37,2.1362830044410597,4.649557127312894,2.199114857512855,4.775220833456486,1923.7613206331457
34,38,2.1362830044410597,4.775220833456486,2.199114857512855,4.900884539600078,2840.75197051427
34,39,2.1362830044410597,4.900884539600078,2.199114857512855,5.026548245743669,2762.382068297235
34,40,2.1362830044410597,5.026548245743669,2.199114857512855,5.152211951887261,1841.39404798837
34,41,2.1362830044410597,5.152211951887261,2.199114857512855,5.277875658030853,2619.487562202801
34,42,2.1362830044410597,5.277875658030853,2.199114857512855,5.403539364174445,2056.363746545841
34,43,2.1362830044410597,5.403539364174445,2.199114857512855,5.529203070318037,1664.4682886740425
34,44,2.1362830044410597,5.529203070318037,2.199114857512855,5.6548667764616285,1606.1158697866117
34,45,2.1362830044410597,5.6548667764616285,2.199114857512855,5.7805304826052195,1527.454971254906
34,46,2.1362830044410597,5.7805304826052195,2.199114857512855,5.906194188748811,2153.9853523170937
34,47,2.1362830044410597,5.906194188748811,2.199114857512855,6.031857894892403,2603.2683465592854
34,48,2.1362830044410597,6.031857894892403,2.199114857512855,6.157521601035995,2672.311051111657
34,49,2.1362830044410597,6.157521601035995,2.199114857512855,6.283185307179586,2584.950894331124
35,0,2.199114857512855,0.0,2.261946710584651,0.12566370614359174,2674.409703689706
35,1,2.199114857512855,0.12566370614359174,2.261946710584651,0.25132741228718347,3190.265668331049
35,2,2.199114857512855,0.25132741228718347,2.261946710584651,0.3769911184307752,2031.5856478071605
35,3,2.199114857512855,0.3769911184307752,2.261946710584651,0.5026548245743669,2813.144787225233
35,4,2.199114857512855,0.5026548245743669,2.261946710584651,0.6283185307179586,2360.997306749616
35,5,2.199114857512855,0.6283185307179586,2.261946710584651,0.7539822368615504,1411.6703548518467
35,6,2.199114857512855,0.7539822368615504,2.261946710584651,0.8796459430051422,2155.3795367673333
35,7,2.199114857512855,0.8796459430051422,2.261946710584651,1.0053096491487339,2350.0318806878768
35,8,2.199114857512855,1.0053096491487339,2.261946710584651,1.1309733552923256,2033.3330621941939
35,9,2.199114857512855,1.1309733552923256,2.261946710584651,1.2566370614359172,3171.1242666969615
35,10,2.199114857512855,1.2566370614359172,2.261946710584651,1.3823007675795091,2696.276430514579
35,11,2.199114857512855,1.3823007675795091,2.261946710584651,1.5079644737231008,2132.7112437098785
35,12,2.199114857512855,1.5079644737231008,2.261946710584651,1.6336281798666925,2861.2387611802374
35,13,2.199114857512855,1.6336281798666925,2.261946710584651,1.7592918860102844,2361.301901917996
35,14,2.199114857512855,1.7592918860102844,2.261946710584651,1.884955592153876,1628.3016448698247
35,15,2.199114857512855,1.884955592153876,2.261946710584651,2.0106192982974678,2116.7921383307726
35,16,2.199114857512855,2.0106192982974678,2.261946710584651,2.1362830044410597,1793.5044454052506
35,17,2.199114857512855,2.1362830044410597,2.261946710584651,2.261946710584651,1787.4125420376233
35,18,2.199114857512855,2.261946710584651,2.261946710584651,2.387610416728243,2929.965049961929
35,19,2.199114857512855,2.387610416728243,2.261946710584651,2.5132741228718345,2437.114036195736
35,20,2.199114857512855,2.5132741228718345,2.261946710584651,2.6389378290154264,1719.7122580336274
35,21,2.199114857512855,2.6389378290154264,2.261946710584651,2.7646015351590183,2701.759143545447
35,22,2.199114857512855,2.7646015351590183,2.261946710584651,2.8902652413026098,3118.910242306486
35,23,2.199114857512855,2.8902652413026098,2.261946710584651,3.0159289474462017,2535.3058996871887
35,24,2.199114857512855,3.0159289474462017,2.261946710584651,3.1415926535897936,2687.747765799891
35,25,2.199114857512855,3.1415926535897936,2.261946710584651,3.267256359733385,2292.0145167734986
35,26,2.199114857512855,3.267256359733385,2.261946710584651,3.392920065876977,2776.9139935124635
35,27,2.199114857512855,3.392920065876977,2.261946710584651,3.518583772020569,2206.086616640555
35,28,2.199114857512855,3.518583772020569,2.261946710584651,3.6442474781641603,2361.3820585412623
35,29,2.199114857512855,3.6442474781641603,2.261946710584651,3.769911184307752,2765.227157841398
35,30,2.199114857512855,3.769911184307752,2.261946710584651,3.8955748904513436,2353.5587721112483
35,31,2.199114857512855,3.8955748904513436,2.261946710584651,4.0212385965949355,1626.6504184307003
35,32,2.199114857512855,4.0212385965949355,2.261946710584651,4.1469023027385274,2025.1891492711434
35,33,2.199114857512855,4.1469023027385274,2.261946710584651,4.272566008882119,1867.7775725164242
35,34,2.199114857512855,4.272566008882119,2.261946710584651,4.39822971502571,2670.64234239658
35,35,2.199114857512855,4.39822971502571,2.261946710584651,4.523893421169302,3072.61177671246
35,36,2.199114857512855,4.523893421169302,2.261946710584651,4.649557127312894,2012.957248561921
35,37,2.199114857512855,4.649557127312894,2.261946710584651,4.775220833456486,3137.650860824273
35,38,2.199114857512855,4.775220833456486,2.261946710584651,4.900884539600078,2891.874622589567
35,39,2.199114857512855,4.900884539600078,2.261946710584651,5.026548245743669,2162.321100341519
35,40,2.199114857512855,5.026548245743669,2.261946710584651,5.152211951887261,2398.767107628941
35,41,2.199114857512855,5.152211951887261,2.261946710584651,5.277875658030853,2003.7873308611681
35,42,2.199114857512855,5.277875658030853,2.261946710584651,5.403539364174445,2221.3003437349876
35,43,2.199114857512855,5.403539364174445,2.261946710584651,5.529203070318037,1425.3611061043694
35,44,2.199114857512855,5.529203070318037,2.261946710584651,5.6548667764616285,1835.250014798192
35,45,2.199114857512855,5.6548667764616285,2.261946710584651,5.7805304826052195,1366.4459880095026
35,46,2.199114857512855,5.7805304826052195,2.261946710584651,5.906194188748811,2083.7195155743793
35,47,2.199114857512855,5.906194188748811,2.261946710584651,6.031857894892403,2643.116557969648
35,48,2.199114857512855,6.031857894892403,2.261946710584651,6.157521601035995,2873.021784799205
35,49,2.199114857512855,6.157521601035995,2.261946710584651,6.283185307179586,2695.4748642820114
36,0,2.261946710584651,0.0,2.324778563656447,0.12566370614359174,3404.0930305812662
36,1,2.261946710584651,0.12566370614359174,2.324778563656447,0.25132741228718347,1823.0344382270478
36,2,2.261946710584651,0.25132741228718347,2.324778563656447,0.3769911184307752,2401.3514748493435
36,3,2.261946710584651,0.3769911184307752,2.324778563656447,0.5026548245743669,2890.234211817617
36,4,2.261946710584651,0.5026548245743669,2.324778563656447,0.6283185307179586,1576.9887913314437
36,5,2.261946710584651,0.6283185307179586,2.324778563656447,0.7539822368615504,1750.5210540287128
36,6,2.261946710584651,0.7539822368615504,2.324778563656447,0.8796459430051422,2281.638531071517
36,7,2.261946710584651,0.8796459430051422,2.324778563656447,1.0053096491487339,2573.583427676269
36,8,2.261946710584651,1.0053096491487339,2.324778563656447,1.1309733552923256,2064.9258483940107
36,9,2.261946710584651,1.1309733552923256,2.324778563656447,1.2566370614359172,2757.855912159787
36,10,2.261946710584651,1.2566370614359172,2.324778563656447,1.3823007675795091,2506.6428000651345
36,11,2.261946710584651,1.3823007675795091,2.324778563656447,1.5079644737231008,1812.1591193114161
36,12,2.261946710584651,1.5079644737231008,2.324778563656447,1.6336281798666925,3285.849268085522
36,13,2.261946710584651,1.6336281798666925,2.324778563656447,1.7592918860102844,2501.390899160225
36,14,2.261946710584651,1.7592918860102844,2.324778563656447,1.884955592153876,2750.830861431676
36,15,2.261946710584651,1.884955592153876,2.324778563656447,2.0106192982974678,3183.0234654810383
36,16,2.261946710584651,2.0106192982974678,2.324778563656447,2.1362830044410597,1976.8762943161976
36,17,2.261946710584651,2.1362830044410597,2.324778563656447,2.261946710584651,1886.867831862287
36,18,2.261946710584651,2.261946710584651,2.324778563656447,2.387610416728243,2511.894700970043
36,19,2.261946710584651,2.387610416728243,2.324778563656447,2.5132741228718345,1822.3589525801174
36,20,2.261946710584651,2.5132741228718345,2.324778563656447,2.6389378290154264,2096.234608129384
36,21,2.261946710584651,2.6389378290154264,2.324778563656447,2.7646015351590183,2340.405782354747
36,22,2.261946710584651,2.7646015351590183,2.324778563656447,2.8902652413026098,2350.5549541999344
36,23,2.261946710584651,2.8902652413026098,2.324778563656447,3.0159289474462017,2181.582219619459
36,24,2.261946710584651,3.0159289474462017,2.324778563656447,3.1415926535897936,2352.0241354820078
36,25,2.261946710584651,3.1415926535897936,2.324778563656447,3.267256359733385,3111.6921811648435
36,26,2.261946710584651,3.267256359733385,2.324778563656447,3.392920065876977,2060.079238877258
36,27,2.261946710584651,3.392920065876977,2.324778563656447,3.518583772020569,4203.108115197972
36,28,2.261946710584651,3.518583772020569,2.324778563656447,3.6442474781641603,2227.380146481573
36,29,2.261946710584651,3.6442474781641603,2.324778563656447,3.769911184307752,2486.023600692483
36,30,2.261946710584651,3.769911184307752,2.324778563656447,3.8955748904513436,2140.056739474217
36,31,2.261946710584651,3.8955748904513436,2.324778563656447,4.0212385965949355,1626.569437816375
36,32,2.261946710584651,4.0212385965949355,2.324778563656447,4.1469023027385274,2139.6176738037025
36,33,2.261946710584651,4.1469023027385274,2.324778563656447,4.272566008882119,1960.3100088251485
36,34,2.261946710584651,4.272566008882119,2.324778563656447,4.39822971502571,2985.0892837883007
36,35,2.261946710584651,4.39822971502571,2.324778563656447,4.523893421169302,2981.948275530037
36,36,2.261946710584651,4.523893421169302,2.324778563656447,4.649557127312894,1785.0383705870236
36,37,2.261946710584651,4.649557127312894,2.324778563656447,4.775220833456486,3392.4746774539994
36,38,2.261946710584651,4.775220833456486,2.324778563656447,4.900884539600078,2535.62113431859
36,39,2.261946710584651,4.900884539600078,2.324778563656447,5.026548245743669,3032.3563919324893
36,40,2.261946710584651,5.026548245743669,2.324778563656447,5.152211951887261,3118.4132633518216
36,41,2.261946710584651,5.152211951887261,2.324778563656447,5.277875658030853,2263.349757180785
36,42,2.261946710584651,5.277875658030853,2.324778563656447,5.403539364174445,1576.9043556255745
36,43,2.261946710584651,5.403539364174445,2.324778563656447,5.529203070318037,1577.3265341549084
36,44,2.261946710584651,5.529203070318037,2.324778563656447,5.6548667764616285,2510.25664827623
36,45,2.261946710584651,5.6548667764616285,2.324778563656447,5.7805304826052195,2102.4321889400167
36,46,2.261946710584651,5.7805304826052195,2.324778563656447,5.906194188748811,1840.2593222238556
36,47,2.261946710584651,5.906194188748811,2.324778563656447,6.031857894892403,2440.4452066656295
36,48,2.261946710584651,6.031857894892403,2.324778563656447,6.157521601035995,2439.1280096541086
36,49,2.261946710584651,6.157521601035995,2.324778563656447,6.283185307179586,3257.2255637967223
37,0,2.324778563656447,0.0,2.387610416728243,0.12566370614359174,2100.167793266036
37,1,2.324778563656447,0.12566370614359174,2.387610416728243,0.25132741228718347,3077.94114016972
37,2,2.324778563656447,0.25132741228718347,2.387610416728243,0.3769911184307752,3071.635352109587
37,3,2.324778563656447,0.3769911184307752,2.387610416728243,0.5026548245743669,2209.981659199595
37,4,2.324778563656447,0.5026548245743669,2.387610416728243,0.6283185307179586,2409.384292430664
37,5,2.324778563656447,0.6283185307179586,2.387610416728243,0.7539822368615504,2058.6785740976634
37,6,2.324778563656447,0.7539822368615504,2.387610416728243,0.8796459430051422,2337.20809898102
37,7,2.324778563656447,0.8796459430051422,2.387610416728243,1.0053096491487339,1820.6529889982849
37,8,2.324778563656447,1.0053096491487339,2.387610416728243,1.1309733552923256,2919.6694426945205
37,9,2.324778563656447,1.1309733552923256,2.387610416728243,1.2566370614359172,2555.9042939756205
37,10,2.324778563656447,1.2566370614359172,2.387610416728243,1.3823007675795091,3200.0799554935365
37,11,2.324778563656447,1.3823007675795091,2.387610416728243,1.5079644737231008,2289.484748435019
37,12,2.324778563656447,1.5079644737231008,2.387610416728243,1.6336281798666925,2474.7172727014145
37,13,2.324778563656447,1.6336281798666925,2.387610416728243,1.7592918860102844,2285.257004167425
37,14,2.324778563656447,1.7592918860102844,2.387610416728243,1.884955592153876,2737.500241605064
37,15,2.324778563656447,1.884955592153876,2.387610416728243,2.0106192982974678,2746.242356870247
37,16,2.324778563656447,2.0106192982974678,2.387610416728243,2.1362830044410597,2653.4469530307906
37,17,2.324778563656447,2.1362830044410597,2.387610416728243,2.261946710584651,1740.9349297153608
37,18,2.324778563656447,2.261946710584651,2.387610416728243,2.387610416728243,2747.048494548384
37,19,2.324778563656447,2.387610416728243,2.387610416728243,2.5132741228718345,2026.9525779201253
37,20,2.324778563656447,2.5132741228718345,2.387610416728243,2.6389378290154264,1940.3017346051718
37,21,2.324778563656447,2.6389378290154264,2.387610416728243,2.7646015351590183,2768.3842717632083
37,22,2.324778563656447,2.7646015351590183,2.387610416728243,2.8902652413026098,2692.087819069738
37,23,2.324778563656447,2.8902652413026098,2.387610416728243,3.0159289474462017,2407.091278590612
37,24,2.324778563656447,3.0159289474462017,2.387610416728243,3.1415926535897936,2575.3411691041506
37,25,2.324778563656447,3.1415926535897936,2.387610416728243,3.267256359733385,2564.718065923311
37,26,2.324778563656447,3.267256359733385,2.387610416728243,3.392920065876977,3110.1329047835197
37,27,2.324778563656447,3.392920065876977,2.387610416728243,3.518583772020569,3106.56798482907
37,28,2.324778563656447,3.518583772020569,2.387610416728243,3.6442474781641603,1726.8185632625643
37,29,2.324778563656447,3.6442474781641603,2.387610416728243,3.769911184307752,1997.8420506538823
37,30,2.324778563656447,3.769911184307752,2.387610416728243,3.8955748904513436,1722.8057890424798
37,31,2.324778563656447,3.8955748904513436,2.387610416728243,4.0212385965949355,1635.1159238312548
37,32,2.324778563656447,4.0212385965949355,2.387610416728243,4.1469023027385274,1542.7504600868128
37,33,2.324778563656447,4.1469023027385274,2.387610416728243,4.272566008882119,2442.3284522107274
37,34,2.324778563656447,4.272566008882119,2.387610416728243,4.39822971502571,2436.363033392495
37,35,2.324778563656447,4.39822971502571,2.387610416728243,4.523893421169302,3151.604209781264
37,36,2.324778563656447,4.523893421169302,2.387610416728243,4.649557127312894,2892.9056717802014
37,37,2.324778563656447,4.649557127312894,2.387610416728243,4.775220833456486,2798.1217950013333
37,38,2.324778563656447,4.775220833456486,2.387610416728243,4.900884539600078,3664.8093698570556
37,39,2.324778563656447,4.900884539600078,2.387610416728243,5.026548245743669,2408.040729633775
37,40,2.324778563656447,5.026548245743669,2.387610416728243,5.152211951887261,4094.839035719222
37,41,2.324778563656447,5.152211951887261,2.387610416728243,5.277875658030853,2409.9217175494223
37,42,2.324778563656447,5.277875658030853,2.387610416728243,5.403539364174445,1851.2683065970507
37,43,2.324778563656447,5.403539364174445,2.387610416728243,5.529203070318037,2636.8763452023204
37,44,2.324778563656447,5.529203070318037,2.387610416728243,5.6548667764616285,2039.1521281160017
37,45,2.324778563656447,5.6548667764616285,2.387610416728243,5.7805304826052195,2202.242737489447
37,46,2.324778563656447,5.7805304826052195,2.387610416728243,5.906194188748811,2134.885455938014
37,47,2.324778563656447,5.906194188748811,2.387610416728243,6.031857894892403,2948.762055790125
37,48,2.324778563656447,6.031857894892403,2.387610416728243,6.157521601035995,2571.202995689688
37,49,2.324778563656447,6.157521601035995,2.387610416728243,6.283185307179586,2836.261064262779
38,0,2.387610416728243,0.0,2.450442269800039,0.12566370614359174,2093.685517524406
38,1,2.387610416728243,0.12566370614359174,2.450442269800039,0.25132741228718347,3419.7080539518174
38,2,2.387610416728243,0.25132741228718347,2.450442269800039,0.3769911184307752,2653.500830186049
38,3,2.387610416728243,0.3769911184307752,2.450442269800039,0.5026548245743669,2263.875042365256
38,4,2.387610416728243,0.5026548245743669,2.450442269800039,0.6283185307179586,1900.2613394891885
38,5,2.387610416728243,0.6283185307179586,2.450442269800039,0.7539822368615504,2199.630172774235
38,6,2.387610416728243,0.7539822368615504,2.450442269800039,0.8796459430051422,2133.603915922641
38,7,2.387610416728243,0.8796459430051422,2.450442269800039,1.0053096491487339,2710.1221284898834
38,8,2.387610416728243,1.0053096491487339,2.450442269800039,1.1309733552923256,2442.5501000709924
38,9,2.387610416728243,1.1309733552923256,2.450442269800039,1.2566370614359172,2935.3239566895318
38,10,2.387610416728243,1.2566370614359172,2.450442269800039,1.3823007675795091,3030.8101447966333
38,11,2.387610416728243,1.3823007675795091,2.450442269800039,1.5079644737231008,2158.2751717465053
38,12,2.387610416728243,1.5079644737231008,2.450442269800039,1.6336281798666925,2545.449157746294
38,13,2.387610416728243,1.6336281798666925,2.450442269800039,1.7592918860102844,2147.2803729554316
38,14,2.387610416728243,1.7592918860102844,2.450442269800039,1.884955592153876,2056.4296226661663
38,15,2.387610416728243,1.884955592153876,2.450442269800039,2.0106192982974678,2346.297723894821
38,16,2.387610416728243,2.0106192982974678,2.450442269800039,2.1362830044410597,2740.2716290075473
38,17,2.387610416728243,2.1362830044410597,2.450442269800039,2.261946710584651,2647.179778616275
38,18,2.387610416728243,2.261946710584651,2.450442269800039,2.387610416728243,1775.7749329680044
38,19,2.387610416728243,2.387610416728243,2.450442269800039,2.5132741228718345,1774.702269671321
38,20,2.387610416728243,2.5132741228718345,2.450442269800039,2.6389378290154264,3559.7097688715407
38,21,2.387610416728243,2.6389378290154264,2.450442269800039,2.7646015351590183,3282.043212642732
38,22,2.387610416728243,2.7646015351590183,2.450442269800039,2.8902652413026098,3061.03626412122
38,23,2.387610416728243,2.8902652413026098,2.450442269800039,3.0159289474462017,2960.9529475997197
38,24,2.387610416728243,3.0159289474462017,2.450442269800039,3.1415926535897936,3060.8064077004906
38,25,2.387610416728243,3.1415926535897936,2.450442269800039,3.267256359733385,1479.6432442747569
38,26,2.387610416728243,3.267256359733385,2.450442269800039,3.392920065876977,2150.2493517230555
38,27,2.387610416728243,3.392920065876977,2.450442269800039,3.518583772020569,2044.362160578405
38,28,2.387610416728243,3.518583772020569,2.450442269800039,3.6442474781641603,2617.240979817599
38,29,2.387610416728243,3.6442474781641603,2.450442269800039,3.769911184307752,2231.867535780103
38,30,2.387610416728243,3.769911184307752,2.450442269800039,3.8955748904513436,2133.6613800278265
38,31,2.387610416728243,3.8955748904513436,2.450442269800039,4.0212385965949355,2030.7431676507915
38,32,2.387610416728243,4.0212385965949355,2.450442269800039,4.1469023027385274,1839.1961503847806
38,33,2.387610416728243,4.1469023027385274,2.450442269800039,4.272566008882119,2124.601206111137
38,34,2.387610416728243,4.272566008882119,2.450442269800039,4.39822971502571,2789.3459748311207
38,35,2.387610416728243,4.39822971502571,2.450442269800039,4.523893421169302,2032.7927207355372
38,36,2.387610416728243,4.523893421169302,2.450442269800039,4.649557127312894,2504.783725980714
38,37,2.387610416728243,4.649557127312894,2.450442269800039,4.775220833456486,2115.9432809307127
38,38,2.387610416728243,4.775220833456486,2.450442269800039,4.900884539600078,2672.1575096677548
38,39,2.387610416728243,4.900884539600078,2.450442269800039,5.026548245743669,3814.563075343995
38,40,2.387610416728243,5.026548245743669,2.450442269800039,5.152211951887261,2466.7041789482328
38,41,2.387610416728243,5.152211951887261,2.450442269800039,5.277875658030853,1783.8582170966304
38,42,2.387610416728243,5.277875658030853,2.450442269800039,5.403539364174445,2797.103629030375
38,43,2.387610416728243,5.403539364174445,2.450442269800039,5.529203070318037,2059.0921262061615
38,44,2.387610416728243,5.529203070318037,2.450442269800039,5.6548667764616285,2636.2424439303795
38,45,2.387610416728243,5.6548667764616285,2.450442269800039,5.7805304826052195,1790.6581362095867
38,46,2.387610416728243,5.7805304826052195,2.450442269800039,5.906194188748811,1807.5908925358897
38,47,2.387610416728243,5.906194188748811,2.450442269800039,6.031857894892403,2288.8910828201942
38,48,2.387610416728243,6.031857894892403,2.450442269800039,6.157521601035995,1899.0545932804096
38,49,2.387610416728243,6.157521601035995,2.450442269800039,6.283185307179586,1522.1475274060913
39,0,2.450442269800039,0.0,2.5132741228718345,0.12566370614359174,2557.4947394655023
39,1,2.450442269800039,0.12566370614359174,2.5132741228718345,0.25132741228718347,2442.1703170951646
39,2,2.450442269800039,0.25132741228718347,2.5132741228718345,0.3769911184307752,3460.4353647231537
39,3,2.450442269800039,0.3769911184307752,2.5132741228718345,0.5026548245743669,2567.291115129219
39,4,2.450442269800039,0.5026548245743669,2.5132741228718345,0.6283185307179586,2169.917876972501
39,5,2.450442269800039,0.6283185307179586,2.5132741228718345,0.7539822368615504,2885.507984526368
39,6,2.450442269800039,0.7539822368615504,2.5132741228718345,0.8796459430051422,3450.1223025792838
39,7,2.450442269800039,0.8796459430051422,2.5132741228718345,1.0053096491487339,3036.2564319760563
39,8,2.450442269800039,1.0053096491487339,2.5132741228718345,1.1309733552923256,2836.133424482869
39,9,2.450442269800039,1.1309733552923256,2.5132741228718345,1.2566370614359172,3059.031972021238
39,10,2.450442269800039,1.2566370614359172,2.5132741228718345,1.3823007675795091,2746.5193213649814
39,11,2.450442269800039,1.3823007675795091,2.5132741228718345,1.5079644737231008,1904.0723492037444
39,12,2.450442269800039,1.5079644737231008,2.5132741228718345,1.6336281798666925,3271.0387685579644
39,13,2.450442269800039,1.6336281798666925,2.5132741228718345,1.7592918860102844,2529.8416790476645
39,14,2.450442269800039,1.7592918860102844,2.5132741228718345,1.884955592153876,2636.899117735545
39,15,2.450442269800039,1.884955592153876,2.5132741228718345,2.0106192982974678,2742.6958414118462
39,16,2.450442269800039,2.0106192982974678,2.5132741228718345,2.1362830044410597,2428.7778035295723
39,17,2.450442269800039,2.1362830044410597,2.5132741228718345,2.261946710584651,2641.404623842491
39,18,2.450442269800039,2.261946710584651,2.5132741228718345,2.387610416728243,2563.426300257664
39,19,2.450442269800039,2.387610416728243,2.5132741228718345,2.5132741228718345,2559.6648226821526
39,20,2.450442269800039,2.5132741228718345,2.5132741228718345,2.6389378290154264,2356.6277034408895
39,21,2.450442269800039,2.6389378290154264,2.5132741228718345,2.7646015351590183,2242.563996082127
39,22,2.450442269800039,2.7646015351590183,2.5132741228718345,2.8902652413026098,1934.6188539104428
39,23,2.450442269800039,2.8902652413026098,2.5132741228718345,3.0159289474462017,2661.617398946101
39,24,2.450442269800039,3.0159289474462017,2.5132741228718345,3.1415926535897936,1924.2437893889469
39,25,2.450442269800039,3.1415926535897936,2.5132741228718345,3.267256359733385,2429.935181245126
39,26,2.450442269800039,3.267256359733385,2.5132741228718345,3.392920065876977,2953.524592773818
39,27,2.450442269800039,3.392920065876977,2.5132741228718345,3.518583772020569,3157.471080220144
39,28,2.450442269800039,3.518583772020569,2.5132741228718345,3.6442474781641603,2422.267553879643
39,29,2.450442269800039,3.6442474781641603,2.5132741228718345,3.769911184307752,2516.883182125407
39,30,2.450442269800039,3.769911184307752,2.5132741228718345,3.8955748904513436,2724.239800340757
39,31,2.450442269800039,3.8955748904513436,2.5132741228718345,4.0212385965949355,2514.1137425917823
39,32,2.450442269800039,4.0212385965949355,2.5132741228718345,4.1469023027385274,2091.2575272338754
39,33,2.450442269800039,4.1469023027385274,2.5132741228718345,4.272566008882119,2916.240496365916
39,34,2.450442269800039,4.272566008882119,2.5132741228718345,4.39822971502571,1990.028312042148
39,35,2.450442269800039,4.39822971502571,2.5132741228718345,4.523893421169302,1871.3557612803988
39,36,2.450442269800039,4.523893421169302,2.5132741228718345,4.649557127312894,2601.619764870637
39,37,2.450442269800039,4.649557127312894,2.5132741228718345,4.775220833456486,2483.732577558736
39,38,2.450442269800039,4.775220833456486,2.5132741228718345,4.900884539600078,2569.936549907604
39,39,2.450442269800039,4.900884539600078,2.5132741228718345,5.026548245743669,2044.259724999097
39,40,2.450442269800039,5.026548245743669,2.5132741228718345,5.152211951887261,2333.3354769155553
39,41,2.450442269800039,5.152211951887261,2.5132741228718345,5.277875658030853,1530.4253542156869
39,42,2.450442269800039,5.277875658030853,2.5132741228718345,5.403539364174445,2418.072059660786
39,43,2.450442269800039,5.403539364174445,2.5132741228718345,5.529203070318037,2739.2237082652105
39,44,2.450442269800039,5.529203070318037,2.5132741228718345,5.6548667764616285,2013.568548077944
39,45,2.450442269800039,5.6548667764616285,2.5132741228718345,5.7805304826052195,2551.9558603982687
39,46,2.450442269800039,5.7805304826052195,2.5132741228718345,5.906194188748811,2521.678032661235
39,47,2.450442269800039,5.906194188748811,2.5132741228718345,6.031857894892403,2978.056866851522
39,48,2.450442269800039,6.031857894892403,2.5132741228718345,6.157521601035995,2552.2658722863425
39,49,2.450442269800039,6.157521601035995,2.5132741228718345,6.283185307179586,2348.877406238599
40,0,2.5132741228718345,0.0,2.5761059759436304,0.12566370614359174,2353.4568725017393
40,1,2.5132741228718345,0.12566370614359174,2.5761059759436304,0.25132741228718347,1770.8731933765605
40,2,2.5132741228718345,0.25132741228718347,2.5761059759436304,0.3769911184307752,2584.6558962975396
40,3,2.5132741228718345,0.3769911184307752,2.5761059759436304,0.5026548245743669,2918.169333587143
40,4,2.5132741228718345,0.5026548245743669,2.5761059759436304,0.6283185307179586,1691.0048494510017
40,5,2.5132741228718345,0.6283185307179586,2.5761059759436304,0.7539822368615504,2392.467059673054
40,6,2.5132741228718345,0.7539822368615504,2.5761059759436304,0.8796459430051422,2272.394109211604
40,7,2.5132741228718345,0.8796459430051422,2.5761059759436304,1.0053096491487339,2521.193916474071
40,8,2.5132741228718345,1.0053096491487339,2.5761059759436304,1.1309733552923256,2640.027375142094
40,9,2.5132741228718345,1.1309733552923256,2.5761059759436304,1.2566370614359172,2650.1912078481964
40,10,2.5132741228718345,1.2566370614359172,2.5761059759436304,1.3823007675795091,2644.6698353138345
40,11,2.5132741228718345,1.3823007675795091,2.5761059759436304,1.5079644737231008,2651.4757720704756
40,12,2.5132741228718345,1.5079644737231008,2.5761059759436304,1.6336281798666925,1610.3252018061078
40,13,2.5132741228718345,1.6336281798666925,2.5761059759436304,1.7592918860102844,2654.3378713025654
40,14,2.5132741228718345,1.7592918860102844,2.5761059759436304,1.884955592153876,2184.908524810075
40,15,2.5132741228718345,1.884955592153876,2.5761059759436304,2.0106192982974678,2425.189643019532
40,16,2.5132741228718345,2.0106192982974678,2.5761059759436304,2.1362830044410597,2995.62630256912
40,17,2.5132741228718345,2.1362830044410597,2.5761059759436304,2.261946710584651,3121.6713498534564
40,18,2.5132741228718345,2.261946710584651,2.5761059759436304,2.387610416728243,2545.623172911793
40,19,2.5132741228718345,2.387610416728243,2.5761059759436304,2.5132741228718345,3011.063609450904
40,20,2.5132741228718345,2.5132741228718345,2.5761059759436304,2.6389378290154264,2562.976058019773
40,21,2.5132741228718345,2.6389378290154264,2.5761059759436304,2.7646015351590183,2561.0379435791415
40,22,2.5132741228718345,2.7646015351590183,2.5761059759436304,2.8902652413026098,1978.2514385241363
40,23,2.5132741228718345,2.8902652413026098,2.5761059759436304,3.0159289474462017,1863.06884659311
40,24,2.5132741228718345,3.0159289474462017,2.5761059759436304,3.1415926535897936,1158.8121457822394
40,25,2.5132741228718345,3.1415926535897936,2.5761059759436304,3.267256359733385,2678.4290845239134
40,26,2.5132741228718345,3.267256359733385,2.5761059759436304,3.392920065876977,2423.8600063683975
40,27,2.5132741228718345,3.392920065876977,2.5761059759436304,3.518583772020569,2641.58237393748
40,28,2.5132741228718345,3.518583772020569,2.5761059759436304,3.6442474781641603,1719.5807693431059
40,29,2.5132741228718345,3.6442474781641603,2.5761059759436304,3.769911184307752,2980.6847924047174
40,30,2.5132741228718345,3.769911184307752,2.5761059759436304,3.8955748904513436,2856.2398163446433
40,31,2.5132741228718345,3.8955748904513436,2.5761059759436304,4.0212385965949355,2165.910496048998
40,32,2.5132741228718345,4.0212385965949355,2.5761059759436304,4.1469023027385274,1821.6698206926442
40,33,2.5132741228718345,4.1469023027385274,2.5761059759436304,4.272566008882119,2975.974723589694
40,34,2.5132741228718345,4.272566008882119,2.5761059759436304,4.39822971502571,2625.2886909075373
40,35,2.5132741228718345,4.39822971502571,2.5761059759436304,4.523893421169302,3524.2808205730066
40,36,2.5132741228718345,4.523893421169302,2.5761059759436304,4.649557127312894,2841.1180164648217
40,37,2.5132741228718345,4.649557127312894,2.5761059759436304,4.775220833456486,2941.6746052334015
40,38,2.5132741228718345,4.775220833456486,2.5761059759436304,4.900884539600078,1901.9888889067227
40,39,2.5132741228718345,4.900884539600078,2.5761059759436304,5.026548245743669,2785.4761030471764
40,40,2.5132741228718345,5.026548245743669,2.5761059759436304,5.152211951887261,2342.5493447195768
40,41,2.5132741228718345,5.152211951887261,2.5761059759436304,5.277875658030853,2771.7064760329026
40,42,2.5132741228718345,5.277875658030853,2.5761059759436304,5.403539364174445,2647.6671518324856
40,43,2.5132741228718345,5.403539364174445,2.5761059759436304,5.529203070318037,2994.657245348806
40,44,2.5132741228718345,5.529203070318037,2.5761059759436304,5.6548667764616285,2530.8844886772245
40,45,2.5132741228718345,5.6548667764616285,2.5761059759436304,5.7805304826052195,2125.0298030803433
40,46,2.5132741228718345,5.7805304826052195,2.5761059759436304,5.906194188748811,2673.561262207901
40,47,2.5132741228718345,5.906194188748811,2.5761059759436304,6.031857894892403,2785.070451187491
40,48,2.5132741228718345,6.031857894892403,2.5761059759436304,6.157521601035995,1786.4457175448883
40,49,2.5132741228718345,6.157521601035995,2.5761059759436304,6.283185307179586,1792.4403505822027
41,0,2.5761059759436304,0.0,2.6389378290154264,0.12566370614359174,2340.932913279639
41,1,2.5761059759436304,0.12566370614359174,2.6389378290154264,0.25132741228718347,2214.9925540430086
41,2,2.5761059759436304,0.25132741228718347,2.6389378290154264,0.3769911184307752,2471.3275946469457
41,3,2.5761059759436304,0.3769911184307752,2.6389378290154264,0.5026548245743669,2505.0460666417353
41,4,2.5761059759436304,0.5026548245743669,2.6389378290154264,0.6283185307179586,2376.219107588578
41,5,2.5761059759436304,0.6283185307179586,2.6389378290154264,0.7539822368615504,2500.2931307369336
41,6,2.5761059759436304,0.7539822368615504,2.6389378290154264,0.8796459430051422,1757.8895193033009
41,7,2.5761059759436304,0.8796459430051422,2.6389378290154264,1.0053096491487339,2528.835630646917
41,8,2.5761059759436304,1.0053096491487339,2.6389378290154264,1.1309733552923256,3021.7723182814557
41,9,2.5761059759436304,1.1309733552923256,2.6389378290154264,1.2566370614359172,1396.0940474713793
41,10,2.5761059759436304,1.2566370614359172,2.6389378290154264,1.3823007675795091,1906.375218486261
41,11,2.5761059759436304,1.3823007675795091,2.6389378290154264,1.5079644737231008,2533.2152993340624
41,12,2.5761059759436304,1.5079644737231008,2.6389378290154264,1.6336281798666925,2027.985677998102
41,13,2.5761059759436304,1.6336281798666925,2.6389378290154264,1.7592918860102844,2161.764648805472
41,14,2.5761059759436304,1.7592918860102844,2.6389378290154264,1.884955592153876,2419.8664875729773
41,15,2.5761059759436304,1.884955592153876,2.6389378290154264,2.0106192982974678,2931.192806797295
41,16,2.5761059759436304,2.0106192982974678,2.6389378290154264,2.1362830044410597,3191.5093643895407
41,17,2.5761059759436304,2.1362830044410597,2.6389378290154264,2.261946710584651,2676.9729470934053
41,18,2.5761059759436304,2.261946710584651,2.6389378290154264,2.387610416728243,1535.1485282882677
41,19,2.5761059759436304,2.387610416728243,2.6389378290154264,2.5132741228718345,2428.874669759044
41,20,2.5761059759436304,2.5132741228718345,2.6389378290154264,2.6389378290154264,3076.4684079084227
41,21,2.5761059759436304,2.6389378290154264,2.6389378290154264,2.7646015351590183,2941.8682492222083
41,22,2.5761059759436304,2.7646015351590183,2.6389378290154264,2.8902652413026098,1419.112192560076
41,23,2.5761059759436304,2.8902652413026098,2.6389378290154264,3.0159289474462017,1796.983039232314
41,24,2.5761059759436304,3.0159289474462017,2.6389378290154264,3.1415926535897936,2175.5506513775117
41,25,2.5761059759436304,3.1415926535897936,2.6389378290154264,3.267256359733385,3059.6713831139823
41,26,2.5761059759436304,3.267256359733385,2.6389378290154264,3.392920065876977,1904.583535841519
41,27,2.5761059759436304,3.392920065876977,2.6389378290154264,3.518583772020569,2419.31902898708
41,28,2.5761059759436304,3.518583772020569,2.6389378290154264,3.6442474781641603,1767.3207376693756
41,29,2.5761059759436304,3.6442474781641603,2.6389378290154264,3.769911184307752,2267.971614468767
41,30,2.5761059759436304,3.769911184307752,2.6389378290154264,3.8955748904513436,2896.0310348942476
41,31,2.5761059759436304,3.8955748904513436,2.6389378290154264,4.0212385965949355,2776.7597166130336
41,32,2.5761059759436304,4.0212385965949355,2.6389378290154264,4.1469023027385274,2648.903252325778
41,33,2.5761059759436304,4.1469023027385274,2.6389378290154264,4.272566008882119,3022.6930440849983
41,34,2.5761059759436304,4.272566008882119,2.6389378290154264,4.39822971502571,3275.967293504191
41,35,2.5761059759436304,4.39822971502571,2.6389378290154264,4.523893421169302,2658.010972436546
41,36,2.5761059759436304,4.523893421169302,2.6389378290154264,4.649557127312894,2256.9726737885476
41,37,2.5761059759436304,4.649557127312894,2.6389378290154264,4.775220833456486,3100.332625357135
41,38,2.5761059759436304,4.775220833456486,2.6389378290154264,4.900884539600078,1355.4079207470356
41,39,2.5761059759436304,4.900884539600078,2.6389378290154264,5.026548245743669,2593.162014489389
41,40,2.5761059759436304,5.026548245743669,2.6389378290154264,5.152211951887261,2673.762849021568
41,41,2.5761059759436304,5.152211951887261,2.6389378290154264,5.277875658030853,2198.394605097968
41,42,2.5761059759436304,5.277875658030853,2.6389378290154264,5.403539364174445,2932.4370308561392
41,43,2.5761059759436304,5.403539364174445,2.6389378290154264,5.529203070318037,2553.272191162694
41,44,2.5761059759436304,5.529203070318037,2.6389378290154264,5.6548667764616285,3187.2292336271034
41,45,2.5761059759436304,5.6548667764616285,2.6389378290154264,5.7805304826052195,2438.4303105310087
41,46,2.5761059759436304,5.7805304826052195,2.6389378290154264,5.906194188748811,2815.7785830985194
41,47,2.5761059759436304,5.906194188748811,2.6389378290154264,6.031857894892403,2064.715172215301
41,48,2.5761059759436304,6.031857894892403,2.6389378290154264,6.157521601035995,2565.8388541570625
41,49,2.5761059759436304,6.157521601035995,2.6389378290154264,6.283185307179586,1344.160135255056
42,0,2.6389378290154264,0.0,2.7017696820872223,0.12566370614359174,2355.79164277547
42,1,2.6389378290154264,0.12566370614359174,2.7017696820872223,0.25132741228718347,1395.1824509208916
42,2,2.6389378290154264,0.25132741228718347,2.7017696820872223,0.3769911184307752,1817.1998212822398
42,3,2.6389378290154264,0.3769911184307752,2.7017696820872223,0.5026548245743669,2105.231908174154
42,4,2.6389378290154264,0.5026548245743669,2.7017696820872223,0.6283185307179586,1269.2050342477364
42,5,2.6389378290154264,0.6283185307179586,2.7017696820872223,0.7539822368615504,3668.551659841985
42,6,2.6389378290154264,0.7539822368615504,2.7017696820872223,0.8796459430051422,2693.517146964146
42,7,2.6389378290154264,0.8796459430051422,2.7017696820872223,1.0053096491487339,3133.1685654622484
42,8,2.6389378290154264,1.0053096491487339,2.7017696820872223,1.1309733552923256,2132.35262777688
42,9,2.6389378290154264,1.1309733552923256,2.7017696820872223,1.2566370614359172,1708.186805348238
42,10,2.6389378290154264,1.2566370614359172,2.7017696820872223,1.3823007675795091,2568.627907312085
42,11,2.6389378290154264,1.3823007675795091,2.7017696820872223,1.5079644737231008,2281.2933697926737
42,12,2.6389378290154264,1.5079644737231008,2.7017696820872223,1.6336281798666925,2852.614207843514
42,13,2.6389378290154264,1.6336281798666925,2.7017696820872223,1.7592918860102844,2567.595534240788
42,14,2.6389378290154264,1.7592918860102844,2.7017696820872223,1.884955592153876,2562.601080733706
42,15,2.6389378290154264,1.884955592153876,2.7017696820872223,2.0106192982974678,3153.3974972646934
42,16,2.6389378290154264,2.0106192982974678,2.7017696820872223,2.1362830044410597,1430.3947432445934
42,17,2.6389378290154264,2.1362830044410597,2.7017696820872223,2.261946710584651,2290.807943233551
42,18,2.6389378290154264,2.261946710584651,2.7017696820872223,2.387610416728243,2435.312271240249
42,19,2.6389378290154264,2.387610416728243,2.7017696820872223,2.5132741228718345,3453.2600215141806
42,20,2.6389378290154264,2.5132741228718345,2.7017696820872223,2.6389378290154264,1718.9290656847056
42,21,2.6389378290154264,2.6389378290154264,2.7017696820872223,2.7646015351590183,2144.238869084244
42,22,2.6389378290154264,2.7646015351590183,2.7017696820872223,2.8902652413026098,2585.062170528149
42,23,2.6389378290154264,2.8902652413026098,2.7017696820872223,3.0159289474462017,1430.2552333700942
42,24,2.6389378290154264,3.0159289474462017,2.7017696820872223,3.1415926535897936,2304.368303034907
42,25,2.6389378290154264,3.1415926535897936,2.7017696820872223,3.267256359733385,1861.8150791472226
42,26,2.6389378290154264,3.267256359733385,2.7017696820872223,3.392920065876977,1573.224952757304
42,27,2.6389378290154264,3.392920065876977,2.7017696820872223,3.518583772020569,2267.8446178909066
42,28,2.6389378290154264,3.518583772020569,2.7017696820872223,3.6442474781641603,1994.7121855955602
42,29,2.6389378290154264,3.6442474781641603,2.7017696820872223,3.769911184307752,1982.3516107148866
42,30,2.6389378290154264,3.769911184307752,2.7017696820872223,3.8955748904513436,2134.3615699696793
42,31,2.6389378290154264,3.8955748904513436,2.7017696820872223,4.0212385965949355,3966.795869547267
42,32,2.6389378290154264,4.0212385965949355,2.7017696820872223,4.1469023027385274,3666.5148156742875
42,33,2.6389378290154264,4.1469023027385274,2.7017696820872223,4.272566008882119,2546.8085629403445
42,34,2.6389378290154264,4.272566008882119,2.7017696820872223,4.39822971502571,1141.6930089550904
42,35,2.6389378290154264,4.39822971502571,2.7017696820872223,4.523893421169302,3236.182656792762
42,36,2.6389378290154264,4.523893421169302,2.7017696820872223,4.649557127312894,2096.9729236037733
42,37,2.6389378290154264,4.649557127312894,2.7017696820872223,4.775220833456486,2656.212206522946
42,38,2.6389378290154264,4.775220833456486,2.7017696820872223,4.900884539600078,2080.5944643375183
42,39,2.6389378290154264,4.900884539600078,2.7017696820872223,5.026548245743669,2595.776528889729
42,40,2.6389378290154264,5.026548245743669,2.7017696820872223,5.152211951887261,1506.874056445285
42,41,2.6389378290154264,5.152211951887261,2.7017696820872223,5.277875658030853,2891.9280904775014
42,42,2.6389378290154264,5.277875658030853,2.7017696820872223,5.403539364174445,2373.5093968369188
42,43,2.6389378290154264,5.403539364174445,2.7017696820872223,5.529203070318037,2883.0552624593256
42,44,2.6389378290154264,5.529203070318037,2.7017696820872223,5.6548667764616285,812.7566268598804
42,45,2.6389378290154264,5.6548667764616285,2.7017696820872223,5.7805304826052195,2342.5940086478195
42,46,2.6389378290154264,5.7805304826052195,2.7017696820872223,5.906194188748811,2990.5057677989334
42,47,2.6389378290154264,5.906194188748811,2.7017696820872223,6.031857894892403,2472.393995882248
42,48,2.6389378290154264,6.031857894892403,2.7017696820872223,6.157521601035995,1404.194788813565
42,49,2.6389378290154264,6.157521601035995,2.7017696820872223,6.283185307179586,1651.2946785273023
43,0,2.7017696820872223,0.0,2.7646015351590183,0.12566370614359174,1893.2213403867631
43,1,2.7017696820872223,0.12566370614359174,2.7646015351590183,0.25132741228718347,3016.7085195532186
43,2,2.7017696820872223,0.25132741228718347,2.7646015351590183,0.3769911184307752,1923.5858587426137
43,3,2.7017696820872223,0.3769911184307752,2.7646015351590183,0.5026548245743669,2419.018698681081
43,4,2.7017696820872223,0.5026548245743669,2.7646015351590183,0.6283185307179586,1621.8863008350647
43,5,2.7017696820872223,0.6283185307179586,2.7646015351590183,0.7539822368615504,2243.274480045854
43,6,2.7017696820872223,0.7539822368615504,2.7646015351590183,0.8796459430051422,2266.3987193399626
43,7,2.7017696820872223,0.8796459430051422,2.7646015351590183,1.0053096491487339,3742.5863648709073
43,8,2.7017696820872223,1.0053096491487339,2.7646015351590183,1.1309733552923256,2934.1310636463963
43,9,2.7017696820872223,1.1309733552923256,2.7646015351590183,1.2566370614359172,2936.6827038443666
43,10,2.7017696820872223,1.2566370614359172,2.7646015351590183,1.3823007675795091,1801.4898752697177
43,11,2.7017696820872223,1.3823007675795091,2.7646015351590183,1.5079644737231008,2608.4779833803977
43,12,2.7017696820872223,1.5079644737231008,2.7646015351590183,1.6336281798666925,1800.1502641657858
43,13,2.7017696820872223,1.6336281798666925,2.7646015351590183,1.7592918860102844,2610.6468775486683
43,14,2.7017696820872223,1.7592918860102844,2.7646015351590183,1.884955592153876,3105.3780164326977
43,15,2.7017696820872223,1.884955592153876,2.7646015351590183,2.0106192982974678,1303.2183356110113
43,16,2.7017696820872223,2.0106192982974678,2.7646015351590183,2.1362830044410597,3923.306281892168
43,17,2.7017696820872223,2.1362830044410597,2.7646015351590183,2.261946710584651,2456.1450635615574
43,18,2.7017696820872223,2.261946710584651,2.7646015351590183,2.387610416728243,1639.0141856639395
43,19,2.7017696820872223,2.387610416728243,2.7646015351590183,2.5132741228718345,1640.0348417431335
43,20,2.7017696820872223,2.5132741228718345,2.7646015351590183,2.6389378290154264,1804.0096199652135
43,21,2.7017696820872223,2.6389378290154264,2.7646015351590183,2.7646015351590183,2620.9172293455
43,22,2.7017696820872223,2.7646015351590183,2.7646015351590183,2.8902652413026098,1647.8811353518931
43,23,2.7017696820872223,2.8902652413026098,2.7646015351590183,3.0159289474462017,1306.4078858584721
43,24,2.7017696820872223,3.0159289474462017,2.7646015351590183,3.1415926535897936,2452.4132897720174
43,25,2.7017696820872223,3.1415926535897936,2.7646015351590183,3.267256359733385,1142.4650031388653
43,26,2.7017696820872223,3.267256359733385,2.7646015351590183,3.392920065876977,975.8110027089066
43,27,2.7017696820872223,3.392920065876977,2.7646015351590183,3.518583772020569,1786.4033025992164
43,28,2.7017696820872223,3.518583772020569,2.7646015351590183,3.6442474781641603,2109.504742667251
43,29,2.7017696820872223,3.6442474781641603,2.7646015351590183,3.769911184307752,2278.8060698025934
43,30,2.7017696820872223,3.769911184307752,2.7646015351590183,3.8955748904513436,2117.319140773537
43,31,2.7017696820872223,3.8955748904513436,2.7646015351590183,4.0212385965949355,2768.9442563302705
43,32,2.7017696820872223,4.0212385965949355,2.7646015351590183,4.1469023027385274,2618.206111635158
43,33,2.7017696820872223,4.1469023027385274,2.7646015351590183,4.272566008882119,2768.816674320372
43,34,2.7017696820872223,4.272566008882119,2.7646015351590183,4.39822971502571,1463.812190570794
43,35,2.7017696820872223,4.39822971502571,2.7646015351590183,4.523893421169302,2606.372880217069
43,36,2.7017696820872223,4.523893421169302,2.7646015351590183,4.649557127312894,1777.3449798964214
43,37,2.7017696820872223,4.649557127312894,2.7646015351590183,4.775220833456486,3023.789321102584
43,38,2.7017696820872223,4.775220833456486,2.7646015351590183,4.900884539600078,1610.4039199441947
43,39,2.7017696820872223,4.900884539600078,2.7646015351590183,5.026548245743669,2045.6818422155186
43,40,2.7017696820872223,5.026548245743669,2.7646015351590183,5.152211951887261,1129.0688920995156
43,41,2.7017696820872223,5.152211951887261,2.7646015351590183,5.277875658030853,2355.195798229338
43,42,2.7017696820872223,5.277875658030853,2.7646015351590183,5.403539364174445,2354.143246647675
43,43,2.7017696820872223,5.403539364174445,2.7646015351590183,5.529203070318037,2707.354041051756
43,44,2.7017696820872223,5.529203070318037,2.7646015351590183,5.6548667764616285,2839.8479583313783
43,45,2.7017696820872223,5.6548667764616285,2.7646015351590183,5.7805304826052195,1884.4181817037756
43,46,2.7017696820872223,5.7805304826052195,2.7646015351590183,5.906194188748811,3163.8743679711692
43,47,2.7017696820872223,5.906194188748811,2.7646015351590183,6.031857894892403,1595.5725112934906
43,48,2.7017696820872223,6.031857894892403,2.7646015351590183,6.157521601035995,945.8930213877013
43,49,2.7017696820872223,6.157521601035995,2.7646015351590183,6.283185307179586,1757.6654548695853
44,0,2.7646015351590183,0.0,2.8274333882308142,0.12566370614359174,1837.3843515140827
44,1,2.7646015351590183,0.12566370614359174,2.8274333882308142,0.25132741228718347,2642.357192127347
44,2,2.7646015351590183,0.25132741228718347,2.8274333882308142,0.3769911184307752,2235.495512954611
44,3,2.7646015351590183,0.3769911184307752,2.8274333882308142,0.5026548245743669,1912.5490551112518
44,4,2.7646015351590183,0.5026548245743669,2.8274333882308142,0.6283185307179586,3046.414218180786
44,5,2.7646015351590183,0.6283185307179586,2.8274333882308142,0.7539822368615504,1714.2039865145416
44,6,2.7646015351590183,0.7539822368615504,2.8274333882308142,0.8796459430051422,1335.800187658943
44,7,2.7646015351590183,0.8796459430051422,2.8274333882308142,1.0053096491487339,1905.5935153753944
44,8,2.7646015351590183,1.0053096491487339,2.8274333882308142,1.1309733552923256,2275.919913247417
44,9,2.7646015351590183,1.1309733552923256,2.8274333882308142,1.2566370614359172,1719.7385020032898
44,10,2.7646015351590183,1.2566370614359172,2.8274333882308142,1.3823007675795091,2678.2567520543485
44,11,2.7646015351590183,1.3823007675795091,2.8274333882308142,1.5079644737231008,3065.4484640170836
44,12,2.7646015351590183,1.5079644737231008,2.8274333882308142,1.6336281798666925,4030.436113929993
44,13,2.7646015351590183,1.6336281798666925,2.8274333882308142,1.7592918860102844,2106.2570972173853
44,14,2.7646015351590183,1.7592918860102844,2.8274333882308142,1.884955592153876,1726.8062278639193
44,15,2.7646015351590183,1.884955592153876,2.8274333882308142,2.0106192982974678,2497.8988587960725
44,16,2.7646015351590183,2.0106192982974678,2.8274333882308142,2.1362830044410597,1725.011249867566
44,17,2.7646015351590183,2.1362830044410597,2.8274333882308142,2.261946710584651,1539.5675856196306
44,18,2.7646015351590183,2.261946710584651,2.8274333882308142,2.387610416728243,1533.8086978813346
44,19,2.7646015351590183,2.387610416728243,2.8274333882308142,2.5132741228718345,2107.939889088971
44,20,2.7646015351590183,2.5132741228718345,2.8274333882308142,2.6389378290154264,2677.8827983051087
44,21,2.7646015351590183,2.6389378290154264,2.8274333882308142,2.7646015351590183,1552.9925252173286
44,22,2.7646015351590183,2.7646015351590183,2.8274333882308142,2.8902652413026098,1345.5229851391773
44,23,2.7646015351590183,2.8902652413026098,2.8274333882308142,3.0159289474462017,1148.4119639149549
44,24,2.7646015351590183,3.0159289474462017,2.8274333882308142,3.1415926535897936,2703.4986301280255
44,25,2.7646015351590183,3.1415926535897936,2.8274333882308142,3.267256359733385,2303.7794675657747
44,26,2.7646015351590183,3.267256359733385,2.8274333882308142,3.392920065876977,1537.3238631241877
44,27,2.7646015351590183,3.392920065876977,2.8274333882308142,3.518583772020569,2496.2160669244904
44,28,2.7646015351590183,3.518583772020569,2.8274333882308142,3.6442474781641603,2096.422113612391
44,29,2.7646015351590183,3.6442474781641603,2.8274333882308142,3.769911184307752,2296.711741705138
44,30,2.7646015351590183,3.769911184307752,2.8274333882308142,3.8955748904513436,1910.305332615818
44,31,2.7646015351590183,3.8955748904513436,2.8274333882308142,4.0212385965949355,1516.943383790627
44,32,2.7646015351590183,4.0212385965949355,2.8274333882308142,4.1469023027385274,3071.020374880751
44,33,2.7646015351590183,4.1469023027385274,2.8274333882308142,4.272566008882119,1725.0860406174145
44,34,2.7646015351590183,4.272566008882119,2.8274333882308142,4.39822971502571,3043.1608205624193
44,35,2.7646015351590183,4.39822971502571,2.8274333882308142,4.523893421169302,3395.911392220156
44,36,2.7646015351590183,4.523893421169302,2.8274333882308142,4.649557127312894,3595.116554440114
44,37,2.7646015351590183,4.649557127312894,2.8274333882308142,4.775220833456486,1921.1499913437608
44,38,2.7646015351590183,4.775220833456486,2.8274333882308142,4.900884539600078,3226.697320689216
44,39,2.7646015351590183,4.900884539600078,2.8274333882308142,5.026548245743669,2252.510408545028
44,40,2.7646015351590183,5.026548245743669,2.8274333882308142,5.152211951887261,2460.1295301228643
44,41,2.7646015351590183,5.152211951887261,2.8274333882308142,5.277875658030853,1301.5460242285903
44,42,2.7646015351590183,5.277875658030853,2.8274333882308142,5.403539364174445,2832.101324491541
44,43,2.7646015351590183,5.403539364174445,2.8274333882308142,5.529203070318037,2661.9523685875015
44,44,2.7646015351590183,5.529203070318037,2.8274333882308142,5.6548667764616285,1096.507183520492
44,45,2.7646015351590183,5.6548667764616285,2.8274333882308142,5.7805304826052195,2587.610363238678
44,46,2.7646015351590183,5.7805304826052195,2.8274333882308142,5.906194188748811,1843.3676115019143
44,47,2.7646015351590183,5.906194188748811,2.8274333882308142,6.031857894892403,1674.5274937202137
44,48,2.7646015351590183,6.031857894892403,2.8274333882308142,6.157521601035995,2239.7959810708635
44,49,2.7646015351590183,6.157521601035995,2.8274333882308142,6.283185307179586,2256.96045816098
45,0,2.8274333882308142,0.0,2.8902652413026098,0.12566370614359174,2028.1837669053714
45,1,2.8274333882308142,0.12566370614359174,2.8902652413026098,0.25132741228718347,2326.667762509489
45,2,2.8274333882308142,0.25132741228718347,2.8902652413026098,0.3769911184307752,685.6414386397585
45,3,2.8274333882308142,0.3769911184307752,2.8902652413026098,0.5026548245743669,2320.992298644184
45,4,2.8274333882308142,0.5026548245743669,2.8902652413026098,0.6283185307179586,2976.258654676831
45,5,2.8274333882308142,0.6283185307179586,2.8902652413026098,0.7539822368615504,1817.9645853344757
45,6,2.8274333882308142,0.7539822368615504,2.8902652413026098,0.8796459430051422,4385.544437998425
45,7,2.8274333882308142,0.8796459430051422,2.8902652413026098,1.0053096491487339,2539.24793704835
45,8,2.8274333882308142,1.0053096491487339,2.8902652413026098,1.1309733552923256,2088.752317275906
45,9,2.8274333882308142,1.1309733552923256,2.8902652413026098,1.2566370614359172,1627.8592477022228
45,10,2.8274333882308142,1.2566370614359172,2.8902652413026098,1.3823007675795091,3018.257087280082
45,11,2.8274333882308142,1.3823007675795091,2.8902652413026098,1.5079644737231008,3721.5151657577508
45,12,2.8274333882308142,1.5079644737231008,2.8902652413026098,1.6336281798666925,2093.5197069227625
45,13,2.8274333882308142,1.6336281798666925,2.8902652413026098,1.7592918860102844,2094.246166297518
45,14,2.8274333882308142,1.7592918860102844,2.8902652413026098,1.884955592153876,2335.203660162908
45,15,2.8274333882308142,1.884955592153876,2.8902652413026098,2.0106192982974678,2564.946437430451
45,16,2.8274333882308142,2.0106192982974678,2.8902652413026098,2.1362830044410597,2794.189773877843
45,17,2.8274333882308142,2.1362830044410597,2.8902652413026098,2.261946710584651,2802.7256715312715
45,18,2.8274333882308142,2.261946710584651,2.8902652413026098,2.387610416728243,2807.039024068894
45,19,2.8274333882308142,2.387610416728243,2.8902652413026098,2.5132741228718345,1173.4589087904503
45,20,2.8274333882308142,2.5132741228718345,2.8902652413026098,2.6389378290154264,4212.102262274702
45,21,2.8274333882308142,2.6389378290154264,2.8902652413026098,2.7646015351590183,1400.0688300043416
45,22,2.8274333882308142,2.7646015351590183,2.8902652413026098,2.8902652413026098,941.5821571095515
45,23,2.8274333882308142,2.8902652413026098,2.8902652413026098,3.0159289474462017,3274.6518428590975
45,24,2.8274333882308142,3.0159289474462017,2.8902652413026098,3.1415926535897936,3730.051063411164
45,25,2.8274333882308142,3.1415926535897936,2.8902652413026098,3.267256359733385,1400.9315005118726
45,26,2.8274333882308142,3.267256359733385,2.8902652413026098,3.392920065876977,1633.9887486767493
45,27,2.8274333882308142,3.392920065876977,2.8902652413026098,3.518583772020569,1394.2571550062694
45,28,2.8274333882308142,3.518583772020569,2.8902652413026098,3.6442474781641603,1398.0710667237588
45,29,2.8274333882308142,3.6442474781641603,2.8902652413026098,3.769911184307752,2803.2705160623323
45,30,2.8274333882308142,3.769911184307752,2.8902652413026098,3.8955748904513436,2555.5478692695115
45,31,2.8274333882308142,3.8955748904513436,2.8902652413026098,4.0212385965949355,1835.3996103286906
45,32,2.8274333882308142,4.0212385965949355,2.8902652413026098,4.1469023027385274,2573.436931372944
45,33,2.8274333882308142,4.1469023027385274,2.8902652413026098,4.272566008882119,2565.4458782505944
45,34,2.8274333882308142,4.272566008882119,2.8902652413026098,4.39822971502571,2579.7026434802588
45,35,2.8274333882308142,4.39822971502571,2.8902652413026098,4.523893421169302,2791.1931289569634
45,36,2.8274333882308142,4.523893421169302,2.8902652413026098,4.649557127312894,2782.4302127489327
45,37,2.8274333882308142,4.649557127312894,2.8902652413026098,4.775220833456486,2077.946234076362
45,38,2.8274333882308142,4.775220833456486,2.8902652413026098,4.900884539600078,3004.908396268886
45,39,2.8274333882308142,4.900884539600078,2.8902652413026098,5.026548245743669,1628.494899655146
45,40,2.8274333882308142,5.026548245743669,2.8902652413026098,5.152211951887261,1632.4904262163088
45,41,2.8274333882308142,5.152211951887261,2.8902652413026098,5.277875658030853,2066.5499026348302
45,42,2.8274333882308142,5.277875658030853,2.8902652413026098,5.403539364174445,2932.080843949292
45,43,2.8274333882308142,5.403539364174445,2.8902652413026098,5.529203070318037,2290.5264086152238
45,44,2.8274333882308142,5.529203070318037,2.8902652413026098,5.6548667764616285,3197.1477083144946
45,45,2.8274333882308142,5.6548667764616285,2.8902652413026098,5.7805304826052195,2498.6570194837036
45,46,2.8274333882308142,5.7805304826052195,2.8902652413026098,5.906194188748811,2290.072371505999
45,47,2.8274333882308142,5.906194188748811,2.8902652413026098,6.031857894892403,2507.3745319807945
45,48,2.8274333882308142,6.031857894892403,2.8902652413026098,6.157521601035995,2738.0253834667865
45,49,2.8274333882308142,6.157521601035995,2.8902652413026098,6.283185307179586,2494.11664839146
46,0,2.8902652413026098,0.0,2.9530970943744057,0.12566370614359174,2659.8816616160666
46,1,2.8902652413026098,0.12566370614359174,2.9530970943744057,0.25132741228718347,1197.660989189874
46,2,2.8902652413026098,0.25132741228718347,2.9530970943744057,0.3769911184307752,1198.0093996594564
46,3,2.8902652413026098,0.3769911184307752,2.9530970943744057,0.5026548245743669,3216.002839481348
46,4,2.8902652413026098,0.5026548245743669,2.9530970943744057,0.6283185307179586,1773.6415638213591
46,5,2.8902652413026098,0.6283185307179586,2.9530970943744057,0.7539822368615504,1794.4881235847108
46,6,2.8902652413026098,0.7539822368615504,2.9530970943744057,0.8796459430051422,2690.425646116132
46,7,2.8902652413026098,0.8796459430051422,2.9530970943744057,1.0053096491487339,1488.4095260564784
46,8,2.8902652413026098,1.0053096491487339,2.9530970943744057,1.1309733552923256,2084.6559763353453
46,9,2.8902652413026098,1.1309733552923256,2.9530970943744057,1.2566370614359172,1787.1715037234799
46,10,2.8902652413026098,1.2566370614359172,2.9530970943744057,1.3823007675795091,2674.747174984916
46,11,2.8902652413026098,1.3823007675795091,2.9530970943744057,1.5079644737231008,2979.896677927603
46,12,2.8902652413026098,1.5079644737231008,2.9530970943744057,1.6336281798666925,2681.1347002606008
46,13,2.8902652413026098,1.6336281798666925,2.9530970943744057,1.7592918860102844,1491.1387414015387
46,14,2.8902652413026098,1.7592918860102844,2.9530970943744057,1.884955592153876,3874.150216522707
46,15,2.8902652413026098,1.884955592153876,2.9530970943744057,2.0106192982974678,2084.3075658657626
46,16,2.8902652413026098,2.0106192982974678,2.9530970943744057,2.1362830044410597,1785.8939986683406
46,17,2.8902652413026098,2.1362830044410597,2.9530970943744057,2.261946710584651,2381.7920384776326
46,18,2.8902652413026098,2.261946710584651,2.9530970943744057,2.387610416728243,3295.2662213113645
46,19,2.8902652413026098,2.387610416728243,2.9530970943744057,2.5132741228718345,1800.6433752140065
46,20,2.8902652413026098,2.5132741228718345,2.9530970943744057,2.6389378290154264,1789.552308598957
46,21,2.8902652413026098,2.6389378290154264,2.9530970943744057,2.7646015351590183,2095.979316596773
46,22,2.8902652413026098,2.7646015351590183,2.9530970943744057,2.8902652413026098,2690.774056585722
46,23,2.8902652413026098,2.8902652413026098,2.9530970943744057,3.0159289474462017,1790.9459504772872
46,24,2.8902652413026098,3.0159289474462017,2.9530970943744057,3.1415926535897936,2396.7156202580745
46,25,2.8902652413026098,3.1415926535897936,2.9530970943744057,3.267256359733385,2660.752687790028
46,26,2.8902652413026098,3.267256359733385,2.9530970943744057,3.392920065876977,1503.8557235413002
46,27,2.8902652413026098,3.392920065876977,2.9530970943744057,3.518583772020569,2085.759276155686
46,28,2.8902652413026098,3.518583772020569,2.9530970943744057,3.6442474781641603,2080.4750507003587
46,29,2.8902652413026098,3.6442474781641603,2.9530970943744057,3.769911184307752,4205.953120388445
46,30,2.8902652413026098,3.769911184307752,2.9530970943744057,3.8955748904513436,2090.6950911414456
46,31,2.8902652413026098,3.8955748904513436,2.9530970943744057,4.0212385965949355,1787.1715037234765
46,32,2.8902652413026098,4.0212385965949355,2.9530970943744057,4.1469023027385274,3875.427721577839
46,33,2.8902652413026098,4.1469023027385274,2.9530970943744057,4.272566008882119,1794.0235762919326
46,34,2.8902652413026098,4.272566008882119,2.9530970943744057,4.39822971502571,1797.3915441645763
46,35,2.8902652413026098,4.39822971502571,2.9530970943744057,4.523893421169302,3602.7965291295254
46,36,2.8902652413026098,4.523893421169302,2.9530970943744057,4.649557127312894,3558.548399492547
46,37,2.8902652413026098,4.649557127312894,2.9530970943744057,4.775220833456486,2401.128819539453
46,38,2.8902652413026098,4.775220833456486,2.9530970943744057,4.900884539600078,2980.883840924748
46,39,2.8902652413026098,4.900884539600078,2.9530970943744057,5.026548245743669,2386.263306170617
46,40,2.8902652413026098,5.026548245743669,2.9530970943744057,5.152211951887261,3297.5308893636507
46,41,2.8902652413026098,5.152211951887261,2.9530970943744057,5.277875658030853,2956.901586935152
46,42,2.8902652413026098,5.277875658030853,2.9530970943744057,5.403539364174445,2922.4089504464837
46,43,2.8902652413026098,5.403539364174445,2.9530970943744057,5.529203070318037,2087.849738973181
46,44,2.8902652413026098,5.529203070318037,2.9530970943744057,5.6548667764616285,3008.1759943753773
46,45,2.8902652413026098,5.6548667764616285,2.9530970943744057,5.7805304826052195,3882.8604782622933
46,46,2.8902652413026098,5.7805304826052195,2.9530970943744057,5.906194188748811,575.748300985095
46,47,2.8902652413026098,5.906194188748811,2.9530970943744057,6.031857894892403,1446.4260644717833
46,48,2.8902652413026098,6.031857894892403,2.9530970943744057,6.157521601035995,4131.161006251399
46,49,2.8902652413026098,6.157521601035995,2.9530970943744057,6.283185307179586,1500.0812767875004
47,0,2.9530970943744057,0.0,3.0159289474462017,0.12566370614359174,1635.6076621549578
47,1,2.9530970943744057,0.12566370614359174,3.0159289474462017,0.25132741228718347,1248.3867185228469
47,2,2.9530970943744057,0.25132741228718347,3.0159289474462017,0.3769911184307752,3340.2057559231644
47,3,2.9530970943744057,0.3769911184307752,3.0159289474462017,0.5026548245743669,421.7161594387356
47,4,2.9530970943744057,0.5026548245743669,3.0159289474462017,0.6283185307179586,1248.8725666327996
47,5,2.9530970943744057,0.6283185307179586,3.0159289474462017,0.7539822368615504,2497.2592851556446
47,6,2.9530970943744057,0.7539822368615504,3.0159289474462017,0.8796459430051422,2876.787633713508
47,7,2.9530970943744057,0.8796459430051422,3.0159289474462017,1.0053096491487339,3744.836256828574
47,8,2.9530970943744057,1.0053096491487339,3.0159289474462017,1.1309733552923256,4535.230157036234
47,9,2.9530970943744057,1.1309733552923256,3.0159289474462017,1.2566370614359172,2497.745133265599
47,10,2.9530970943744057,1.2566370614359172,3.0159289474462017,1.3823007675795091,2908.2867861754235
47,11,2.9530970943744057,1.3823007675795091,3.0159289474462017,1.5079644737231008,1248.3867185228473
47,12,2.9530970943744057,1.5079644737231008,3.0159289474462017,1.6336281798666925,3738.7631554541676
47,13,2.9530970943744057,1.6336281798666925,3.0159289474462017,1.7592918860102844,2084.9361891759886
47,14,2.9530970943744057,1.7592918860102844,3.0159289474462017,1.884955592153876,2091.8190374003184
47,15,2.9530970943744057,1.884955592153876,3.0159289474462017,2.0106192982974678,416.1289061742824
47,16,2.9530970943744057,2.0106192982974678,3.0159289474462017,2.1362830044410597,2506.6523486147235
47,17,2.9530970943744057,2.1362830044410597,3.0159289474462017,2.261946710584651,3321.3386543200177
47,18,2.9530970943744057,2.261946710584651,3.0159289474462017,2.387610416728243,1666.5399918219287
47,19,2.9530970943744057,2.387610416728243,3.0159289474462017,2.5132741228718345,2084.936189175996
47,20,2.9530970943744057,2.5132741228718345,3.0159289474462017,2.6389378290154264,1668.8072830017068
47,21,2.9530970943744057,2.6389378290154264,3.0159289474462017,2.7646015351590183,2060.481834308381
47,22,2.9530970943744057,2.7646015351590183,3.0159289474462017,2.8902652413026098,2079.3489359115424
47,23,2.9530970943744057,2.8902652413026098,3.0159289474462017,3.0159289474462017,2488.109145751538
47,24,2.9530970943744057,3.0159289474462017,3.0159289474462017,3.1415926535897936,2495.1539433458483
47,25,2.9530970943744057,3.1415926535897936,3.0159289474462017,3.267256359733385,832.2578123485663
47,26,2.9530970943744057,3.267256359733385,3.0159289474462017,3.392920065876977,1239.7224272286928
47,27,2.9530970943744057,3.392920065876977,3.0159289474462017,3.518583772020569,843.4323188774699
47,28,2.9530970943744057,3.518583772020569,3.0159289474462017,3.6442474781641603,2514.021044949011
47,29,2.9530970943744057,3.6442474781641603,3.0159289474462017,3.769911184307752,2499.2836522804446
47,30,2.9530970943744057,3.769911184307752,3.0159289474462017,3.8955748904513436,2507.9479435746052
47,31,2.9530970943744057,3.8955748904513436,3.0159289474462017,4.0212385965949355,1686.8646377549398
47,32,2.9530970943744057,4.0212385965949355,3.0159289474462017,4.1469023027385274,1674.1516122111836
47,33,2.9530970943744057,4.1469023027385274,3.0159289474462017,4.272566008882119,3719.8960538510073
47,34,2.9530970943744057,4.272566008882119,3.0159289474462017,4.39822971502571,3314.860679520664
47,35,2.9530970943744057,4.39822971502571,3.0159289474462017,4.523893421169302,4193.516986369664
47,36,2.9530970943744057,4.523893421169302,3.0159289474462017,4.649557127312894,2092.952682990204
47,37,2.9530970943744057,4.649557127312894,3.0159289474462017,4.775220833456486,4116.186162202231
47,38,2.9530970943744057,4.775220833456486,3.0159289474462017,4.900884539600078,2108.5807971936747
47,39,2.9530970943744057,4.900884539600078,3.0159289474462017,5.026548245743669,2915.412558454747
47,40,2.9530970943744057,5.026548245743669,3.0159289474462017,5.152211951887261,2038.6186693605205
47,41,2.9530970943744057,5.152211951887261,3.0159289474462017,5.277875658030853,2484.141386186926
47,42,2.9530970943744057,5.277875658030853,3.0159289474462017,5.403539364174445,3356.9675157165193
47,43,2.9530970943744057,5.403539364174445,3.0159289474462017,5.529203070318037,3765.970649611499
47,44,2.9530970943744057,5.529203070318037,3.0159289474462017,5.6548667764616285,1253.9739717872983
47,45,2.9530970943744057,5.6548667764616285,3.0159289474462017,5.7805304826052195,6620.490244952233
47,46,2.9530970943744057,5.7805304826052195,3.0159289474462017,5.906194188748811,1233.0825030593426
47,47,2.9530970943744057,5.906194188748811,3.0159289474462017,6.031857894892403,4187.686809050234
47,48,2.9530970943744057,6.031857894892403,3.0159289474462017,6.157521601035995,837.8450656130166
47,49,2.9530970943744057,6.157521601035995,3.0159289474462017,6.283185307179586,1259.5612250517606
48,0,3.0159289474462017,0.0,3.0787608005179976,0.12566370614359174,1381.292739844179
48,1,3.0159289474462017,0.12566370614359174,3.0787608005179976,0.25132741228718347,2773.622899749479
48,2,3.0159289474462017,0.25132741228718347,3.0787608005179976,0.3769911184307752,1383.4463827829343
48,3,3.0159289474462017,0.3769911184307752,3.0787608005179976,0.5026548245743669,1383.4463827829343
48,4,3.0159289474462017,0.5026548245743669,3.0787608005179976,0.6283185307179586,1362.1791587627263
48,5,3.0159289474462017,0.6283185307179586,3.0787608005179976,0.7539822368615504,4831.428727730163
48,6,3.0159289474462017,0.7539822368615504,3.0787608005179976,0.8796459430051422,691.7231913914668
48,7,3.0159289474462017,0.8796459430051422,3.0787608005179976,1.0053096491487339,2766.8927655658695
48,8,3.0159289474462017,1.0053096491487339,3.0787608005179976,1.1309733552923256,3467.903542130719
48,9,3.0159289474462017,1.1309733552923256,3.0787608005179976,1.2566370614359172,3410.9666069373757
48,10,3.0159289474462017,1.2566370614359172,3.0787608005179976,1.3823007675795091,2757.874385759827
48,11,3.0159289474462017,1.3823007675795091,3.0787608005179976,1.5079644737231008,3430.6185987535177
48,12,3.0159289474462017,1.5079644737231008,3.0787608005179976,1.6336281798666925,5529.074437203212
48,13,3.0159289474462017,1.6336281798666925,3.0787608005179976,1.7592918860102844,3456.462314018576
48,14,3.0159289474462017,1.7592918860102844,3.0787608005179976,1.884955592153876,4169.7219347976015
48,15,3.0159289474462017,1.884955592153876,3.0787608005179976,2.0106192982974678,2776.1803507392515
48,16,3.0159289474462017,2.0106192982974678,3.0787608005179976,2.1362830044410597,3416.2161116005855
48,17,3.0159289474462017,2.1362830044410597,3.0787608005179976,2.261946710584651,2766.8927655658745
48,18,3.0159289474462017,2.261946710584651,3.0787608005179976,2.387610416728243,3453.9048630288034
48,19,3.0159289474462017,2.387610416728243,3.0787608005179976,2.5132741228718345,2084.457159347788
48,20,3.0159289474462017,2.5132741228718345,3.0787608005179976,2.6389378290154264,2776.180350739247
48,21,3.0159289474462017,2.6389378290154264,3.0787608005179976,2.7646015351590183,2082.3035164090256
48,22,3.0159289474462017,2.7646015351590183,3.0787608005179976,2.8902652413026098,2804.0431062594034
48,23,3.0159289474462017,2.8902652413026098,3.0787608005179976,3.0159289474462017,2776.180350739247
48,24,3.0159289474462017,3.0159289474462017,3.0787608005179976,3.1415926535897936,3428.330353131085
48,25,3.0159289474462017,3.1415926535897936,3.0787608005179976,3.267256359733385,2097.513619663992
48,26,3.0159289474462017,3.267256359733385,3.0787608005179976,3.392920065876977,1381.292739844177
48,27,3.0159289474462017,3.392920065876977,3.0787608005179976,3.518583772020569,2785.467935912629
48,28,3.0159289474462017,3.518583772020569,3.0787608005179976,3.6442474781641603,2785.4679359126385
48,29,3.0159289474462017,3.6442474781641603,3.0787608005179976,3.769911184307752,1343.8731937833038
48,30,3.0159289474462017,3.769911184307752,3.0787608005179976,3.8955748904513436,3463.1924482021977
48,31,3.0159289474462017,3.8955748904513436,3.0787608005179976,4.0212385965949355,4827.79445527101
48,32,3.0159289474462017,4.0212385965949355,3.0787608005179976,4.1469023027385274,2768.1041897189143
48,33,3.0159289474462017,4.1469023027385274,3.0787608005179976,4.272566008882119,3463.1924482021855
48,34,3.0159289474462017,4.272566008882119,3.0787608005179976,4.39822971502571,2103.0323296945603
48,35,3.0159289474462017,4.39822971502571,3.0787608005179976,4.523893421169302,2093.744744521163
48,36,3.0159289474462017,4.523893421169302,3.0787608005179976,4.649557127312894,3505.053882824242
48,37,3.0159289474462017,4.649557127312894,3.0787608005179976,4.775220833456486,2093.744744521163
48,38,3.0159289474462017,4.775220833456486,3.0787608005179976,4.900884539600078,2767.700381667898
48,39,3.0159289474462017,4.900884539600078,3.0787608005179976,5.026548245743669,2103.0323296945603
48,40,3.0159289474462017,5.026548245743669,3.0787608005179976,5.152211951887261,4187.489489042326
48,41,3.0159289474462017,5.152211951887261,3.0787608005179976,5.277875658030853,2736.6071617396183
48,42,3.0159289474462017,5.277875658030853,3.0787608005179976,5.403539364174445,4163.799416716018
48,43,3.0159289474462017,5.403539364174445,3.0787608005179976,5.529203070318037,1402.0215531296967
48,44,3.0159289474462017,5.529203070318037,3.0787608005179976,5.6548667764616285,2084.457159347781
48,45,3.0159289474462017,5.6548667764616285,3.0787608005179976,5.7805304826052195,2785.467935912649
48,46,3.0159289474462017,5.7805304826052195,3.0787608005179976,5.906194188748811,1383.4463827829325
48,47,3.0159289474462017,5.906194188748811,3.0787608005179976,6.031857894892403,1392.7339679563145
48,48,3.0159289474462017,6.031857894892403,3.0787608005179976,6.157521601035995,3429.137969233118
48,49,3.0159289474462017,6.157521601035995,3.0787608005179976,6.283185307179586,2794.755521086031
49,0,3.0787608005179976,0.0,3.141592653589793,0.12566370614359174,2072.4396587562255
49,1,3.0787608005179976,0.12566370614359174,3.141592653589793,0.25132741228718347,2100.2657604207866
49,2,3.0787608005179976,0.25132741228718347,3.141592653589793,0.3769911184307752,2072.4396587562255
49,3,3.0787608005179976,0.3769911184307752,3.141592653589793,0.5026548245743669,4119.4728768622
49,4,3.0787608005179976,0.5026548245743669,3.141592653589793,0.6283185307179586,0.0
49,5,3.0787608005179976,0.6283185307179586,3.141592653589793,0.7539822368615504,2072.439658756224
49,6,3.0787608005179976,0.7539822368615504,3.141592653589793,0.8796459430051422,0.0
49,7,3.0787608005179976,0.8796459430051422,3.141592653589793,1.0053096491487339,0.0
49,8,3.0787608005179976,1.0053096491487339,3.141592653589793,1.1309733552923256,0.0
49,9,3.0787608005179976,1.1309733552923256,3.141592653589793,1.2566370614359172,0.0
49,10,3.0787608005179976,1.2566370614359172,3.141592653589793,1.3823007675795091,2072.4396587562223
49,11,3.0787608005179976,1.3823007675795091,3.141592653589793,1.5079644737231008,2100.265760420787
49,12,3.0787608005179976,1.5079644737231008,3.141592653589793,1.6336281798666925,6217.318976268678
49,13,3.0787608005179976,1.6336281798666925,3.141592653589793,1.7592918860102844,2072.4396587562223
49,14,3.0787608005179976,1.7592918860102844,3.141592653589793,1.884955592153876,2036.9512972130174
49,15,3.0787608005179976,1.884955592153876,3.141592653589793,2.0106192982974678,2072.439658756226
49,16,3.0787608005179976,2.0106192982974678,3.141592653589793,2.1362830044410597,0.0
49,17,3.0787608005179976,2.1362830044410597,3.141592653589793,2.261946710584651,0.0
49,18,3.0787608005179976,2.261946710584651,3.141592653589793,2.387610416728243,2072.4396587562223
49,19,3.0787608005179976,2.387610416728243,3.141592653589793,2.5132741228718345,2072.4396587562296
49,20,3.0787608005179976,2.5132741228718345,3.141592653589793,2.6389378290154264,4172.705419177006
49,21,3.0787608005179976,2.6389378290154264,3.141592653589793,2.7646015351590183,2072.4396587562223
49,22,3.0787608005179976,2.7646015351590183,3.141592653589793,2.8902652413026098,2047.0332181059782
49,23,3.0787608005179976,2.8902652413026098,3.141592653589793,3.0159289474462017,0.0
49,24,3.0787608005179976,3.0159289474462017,3.141592653589793,3.1415926535897936,0.0
49,25,3.0787608005179976,3.1415926535897936,3.141592653589793,3.267256359733385,6238.692648561758
49,26,3.0787608005179976,3.267256359733385,3.141592653589793,3.392920065876977,0.0
49,27,3.0787608005179976,3.392920065876977,3.141592653589793,3.518583772020569,6272.971179597788
49,28,3.0787608005179976,3.518583772020569,3.141592653589793,3.6442474781641603,3998.489826146724
49,29,3.0787608005179976,3.6442474781641603,3.141592653589793,3.769911184307752,2072.4396587562223
49,30,3.0787608005179976,3.769911184307752,3.141592653589793,3.8955748904513436,3998.489826146724
49,31,3.0787608005179976,3.8955748904513436,3.141592653589793,4.0212385965949355,2072.4396587562223
49,32,3.0787608005179976,4.0212385965949355,3.141592653589793,4.1469023027385274,2100.2657604207834
49,33,3.0787608005179976,4.1469023027385274,3.141592653589793,4.272566008882119,0.0
49,34,3.0787608005179976,4.272566008882119,3.141592653589793,4.39822971502571,2100.2657604207984
49,35,3.0787608005179976,4.39822971502571,3.141592653589793,4.523893421169302,2100.2657604207834
49,36,3.0787608005179976,4.523893421169302,3.141592653589793,4.649557127312894,2100.2657604207834
49,37,3.0787608005179976,4.649557127312894,3.141592653589793,4.775220833456486,4147.298978526754
49,38,3.0787608005179976,4.775220833456486,3.141592653589793,4.900884539600078,6210.866546897174
49,39,3.0787608005179976,4.900884539600078,3.141592653589793,5.026548245743669,8337.748578475423
49,40,3.0787608005179976,5.026548245743669,3.141592653589793,5.152211951887261,0.0
49,41,3.0787608005179976,5.152211951887261,3.141592653589793,5.277875658030853,10299.28710740906
49,42,3.0787608005179976,5.277875658030853,3.141592653589793,5.403539364174445,0.0
49,43,3.0787608005179976,5.403539364174445,3.141592653589793,5.529203070318037,0.0
49,44,3.0787608005179976,5.529203070318037,3.141592653589793,5.6548667764616285,2100.2657604207834
49,45,3.0787608005179976,5.6548667764616285,3.141592653589793,5.7805304826052195,6098.755586567539
49,46,3.0787608005179976,5.7805304826052195,3.141592653589793,5.906194188748811,2072.4396587562223
49,47,3.0787608005179976,5.906194188748811,3.141592653589793,6.031857894892403,3946.4671143390524
49,48,3.0787608005179976,6.031857894892403,3.141592653589793,6.157521601035995,2100.2657604207834
49,49,3.0787608005179976,6.157521601035995,3.141592653589793,6.283185307179586,1926.0501673905019
