  0.0000000e+00   1.0000000e+00  -0.0000000e+00  -1.0000000e+00
  1.2089786e-02   9.9992692e-01  -1.2089786e-02  -9.9992692e-01
  2.0939358e-02   9.9978075e-01  -2.0939358e-02  -9.9978075e-01
  2.7031607e-02   9.9963458e-01  -2.7031607e-02  -9.9963458e-01
  3.1983060e-02   9.9948841e-01  -3.1983060e-02  -9.9948841e-01
  3.6264056e-02   9.9934224e-01  -3.6264056e-02  -9.9934224e-01
  4.0089957e-02   9.9919607e-01  -4.0089957e-02  -9.9919607e-01
  4.3580784e-02   9.9904991e-01  -4.3580784e-02  -9.9904991e-01
  4.6811560e-02   9.9890374e-01  -4.6811560e-02  -9.9890374e-01
  4.9832889e-02   9.9875757e-01  -4.9832889e-02  -9.9875757e-01
  5.2680820e-02   9.9861140e-01  -5.2680820e-02  -9.9861140e-01
  5.5382109e-02   9.9846523e-01  -5.5382109e-02  -9.9846523e-01
  5.7957265e-02   9.9831906e-01  -5.7957265e-02  -9.9831906e-01
  6.0422416e-02   9.9817290e-01  -6.0422416e-02  -9.9817290e-01
  6.2790520e-02   9.9802673e-01  -6.2790520e-02  -9.9802673e-01
  6.4312475e-02   9.9792981e-01  -6.4312475e-02  -9.9792981e-01
  6.7252719e-02   9.9773597e-01  -6.7252719e-02  -9.9773597e-01
  7.0069157e-02   9.9754214e-01  -7.0069157e-02  -9.9754214e-01
  7.2776166e-02   9.9734830e-01  -7.2776166e-02  -9.9734830e-01
  7.5385533e-02   9.9715446e-01  -7.5385533e-02  -9.9715446e-01
  7.7907072e-02   9.9696063e-01  -7.7907072e-02  -9.9696063e-01
  8.0349050e-02   9.9676679e-01  -8.0349050e-02  -9.9676679e-01
  8.2718515e-02   9.9657295e-01  -8.2718515e-02  -9.9657295e-01
  8.5021530e-02   9.9637911e-01  -8.5021530e-02  -9.9637911e-01
  8.7263355e-02   9.9618528e-01  -8.7263355e-02  -9.9618528e-01
  8.9448592e-02   9.9599144e-01  -8.9448592e-02  -9.9599144e-01
  9.1581292e-02   9.9579760e-01  -9.1581292e-02  -9.9579760e-01
  9.3665042e-02   9.9560377e-01  -9.3665042e-02  -9.9560377e-01
  9.5703042e-02   9.9540993e-01  -9.5703042e-02  -9.9540993e-01
  9.7698153e-02   9.9521609e-01  -9.7698153e-02  -9.9521609e-01
  9.9652952e-02   9.9502226e-01  -9.9652952e-02  -9.9502226e-01
  1.0156977e-01   9.9482842e-01  -1.0156977e-01  -9.9482842e-01
  1.0345071e-01   9.9463458e-01  -1.0345071e-01  -9.9463458e-01
  1.0529770e-01   9.9444074e-01  -1.0529770e-01  -9.9444074e-01
  1.0711249e-01   9.9424691e-01  -1.0711249e-01  -9.9424691e-01
  1.0889670e-01   9.9405307e-01  -1.0889670e-01  -9.9405307e-01
  1.1065181e-01   9.9385923e-01  -1.1065181e-01  -9.9385923e-01
  1.1237917e-01   9.9366540e-01  -1.1237917e-01  -9.9366540e-01
  1.1408006e-01   9.9347156e-01  -1.1408006e-01  -9.9347156e-01
  1.1575563e-01   9.9327772e-01  -1.1575563e-01  -9.9327772e-01
  1.1740696e-01   9.9308389e-01  -1.1740696e-01  -9.9308389e-01
  1.1903508e-01   9.9289005e-01  -1.1903508e-01  -9.9289005e-01
  1.2064091e-01   9.9269621e-01  -1.2064091e-01  -9.9269621e-01
  1.2222535e-01   9.9250238e-01  -1.2222535e-01  -9.9250238e-01
  1.2378920e-01   9.9230854e-01  -1.2378920e-01  -9.9230854e-01
  1.2533323e-01   9.9211470e-01  -1.2533323e-01  -9.9211470e-01
  1.2616689e-01   9.9200903e-01  -1.2616689e-01  -9.9200903e-01
  1.2781764e-01   9.9179769e-01  -1.2781764e-01  -9.9179769e-01
  1.2944699e-01   9.9158634e-01  -1.2944699e-01  -9.9158634e-01
  1.3105574e-01   9.9137500e-01  -1.3105574e-01  -9.9137500e-01
  1.3264465e-01   9.9116366e-01  -1.3264465e-01  -9.9116366e-01
  1.3421442e-01   9.9095231e-01  -1.3421442e-01  -9.9095231e-01
  1.3576571e-01   9.9074097e-01  -1.3576571e-01  -9.9074097e-01
  1.3729914e-01   9.9052963e-01  -1.3729914e-01  -9.9052963e-01
  1.3881532e-01   9.9031829e-01  -1.3881532e-01  -9.9031829e-01
  1.4031480e-01   9.9010694e-01  -1.4031480e-01  -9.9010694e-01
  1.4179810e-01   9.8989560e-01  -1.4179810e-01  -9.8989560e-01
  1.4326574e-01   9.8968426e-01  -1.4326574e-01  -9.8968426e-01
  1.4471819e-01   9.8947291e-01  -1.4471819e-01  -9.8947291e-01
  1.4615589e-01   9.8926157e-01  -1.4615589e-01  -9.8926157e-01
  1.4757929e-01   9.8905023e-01  -1.4757929e-01  -9.8905023e-01
  1.4898879e-01   9.8883888e-01  -1.4898879e-01  -9.8883888e-01
  1.5038479e-01   9.8862754e-01  -1.5038479e-01  -9.8862754e-01
  1.5176765e-01   9.8841620e-01  -1.5176765e-01  -9.8841620e-01
  1.5313773e-01   9.8820486e-01  -1.5313773e-01  -9.8820486e-01
  1.5449537e-01   9.8799351e-01  -1.5449537e-01  -9.8799351e-01
  1.5584090e-01   9.8778217e-01  -1.5584090e-01  -9.8778217e-01
  1.5717463e-01   9.8757083e-01  -1.5717463e-01  -9.8757083e-01
  1.5849685e-01   9.8735948e-01  -1.5849685e-01  -9.8735948e-01
  1.5980785e-01   9.8714814e-01  -1.5980785e-01  -9.8714814e-01
  1.6110791e-01   9.8693680e-01  -1.6110791e-01  -9.8693680e-01
  1.6239728e-01   9.8672545e-01  -1.6239728e-01  -9.8672545e-01
  1.6367623e-01   9.8651411e-01  -1.6367623e-01  -9.8651411e-01
  1.6494499e-01   9.8630277e-01  -1.6494499e-01  -9.8630277e-01
  1.6620379e-01   9.8609143e-01  -1.6620379e-01  -9.8609143e-01
  1.6745287e-01   9.8588008e-01  -1.6745287e-01  -9.8588008e-01
  1.6869243e-01   9.8566874e-01  -1.6869243e-01  -9.8566874e-01
  1.6992269e-01   9.8545740e-01  -1.6992269e-01  -9.8545740e-01
  1.7114384e-01   9.8524605e-01  -1.7114384e-01  -9.8524605e-01
  1.7235608e-01   9.8503471e-01  -1.7235608e-01  -9.8503471e-01
  1.7355960e-01   9.8482337e-01  -1.7355960e-01  -9.8482337e-01
  1.7475458e-01   9.8461202e-01  -1.7475458e-01  -9.8461202e-01
  1.7594118e-01   9.8440068e-01  -1.7594118e-01  -9.8440068e-01
  1.7711958e-01   9.8418934e-01  -1.7711958e-01  -9.8418934e-01
  1.7828995e-01   9.8397799e-01  -1.7828995e-01  -9.8397799e-01
  1.7945243e-01   9.8376665e-01  -1.7945243e-01  -9.8376665e-01
  1.8060718e-01   9.8355531e-01  -1.8060718e-01  -9.8355531e-01
  1.8175435e-01   9.8334397e-01  -1.8175435e-01  -9.8334397e-01
  1.8289408e-01   9.8313262e-01  -1.8289408e-01  -9.8313262e-01
  1.8402651e-01   9.8292128e-01  -1.8402651e-01  -9.8292128e-01
  1.8515178e-01   9.8270994e-01  -1.8515178e-01  -9.8270994e-01
  1.8627000e-01   9.8249859e-01  -1.8627000e-01  -9.8249859e-01
  1.8738131e-01   9.8228725e-01  -1.8738131e-01  -9.8228725e-01
  1.8790493e-01   9.8218722e-01  -1.8790493e-01  -9.8218722e-01
  1.8894765e-01   9.8198716e-01  -1.8894765e-01  -9.8198716e-01
  1.8998444e-01   9.8178710e-01  -1.8998444e-01  -9.8178710e-01
  1.9101539e-01   9.8158704e-01  -1.9101539e-01  -9.8158704e-01
  1.9204060e-01   9.8138698e-01  -1.9204060e-01  -9.8138698e-01
  1.9306015e-01   9.8118692e-01  -1.9306015e-01  -9.8118692e-01
  1.9407415e-01   9.8098686e-01  -1.9407415e-01  -9.8098686e-01
  1.9508267e-01   9.8078680e-01  -1.9508267e-01  -9.8078680e-01
  1.9608579e-01   9.8058674e-01  -1.9608579e-01  -9.8058674e-01
  1.9708361e-01   9.8038668e-01  -1.9708361e-01  -9.8038668e-01
  1.9807620e-01   9.8018662e-01  -1.9807620e-01  -9.8018662e-01
  1.9906364e-01   9.7998656e-01  -1.9906364e-01  -9.7998656e-01
  2.0004601e-01   9.7978650e-01  -2.0004601e-01  -9.7978650e-01
  2.0102337e-01   9.7958644e-01  -2.0102337e-01  -9.7958644e-01
  2.0199581e-01   9.7938639e-01  -2.0199581e-01  -9.7938639e-01
  2.0296340e-01   9.7918633e-01  -2.0296340e-01  -9.7918633e-01
  2.0392619e-01   9.7898627e-01  -2.0392619e-01  -9.7898627e-01
  2.0488427e-01   9.7878621e-01  -2.0488427e-01  -9.7878621e-01
  2.0583769e-01   9.7858615e-01  -2.0583769e-01  -9.7858615e-01
  2.0678652e-01   9.7838609e-01  -2.0678652e-01  -9.7838609e-01
  2.0773083e-01   9.7818603e-01  -2.0773083e-01  -9.7818603e-01
  2.0867067e-01   9.7798597e-01  -2.0867067e-01  -9.7798597e-01
  2.0960610e-01   9.7778591e-01  -2.0960610e-01  -9.7778591e-01
  2.1053719e-01   9.7758585e-01  -2.1053719e-01  -9.7758585e-01
  2.1146400e-01   9.7738579e-01  -2.1146400e-01  -9.7738579e-01
  2.1238656e-01   9.7718573e-01  -2.1238656e-01  -9.7718573e-01
  2.1330495e-01   9.7698567e-01  -2.1330495e-01  -9.7698567e-01
  2.1421922e-01   9.7678561e-01  -2.1421922e-01  -9.7678561e-01
  2.1512941e-01   9.7658555e-01  -2.1512941e-01  -9.7658555e-01
  2.1603559e-01   9.7638549e-01  -2.1603559e-01  -9.7638549e-01
  2.1693779e-01   9.7618543e-01  -2.1693779e-01  -9.7618543e-01
  2.1783608e-01   9.7598537e-01  -2.1783608e-01  -9.7598537e-01
  2.1873049e-01   9.7578531e-01  -2.1873049e-01  -9.7578531e-01
  2.1962108e-01   9.7558525e-01  -2.1962108e-01  -9.7558525e-01
  2.2050789e-01   9.7538519e-01  -2.2050789e-01  -9.7538519e-01
  2.2139097e-01   9.7518513e-01  -2.2139097e-01  -9.7518513e-01
  2.2227035e-01   9.7498507e-01  -2.2227035e-01  -9.7498507e-01
  2.2314610e-01   9.7478501e-01  -2.2314610e-01  -9.7478501e-01
  2.2401824e-01   9.7458495e-01  -2.2401824e-01  -9.7458495e-01
  2.2488682e-01   9.7438489e-01  -2.2488682e-01  -9.7438489e-01
  2.2575188e-01   9.7418483e-01  -2.2575188e-01  -9.7418483e-01
  2.2661346e-01   9.7398477e-01  -2.2661346e-01  -9.7398477e-01
  2.2747161e-01   9.7378471e-01  -2.2747161e-01  -9.7378471e-01
  2.2832635e-01   9.7358465e-01  -2.2832635e-01  -9.7358465e-01
  2.2917773e-01   9.7338459e-01  -2.2917773e-01  -9.7338459e-01
  2.3002579e-01   9.7318453e-01  -2.3002579e-01  -9.7318453e-01
  2.3087055e-01   9.7298447e-01  -2.3087055e-01  -9.7298447e-01
  2.3171207e-01   9.7278441e-01  -2.3171207e-01  -9.7278441e-01
  2.3255036e-01   9.7258436e-01  -2.3255036e-01  -9.7258436e-01
  2.3338548e-01   9.7238430e-01  -2.3338548e-01  -9.7238430e-01
  2.3421745e-01   9.7218424e-01  -2.3421745e-01  -9.7218424e-01
  2.3504630e-01   9.7198418e-01  -2.3504630e-01  -9.7198418e-01
  2.3587207e-01   9.7178412e-01  -2.3587207e-01  -9.7178412e-01
  2.3669478e-01   9.7158406e-01  -2.3669478e-01  -9.7158406e-01
  2.3751448e-01   9.7138400e-01  -2.3751448e-01  -9.7138400e-01
  2.3833120e-01   9.7118394e-01  -2.3833120e-01  -9.7118394e-01
  2.3914496e-01   9.7098388e-01  -2.3914496e-01  -9.7098388e-01
  2.3995579e-01   9.7078382e-01  -2.3995579e-01  -9.7078382e-01
  2.4076372e-01   9.7058376e-01  -2.4076372e-01  -9.7058376e-01
  2.4156878e-01   9.7038370e-01  -2.4156878e-01  -9.7038370e-01
  2.4237101e-01   9.7018364e-01  -2.4237101e-01  -9.7018364e-01
  2.4317043e-01   9.6998358e-01  -2.4317043e-01  -9.6998358e-01
  2.4396706e-01   9.6978352e-01  -2.4396706e-01  -9.6978352e-01
  2.4476093e-01   9.6958346e-01  -2.4476093e-01  -9.6958346e-01
  2.4555208e-01   9.6938340e-01  -2.4555208e-01  -9.6938340e-01
  2.4634052e-01   9.6918334e-01  -2.4634052e-01  -9.6918334e-01
  2.4712629e-01   9.6898328e-01  -2.4712629e-01  -9.6898328e-01
  2.4790940e-01   9.6878322e-01  -2.4790940e-01  -9.6878322e-01
  2.4868989e-01   9.6858316e-01  -2.4868989e-01  -9.6858316e-01
  2.4908874e-01   9.6848067e-01  -2.4908874e-01  -9.6848067e-01
  2.4988440e-01   9.6827568e-01  -2.4988440e-01  -9.6827568e-01
  2.5067738e-01   9.6807069e-01  -2.5067738e-01  -9.6807069e-01
  2.5146768e-01   9.6786570e-01  -2.5146768e-01  -9.6786570e-01
  2.5225534e-01   9.6766071e-01  -2.5225534e-01  -9.6766071e-01
  2.5304039e-01   9.6745572e-01  -2.5304039e-01  -9.6745572e-01
  2.5382284e-01   9.6725073e-01  -2.5382284e-01  -9.6725073e-01
  2.5460272e-01   9.6704574e-01  -2.5460272e-01  -9.6704574e-01
  2.5538005e-01   9.6684075e-01  -2.5538005e-01  -9.6684075e-01
  2.5615487e-01   9.6663576e-01  -2.5615487e-01  -9.6663576e-01
  2.5692718e-01   9.6643077e-01  -2.5692718e-01  -9.6643077e-01
  2.5769701e-01   9.6622578e-01  -2.5769701e-01  -9.6622578e-01
  2.5846439e-01   9.6602079e-01  -2.5846439e-01  -9.6602079e-01
  2.5922933e-01   9.6581580e-01  -2.5922933e-01  -9.6581580e-01
  2.5999187e-01   9.6561081e-01  -2.5999187e-01  -9.6561081e-01
  2.6075201e-01   9.6540582e-01  -2.6075201e-01  -9.6540582e-01
  2.6150978e-01   9.6520083e-01  -2.6150978e-01  -9.6520083e-01
  2.6226520e-01   9.6499584e-01  -2.6226520e-01  -9.6499584e-01
  2.6301829e-01   9.6479085e-01  -2.6301829e-01  -9.6479085e-01
  2.6376908e-01   9.6458586e-01  -2.6376908e-01  -9.6458586e-01
  2.6451757e-01   9.6438087e-01  -2.6451757e-01  -9.6438087e-01
  2.6526379e-01   9.6417588e-01  -2.6526379e-01  -9.6417588e-01
  2.6600776e-01   9.6397089e-01  -2.6600776e-01  -9.6397089e-01
  2.6674950e-01   9.6376590e-01  -2.6674950e-01  -9.6376590e-01
  2.6748903e-01   9.6356091e-01  -2.6748903e-01  -9.6356091e-01
  2.6822636e-01   9.6335592e-01  -2.6822636e-01  -9.6335592e-01
  2.6896151e-01   9.6315093e-01  -2.6896151e-01  -9.6315093e-01
  2.6969450e-01   9.6294594e-01  -2.6969450e-01  -9.6294594e-01
  2.7042535e-01   9.6274095e-01  -2.7042535e-01  -9.6274095e-01
  2.7115408e-01   9.6253596e-01  -2.7115408e-01  -9.6253596e-01
  2.7188069e-01   9.6233097e-01  -2.7188069e-01  -9.6233097e-01
  2.7260522e-01   9.6212598e-01  -2.7260522e-01  -9.6212598e-01
  2.7332767e-01   9.6192099e-01  -2.7332767e-01  -9.6192099e-01
  2.7404807e-01   9.6171600e-01  -2.7404807e-01  -9.6171600e-01
  2.7476642e-01   9.6151101e-01  -2.7476642e-01  -9.6151101e-01
  2.7548275e-01   9.6130602e-01  -2.7548275e-01  -9.6130602e-01
  2.7619706e-01   9.6110103e-01  -2.7619706e-01  -9.6110103e-01
  2.7690939e-01   9.6089604e-01  -2.7690939e-01  -9.6089604e-01
  2.7761973e-01   9.6069105e-01  -2.7761973e-01  -9.6069105e-01
  2.7832811e-01   9.6048606e-01  -2.7832811e-01  -9.6048606e-01
  2.7903454e-01   9.6028107e-01  -2.7903454e-01  -9.6028107e-01
  2.7973904e-01   9.6007608e-01  -2.7973904e-01  -9.6007608e-01
  2.8044161e-01   9.5987109e-01  -2.8044161e-01  -9.5987109e-01
  2.8114228e-01   9.5966610e-01  -2.8114228e-01  -9.5966610e-01
  2.8184106e-01   9.5946111e-01  -2.8184106e-01  -9.5946111e-01
  2.8253797e-01   9.5925612e-01  -2.8253797e-01  -9.5925612e-01
  2.8323301e-01   9.5905113e-01  -2.8323301e-01  -9.5905113e-01
  2.8392620e-01   9.5884614e-01  -2.8392620e-01  -9.5884614e-01
  2.8461756e-01   9.5864115e-01  -2.8461756e-01  -9.5864115e-01
  2.8530709e-01   9.5843616e-01  -2.8530709e-01  -9.5843616e-01
  2.8599481e-01   9.5823117e-01  -2.8599481e-01  -9.5823117e-01
  2.8668074e-01   9.5802618e-01  -2.8668074e-01  -9.5802618e-01
  2.8736488e-01   9.5782119e-01  -2.8736488e-01  -9.5782119e-01
  2.8804725e-01   9.5761620e-01  -2.8804725e-01  -9.5761620e-01
  2.8872787e-01   9.5741121e-01  -2.8872787e-01  -9.5741121e-01
  2.8940674e-01   9.5720622e-01  -2.8940674e-01  -9.5720622e-01
  2.9008387e-01   9.5700123e-01  -2.9008387e-01  -9.5700123e-01
  2.9075929e-01   9.5679624e-01  -2.9075929e-01  -9.5679624e-01
  2.9143299e-01   9.5659125e-01  -2.9143299e-01  -9.5659125e-01
  2.9210500e-01   9.5638626e-01  -2.9210500e-01  -9.5638626e-01
  2.9277532e-01   9.5618127e-01  -2.9277532e-01  -9.5618127e-01
  2.9344396e-01   9.5597628e-01  -2.9344396e-01  -9.5597628e-01
  2.9411095e-01   9.5577129e-01  -2.9411095e-01  -9.5577129e-01
  2.9477628e-01   9.5556630e-01  -2.9477628e-01  -9.5556630e-01
  2.9543997e-01   9.5536131e-01  -2.9543997e-01  -9.5536131e-01
  2.9610203e-01   9.5515632e-01  -2.9610203e-01  -9.5515632e-01
  2.9676247e-01   9.5495133e-01  -2.9676247e-01  -9.5495133e-01
  2.9742131e-01   9.5474634e-01  -2.9742131e-01  -9.5474634e-01
  2.9807854e-01   9.5454135e-01  -2.9807854e-01  -9.5454135e-01
  2.9873419e-01   9.5433636e-01  -2.9873419e-01  -9.5433636e-01
  2.9938827e-01   9.5413137e-01  -2.9938827e-01  -9.5413137e-01
  3.0004078e-01   9.5392638e-01  -3.0004078e-01  -9.5392638e-01
  3.0069173e-01   9.5372139e-01  -3.0069173e-01  -9.5372139e-01
  3.0134114e-01   9.5351640e-01  -3.0134114e-01  -9.5351640e-01
  3.0198901e-01   9.5331141e-01  -3.0198901e-01  -9.5331141e-01
  3.0263536e-01   9.5310642e-01  -3.0263536e-01  -9.5310642e-01
  3.0328019e-01   9.5290143e-01  -3.0328019e-01  -9.5290143e-01
  3.0392351e-01   9.5269644e-01  -3.0392351e-01  -9.5269644e-01
  3.0456534e-01   9.5249145e-01  -3.0456534e-01  -9.5249145e-01
  3.0520568e-01   9.5228646e-01  -3.0520568e-01  -9.5228646e-01
  3.0584454e-01   9.5208147e-01  -3.0584454e-01  -9.5208147e-01
  3.0648193e-01   9.5187648e-01  -3.0648193e-01  -9.5187648e-01
  3.0711786e-01   9.5167149e-01  -3.0711786e-01  -9.5167149e-01
  3.0775235e-01   9.5146650e-01  -3.0775235e-01  -9.5146650e-01
  3.0838539e-01   9.5126151e-01  -3.0838539e-01  -9.5126151e-01
  3.0901699e-01   9.5105652e-01  -3.0901699e-01  -9.5105652e-01
  3.0933321e-01   9.5095371e-01  -3.0933321e-01  -9.5095371e-01
  3.0996456e-01   9.5074811e-01  -3.0996456e-01  -9.5074811e-01
  3.1059450e-01   9.5054251e-01  -3.1059450e-01  -9.5054251e-01
  3.1122303e-01   9.5033690e-01  -3.1122303e-01  -9.5033690e-01
  3.1185015e-01   9.5013130e-01  -3.1185015e-01  -9.5013130e-01
  3.1247588e-01   9.4992569e-01  -3.1247588e-01  -9.4992569e-01
  3.1310023e-01   9.4972009e-01  -3.1310023e-01  -9.4972009e-01
  3.1372319e-01   9.4951449e-01  -3.1372319e-01  -9.4951449e-01
  3.1434479e-01   9.4930888e-01  -3.1434479e-01  -9.4930888e-01
  3.1496503e-01   9.4910328e-01  -3.1496503e-01  -9.4910328e-01
  3.1558391e-01   9.4889767e-01  -3.1558391e-01  -9.4889767e-01
  3.1620145e-01   9.4869207e-01  -3.1620145e-01  -9.4869207e-01
  3.1681766e-01   9.4848646e-01  -3.1681766e-01  -9.4848646e-01
  3.1743253e-01   9.4828086e-01  -3.1743253e-01  -9.4828086e-01
  3.1804608e-01   9.4807526e-01  -3.1804608e-01  -9.4807526e-01
  3.1865832e-01   9.4786965e-01  -3.1865832e-01  -9.4786965e-01
  3.1926925e-01   9.4766405e-01  -3.1926925e-01  -9.4766405e-01
  3.1987888e-01   9.4745844e-01  -3.1987888e-01  -9.4745844e-01
  3.2048722e-01   9.4725284e-01  -3.2048722e-01  -9.4725284e-01
  3.2109428e-01   9.4704724e-01  -3.2109428e-01  -9.4704724e-01
  3.2170006e-01   9.4684163e-01  -3.2170006e-01  -9.4684163e-01
  3.2230456e-01   9.4663603e-01  -3.2230456e-01  -9.4663603e-01
  3.2290781e-01   9.4643042e-01  -3.2290781e-01  -9.4643042e-01
  3.2350980e-01   9.4622482e-01  -3.2350980e-01  -9.4622482e-01
  3.2411055e-01   9.4601921e-01  -3.2411055e-01  -9.4601921e-01
  3.2471005e-01   9.4581361e-01  -3.2471005e-01  -9.4581361e-01
  3.2530831e-01   9.4560801e-01  -3.2530831e-01  -9.4560801e-01
  3.2590535e-01   9.4540240e-01  -3.2590535e-01  -9.4540240e-01
  3.2650117e-01   9.4519680e-01  -3.2650117e-01  -9.4519680e-01
  3.2709577e-01   9.4499119e-01  -3.2709577e-01  -9.4499119e-01
  3.2768917e-01   9.4478559e-01  -3.2768917e-01  -9.4478559e-01
  3.2828136e-01   9.4457999e-01  -3.2828136e-01  -9.4457999e-01
  3.2887236e-01   9.4437438e-01  -3.2887236e-01  -9.4437438e-01
  3.2946217e-01   9.4416878e-01  -3.2946217e-01  -9.4416878e-01
  3.3005080e-01   9.4396317e-01  -3.3005080e-01  -9.4396317e-01
  3.3063825e-01   9.4375757e-01  -3.3063825e-01  -9.4375757e-01
  3.3122453e-01   9.4355196e-01  -3.3122453e-01  -9.4355196e-01
  3.3180965e-01   9.4334636e-01  -3.3180965e-01  -9.4334636e-01
  3.3239361e-01   9.4314076e-01  -3.3239361e-01  -9.4314076e-01
  3.3297642e-01   9.4293515e-01  -3.3297642e-01  -9.4293515e-01
  3.3355809e-01   9.4272955e-01  -3.3355809e-01  -9.4272955e-01
  3.3413862e-01   9.4252394e-01  -3.3413862e-01  -9.4252394e-01
  3.3471801e-01   9.4231834e-01  -3.3471801e-01  -9.4231834e-01
  3.3529628e-01   9.4211274e-01  -3.3529628e-01  -9.4211274e-01
  3.3587342e-01   9.4190713e-01  -3.3587342e-01  -9.4190713e-01
  3.3644945e-01   9.4170153e-01  -3.3644945e-01  -9.4170153e-01
  3.3702437e-01   9.4149592e-01  -3.3702437e-01  -9.4149592e-01
  3.3759819e-01   9.4129032e-01  -3.3759819e-01  -9.4129032e-01
  3.3817090e-01   9.4108471e-01  -3.3817090e-01  -9.4108471e-01
  3.3874253e-01   9.4087911e-01  -3.3874253e-01  -9.4087911e-01
  3.3931306e-01   9.4067351e-01  -3.3931306e-01  -9.4067351e-01
  3.3988252e-01   9.4046790e-01  -3.3988252e-01  -9.4046790e-01
  3.4045089e-01   9.4026230e-01  -3.4045089e-01  -9.4026230e-01
  3.4101820e-01   9.4005669e-01  -3.4101820e-01  -9.4005669e-01
  3.4158444e-01   9.3985109e-01  -3.4158444e-01  -9.3985109e-01
  3.4214962e-01   9.3964549e-01  -3.4214962e-01  -9.3964549e-01
  3.4271374e-01   9.3943988e-01  -3.4271374e-01  -9.3943988e-01
  3.4327682e-01   9.3923428e-01  -3.4327682e-01  -9.3923428e-01
  3.4383884e-01   9.3902867e-01  -3.4383884e-01  -9.3902867e-01
  3.4439983e-01   9.3882307e-01  -3.4439983e-01  -9.3882307e-01
  3.4495979e-01   9.3861746e-01  -3.4495979e-01  -9.3861746e-01
  3.4551871e-01   9.3841186e-01  -3.4551871e-01  -9.3841186e-01
  3.4607661e-01   9.3820626e-01  -3.4607661e-01  -9.3820626e-01
  3.4663349e-01   9.3800065e-01  -3.4663349e-01  -9.3800065e-01
  3.4718935e-01   9.3779505e-01  -3.4718935e-01  -9.3779505e-01
  3.4774421e-01   9.3758944e-01  -3.4774421e-01  -9.3758944e-01
  3.4829806e-01   9.3738384e-01  -3.4829806e-01  -9.3738384e-01
  3.4885091e-01   9.3717824e-01  -3.4885091e-01  -9.3717824e-01
  3.4940276e-01   9.3697263e-01  -3.4940276e-01  -9.3697263e-01
  3.4995362e-01   9.3676703e-01  -3.4995362e-01  -9.3676703e-01
  3.5050350e-01   9.3656142e-01  -3.5050350e-01  -9.3656142e-01
  3.5105239e-01   9.3635582e-01  -3.5105239e-01  -9.3635582e-01
  3.5160031e-01   9.3615021e-01  -3.5160031e-01  -9.3615021e-01
  3.5214725e-01   9.3594461e-01  -3.5214725e-01  -9.3594461e-01
  3.5269323e-01   9.3573901e-01  -3.5269323e-01  -9.3573901e-01
  3.5323824e-01   9.3553340e-01  -3.5323824e-01  -9.3553340e-01
  3.5378229e-01   9.3532780e-01  -3.5378229e-01  -9.3532780e-01
  3.5432539e-01   9.3512219e-01  -3.5432539e-01  -9.3512219e-01
  3.5486754e-01   9.3491659e-01  -3.5486754e-01  -9.3491659e-01
  3.5540874e-01   9.3471099e-01  -3.5540874e-01  -9.3471099e-01
  3.5594900e-01   9.3450538e-01  -3.5594900e-01  -9.3450538e-01
  3.5648833e-01   9.3429978e-01  -3.5648833e-01  -9.3429978e-01
  3.5702672e-01   9.3409417e-01  -3.5702672e-01  -9.3409417e-01
  3.5756418e-01   9.3388857e-01  -3.5756418e-01  -9.3388857e-01
  3.5810071e-01   9.3368296e-01  -3.5810071e-01  -9.3368296e-01
  3.5863633e-01   9.3347736e-01  -3.5863633e-01  -9.3347736e-01
  3.5917103e-01   9.3327176e-01  -3.5917103e-01  -9.3327176e-01
  3.5970482e-01   9.3306615e-01  -3.5970482e-01  -9.3306615e-01
  3.6023770e-01   9.3286055e-01  -3.6023770e-01  -9.3286055e-01
  3.6076967e-01   9.3265494e-01  -3.6076967e-01  -9.3265494e-01
  3.6130075e-01   9.3244934e-01  -3.6130075e-01  -9.3244934e-01
  3.6183092e-01   9.3224374e-01  -3.6183092e-01  -9.3224374e-01
  3.6236021e-01   9.3203813e-01  -3.6236021e-01  -9.3203813e-01
  3.6288861e-01   9.3183253e-01  -3.6288861e-01  -9.3183253e-01
  3.6341612e-01   9.3162692e-01  -3.6341612e-01  -9.3162692e-01
  3.6394275e-01   9.3142132e-01  -3.6394275e-01  -9.3142132e-01
  3.6446851e-01   9.3121571e-01  -3.6446851e-01  -9.3121571e-01
  3.6499339e-01   9.3101011e-01  -3.6499339e-01  -9.3101011e-01
  3.6551740e-01   9.3080451e-01  -3.6551740e-01  -9.3080451e-01
  3.6604055e-01   9.3059890e-01  -3.6604055e-01  -9.3059890e-01
  3.6656283e-01   9.3039330e-01  -3.6656283e-01  -9.3039330e-01
  3.6708426e-01   9.3018769e-01  -3.6708426e-01  -9.3018769e-01
  3.6760483e-01   9.2998209e-01  -3.6760483e-01  -9.2998209e-01
  3.6812455e-01   9.2977649e-01  -3.6812455e-01  -9.2977649e-01
  3.6836406e-01   9.2968162e-01  -3.6836406e-01  -9.2968162e-01
  3.6884255e-01   9.2949189e-01  -3.6884255e-01  -9.2949189e-01
  3.6932031e-01   9.2930216e-01  -3.6932031e-01  -9.2930216e-01
  3.6979736e-01   9.2911243e-01  -3.6979736e-01  -9.2911243e-01
  3.7027370e-01   9.2892270e-01  -3.7027370e-01  -9.2892270e-01
  3.7074933e-01   9.2873297e-01  -3.7074933e-01  -9.2873297e-01
  3.7122425e-01   9.2854324e-01  -3.7122425e-01  -9.2854324e-01
  3.7169847e-01   9.2835351e-01  -3.7169847e-01  -9.2835351e-01
  3.7217199e-01   9.2816378e-01  -3.7217199e-01  -9.2816378e-01
  3.7264481e-01   9.2797406e-01  -3.7264481e-01  -9.2797406e-01
  3.7311693e-01   9.2778433e-01  -3.7311693e-01  -9.2778433e-01
  3.7358836e-01   9.2759460e-01  -3.7358836e-01  -9.2759460e-01
  3.7405910e-01   9.2740487e-01  -3.7405910e-01  -9.2740487e-01
  3.7452916e-01   9.2721514e-01  -3.7452916e-01  -9.2721514e-01
  3.7499852e-01   9.2702541e-01  -3.7499852e-01  -9.2702541e-01
  3.7546721e-01   9.2683568e-01  -3.7546721e-01  -9.2683568e-01
  3.7593522e-01   9.2664595e-01  -3.7593522e-01  -9.2664595e-01
  3.7640254e-01   9.2645622e-01  -3.7640254e-01  -9.2645622e-01
  3.7686920e-01   9.2626649e-01  -3.7686920e-01  -9.2626649e-01
  3.7733518e-01   9.2607676e-01  -3.7733518e-01  -9.2607676e-01
  3.7780049e-01   9.2588703e-01  -3.7780049e-01  -9.2588703e-01
  3.7826513e-01   9.2569730e-01  -3.7826513e-01  -9.2569730e-01
  3.7872911e-01   9.2550757e-01  -3.7872911e-01  -9.2550757e-01
  3.7919242e-01   9.2531784e-01  -3.7919242e-01  -9.2531784e-01
  3.7965507e-01   9.2512811e-01  -3.7965507e-01  -9.2512811e-01
  3.8011707e-01   9.2493838e-01  -3.8011707e-01  -9.2493838e-01
  3.8057841e-01   9.2474865e-01  -3.8057841e-01  -9.2474865e-01
  3.8103910e-01   9.2455892e-01  -3.8103910e-01  -9.2455892e-01
  3.8149914e-01   9.2436919e-01  -3.8149914e-01  -9.2436919e-01
  3.8195853e-01   9.2417946e-01  -3.8195853e-01  -9.2417946e-01
  3.8241727e-01   9.2398974e-01  -3.8241727e-01  -9.2398974e-01
  3.8287537e-01   9.2380001e-01  -3.8287537e-01  -9.2380001e-01
  3.8333283e-01   9.2361028e-01  -3.8333283e-01  -9.2361028e-01
  3.8378965e-01   9.2342055e-01  -3.8378965e-01  -9.2342055e-01
  3.8424583e-01   9.2323082e-01  -3.8424583e-01  -9.2323082e-01
  3.8470138e-01   9.2304109e-01  -3.8470138e-01  -9.2304109e-01
  3.8515629e-01   9.2285136e-01  -3.8515629e-01  -9.2285136e-01
  3.8561058e-01   9.2266163e-01  -3.8561058e-01  -9.2266163e-01
  3.8606424e-01   9.2247190e-01  -3.8606424e-01  -9.2247190e-01
  3.8651727e-01   9.2228217e-01  -3.8651727e-01  -9.2228217e-01
  3.8696968e-01   9.2209244e-01  -3.8696968e-01  -9.2209244e-01
  3.8742147e-01   9.2190271e-01  -3.8742147e-01  -9.2190271e-01
  3.8787264e-01   9.2171298e-01  -3.8787264e-01  -9.2171298e-01
  3.8832319e-01   9.2152325e-01  -3.8832319e-01  -9.2152325e-01
  3.8877312e-01   9.2133352e-01  -3.8877312e-01  -9.2133352e-01
  3.8922245e-01   9.2114379e-01  -3.8922245e-01  -9.2114379e-01
  3.8967116e-01   9.2095406e-01  -3.8967116e-01  -9.2095406e-01
  3.9011927e-01   9.2076433e-01  -3.9011927e-01  -9.2076433e-01
  3.9056677e-01   9.2057460e-01  -3.9056677e-01  -9.2057460e-01
  3.9101366e-01   9.2038487e-01  -3.9101366e-01  -9.2038487e-01
  3.9145995e-01   9.2019514e-01  -3.9145995e-01  -9.2019514e-01
  3.9190565e-01   9.2000542e-01  -3.9190565e-01  -9.2000542e-01
  3.9235074e-01   9.1981569e-01  -3.9235074e-01  -9.1981569e-01
  3.9279524e-01   9.1962596e-01  -3.9279524e-01  -9.1962596e-01
  3.9323915e-01   9.1943623e-01  -3.9323915e-01  -9.1943623e-01
  3.9368246e-01   9.1924650e-01  -3.9368246e-01  -9.1924650e-01
  3.9412518e-01   9.1905677e-01  -3.9412518e-01  -9.1905677e-01
  3.9456732e-01   9.1886704e-01  -3.9456732e-01  -9.1886704e-01
  3.9500886e-01   9.1867731e-01  -3.9500886e-01  -9.1867731e-01
  3.9544983e-01   9.1848758e-01  -3.9544983e-01  -9.1848758e-01
  3.9589021e-01   9.1829785e-01  -3.9589021e-01  -9.1829785e-01
  3.9633001e-01   9.1810812e-01  -3.9633001e-01  -9.1810812e-01
  3.9676924e-01   9.1791839e-01  -3.9676924e-01  -9.1791839e-01
  3.9720789e-01   9.1772866e-01  -3.9720789e-01  -9.1772866e-01
  3.9764596e-01   9.1753893e-01  -3.9764596e-01  -9.1753893e-01
  3.9808346e-01   9.1734920e-01  -3.9808346e-01  -9.1734920e-01
  3.9852039e-01   9.1715947e-01  -3.9852039e-01  -9.1715947e-01
  3.9895675e-01   9.1696974e-01  -3.9895675e-01  -9.1696974e-01
  3.9939255e-01   9.1678001e-01  -3.9939255e-01  -9.1678001e-01
  3.9982778e-01   9.1659028e-01  -3.9982778e-01  -9.1659028e-01
  4.0026244e-01   9.1640055e-01  -4.0026244e-01  -9.1640055e-01
  4.0069655e-01   9.1621082e-01  -4.0069655e-01  -9.1621082e-01
  4.0113010e-01   9.1602109e-01  -4.0113010e-01  -9.1602109e-01
  4.0156308e-01   9.1583137e-01  -4.0156308e-01  -9.1583137e-01
  4.0199552e-01   9.1564164e-01  -4.0199552e-01  -9.1564164e-01
  4.0242739e-01   9.1545191e-01  -4.0242739e-01  -9.1545191e-01
  4.0285872e-01   9.1526218e-01  -4.0285872e-01  -9.1526218e-01
  4.0328949e-01   9.1507245e-01  -4.0328949e-01  -9.1507245e-01
  4.0371972e-01   9.1488272e-01  -4.0371972e-01  -9.1488272e-01
  4.0414940e-01   9.1469299e-01  -4.0414940e-01  -9.1469299e-01
  4.0457853e-01   9.1450326e-01  -4.0457853e-01  -9.1450326e-01
  4.0500712e-01   9.1431353e-01  -4.0500712e-01  -9.1431353e-01
  4.0543517e-01   9.1412380e-01  -4.0543517e-01  -9.1412380e-01
  4.0586268e-01   9.1393407e-01  -4.0586268e-01  -9.1393407e-01
  4.0628965e-01   9.1374434e-01  -4.0628965e-01  -9.1374434e-01
  4.0671608e-01   9.1355461e-01  -4.0671608e-01  -9.1355461e-01
  4.0714198e-01   9.1336488e-01  -4.0714198e-01  -9.1336488e-01
  4.0756735e-01   9.1317515e-01  -4.0756735e-01  -9.1317515e-01
  4.0799218e-01   9.1298542e-01  -4.0799218e-01  -9.1298542e-01
  4.0841648e-01   9.1279569e-01  -4.0841648e-01  -9.1279569e-01
  4.0884026e-01   9.1260596e-01  -4.0884026e-01  -9.1260596e-01
  4.0926350e-01   9.1241623e-01  -4.0926350e-01  -9.1241623e-01
  4.0968623e-01   9.1222650e-01  -4.0968623e-01  -9.1222650e-01
  4.1010843e-01   9.1203677e-01  -4.1010843e-01  -9.1203677e-01
  4.1053010e-01   9.1184705e-01  -4.1053010e-01  -9.1184705e-01
  4.1095126e-01   9.1165732e-01  -4.1095126e-01  -9.1165732e-01
  4.1137190e-01   9.1146759e-01  -4.1137190e-01  -9.1146759e-01
  4.1179202e-01   9.1127786e-01  -4.1179202e-01  -9.1127786e-01
  4.1221163e-01   9.1108813e-01  -4.1221163e-01  -9.1108813e-01
  4.1263072e-01   9.1089840e-01  -4.1263072e-01  -9.1089840e-01
  4.1304930e-01   9.1070867e-01  -4.1304930e-01  -9.1070867e-01
  4.1346737e-01   9.1051894e-01  -4.1346737e-01  -9.1051894e-01
  4.1388493e-01   9.1032921e-01  -4.1388493e-01  -9.1032921e-01
  4.1430198e-01   9.1013948e-01  -4.1430198e-01  -9.1013948e-01
  4.1471852e-01   9.0994975e-01  -4.1471852e-01  -9.0994975e-01
  4.1513456e-01   9.0976002e-01  -4.1513456e-01  -9.0976002e-01
  4.1555010e-01   9.0957029e-01  -4.1555010e-01  -9.0957029e-01
  4.1596514e-01   9.0938056e-01  -4.1596514e-01  -9.0938056e-01
  4.1637967e-01   9.0919083e-01  -4.1637967e-01  -9.0919083e-01
  4.1679371e-01   9.0900110e-01  -4.1679371e-01  -9.0900110e-01
  4.1720725e-01   9.0881137e-01  -4.1720725e-01  -9.0881137e-01
  4.1762029e-01   9.0862164e-01  -4.1762029e-01  -9.0862164e-01
  4.1803284e-01   9.0843191e-01  -4.1803284e-01  -9.0843191e-01
  4.1844490e-01   9.0824218e-01  -4.1844490e-01  -9.0824218e-01
  4.1885647e-01   9.0805245e-01  -4.1885647e-01  -9.0805245e-01
  4.1926754e-01   9.0786272e-01  -4.1926754e-01  -9.0786272e-01
  4.1967813e-01   9.0767300e-01  -4.1967813e-01  -9.0767300e-01
  4.2008823e-01   9.0748327e-01  -4.2008823e-01  -9.0748327e-01
  4.2049785e-01   9.0729354e-01  -4.2049785e-01  -9.0729354e-01
  4.2090698e-01   9.0710381e-01  -4.2090698e-01  -9.0710381e-01
  4.2131563e-01   9.0691408e-01  -4.2131563e-01  -9.0691408e-01
  4.2172379e-01   9.0672435e-01  -4.2172379e-01  -9.0672435e-01
  4.2213148e-01   9.0653462e-01  -4.2213148e-01  -9.0653462e-01
  4.2253869e-01   9.0634489e-01  -4.2253869e-01  -9.0634489e-01
  4.2294542e-01   9.0615516e-01  -4.2294542e-01  -9.0615516e-01
  4.2335167e-01   9.0596543e-01  -4.2335167e-01  -9.0596543e-01
  4.2375746e-01   9.0577570e-01  -4.2375746e-01  -9.0577570e-01
  4.2416276e-01   9.0558597e-01  -4.2416276e-01  -9.0558597e-01
  4.2456760e-01   9.0539624e-01  -4.2456760e-01  -9.0539624e-01
  4.2497197e-01   9.0520651e-01  -4.2497197e-01  -9.0520651e-01
  4.2537586e-01   9.0501678e-01  -4.2537586e-01  -9.0501678e-01
  4.2577929e-01   9.0482705e-01  -4.2577929e-01  -9.0482705e-01
  4.2597795e-01   9.0473354e-01  -4.2597795e-01  -9.0473354e-01
  4.2637494e-01   9.0454652e-01  -4.2637494e-01  -9.0454652e-01
  4.2677147e-01   9.0435951e-01  -4.2677147e-01  -9.0435951e-01
  4.2716755e-01   9.0417249e-01  -4.2716755e-01  -9.0417249e-01
  4.2756318e-01   9.0398547e-01  -4.2756318e-01  -9.0398547e-01
  4.2795837e-01   9.0379845e-01  -4.2795837e-01  -9.0379845e-01
  4.2835311e-01   9.0361143e-01  -4.2835311e-01  -9.0361143e-01
  4.2874740e-01   9.0342441e-01  -4.2874740e-01  -9.0342441e-01
  4.2914125e-01   9.0323739e-01  -4.2914125e-01  -9.0323739e-01
  4.2953466e-01   9.0305037e-01  -4.2953466e-01  -9.0305037e-01
  4.2992763e-01   9.0286335e-01  -4.2992763e-01  -9.0286335e-01
  4.3032015e-01   9.0267634e-01  -4.3032015e-01  -9.0267634e-01
  4.3071224e-01   9.0248932e-01  -4.3071224e-01  -9.0248932e-01
  4.3110389e-01   9.0230230e-01  -4.3110389e-01  -9.0230230e-01
  4.3149510e-01   9.0211528e-01  -4.3149510e-01  -9.0211528e-01
  4.3188588e-01   9.0192826e-01  -4.3188588e-01  -9.0192826e-01
  4.3227622e-01   9.0174124e-01  -4.3227622e-01  -9.0174124e-01
  4.3266613e-01   9.0155422e-01  -4.3266613e-01  -9.0155422e-01
  4.3305561e-01   9.0136720e-01  -4.3305561e-01  -9.0136720e-01
  4.3344466e-01   9.0118019e-01  -4.3344466e-01  -9.0118019e-01
  4.3383328e-01   9.0099317e-01  -4.3383328e-01  -9.0099317e-01
  4.3422147e-01   9.0080615e-01  -4.3422147e-01  -9.0080615e-01
  4.3460923e-01   9.0061913e-01  -4.3460923e-01  -9.0061913e-01
  4.3499657e-01   9.0043211e-01  -4.3499657e-01  -9.0043211e-01
  4.3538348e-01   9.0024509e-01  -4.3538348e-01  -9.0024509e-01
  4.3576997e-01   9.0005807e-01  -4.3576997e-01  -9.0005807e-01
  4.3615604e-01   8.9987105e-01  -4.3615604e-01  -8.9987105e-01
  4.3654168e-01   8.9968403e-01  -4.3654168e-01  -8.9968403e-01
  4.3692690e-01   8.9949702e-01  -4.3692690e-01  -8.9949702e-01
  4.3731171e-01   8.9931000e-01  -4.3731171e-01  -8.9931000e-01
  4.3769609e-01   8.9912298e-01  -4.3769609e-01  -8.9912298e-01
  4.3808006e-01   8.9893596e-01  -4.3808006e-01  -8.9893596e-01
  4.3846362e-01   8.9874894e-01  -4.3846362e-01  -8.9874894e-01
  4.3884675e-01   8.9856192e-01  -4.3884675e-01  -8.9856192e-01
  4.3922948e-01   8.9837490e-01  -4.3922948e-01  -8.9837490e-01
  4.3961179e-01   8.9818788e-01  -4.3961179e-01  -8.9818788e-01
  4.3999369e-01   8.9800086e-01  -4.3999369e-01  -8.9800086e-01
  4.4037518e-01   8.9781385e-01  -4.4037518e-01  -8.9781385e-01
  4.4075626e-01   8.9762683e-01  -4.4075626e-01  -8.9762683e-01
  4.4113693e-01   8.9743981e-01  -4.4113693e-01  -8.9743981e-01
  4.4151719e-01   8.9725279e-01  -4.4151719e-01  -8.9725279e-01
  4.4189705e-01   8.9706577e-01  -4.4189705e-01  -8.9706577e-01
  4.4227650e-01   8.9687875e-01  -4.4227650e-01  -8.9687875e-01
  4.4265555e-01   8.9669173e-01  -4.4265555e-01  -8.9669173e-01
  4.4303419e-01   8.9650471e-01  -4.4303419e-01  -8.9650471e-01
  4.4341244e-01   8.9631770e-01  -4.4341244e-01  -8.9631770e-01
  4.4379028e-01   8.9613068e-01  -4.4379028e-01  -8.9613068e-01
  4.4416772e-01   8.9594366e-01  -4.4416772e-01  -8.9594366e-01
  4.4454476e-01   8.9575664e-01  -4.4454476e-01  -8.9575664e-01
  4.4492140e-01   8.9556962e-01  -4.4492140e-01  -8.9556962e-01
  4.4529765e-01   8.9538260e-01  -4.4529765e-01  -8.9538260e-01
  4.4567350e-01   8.9519558e-01  -4.4567350e-01  -8.9519558e-01
  4.4604896e-01   8.9500856e-01  -4.4604896e-01  -8.9500856e-01
  4.4642402e-01   8.9482154e-01  -4.4642402e-01  -8.9482154e-01
  4.4679869e-01   8.9463453e-01  -4.4679869e-01  -8.9463453e-01
  4.4717296e-01   8.9444751e-01  -4.4717296e-01  -8.9444751e-01
  4.4754685e-01   8.9426049e-01  -4.4754685e-01  -8.9426049e-01
  4.4792034e-01   8.9407347e-01  -4.4792034e-01  -8.9407347e-01
  4.4829345e-01   8.9388645e-01  -4.4829345e-01  -8.9388645e-01
  4.4866616e-01   8.9369943e-01  -4.4866616e-01  -8.9369943e-01
  4.4903849e-01   8.9351241e-01  -4.4903849e-01  -8.9351241e-01
  4.4941044e-01   8.9332539e-01  -4.4941044e-01  -8.9332539e-01
  4.4978199e-01   8.9313838e-01  -4.4978199e-01  -8.9313838e-01
  4.5015317e-01   8.9295136e-01  -4.5015317e-01  -8.9295136e-01
  4.5052396e-01   8.9276434e-01  -4.5052396e-01  -8.9276434e-01
  4.5089437e-01   8.9257732e-01  -4.5089437e-01  -8.9257732e-01
  4.5126439e-01   8.9239030e-01  -4.5126439e-01  -8.9239030e-01
  4.5163404e-01   8.9220328e-01  -4.5163404e-01  -8.9220328e-01
  4.5200331e-01   8.9201626e-01  -4.5200331e-01  -8.9201626e-01
  4.5237219e-01   8.9182924e-01  -4.5237219e-01  -8.9182924e-01
  4.5274070e-01   8.9164222e-01  -4.5274070e-01  -8.9164222e-01
  4.5310883e-01   8.9145521e-01  -4.5310883e-01  -8.9145521e-01
  4.5347659e-01   8.9126819e-01  -4.5347659e-01  -8.9126819e-01
  4.5384397e-01   8.9108117e-01  -4.5384397e-01  -8.9108117e-01
  4.5421098e-01   8.9089415e-01  -4.5421098e-01  -8.9089415e-01
  4.5457761e-01   8.9070713e-01  -4.5457761e-01  -8.9070713e-01
  4.5494388e-01   8.9052011e-01  -4.5494388e-01  -8.9052011e-01
  4.5530977e-01   8.9033309e-01  -4.5530977e-01  -8.9033309e-01
  4.5567529e-01   8.9014607e-01  -4.5567529e-01  -8.9014607e-01
  4.5604044e-01   8.8995906e-01  -4.5604044e-01  -8.8995906e-01
  4.5640522e-01   8.8977204e-01  -4.5640522e-01  -8.8977204e-01
  4.5676963e-01   8.8958502e-01  -4.5676963e-01  -8.8958502e-01
  4.5713368e-01   8.8939800e-01  -4.5713368e-01  -8.8939800e-01
  4.5749736e-01   8.8921098e-01  -4.5749736e-01  -8.8921098e-01
  4.5786067e-01   8.8902396e-01  -4.5786067e-01  -8.8902396e-01
  4.5822362e-01   8.8883694e-01  -4.5822362e-01  -8.8883694e-01
  4.5858621e-01   8.8864992e-01  -4.5858621e-01  -8.8864992e-01
  4.5894844e-01   8.8846290e-01  -4.5894844e-01  -8.8846290e-01
  4.5931030e-01   8.8827589e-01  -4.5931030e-01  -8.8827589e-01
  4.5967180e-01   8.8808887e-01  -4.5967180e-01  -8.8808887e-01
  4.6003294e-01   8.8790185e-01  -4.6003294e-01  -8.8790185e-01
  4.6039373e-01   8.8771483e-01  -4.6039373e-01  -8.8771483e-01
  4.6075415e-01   8.8752781e-01  -4.6075415e-01  -8.8752781e-01
  4.6111422e-01   8.8734079e-01  -4.6111422e-01  -8.8734079e-01
  4.6147393e-01   8.8715377e-01  -4.6147393e-01  -8.8715377e-01
  4.6183328e-01   8.8696675e-01  -4.6183328e-01  -8.8696675e-01
  4.6219228e-01   8.8677973e-01  -4.6219228e-01  -8.8677973e-01
  4.6255092e-01   8.8659272e-01  -4.6255092e-01  -8.8659272e-01
  4.6290921e-01   8.8640570e-01  -4.6290921e-01  -8.8640570e-01
  4.6326715e-01   8.8621868e-01  -4.6326715e-01  -8.8621868e-01
  4.6362474e-01   8.8603166e-01  -4.6362474e-01  -8.8603166e-01
  4.6398197e-01   8.8584464e-01  -4.6398197e-01  -8.8584464e-01
  4.6433886e-01   8.8565762e-01  -4.6433886e-01  -8.8565762e-01
  4.6469540e-01   8.8547060e-01  -4.6469540e-01  -8.8547060e-01
  4.6505158e-01   8.8528358e-01  -4.6505158e-01  -8.8528358e-01
  4.6540742e-01   8.8509657e-01  -4.6540742e-01  -8.8509657e-01
  4.6576292e-01   8.8490955e-01  -4.6576292e-01  -8.8490955e-01
  4.6611806e-01   8.8472253e-01  -4.6611806e-01  -8.8472253e-01
  4.6647286e-01   8.8453551e-01  -4.6647286e-01  -8.8453551e-01
  4.6682732e-01   8.8434849e-01  -4.6682732e-01  -8.8434849e-01
  4.6718143e-01   8.8416147e-01  -4.6718143e-01  -8.8416147e-01
  4.6753520e-01   8.8397445e-01  -4.6753520e-01  -8.8397445e-01
  4.6788863e-01   8.8378743e-01  -4.6788863e-01  -8.8378743e-01
  4.6824172e-01   8.8360041e-01  -4.6824172e-01  -8.8360041e-01
  4.6859446e-01   8.8341340e-01  -4.6859446e-01  -8.8341340e-01
  4.6894687e-01   8.8322638e-01  -4.6894687e-01  -8.8322638e-01
  4.6929894e-01   8.8303936e-01  -4.6929894e-01  -8.8303936e-01
  4.6965066e-01   8.8285234e-01  -4.6965066e-01  -8.8285234e-01
  4.7000206e-01   8.8266532e-01  -4.7000206e-01  -8.8266532e-01
  4.7035311e-01   8.8247830e-01  -4.7035311e-01  -8.8247830e-01
  4.7070383e-01   8.8229128e-01  -4.7070383e-01  -8.8229128e-01
  4.7105421e-01   8.8210426e-01  -4.7105421e-01  -8.8210426e-01
  4.7140426e-01   8.8191725e-01  -4.7140426e-01  -8.8191725e-01
  4.7175397e-01   8.8173023e-01  -4.7175397e-01  -8.8173023e-01
  4.7210335e-01   8.8154321e-01  -4.7210335e-01  -8.8154321e-01
  4.7245240e-01   8.8135619e-01  -4.7245240e-01  -8.8135619e-01
  4.7280111e-01   8.8116917e-01  -4.7280111e-01  -8.8116917e-01
  4.7314950e-01   8.8098215e-01  -4.7314950e-01  -8.8098215e-01
  4.7349756e-01   8.8079513e-01  -4.7349756e-01  -8.8079513e-01
  4.7384528e-01   8.8060811e-01  -4.7384528e-01  -8.8060811e-01
  4.7419268e-01   8.8042109e-01  -4.7419268e-01  -8.8042109e-01
  4.7453975e-01   8.8023408e-01  -4.7453975e-01  -8.8023408e-01
  4.7488649e-01   8.8004706e-01  -4.7488649e-01  -8.8004706e-01
  4.7523290e-01   8.7986004e-01  -4.7523290e-01  -8.7986004e-01
  4.7557899e-01   8.7967302e-01  -4.7557899e-01  -8.7967302e-01
  4.7592476e-01   8.7948600e-01  -4.7592476e-01  -8.7948600e-01
  4.7627020e-01   8.7929898e-01  -4.7627020e-01  -8.7929898e-01
  4.7661531e-01   8.7911196e-01  -4.7661531e-01  -8.7911196e-01
  4.7696011e-01   8.7892494e-01  -4.7696011e-01  -8.7892494e-01
  4.7730458e-01   8.7873792e-01  -4.7730458e-01  -8.7873792e-01
  4.7764873e-01   8.7855091e-01  -4.7764873e-01  -8.7855091e-01
  4.7799255e-01   8.7836389e-01  -4.7799255e-01  -8.7836389e-01
  4.7833606e-01   8.7817687e-01  -4.7833606e-01  -8.7817687e-01
  4.7867925e-01   8.7798985e-01  -4.7867925e-01  -8.7798985e-01
  4.7902212e-01   8.7780283e-01  -4.7902212e-01  -8.7780283e-01
  4.7936467e-01   8.7761581e-01  -4.7936467e-01  -8.7761581e-01
  4.7970690e-01   8.7742879e-01  -4.7970690e-01  -8.7742879e-01
  4.8004882e-01   8.7724177e-01  -4.8004882e-01  -8.7724177e-01
  4.8039042e-01   8.7705476e-01  -4.8039042e-01  -8.7705476e-01
  4.8073171e-01   8.7686774e-01  -4.8073171e-01  -8.7686774e-01
  4.8107268e-01   8.7668072e-01  -4.8107268e-01  -8.7668072e-01
  4.8141333e-01   8.7649370e-01  -4.8141333e-01  -8.7649370e-01
  4.8175367e-01   8.7630668e-01  -4.8175367e-01  -8.7630668e-01
  4.8193152e-01   8.7620889e-01  -4.8193152e-01  -8.7620889e-01
  4.8228695e-01   8.7601330e-01  -4.8228695e-01  -8.7601330e-01
  4.8264204e-01   8.7581771e-01  -4.8264204e-01  -8.7581771e-01
  4.8299679e-01   8.7562212e-01  -4.8299679e-01  -8.7562212e-01
  4.8335121e-01   8.7542653e-01  -4.8335121e-01  -8.7542653e-01
  4.8370528e-01   8.7523094e-01  -4.8370528e-01  -8.7523094e-01
  4.8405902e-01   8.7503535e-01  -4.8405902e-01  -8.7503535e-01
  4.8441241e-01   8.7483976e-01  -4.8441241e-01  -8.7483976e-01
  4.8476547e-01   8.7464418e-01  -4.8476547e-01  -8.7464418e-01
  4.8511820e-01   8.7444859e-01  -4.8511820e-01  -8.7444859e-01
  4.8547059e-01   8.7425300e-01  -4.8547059e-01  -8.7425300e-01
  4.8582265e-01   8.7405741e-01  -4.8582265e-01  -8.7405741e-01
  4.8617437e-01   8.7386182e-01  -4.8617437e-01  -8.7386182e-01
  4.8652576e-01   8.7366623e-01  -4.8652576e-01  -8.7366623e-01
  4.8687682e-01   8.7347064e-01  -4.8687682e-01  -8.7347064e-01
  4.8722754e-01   8.7327505e-01  -4.8722754e-01  -8.7327505e-01
  4.8757794e-01   8.7307947e-01  -4.8757794e-01  -8.7307947e-01
  4.8792800e-01   8.7288388e-01  -4.8792800e-01  -8.7288388e-01
  4.8827774e-01   8.7268829e-01  -4.8827774e-01  -8.7268829e-01
  4.8862715e-01   8.7249270e-01  -4.8862715e-01  -8.7249270e-01
  4.8897623e-01   8.7229711e-01  -4.8897623e-01  -8.7229711e-01
  4.8932498e-01   8.7210152e-01  -4.8932498e-01  -8.7210152e-01
  4.8967340e-01   8.7190593e-01  -4.8967340e-01  -8.7190593e-01
  4.9002150e-01   8.7171035e-01  -4.9002150e-01  -8.7171035e-01
  4.9036928e-01   8.7151476e-01  -4.9036928e-01  -8.7151476e-01
  4.9071673e-01   8.7131917e-01  -4.9071673e-01  -8.7131917e-01
  4.9106386e-01   8.7112358e-01  -4.9106386e-01  -8.7112358e-01
  4.9141066e-01   8.7092799e-01  -4.9141066e-01  -8.7092799e-01
  4.9175714e-01   8.7073240e-01  -4.9175714e-01  -8.7073240e-01
  4.9210330e-01   8.7053681e-01  -4.9210330e-01  -8.7053681e-01
  4.9244914e-01   8.7034122e-01  -4.9244914e-01  -8.7034122e-01
  4.9279466e-01   8.7014564e-01  -4.9279466e-01  -8.7014564e-01
  4.9313985e-01   8.6995005e-01  -4.9313985e-01  -8.6995005e-01
  4.9348473e-01   8.6975446e-01  -4.9348473e-01  -8.6975446e-01
  4.9382929e-01   8.6955887e-01  -4.9382929e-01  -8.6955887e-01
  4.9417354e-01   8.6936328e-01  -4.9417354e-01  -8.6936328e-01
  4.9451746e-01   8.6916769e-01  -4.9451746e-01  -8.6916769e-01
  4.9486108e-01   8.6897210e-01  -4.9486108e-01  -8.6897210e-01
  4.9520437e-01   8.6877651e-01  -4.9520437e-01  -8.6877651e-01
  4.9554735e-01   8.6858093e-01  -4.9554735e-01  -8.6858093e-01
  4.9589001e-01   8.6838534e-01  -4.9589001e-01  -8.6838534e-01
  4.9623237e-01   8.6818975e-01  -4.9623237e-01  -8.6818975e-01
  4.9657440e-01   8.6799416e-01  -4.9657440e-01  -8.6799416e-01
  4.9691613e-01   8.6779857e-01  -4.9691613e-01  -8.6779857e-01
  4.9725754e-01   8.6760298e-01  -4.9725754e-01  -8.6760298e-01
  4.9759865e-01   8.6740739e-01  -4.9759865e-01  -8.6740739e-01
  4.9793944e-01   8.6721180e-01  -4.9793944e-01  -8.6721180e-01
  4.9827992e-01   8.6701622e-01  -4.9827992e-01  -8.6701622e-01
  4.9862010e-01   8.6682063e-01  -4.9862010e-01  -8.6682063e-01
  4.9895996e-01   8.6662504e-01  -4.9895996e-01  -8.6662504e-01
  4.9929952e-01   8.6642945e-01  -4.9929952e-01  -8.6642945e-01
  4.9963877e-01   8.6623386e-01  -4.9963877e-01  -8.6623386e-01
  4.9997771e-01   8.6603827e-01  -4.9997771e-01  -8.6603827e-01
  5.0031635e-01   8.6584268e-01  -5.0031635e-01  -8.6584268e-01
  5.0065468e-01   8.6564710e-01  -5.0065468e-01  -8.6564710e-01
  5.0099270e-01   8.6545151e-01  -5.0099270e-01  -8.6545151e-01
  5.0133043e-01   8.6525592e-01  -5.0133043e-01  -8.6525592e-01
  5.0166785e-01   8.6506033e-01  -5.0166785e-01  -8.6506033e-01
  5.0200496e-01   8.6486474e-01  -5.0200496e-01  -8.6486474e-01
  5.0234177e-01   8.6466915e-01  -5.0234177e-01  -8.6466915e-01
  5.0267829e-01   8.6447356e-01  -5.0267829e-01  -8.6447356e-01
  5.0301450e-01   8.6427797e-01  -5.0301450e-01  -8.6427797e-01
  5.0335041e-01   8.6408239e-01  -5.0335041e-01  -8.6408239e-01
  5.0368602e-01   8.6388680e-01  -5.0368602e-01  -8.6388680e-01
  5.0402133e-01   8.6369121e-01  -5.0402133e-01  -8.6369121e-01
  5.0435634e-01   8.6349562e-01  -5.0435634e-01  -8.6349562e-01
  5.0469105e-01   8.6330003e-01  -5.0469105e-01  -8.6330003e-01
  5.0502547e-01   8.6310444e-01  -5.0502547e-01  -8.6310444e-01
  5.0535959e-01   8.6290885e-01  -5.0535959e-01  -8.6290885e-01
  5.0569341e-01   8.6271326e-01  -5.0569341e-01  -8.6271326e-01
  5.0602694e-01   8.6251768e-01  -5.0602694e-01  -8.6251768e-01
  5.0636017e-01   8.6232209e-01  -5.0636017e-01  -8.6232209e-01
  5.0669310e-01   8.6212650e-01  -5.0669310e-01  -8.6212650e-01
  5.0702575e-01   8.6193091e-01  -5.0702575e-01  -8.6193091e-01
  5.0735810e-01   8.6173532e-01  -5.0735810e-01  -8.6173532e-01
  5.0769015e-01   8.6153973e-01  -5.0769015e-01  -8.6153973e-01
  5.0802192e-01   8.6134414e-01  -5.0802192e-01  -8.6134414e-01
  5.0835339e-01   8.6114855e-01  -5.0835339e-01  -8.6114855e-01
  5.0868457e-01   8.6095297e-01  -5.0868457e-01  -8.6095297e-01
  5.0901546e-01   8.6075738e-01  -5.0901546e-01  -8.6075738e-01
  5.0934606e-01   8.6056179e-01  -5.0934606e-01  -8.6056179e-01
  5.0967637e-01   8.6036620e-01  -5.0967637e-01  -8.6036620e-01
  5.1000639e-01   8.6017061e-01  -5.1000639e-01  -8.6017061e-01
  5.1033613e-01   8.5997502e-01  -5.1033613e-01  -8.5997502e-01
  5.1066557e-01   8.5977943e-01  -5.1066557e-01  -8.5977943e-01
  5.1099473e-01   8.5958385e-01  -5.1099473e-01  -8.5958385e-01
  5.1132360e-01   8.5938826e-01  -5.1132360e-01  -8.5938826e-01
  5.1165219e-01   8.5919267e-01  -5.1165219e-01  -8.5919267e-01
  5.1198049e-01   8.5899708e-01  -5.1198049e-01  -8.5899708e-01
  5.1230850e-01   8.5880149e-01  -5.1230850e-01  -8.5880149e-01
  5.1263623e-01   8.5860590e-01  -5.1263623e-01  -8.5860590e-01
  5.1296368e-01   8.5841031e-01  -5.1296368e-01  -8.5841031e-01
  5.1329084e-01   8.5821472e-01  -5.1329084e-01  -8.5821472e-01
  5.1361772e-01   8.5801914e-01  -5.1361772e-01  -8.5801914e-01
  5.1394432e-01   8.5782355e-01  -5.1394432e-01  -8.5782355e-01
  5.1427063e-01   8.5762796e-01  -5.1427063e-01  -8.5762796e-01
  5.1459667e-01   8.5743237e-01  -5.1459667e-01  -8.5743237e-01
  5.1492242e-01   8.5723678e-01  -5.1492242e-01  -8.5723678e-01
  5.1524790e-01   8.5704119e-01  -5.1524790e-01  -8.5704119e-01
  5.1557309e-01   8.5684560e-01  -5.1557309e-01  -8.5684560e-01
  5.1589801e-01   8.5665001e-01  -5.1589801e-01  -8.5665001e-01
  5.1622264e-01   8.5645443e-01  -5.1622264e-01  -8.5645443e-01
  5.1654700e-01   8.5625884e-01  -5.1654700e-01  -8.5625884e-01
  5.1687108e-01   8.5606325e-01  -5.1687108e-01  -8.5606325e-01
  5.1719489e-01   8.5586766e-01  -5.1719489e-01  -8.5586766e-01
  5.1751841e-01   8.5567207e-01  -5.1751841e-01  -8.5567207e-01
  5.1784166e-01   8.5547648e-01  -5.1784166e-01  -8.5547648e-01
  5.1816464e-01   8.5528089e-01  -5.1816464e-01  -8.5528089e-01
  5.1848734e-01   8.5508530e-01  -5.1848734e-01  -8.5508530e-01
  5.1880977e-01   8.5488972e-01  -5.1880977e-01  -8.5488972e-01
  5.1913192e-01   8.5469413e-01  -5.1913192e-01  -8.5469413e-01
  5.1945380e-01   8.5449854e-01  -5.1945380e-01  -8.5449854e-01
  5.1977540e-01   8.5430295e-01  -5.1977540e-01  -8.5430295e-01
  5.2009674e-01   8.5410736e-01  -5.2009674e-01  -8.5410736e-01
  5.2041780e-01   8.5391177e-01  -5.2041780e-01  -8.5391177e-01
  5.2073859e-01   8.5371618e-01  -5.2073859e-01  -8.5371618e-01
  5.2105911e-01   8.5352060e-01  -5.2105911e-01  -8.5352060e-01
  5.2137936e-01   8.5332501e-01  -5.2137936e-01  -8.5332501e-01
  5.2169934e-01   8.5312942e-01  -5.2169934e-01  -8.5312942e-01
  5.2201905e-01   8.5293383e-01  -5.2201905e-01  -8.5293383e-01
  5.2233849e-01   8.5273824e-01  -5.2233849e-01  -8.5273824e-01
  5.2265766e-01   8.5254265e-01  -5.2265766e-01  -8.5254265e-01
  5.2297656e-01   8.5234706e-01  -5.2297656e-01  -8.5234706e-01
  5.2329520e-01   8.5215147e-01  -5.2329520e-01  -8.5215147e-01
  5.2361357e-01   8.5195589e-01  -5.2361357e-01  -8.5195589e-01
  5.2393167e-01   8.5176030e-01  -5.2393167e-01  -8.5176030e-01
  5.2424951e-01   8.5156471e-01  -5.2424951e-01  -8.5156471e-01
  5.2456708e-01   8.5136912e-01  -5.2456708e-01  -8.5136912e-01
  5.2488439e-01   8.5117353e-01  -5.2488439e-01  -8.5117353e-01
  5.2520143e-01   8.5097794e-01  -5.2520143e-01  -8.5097794e-01
  5.2551821e-01   8.5078235e-01  -5.2551821e-01  -8.5078235e-01
  5.2583472e-01   8.5058676e-01  -5.2583472e-01  -8.5058676e-01
  5.2615097e-01   8.5039118e-01  -5.2615097e-01  -8.5039118e-01
  5.2646696e-01   8.5019559e-01  -5.2646696e-01  -8.5019559e-01
  5.2678269e-01   8.5000000e-01  -5.2678269e-01  -8.5000000e-01
  5.2709816e-01   8.4980441e-01  -5.2709816e-01  -8.4980441e-01
  5.2741336e-01   8.4960882e-01  -5.2741336e-01  -8.4960882e-01
  5.2772830e-01   8.4941323e-01  -5.2772830e-01  -8.4941323e-01
  5.2804299e-01   8.4921764e-01  -5.2804299e-01  -8.4921764e-01
  5.2835741e-01   8.4902205e-01  -5.2835741e-01  -8.4902205e-01
  5.2867157e-01   8.4882647e-01  -5.2867157e-01  -8.4882647e-01
  5.2898548e-01   8.4863088e-01  -5.2898548e-01  -8.4863088e-01
  5.2929912e-01   8.4843529e-01  -5.2929912e-01  -8.4843529e-01
  5.2961251e-01   8.4823970e-01  -5.2961251e-01  -8.4823970e-01
  5.2992564e-01   8.4804411e-01  -5.2992564e-01  -8.4804411e-01
  5.3023852e-01   8.4784852e-01  -5.3023852e-01  -8.4784852e-01
  5.3055113e-01   8.4765293e-01  -5.3055113e-01  -8.4765293e-01
  5.3086349e-01   8.4745734e-01  -5.3086349e-01  -8.4745734e-01
  5.3117560e-01   8.4726176e-01  -5.3117560e-01  -8.4726176e-01
  5.3148745e-01   8.4706617e-01  -5.3148745e-01  -8.4706617e-01
  5.3179904e-01   8.4687058e-01  -5.3179904e-01  -8.4687058e-01
  5.3211038e-01   8.4667499e-01  -5.3211038e-01  -8.4667499e-01
  5.3242147e-01   8.4647940e-01  -5.3242147e-01  -8.4647940e-01
  5.3273230e-01   8.4628381e-01  -5.3273230e-01  -8.4628381e-01
  5.3304289e-01   8.4608822e-01  -5.3304289e-01  -8.4608822e-01
  5.3335321e-01   8.4589264e-01  -5.3335321e-01  -8.4589264e-01
  5.3366329e-01   8.4569705e-01  -5.3366329e-01  -8.4569705e-01
  5.3397311e-01   8.4550146e-01  -5.3397311e-01  -8.4550146e-01
  5.3428269e-01   8.4530587e-01  -5.3428269e-01  -8.4530587e-01
  5.3459201e-01   8.4511028e-01  -5.3459201e-01  -8.4511028e-01
  5.3490108e-01   8.4491469e-01  -5.3490108e-01  -8.4491469e-01
  5.3520990e-01   8.4471910e-01  -5.3520990e-01  -8.4471910e-01
  5.3551847e-01   8.4452351e-01  -5.3551847e-01  -8.4452351e-01
  5.3582679e-01   8.4432793e-01  -5.3582679e-01  -8.4432793e-01
  5.3598089e-01   8.4423011e-01  -5.3598089e-01  -8.4423011e-01
  5.3628891e-01   8.4403448e-01  -5.3628891e-01  -8.4403448e-01
  5.3659667e-01   8.4383885e-01  -5.3659667e-01  -8.4383885e-01
  5.3690419e-01   8.4364323e-01  -5.3690419e-01  -8.4364323e-01
  5.3721146e-01   8.4344760e-01  -5.3721146e-01  -8.4344760e-01
  5.3751848e-01   8.4325197e-01  -5.3751848e-01  -8.4325197e-01
  5.3782526e-01   8.4305634e-01  -5.3782526e-01  -8.4305634e-01
  5.3813179e-01   8.4286071e-01  -5.3813179e-01  -8.4286071e-01
  5.3843807e-01   8.4266508e-01  -5.3843807e-01  -8.4266508e-01
  5.3874411e-01   8.4246946e-01  -5.3874411e-01  -8.4246946e-01
  5.3904991e-01   8.4227383e-01  -5.3904991e-01  -8.4227383e-01
  5.3935546e-01   8.4207820e-01  -5.3935546e-01  -8.4207820e-01
  5.3966076e-01   8.4188257e-01  -5.3966076e-01  -8.4188257e-01
  5.3996582e-01   8.4168694e-01  -5.3996582e-01  -8.4168694e-01
  5.4027064e-01   8.4149131e-01  -5.4027064e-01  -8.4149131e-01
  5.4057522e-01   8.4129568e-01  -5.4057522e-01  -8.4129568e-01
  5.4087956e-01   8.4110006e-01  -5.4087956e-01  -8.4110006e-01
  5.4118365e-01   8.4090443e-01  -5.4118365e-01  -8.4090443e-01
  5.4148750e-01   8.4070880e-01  -5.4148750e-01  -8.4070880e-01
  5.4179111e-01   8.4051317e-01  -5.4179111e-01  -8.4051317e-01
  5.4209448e-01   8.4031754e-01  -5.4209448e-01  -8.4031754e-01
  5.4239761e-01   8.4012191e-01  -5.4239761e-01  -8.4012191e-01
  5.4270050e-01   8.3992629e-01  -5.4270050e-01  -8.3992629e-01
  5.4300315e-01   8.3973066e-01  -5.4300315e-01  -8.3973066e-01
  5.4330556e-01   8.3953503e-01  -5.4330556e-01  -8.3953503e-01
  5.4360774e-01   8.3933940e-01  -5.4360774e-01  -8.3933940e-01
  5.4390967e-01   8.3914377e-01  -5.4390967e-01  -8.3914377e-01
  5.4421137e-01   8.3894814e-01  -5.4421137e-01  -8.3894814e-01
  5.4451283e-01   8.3875252e-01  -5.4451283e-01  -8.3875252e-01
  5.4481405e-01   8.3855689e-01  -5.4481405e-01  -8.3855689e-01
  5.4511503e-01   8.3836126e-01  -5.4511503e-01  -8.3836126e-01
  5.4541578e-01   8.3816563e-01  -5.4541578e-01  -8.3816563e-01
  5.4571630e-01   8.3797000e-01  -5.4571630e-01  -8.3797000e-01
  5.4601657e-01   8.3777437e-01  -5.4601657e-01  -8.3777437e-01
  5.4631662e-01   8.3757874e-01  -5.4631662e-01  -8.3757874e-01
  5.4661643e-01   8.3738312e-01  -5.4661643e-01  -8.3738312e-01
  5.4691600e-01   8.3718749e-01  -5.4691600e-01  -8.3718749e-01
  5.4721534e-01   8.3699186e-01  -5.4721534e-01  -8.3699186e-01
  5.4751445e-01   8.3679623e-01  -5.4751445e-01  -8.3679623e-01
  5.4781332e-01   8.3660060e-01  -5.4781332e-01  -8.3660060e-01
  5.4811196e-01   8.3640497e-01  -5.4811196e-01  -8.3640497e-01
  5.4841037e-01   8.3620935e-01  -5.4841037e-01  -8.3620935e-01
  5.4870854e-01   8.3601372e-01  -5.4870854e-01  -8.3601372e-01
  5.4900649e-01   8.3581809e-01  -5.4900649e-01  -8.3581809e-01
  5.4930420e-01   8.3562246e-01  -5.4930420e-01  -8.3562246e-01
  5.4960168e-01   8.3542683e-01  -5.4960168e-01  -8.3542683e-01
  5.4989893e-01   8.3523120e-01  -5.4989893e-01  -8.3523120e-01
  5.5019595e-01   8.3503558e-01  -5.5019595e-01  -8.3503558e-01
  5.5049275e-01   8.3483995e-01  -5.5049275e-01  -8.3483995e-01
  5.5078931e-01   8.3464432e-01  -5.5078931e-01  -8.3464432e-01
  5.5108564e-01   8.3444869e-01  -5.5108564e-01  -8.3444869e-01
  5.5138175e-01   8.3425306e-01  -5.5138175e-01  -8.3425306e-01
  5.5167762e-01   8.3405743e-01  -5.5167762e-01  -8.3405743e-01
  5.5197327e-01   8.3386180e-01  -5.5197327e-01  -8.3386180e-01
  5.5226869e-01   8.3366618e-01  -5.5226869e-01  -8.3366618e-01
  5.5256388e-01   8.3347055e-01  -5.5256388e-01  -8.3347055e-01
  5.5285885e-01   8.3327492e-01  -5.5285885e-01  -8.3327492e-01
  5.5315359e-01   8.3307929e-01  -5.5315359e-01  -8.3307929e-01
  5.5344810e-01   8.3288366e-01  -5.5344810e-01  -8.3288366e-01
  5.5374239e-01   8.3268803e-01  -5.5374239e-01  -8.3268803e-01
  5.5403646e-01   8.3249241e-01  -5.5403646e-01  -8.3249241e-01
  5.5433029e-01   8.3229678e-01  -5.5433029e-01  -8.3229678e-01
  5.5462391e-01   8.3210115e-01  -5.5462391e-01  -8.3210115e-01
  5.5491730e-01   8.3190552e-01  -5.5491730e-01  -8.3190552e-01
  5.5521046e-01   8.3170989e-01  -5.5521046e-01  -8.3170989e-01
  5.5550340e-01   8.3151426e-01  -5.5550340e-01  -8.3151426e-01
  5.5579612e-01   8.3131864e-01  -5.5579612e-01  -8.3131864e-01
  5.5608862e-01   8.3112301e-01  -5.5608862e-01  -8.3112301e-01
  5.5638089e-01   8.3092738e-01  -5.5638089e-01  -8.3092738e-01
  5.5667294e-01   8.3073175e-01  -5.5667294e-01  -8.3073175e-01
  5.5696477e-01   8.3053612e-01  -5.5696477e-01  -8.3053612e-01
  5.5725637e-01   8.3034049e-01  -5.5725637e-01  -8.3034049e-01
  5.5754776e-01   8.3014486e-01  -5.5754776e-01  -8.3014486e-01
  5.5783892e-01   8.2994924e-01  -5.5783892e-01  -8.2994924e-01
  5.5812987e-01   8.2975361e-01  -5.5812987e-01  -8.2975361e-01
  5.5842059e-01   8.2955798e-01  -5.5842059e-01  -8.2955798e-01
  5.5871110e-01   8.2936235e-01  -5.5871110e-01  -8.2936235e-01
  5.5900138e-01   8.2916672e-01  -5.5900138e-01  -8.2916672e-01
  5.5929145e-01   8.2897109e-01  -5.5929145e-01  -8.2897109e-01
  5.5958130e-01   8.2877547e-01  -5.5958130e-01  -8.2877547e-01
  5.5987093e-01   8.2857984e-01  -5.5987093e-01  -8.2857984e-01
  5.6016034e-01   8.2838421e-01  -5.6016034e-01  -8.2838421e-01
  5.6044953e-01   8.2818858e-01  -5.6044953e-01  -8.2818858e-01
  5.6073851e-01   8.2799295e-01  -5.6073851e-01  -8.2799295e-01
  5.6102726e-01   8.2779732e-01  -5.6102726e-01  -8.2779732e-01
  5.6131581e-01   8.2760169e-01  -5.6131581e-01  -8.2760169e-01
  5.6160413e-01   8.2740607e-01  -5.6160413e-01  -8.2740607e-01
  5.6189224e-01   8.2721044e-01  -5.6189224e-01  -8.2721044e-01
  5.6218014e-01   8.2701481e-01  -5.6218014e-01  -8.2701481e-01
  5.6246781e-01   8.2681918e-01  -5.6246781e-01  -8.2681918e-01
  5.6275528e-01   8.2662355e-01  -5.6275528e-01  -8.2662355e-01
  5.6304253e-01   8.2642792e-01  -5.6304253e-01  -8.2642792e-01
  5.6332956e-01   8.2623230e-01  -5.6332956e-01  -8.2623230e-01
  5.6361638e-01   8.2603667e-01  -5.6361638e-01  -8.2603667e-01
  5.6390299e-01   8.2584104e-01  -5.6390299e-01  -8.2584104e-01
  5.6418938e-01   8.2564541e-01  -5.6418938e-01  -8.2564541e-01
  5.6447556e-01   8.2544978e-01  -5.6447556e-01  -8.2544978e-01
  5.6476153e-01   8.2525415e-01  -5.6476153e-01  -8.2525415e-01
  5.6504728e-01   8.2505853e-01  -5.6504728e-01  -8.2505853e-01
  5.6533282e-01   8.2486290e-01  -5.6533282e-01  -8.2486290e-01
  5.6561815e-01   8.2466727e-01  -5.6561815e-01  -8.2466727e-01
  5.6590327e-01   8.2447164e-01  -5.6590327e-01  -8.2447164e-01
  5.6618818e-01   8.2427601e-01  -5.6618818e-01  -8.2427601e-01
  5.6647288e-01   8.2408038e-01  -5.6647288e-01  -8.2408038e-01
  5.6675736e-01   8.2388475e-01  -5.6675736e-01  -8.2388475e-01
  5.6704164e-01   8.2368913e-01  -5.6704164e-01  -8.2368913e-01
  5.6732571e-01   8.2349350e-01  -5.6732571e-01  -8.2349350e-01
  5.6760956e-01   8.2329787e-01  -5.6760956e-01  -8.2329787e-01
  5.6789321e-01   8.2310224e-01  -5.6789321e-01  -8.2310224e-01
  5.6817665e-01   8.2290661e-01  -5.6817665e-01  -8.2290661e-01
  5.6845988e-01   8.2271098e-01  -5.6845988e-01  -8.2271098e-01
  5.6874290e-01   8.2251536e-01  -5.6874290e-01  -8.2251536e-01
  5.6902572e-01   8.2231973e-01  -5.6902572e-01  -8.2231973e-01
  5.6930832e-01   8.2212410e-01  -5.6930832e-01  -8.2212410e-01
  5.6959072e-01   8.2192847e-01  -5.6959072e-01  -8.2192847e-01
  5.6987291e-01   8.2173284e-01  -5.6987291e-01  -8.2173284e-01
  5.7015490e-01   8.2153721e-01  -5.7015490e-01  -8.2153721e-01
  5.7043668e-01   8.2134159e-01  -5.7043668e-01  -8.2134159e-01
  5.7071825e-01   8.2114596e-01  -5.7071825e-01  -8.2114596e-01
  5.7099961e-01   8.2095033e-01  -5.7099961e-01  -8.2095033e-01
  5.7128077e-01   8.2075470e-01  -5.7128077e-01  -8.2075470e-01
  5.7156173e-01   8.2055907e-01  -5.7156173e-01  -8.2055907e-01
  5.7184248e-01   8.2036344e-01  -5.7184248e-01  -8.2036344e-01
  5.7212302e-01   8.2016781e-01  -5.7212302e-01  -8.2016781e-01
  5.7240337e-01   8.1997219e-01  -5.7240337e-01  -8.1997219e-01
  5.7268350e-01   8.1977656e-01  -5.7268350e-01  -8.1977656e-01
  5.7296344e-01   8.1958093e-01  -5.7296344e-01  -8.1958093e-01
  5.7324317e-01   8.1938530e-01  -5.7324317e-01  -8.1938530e-01
  5.7352269e-01   8.1918967e-01  -5.7352269e-01  -8.1918967e-01
  5.7380202e-01   8.1899404e-01  -5.7380202e-01  -8.1899404e-01
  5.7408114e-01   8.1879842e-01  -5.7408114e-01  -8.1879842e-01
  5.7436006e-01   8.1860279e-01  -5.7436006e-01  -8.1860279e-01
  5.7463878e-01   8.1840716e-01  -5.7463878e-01  -8.1840716e-01
  5.7491729e-01   8.1821153e-01  -5.7491729e-01  -8.1821153e-01
  5.7519561e-01   8.1801590e-01  -5.7519561e-01  -8.1801590e-01
  5.7547372e-01   8.1782027e-01  -5.7547372e-01  -8.1782027e-01
  5.7575163e-01   8.1762465e-01  -5.7575163e-01  -8.1762465e-01
  5.7602934e-01   8.1742902e-01  -5.7602934e-01  -8.1742902e-01
  5.7630685e-01   8.1723339e-01  -5.7630685e-01  -8.1723339e-01
  5.7658416e-01   8.1703776e-01  -5.7658416e-01  -8.1703776e-01
  5.7686128e-01   8.1684213e-01  -5.7686128e-01  -8.1684213e-01
  5.7713819e-01   8.1664650e-01  -5.7713819e-01  -8.1664650e-01
  5.7741490e-01   8.1645087e-01  -5.7741490e-01  -8.1645087e-01
  5.7769142e-01   8.1625525e-01  -5.7769142e-01  -8.1625525e-01
  5.7796773e-01   8.1605962e-01  -5.7796773e-01  -8.1605962e-01
  5.7824385e-01   8.1586399e-01  -5.7824385e-01  -8.1586399e-01
  5.7851977e-01   8.1566836e-01  -5.7851977e-01  -8.1566836e-01
  5.7879549e-01   8.1547273e-01  -5.7879549e-01  -8.1547273e-01
  5.7907102e-01   8.1527710e-01  -5.7907102e-01  -8.1527710e-01
  5.7934635e-01   8.1508148e-01  -5.7934635e-01  -8.1508148e-01
  5.7962148e-01   8.1488585e-01  -5.7962148e-01  -8.1488585e-01
  5.7989641e-01   8.1469022e-01  -5.7989641e-01  -8.1469022e-01
  5.8017115e-01   8.1449459e-01  -5.8017115e-01  -8.1449459e-01
  5.8044569e-01   8.1429896e-01  -5.8044569e-01  -8.1429896e-01
  5.8072004e-01   8.1410333e-01  -5.8072004e-01  -8.1410333e-01
  5.8099419e-01   8.1390771e-01  -5.8099419e-01  -8.1390771e-01
  5.8126814e-01   8.1371208e-01  -5.8126814e-01  -8.1371208e-01
  5.8154191e-01   8.1351645e-01  -5.8154191e-01  -8.1351645e-01
  5.8181547e-01   8.1332082e-01  -5.8181547e-01  -8.1332082e-01
  5.8208884e-01   8.1312519e-01  -5.8208884e-01  -8.1312519e-01
  5.8236202e-01   8.1292956e-01  -5.8236202e-01  -8.1292956e-01
  5.8263501e-01   8.1273393e-01  -5.8263501e-01  -8.1273393e-01
  5.8290780e-01   8.1253831e-01  -5.8290780e-01  -8.1253831e-01
  5.8318040e-01   8.1234268e-01  -5.8318040e-01  -8.1234268e-01
  5.8345280e-01   8.1214705e-01  -5.8345280e-01  -8.1214705e-01
  5.8372501e-01   8.1195142e-01  -5.8372501e-01  -8.1195142e-01
  5.8399703e-01   8.1175579e-01  -5.8399703e-01  -8.1175579e-01
  5.8426886e-01   8.1156016e-01  -5.8426886e-01  -8.1156016e-01
  5.8454050e-01   8.1136454e-01  -5.8454050e-01  -8.1136454e-01
  5.8481194e-01   8.1116891e-01  -5.8481194e-01  -8.1116891e-01
  5.8508319e-01   8.1097328e-01  -5.8508319e-01  -8.1097328e-01
  5.8535425e-01   8.1077765e-01  -5.8535425e-01  -8.1077765e-01
  5.8562512e-01   8.1058202e-01  -5.8562512e-01  -8.1058202e-01
  5.8589580e-01   8.1038639e-01  -5.8589580e-01  -8.1038639e-01
  5.8616629e-01   8.1019076e-01  -5.8616629e-01  -8.1019076e-01
  5.8643659e-01   8.0999514e-01  -5.8643659e-01  -8.0999514e-01
  5.8670670e-01   8.0979951e-01  -5.8670670e-01  -8.0979951e-01
  5.8697662e-01   8.0960388e-01  -5.8697662e-01  -8.0960388e-01
  5.8724636e-01   8.0940825e-01  -5.8724636e-01  -8.0940825e-01
  5.8751590e-01   8.0921262e-01  -5.8751590e-01  -8.0921262e-01
  5.8778525e-01   8.0901699e-01  -5.8778525e-01  -8.0901699e-01
  5.8792146e-01   8.0891801e-01  -5.8792146e-01  -8.0891801e-01
  5.8819374e-01   8.0872005e-01  -5.8819374e-01  -8.0872005e-01
  5.8846583e-01   8.0852209e-01  -5.8846583e-01  -8.0852209e-01
  5.8873773e-01   8.0832412e-01  -5.8873773e-01  -8.0832412e-01
  5.8900943e-01   8.0812616e-01  -5.8900943e-01  -8.0812616e-01
  5.8928094e-01   8.0792820e-01  -5.8928094e-01  -8.0792820e-01
  5.8955226e-01   8.0773024e-01  -5.8955226e-01  -8.0773024e-01
  5.8982339e-01   8.0753227e-01  -5.8982339e-01  -8.0753227e-01
  5.9009432e-01   8.0733431e-01  -5.9009432e-01  -8.0733431e-01
  5.9036507e-01   8.0713635e-01  -5.9036507e-01  -8.0713635e-01
  5.9063563e-01   8.0693839e-01  -5.9063563e-01  -8.0693839e-01
  5.9090599e-01   8.0674042e-01  -5.9090599e-01  -8.0674042e-01
  5.9117617e-01   8.0654246e-01  -5.9117617e-01  -8.0654246e-01
  5.9144615e-01   8.0634450e-01  -5.9144615e-01  -8.0634450e-01
  5.9171595e-01   8.0614653e-01  -5.9171595e-01  -8.0614653e-01
  5.9198556e-01   8.0594857e-01  -5.9198556e-01  -8.0594857e-01
  5.9225498e-01   8.0575061e-01  -5.9225498e-01  -8.0575061e-01
  5.9252421e-01   8.0555265e-01  -5.9252421e-01  -8.0555265e-01
  5.9279325e-01   8.0535468e-01  -5.9279325e-01  -8.0535468e-01
  5.9306210e-01   8.0515672e-01  -5.9306210e-01  -8.0515672e-01
  5.9333077e-01   8.0495876e-01  -5.9333077e-01  -8.0495876e-01
  5.9359924e-01   8.0476080e-01  -5.9359924e-01  -8.0476080e-01
  5.9386753e-01   8.0456283e-01  -5.9386753e-01  -8.0456283e-01
  5.9413564e-01   8.0436487e-01  -5.9413564e-01  -8.0436487e-01
  5.9440355e-01   8.0416691e-01  -5.9440355e-01  -8.0416691e-01
  5.9467128e-01   8.0396894e-01  -5.9467128e-01  -8.0396894e-01
  5.9493883e-01   8.0377098e-01  -5.9493883e-01  -8.0377098e-01
  5.9520619e-01   8.0357302e-01  -5.9520619e-01  -8.0357302e-01
  5.9547336e-01   8.0337506e-01  -5.9547336e-01  -8.0337506e-01
  5.9574034e-01   8.0317709e-01  -5.9574034e-01  -8.0317709e-01
  5.9600714e-01   8.0297913e-01  -5.9600714e-01  -8.0297913e-01
  5.9627376e-01   8.0278117e-01  -5.9627376e-01  -8.0278117e-01
  5.9654019e-01   8.0258321e-01  -5.9654019e-01  -8.0258321e-01
  5.9680644e-01   8.0238524e-01  -5.9680644e-01  -8.0238524e-01
  5.9707250e-01   8.0218728e-01  -5.9707250e-01  -8.0218728e-01
  5.9733838e-01   8.0198932e-01  -5.9733838e-01  -8.0198932e-01
  5.9760407e-01   8.0179135e-01  -5.9760407e-01  -8.0179135e-01
  5.9786958e-01   8.0159339e-01  -5.9786958e-01  -8.0159339e-01
  5.9813491e-01   8.0139543e-01  -5.9813491e-01  -8.0139543e-01
  5.9840005e-01   8.0119747e-01  -5.9840005e-01  -8.0119747e-01
  5.9866501e-01   8.0099950e-01  -5.9866501e-01  -8.0099950e-01
  5.9892979e-01   8.0080154e-01  -5.9892979e-01  -8.0080154e-01
  5.9919438e-01   8.0060358e-01  -5.9919438e-01  -8.0060358e-01
  5.9945880e-01   8.0040562e-01  -5.9945880e-01  -8.0040562e-01
  5.9972303e-01   8.0020765e-01  -5.9972303e-01  -8.0020765e-01
  5.9998708e-01   8.0000969e-01  -5.9998708e-01  -8.0000969e-01
  6.0025095e-01   7.9981173e-01  -6.0025095e-01  -7.9981173e-01
  6.0051464e-01   7.9961376e-01  -6.0051464e-01  -7.9961376e-01
  6.0077814e-01   7.9941580e-01  -6.0077814e-01  -7.9941580e-01
  6.0104147e-01   7.9921784e-01  -6.0104147e-01  -7.9921784e-01
  6.0130461e-01   7.9901988e-01  -6.0130461e-01  -7.9901988e-01
  6.0156758e-01   7.9882191e-01  -6.0156758e-01  -7.9882191e-01
  6.0183036e-01   7.9862395e-01  -6.0183036e-01  -7.9862395e-01
  6.0209297e-01   7.9842599e-01  -6.0209297e-01  -7.9842599e-01
  6.0235539e-01   7.9822803e-01  -6.0235539e-01  -7.9822803e-01
  6.0261764e-01   7.9803006e-01  -6.0261764e-01  -7.9803006e-01
  6.0287971e-01   7.9783210e-01  -6.0287971e-01  -7.9783210e-01
  6.0314159e-01   7.9763414e-01  -6.0314159e-01  -7.9763414e-01
  6.0340330e-01   7.9743617e-01  -6.0340330e-01  -7.9743617e-01
  6.0366484e-01   7.9723821e-01  -6.0366484e-01  -7.9723821e-01
  6.0392619e-01   7.9704025e-01  -6.0392619e-01  -7.9704025e-01
  6.0418736e-01   7.9684229e-01  -6.0418736e-01  -7.9684229e-01
  6.0444836e-01   7.9664432e-01  -6.0444836e-01  -7.9664432e-01
  6.0470918e-01   7.9644636e-01  -6.0470918e-01  -7.9644636e-01
  6.0496982e-01   7.9624840e-01  -6.0496982e-01  -7.9624840e-01
  6.0523029e-01   7.9605044e-01  -6.0523029e-01  -7.9605044e-01
  6.0549058e-01   7.9585247e-01  -6.0549058e-01  -7.9585247e-01
  6.0575069e-01   7.9565451e-01  -6.0575069e-01  -7.9565451e-01
  6.0601063e-01   7.9545655e-01  -6.0601063e-01  -7.9545655e-01
  6.0627039e-01   7.9525858e-01  -6.0627039e-01  -7.9525858e-01
  6.0652997e-01   7.9506062e-01  -6.0652997e-01  -7.9506062e-01
  6.0678938e-01   7.9486266e-01  -6.0678938e-01  -7.9486266e-01
  6.0704861e-01   7.9466470e-01  -6.0704861e-01  -7.9466470e-01
  6.0730767e-01   7.9446673e-01  -6.0730767e-01  -7.9446673e-01
  6.0756656e-01   7.9426877e-01  -6.0756656e-01  -7.9426877e-01
  6.0782526e-01   7.9407081e-01  -6.0782526e-01  -7.9407081e-01
  6.0808380e-01   7.9387285e-01  -6.0808380e-01  -7.9387285e-01
  6.0834216e-01   7.9367488e-01  -6.0834216e-01  -7.9367488e-01
  6.0860034e-01   7.9347692e-01  -6.0860034e-01  -7.9347692e-01
  6.0885835e-01   7.9327896e-01  -6.0885835e-01  -7.9327896e-01
  6.0911619e-01   7.9308099e-01  -6.0911619e-01  -7.9308099e-01
  6.0937386e-01   7.9288303e-01  -6.0937386e-01  -7.9288303e-01
  6.0963135e-01   7.9268507e-01  -6.0963135e-01  -7.9268507e-01
  6.0988867e-01   7.9248711e-01  -6.0988867e-01  -7.9248711e-01
  6.1014581e-01   7.9228914e-01  -6.1014581e-01  -7.9228914e-01
  6.1040279e-01   7.9209118e-01  -6.1040279e-01  -7.9209118e-01
  6.1065959e-01   7.9189322e-01  -6.1065959e-01  -7.9189322e-01
  6.1091622e-01   7.9169526e-01  -6.1091622e-01  -7.9169526e-01
  6.1117267e-01   7.9149729e-01  -6.1117267e-01  -7.9149729e-01
  6.1142896e-01   7.9129933e-01  -6.1142896e-01  -7.9129933e-01
  6.1168507e-01   7.9110137e-01  -6.1168507e-01  -7.9110137e-01
  6.1194101e-01   7.9090340e-01  -6.1194101e-01  -7.9090340e-01
  6.1219679e-01   7.9070544e-01  -6.1219679e-01  -7.9070544e-01
  6.1245239e-01   7.9050748e-01  -6.1245239e-01  -7.9050748e-01
  6.1270782e-01   7.9030952e-01  -6.1270782e-01  -7.9030952e-01
  6.1296308e-01   7.9011155e-01  -6.1296308e-01  -7.9011155e-01
  6.1321817e-01   7.8991359e-01  -6.1321817e-01  -7.8991359e-01
  6.1347309e-01   7.8971563e-01  -6.1347309e-01  -7.8971563e-01
  6.1372784e-01   7.8951767e-01  -6.1372784e-01  -7.8951767e-01
  6.1398242e-01   7.8931970e-01  -6.1398242e-01  -7.8931970e-01
  6.1423683e-01   7.8912174e-01  -6.1423683e-01  -7.8912174e-01
  6.1449107e-01   7.8892378e-01  -6.1449107e-01  -7.8892378e-01
  6.1474514e-01   7.8872581e-01  -6.1474514e-01  -7.8872581e-01
  6.1499905e-01   7.8852785e-01  -6.1499905e-01  -7.8852785e-01
  6.1525278e-01   7.8832989e-01  -6.1525278e-01  -7.8832989e-01
  6.1550635e-01   7.8813193e-01  -6.1550635e-01  -7.8813193e-01
  6.1575975e-01   7.8793396e-01  -6.1575975e-01  -7.8793396e-01
  6.1601298e-01   7.8773600e-01  -6.1601298e-01  -7.8773600e-01
  6.1626605e-01   7.8753804e-01  -6.1626605e-01  -7.8753804e-01
  6.1651894e-01   7.8734008e-01  -6.1651894e-01  -7.8734008e-01
  6.1677167e-01   7.8714211e-01  -6.1677167e-01  -7.8714211e-01
  6.1702423e-01   7.8694415e-01  -6.1702423e-01  -7.8694415e-01
  6.1727663e-01   7.8674619e-01  -6.1727663e-01  -7.8674619e-01
  6.1752886e-01   7.8654822e-01  -6.1752886e-01  -7.8654822e-01
  6.1778092e-01   7.8635026e-01  -6.1778092e-01  -7.8635026e-01
  6.1803282e-01   7.8615230e-01  -6.1803282e-01  -7.8615230e-01
  6.1828455e-01   7.8595434e-01  -6.1828455e-01  -7.8595434e-01
  6.1853611e-01   7.8575637e-01  -6.1853611e-01  -7.8575637e-01
  6.1878751e-01   7.8555841e-01  -6.1878751e-01  -7.8555841e-01
  6.1903874e-01   7.8536045e-01  -6.1903874e-01  -7.8536045e-01
  6.1928981e-01   7.8516249e-01  -6.1928981e-01  -7.8516249e-01
  6.1954072e-01   7.8496452e-01  -6.1954072e-01  -7.8496452e-01
  6.1979145e-01   7.8476656e-01  -6.1979145e-01  -7.8476656e-01
  6.2004203e-01   7.8456860e-01  -6.2004203e-01  -7.8456860e-01
  6.2029244e-01   7.8437063e-01  -6.2029244e-01  -7.8437063e-01
  6.2054268e-01   7.8417267e-01  -6.2054268e-01  -7.8417267e-01
  6.2079276e-01   7.8397471e-01  -6.2079276e-01  -7.8397471e-01
  6.2104268e-01   7.8377675e-01  -6.2104268e-01  -7.8377675e-01
  6.2129244e-01   7.8357878e-01  -6.2129244e-01  -7.8357878e-01
  6.2154203e-01   7.8338082e-01  -6.2154203e-01  -7.8338082e-01
  6.2179145e-01   7.8318286e-01  -6.2179145e-01  -7.8318286e-01
  6.2204072e-01   7.8298489e-01  -6.2204072e-01  -7.8298489e-01
  6.2228982e-01   7.8278693e-01  -6.2228982e-01  -7.8278693e-01
  6.2253876e-01   7.8258897e-01  -6.2253876e-01  -7.8258897e-01
  6.2278753e-01   7.8239101e-01  -6.2278753e-01  -7.8239101e-01
  6.2303615e-01   7.8219304e-01  -6.2303615e-01  -7.8219304e-01
  6.2328460e-01   7.8199508e-01  -6.2328460e-01  -7.8199508e-01
  6.2353289e-01   7.8179712e-01  -6.2353289e-01  -7.8179712e-01
  6.2378102e-01   7.8159916e-01  -6.2378102e-01  -7.8159916e-01
  6.2402899e-01   7.8140119e-01  -6.2402899e-01  -7.8140119e-01
  6.2427679e-01   7.8120323e-01  -6.2427679e-01  -7.8120323e-01
  6.2452444e-01   7.8100527e-01  -6.2452444e-01  -7.8100527e-01
  6.2477192e-01   7.8080730e-01  -6.2477192e-01  -7.8080730e-01
  6.2501924e-01   7.8060934e-01  -6.2501924e-01  -7.8060934e-01
  6.2526641e-01   7.8041138e-01  -6.2526641e-01  -7.8041138e-01
  6.2551341e-01   7.8021342e-01  -6.2551341e-01  -7.8021342e-01
  6.2576025e-01   7.8001545e-01  -6.2576025e-01  -7.8001545e-01
  6.2600693e-01   7.7981749e-01  -6.2600693e-01  -7.7981749e-01
  6.2625346e-01   7.7961953e-01  -6.2625346e-01  -7.7961953e-01
  6.2649982e-01   7.7942157e-01  -6.2649982e-01  -7.7942157e-01
  6.2674602e-01   7.7922360e-01  -6.2674602e-01  -7.7922360e-01
  6.2699207e-01   7.7902564e-01  -6.2699207e-01  -7.7902564e-01
  6.2723795e-01   7.7882768e-01  -6.2723795e-01  -7.7882768e-01
  6.2748368e-01   7.7862971e-01  -6.2748368e-01  -7.7862971e-01
  6.2772925e-01   7.7843175e-01  -6.2772925e-01  -7.7843175e-01
  6.2797466e-01   7.7823379e-01  -6.2797466e-01  -7.7823379e-01
  6.2821991e-01   7.7803583e-01  -6.2821991e-01  -7.7803583e-01
  6.2846500e-01   7.7783786e-01  -6.2846500e-01  -7.7783786e-01
  6.2870994e-01   7.7763990e-01  -6.2870994e-01  -7.7763990e-01
  6.2895471e-01   7.7744194e-01  -6.2895471e-01  -7.7744194e-01
  6.2919933e-01   7.7724398e-01  -6.2919933e-01  -7.7724398e-01
  6.2944380e-01   7.7704601e-01  -6.2944380e-01  -7.7704601e-01
  6.2968810e-01   7.7684805e-01  -6.2968810e-01  -7.7684805e-01
  6.2993225e-01   7.7665009e-01  -6.2993225e-01  -7.7665009e-01
  6.3017624e-01   7.7645212e-01  -6.3017624e-01  -7.7645212e-01
  6.3042008e-01   7.7625416e-01  -6.3042008e-01  -7.7625416e-01
  6.3066376e-01   7.7605620e-01  -6.3066376e-01  -7.7605620e-01
  6.3090728e-01   7.7585824e-01  -6.3090728e-01  -7.7585824e-01
  6.3115065e-01   7.7566027e-01  -6.3115065e-01  -7.7566027e-01
  6.3139386e-01   7.7546231e-01  -6.3139386e-01  -7.7546231e-01
  6.3163691e-01   7.7526435e-01  -6.3163691e-01  -7.7526435e-01
  6.3187981e-01   7.7506639e-01  -6.3187981e-01  -7.7506639e-01
  6.3212256e-01   7.7486842e-01  -6.3212256e-01  -7.7486842e-01
  6.3236515e-01   7.7467046e-01  -6.3236515e-01  -7.7467046e-01
  6.3260758e-01   7.7447250e-01  -6.3260758e-01  -7.7447250e-01
  6.3284986e-01   7.7427453e-01  -6.3284986e-01  -7.7427453e-01
  6.3309198e-01   7.7407657e-01  -6.3309198e-01  -7.7407657e-01
  6.3333395e-01   7.7387861e-01  -6.3333395e-01  -7.7387861e-01
  6.3357577e-01   7.7368065e-01  -6.3357577e-01  -7.7368065e-01
  6.3381743e-01   7.7348268e-01  -6.3381743e-01  -7.7348268e-01
  6.3405894e-01   7.7328472e-01  -6.3405894e-01  -7.7328472e-01
  6.3430029e-01   7.7308676e-01  -6.3430029e-01  -7.7308676e-01
  6.3454150e-01   7.7288880e-01  -6.3454150e-01  -7.7288880e-01
  6.3478254e-01   7.7269083e-01  -6.3478254e-01  -7.7269083e-01
  6.3502344e-01   7.7249287e-01  -6.3502344e-01  -7.7249287e-01
  6.3526418e-01   7.7229491e-01  -6.3526418e-01  -7.7229491e-01
  6.3550477e-01   7.7209694e-01  -6.3550477e-01  -7.7209694e-01
  6.3574520e-01   7.7189898e-01  -6.3574520e-01  -7.7189898e-01
  6.3598548e-01   7.7170102e-01  -6.3598548e-01  -7.7170102e-01
  6.3622562e-01   7.7150306e-01  -6.3622562e-01  -7.7150306e-01
  6.3646559e-01   7.7130509e-01  -6.3646559e-01  -7.7130509e-01
  6.3670542e-01   7.7110713e-01  -6.3670542e-01  -7.7110713e-01
  6.3694510e-01   7.7090917e-01  -6.3694510e-01  -7.7090917e-01
  6.3718462e-01   7.7071121e-01  -6.3718462e-01  -7.7071121e-01
  6.3742399e-01   7.7051324e-01  -6.3742399e-01  -7.7051324e-01
  6.3754326e-01   7.7041456e-01  -6.3754326e-01  -7.7041456e-01
  6.3778167e-01   7.7021720e-01  -6.3778167e-01  -7.7021720e-01
  6.3801994e-01   7.7001984e-01  -6.3801994e-01  -7.7001984e-01
  6.3825806e-01   7.6982248e-01  -6.3825806e-01  -7.6982248e-01
  6.3849603e-01   7.6962512e-01  -6.3849603e-01  -7.6962512e-01
  6.3873385e-01   7.6942775e-01  -6.3873385e-01  -7.6942775e-01
  6.3897152e-01   7.6923039e-01  -6.3897152e-01  -7.6923039e-01
  6.3920904e-01   7.6903303e-01  -6.3920904e-01  -7.6903303e-01
  6.3944641e-01   7.6883567e-01  -6.3944641e-01  -7.6883567e-01
  6.3968363e-01   7.6863831e-01  -6.3968363e-01  -7.6863831e-01
  6.3992071e-01   7.6844095e-01  -6.3992071e-01  -7.6844095e-01
  6.4015763e-01   7.6824358e-01  -6.4015763e-01  -7.6824358e-01
  6.4039441e-01   7.6804622e-01  -6.4039441e-01  -7.6804622e-01
  6.4063104e-01   7.6784886e-01  -6.4063104e-01  -7.6784886e-01
  6.4086752e-01   7.6765150e-01  -6.4086752e-01  -7.6765150e-01
  6.4110385e-01   7.6745414e-01  -6.4110385e-01  -7.6745414e-01
  6.4134003e-01   7.6725678e-01  -6.4134003e-01  -7.6725678e-01
  6.4157607e-01   7.6705941e-01  -6.4157607e-01  -7.6705941e-01
  6.4181196e-01   7.6686205e-01  -6.4181196e-01  -7.6686205e-01
  6.4204770e-01   7.6666469e-01  -6.4204770e-01  -7.6666469e-01
  6.4228330e-01   7.6646733e-01  -6.4228330e-01  -7.6646733e-01
  6.4251874e-01   7.6626997e-01  -6.4251874e-01  -7.6626997e-01
  6.4275404e-01   7.6607261e-01  -6.4275404e-01  -7.6607261e-01
  6.4298920e-01   7.6587525e-01  -6.4298920e-01  -7.6587525e-01
  6.4322421e-01   7.6567788e-01  -6.4322421e-01  -7.6567788e-01
  6.4345907e-01   7.6548052e-01  -6.4345907e-01  -7.6548052e-01
  6.4369378e-01   7.6528316e-01  -6.4369378e-01  -7.6528316e-01
  6.4392835e-01   7.6508580e-01  -6.4392835e-01  -7.6508580e-01
  6.4416277e-01   7.6488844e-01  -6.4416277e-01  -7.6488844e-01
  6.4439705e-01   7.6469108e-01  -6.4439705e-01  -7.6469108e-01
  6.4463118e-01   7.6449371e-01  -6.4463118e-01  -7.6449371e-01
  6.4486517e-01   7.6429635e-01  -6.4486517e-01  -7.6429635e-01
  6.4509901e-01   7.6409899e-01  -6.4509901e-01  -7.6409899e-01
  6.4533271e-01   7.6390163e-01  -6.4533271e-01  -7.6390163e-01
  6.4556626e-01   7.6370427e-01  -6.4556626e-01  -7.6370427e-01
  6.4579966e-01   7.6350691e-01  -6.4579966e-01  -7.6350691e-01
  6.4603292e-01   7.6330954e-01  -6.4603292e-01  -7.6330954e-01
  6.4626604e-01   7.6311218e-01  -6.4626604e-01  -7.6311218e-01
  6.4649901e-01   7.6291482e-01  -6.4649901e-01  -7.6291482e-01
  6.4673184e-01   7.6271746e-01  -6.4673184e-01  -7.6271746e-01
  6.4696453e-01   7.6252010e-01  -6.4696453e-01  -7.6252010e-01
  6.4719707e-01   7.6232274e-01  -6.4719707e-01  -7.6232274e-01
  6.4742947e-01   7.6212538e-01  -6.4742947e-01  -7.6212538e-01
  6.4766172e-01   7.6192801e-01  -6.4766172e-01  -7.6192801e-01
  6.4789383e-01   7.6173065e-01  -6.4789383e-01  -7.6173065e-01
  6.4812580e-01   7.6153329e-01  -6.4812580e-01  -7.6153329e-01
  6.4835762e-01   7.6133593e-01  -6.4835762e-01  -7.6133593e-01
  6.4858930e-01   7.6113857e-01  -6.4858930e-01  -7.6113857e-01
  6.4882084e-01   7.6094121e-01  -6.4882084e-01  -7.6094121e-01
  6.4905224e-01   7.6074384e-01  -6.4905224e-01  -7.6074384e-01
  6.4928349e-01   7.6054648e-01  -6.4928349e-01  -7.6054648e-01
  6.4951460e-01   7.6034912e-01  -6.4951460e-01  -7.6034912e-01
  6.4974557e-01   7.6015176e-01  -6.4974557e-01  -7.6015176e-01
  6.4997639e-01   7.5995440e-01  -6.4997639e-01  -7.5995440e-01
  6.5020708e-01   7.5975704e-01  -6.5020708e-01  -7.5975704e-01
  6.5043762e-01   7.5955967e-01  -6.5043762e-01  -7.5955967e-01
  6.5066802e-01   7.5936231e-01  -6.5066802e-01  -7.5936231e-01
  6.5089828e-01   7.5916495e-01  -6.5089828e-01  -7.5916495e-01
  6.5112840e-01   7.5896759e-01  -6.5112840e-01  -7.5896759e-01
  6.5135838e-01   7.5877023e-01  -6.5135838e-01  -7.5877023e-01
  6.5158822e-01   7.5857287e-01  -6.5158822e-01  -7.5857287e-01
  6.5181791e-01   7.5837550e-01  -6.5181791e-01  -7.5837550e-01
  6.5204747e-01   7.5817814e-01  -6.5204747e-01  -7.5817814e-01
  6.5227689e-01   7.5798078e-01  -6.5227689e-01  -7.5798078e-01
  6.5250616e-01   7.5778342e-01  -6.5250616e-01  -7.5778342e-01
  6.5273529e-01   7.5758606e-01  -6.5273529e-01  -7.5758606e-01
  6.5296429e-01   7.5738870e-01  -6.5296429e-01  -7.5738870e-01
  6.5319314e-01   7.5719134e-01  -6.5319314e-01  -7.5719134e-01
  6.5342186e-01   7.5699397e-01  -6.5342186e-01  -7.5699397e-01
  6.5365043e-01   7.5679661e-01  -6.5365043e-01  -7.5679661e-01
  6.5387887e-01   7.5659925e-01  -6.5387887e-01  -7.5659925e-01
  6.5410716e-01   7.5640189e-01  -6.5410716e-01  -7.5640189e-01
  6.5433532e-01   7.5620453e-01  -6.5433532e-01  -7.5620453e-01
  6.5456334e-01   7.5600717e-01  -6.5456334e-01  -7.5600717e-01
  6.5479122e-01   7.5580980e-01  -6.5479122e-01  -7.5580980e-01
  6.5501896e-01   7.5561244e-01  -6.5501896e-01  -7.5561244e-01
  6.5524656e-01   7.5541508e-01  -6.5524656e-01  -7.5541508e-01
  6.5547402e-01   7.5521772e-01  -6.5547402e-01  -7.5521772e-01
  6.5570135e-01   7.5502036e-01  -6.5570135e-01  -7.5502036e-01
  6.5592854e-01   7.5482300e-01  -6.5592854e-01  -7.5482300e-01
  6.5615558e-01   7.5462563e-01  -6.5615558e-01  -7.5462563e-01
  6.5638250e-01   7.5442827e-01  -6.5638250e-01  -7.5442827e-01
  6.5660927e-01   7.5423091e-01  -6.5660927e-01  -7.5423091e-01
  6.5683590e-01   7.5403355e-01  -6.5683590e-01  -7.5403355e-01
  6.5706240e-01   7.5383619e-01  -6.5706240e-01  -7.5383619e-01
  6.5728876e-01   7.5363883e-01  -6.5728876e-01  -7.5363883e-01
  6.5751499e-01   7.5344146e-01  -6.5751499e-01  -7.5344146e-01
  6.5774107e-01   7.5324410e-01  -6.5774107e-01  -7.5324410e-01
  6.5796702e-01   7.5304674e-01  -6.5796702e-01  -7.5304674e-01
  6.5819284e-01   7.5284938e-01  -6.5819284e-01  -7.5284938e-01
  6.5841851e-01   7.5265202e-01  -6.5841851e-01  -7.5265202e-01
  6.5864405e-01   7.5245466e-01  -6.5864405e-01  -7.5245466e-01
  6.5886946e-01   7.5225730e-01  -6.5886946e-01  -7.5225730e-01
  6.5909472e-01   7.5205993e-01  -6.5909472e-01  -7.5205993e-01
  6.5931986e-01   7.5186257e-01  -6.5931986e-01  -7.5186257e-01
  6.5954485e-01   7.5166521e-01  -6.5954485e-01  -7.5166521e-01
  6.5976971e-01   7.5146785e-01  -6.5976971e-01  -7.5146785e-01
  6.5999444e-01   7.5127049e-01  -6.5999444e-01  -7.5127049e-01
  6.6021902e-01   7.5107313e-01  -6.6021902e-01  -7.5107313e-01
  6.6044348e-01   7.5087576e-01  -6.6044348e-01  -7.5087576e-01
  6.6066780e-01   7.5067840e-01  -6.6066780e-01  -7.5067840e-01
  6.6089198e-01   7.5048104e-01  -6.6089198e-01  -7.5048104e-01
  6.6111603e-01   7.5028368e-01  -6.6111603e-01  -7.5028368e-01
  6.6133994e-01   7.5008632e-01  -6.6133994e-01  -7.5008632e-01
  6.6156372e-01   7.4988896e-01  -6.6156372e-01  -7.4988896e-01
  6.6178736e-01   7.4969159e-01  -6.6178736e-01  -7.4969159e-01
  6.6201087e-01   7.4949423e-01  -6.6201087e-01  -7.4949423e-01
  6.6223425e-01   7.4929687e-01  -6.6223425e-01  -7.4929687e-01
  6.6245749e-01   7.4909951e-01  -6.6245749e-01  -7.4909951e-01
  6.6268060e-01   7.4890215e-01  -6.6268060e-01  -7.4890215e-01
  6.6290357e-01   7.4870479e-01  -6.6290357e-01  -7.4870479e-01
  6.6312641e-01   7.4850743e-01  -6.6312641e-01  -7.4850743e-01
  6.6334912e-01   7.4831006e-01  -6.6334912e-01  -7.4831006e-01
  6.6357169e-01   7.4811270e-01  -6.6357169e-01  -7.4811270e-01
  6.6379413e-01   7.4791534e-01  -6.6379413e-01  -7.4791534e-01
  6.6401643e-01   7.4771798e-01  -6.6401643e-01  -7.4771798e-01
  6.6423861e-01   7.4752062e-01  -6.6423861e-01  -7.4752062e-01
  6.6446065e-01   7.4732326e-01  -6.6446065e-01  -7.4732326e-01
  6.6468255e-01   7.4712589e-01  -6.6468255e-01  -7.4712589e-01
  6.6490433e-01   7.4692853e-01  -6.6490433e-01  -7.4692853e-01
  6.6512597e-01   7.4673117e-01  -6.6512597e-01  -7.4673117e-01
  6.6534748e-01   7.4653381e-01  -6.6534748e-01  -7.4653381e-01
  6.6556886e-01   7.4633645e-01  -6.6556886e-01  -7.4633645e-01
  6.6579011e-01   7.4613909e-01  -6.6579011e-01  -7.4613909e-01
  6.6601122e-01   7.4594172e-01  -6.6601122e-01  -7.4594172e-01
  6.6623220e-01   7.4574436e-01  -6.6623220e-01  -7.4574436e-01
  6.6645305e-01   7.4554700e-01  -6.6645305e-01  -7.4554700e-01
  6.6667377e-01   7.4534964e-01  -6.6667377e-01  -7.4534964e-01
  6.6689436e-01   7.4515228e-01  -6.6689436e-01  -7.4515228e-01
  6.6711481e-01   7.4495492e-01  -6.6711481e-01  -7.4495492e-01
  6.6733514e-01   7.4475755e-01  -6.6733514e-01  -7.4475755e-01
  6.6755533e-01   7.4456019e-01  -6.6755533e-01  -7.4456019e-01
  6.6777539e-01   7.4436283e-01  -6.6777539e-01  -7.4436283e-01
  6.6799532e-01   7.4416547e-01  -6.6799532e-01  -7.4416547e-01
  6.6821513e-01   7.4396811e-01  -6.6821513e-01  -7.4396811e-01
  6.6843480e-01   7.4377075e-01  -6.6843480e-01  -7.4377075e-01
  6.6865434e-01   7.4357339e-01  -6.6865434e-01  -7.4357339e-01
  6.6887375e-01   7.4337602e-01  -6.6887375e-01  -7.4337602e-01
  6.6909303e-01   7.4317866e-01  -6.6909303e-01  -7.4317866e-01
  6.6931217e-01   7.4298130e-01  -6.6931217e-01  -7.4298130e-01
  6.6953119e-01   7.4278394e-01  -6.6953119e-01  -7.4278394e-01
  6.6975008e-01   7.4258658e-01  -6.6975008e-01  -7.4258658e-01
  6.6996884e-01   7.4238922e-01  -6.6996884e-01  -7.4238922e-01
  6.7018747e-01   7.4219185e-01  -6.7018747e-01  -7.4219185e-01
  6.7040598e-01   7.4199449e-01  -6.7040598e-01  -7.4199449e-01
  6.7062435e-01   7.4179713e-01  -6.7062435e-01  -7.4179713e-01
  6.7084259e-01   7.4159977e-01  -6.7084259e-01  -7.4159977e-01
  6.7106070e-01   7.4140241e-01  -6.7106070e-01  -7.4140241e-01
  6.7127869e-01   7.4120505e-01  -6.7127869e-01  -7.4120505e-01
  6.7149655e-01   7.4100768e-01  -6.7149655e-01  -7.4100768e-01
  6.7171427e-01   7.4081032e-01  -6.7171427e-01  -7.4081032e-01
  6.7193187e-01   7.4061296e-01  -6.7193187e-01  -7.4061296e-01
  6.7214934e-01   7.4041560e-01  -6.7214934e-01  -7.4041560e-01
  6.7236669e-01   7.4021824e-01  -6.7236669e-01  -7.4021824e-01
  6.7258390e-01   7.4002088e-01  -6.7258390e-01  -7.4002088e-01
  6.7280099e-01   7.3982352e-01  -6.7280099e-01  -7.3982352e-01
  6.7301794e-01   7.3962615e-01  -6.7301794e-01  -7.3962615e-01
  6.7323477e-01   7.3942879e-01  -6.7323477e-01  -7.3942879e-01
  6.7345148e-01   7.3923143e-01  -6.7345148e-01  -7.3923143e-01
  6.7366805e-01   7.3903407e-01  -6.7366805e-01  -7.3903407e-01
  6.7388450e-01   7.3883671e-01  -6.7388450e-01  -7.3883671e-01
  6.7410082e-01   7.3863935e-01  -6.7410082e-01  -7.3863935e-01
  6.7431701e-01   7.3844198e-01  -6.7431701e-01  -7.3844198e-01
  6.7453308e-01   7.3824462e-01  -6.7453308e-01  -7.3824462e-01
  6.7474902e-01   7.3804726e-01  -6.7474902e-01  -7.3804726e-01
  6.7496483e-01   7.3784990e-01  -6.7496483e-01  -7.3784990e-01
  6.7518052e-01   7.3765254e-01  -6.7518052e-01  -7.3765254e-01
  6.7539608e-01   7.3745518e-01  -6.7539608e-01  -7.3745518e-01
  6.7561151e-01   7.3725781e-01  -6.7561151e-01  -7.3725781e-01
  6.7582682e-01   7.3706045e-01  -6.7582682e-01  -7.3706045e-01
  6.7604200e-01   7.3686309e-01  -6.7604200e-01  -7.3686309e-01
  6.7625705e-01   7.3666573e-01  -6.7625705e-01  -7.3666573e-01
  6.7647198e-01   7.3646837e-01  -6.7647198e-01  -7.3646837e-01
  6.7668679e-01   7.3627101e-01  -6.7668679e-01  -7.3627101e-01
  6.7690146e-01   7.3607364e-01  -6.7690146e-01  -7.3607364e-01
  6.7711601e-01   7.3587628e-01  -6.7711601e-01  -7.3587628e-01
  6.7733044e-01   7.3567892e-01  -6.7733044e-01  -7.3567892e-01
  6.7754474e-01   7.3548156e-01  -6.7754474e-01  -7.3548156e-01
  6.7775892e-01   7.3528420e-01  -6.7775892e-01  -7.3528420e-01
  6.7797297e-01   7.3508684e-01  -6.7797297e-01  -7.3508684e-01
  6.7818689e-01   7.3488948e-01  -6.7818689e-01  -7.3488948e-01
  6.7840069e-01   7.3469211e-01  -6.7840069e-01  -7.3469211e-01
  6.7861437e-01   7.3449475e-01  -6.7861437e-01  -7.3449475e-01
  6.7882792e-01   7.3429739e-01  -6.7882792e-01  -7.3429739e-01
  6.7904134e-01   7.3410003e-01  -6.7904134e-01  -7.3410003e-01
  6.7925465e-01   7.3390267e-01  -6.7925465e-01  -7.3390267e-01
  6.7946782e-01   7.3370531e-01  -6.7946782e-01  -7.3370531e-01
  6.7968088e-01   7.3350794e-01  -6.7968088e-01  -7.3350794e-01
  6.7989381e-01   7.3331058e-01  -6.7989381e-01  -7.3331058e-01
  6.8010661e-01   7.3311322e-01  -6.8010661e-01  -7.3311322e-01
  6.8031930e-01   7.3291586e-01  -6.8031930e-01  -7.3291586e-01
  6.8053185e-01   7.3271850e-01  -6.8053185e-01  -7.3271850e-01
  6.8074429e-01   7.3252114e-01  -6.8074429e-01  -7.3252114e-01
  6.8095660e-01   7.3232377e-01  -6.8095660e-01  -7.3232377e-01
  6.8116879e-01   7.3212641e-01  -6.8116879e-01  -7.3212641e-01
  6.8138085e-01   7.3192905e-01  -6.8138085e-01  -7.3192905e-01
  6.8159279e-01   7.3173169e-01  -6.8159279e-01  -7.3173169e-01
  6.8180461e-01   7.3153433e-01  -6.8180461e-01  -7.3153433e-01
  6.8201631e-01   7.3133697e-01  -6.8201631e-01  -7.3133697e-01
  6.8222788e-01   7.3113960e-01  -6.8222788e-01  -7.3113960e-01
  6.8243933e-01   7.3094224e-01  -6.8243933e-01  -7.3094224e-01
  6.8265066e-01   7.3074488e-01  -6.8265066e-01  -7.3074488e-01
  6.8286186e-01   7.3054752e-01  -6.8286186e-01  -7.3054752e-01
  6.8307294e-01   7.3035016e-01  -6.8307294e-01  -7.3035016e-01
  6.8328390e-01   7.3015280e-01  -6.8328390e-01  -7.3015280e-01
  6.8349474e-01   7.2995544e-01  -6.8349474e-01  -7.2995544e-01
  6.8370546e-01   7.2975807e-01  -6.8370546e-01  -7.2975807e-01
  6.8391605e-01   7.2956071e-01  -6.8391605e-01  -7.2956071e-01
  6.8412653e-01   7.2936335e-01  -6.8412653e-01  -7.2936335e-01
  6.8433688e-01   7.2916599e-01  -6.8433688e-01  -7.2916599e-01
  6.8454711e-01   7.2896863e-01  -6.8454711e-01  -7.2896863e-01
  6.8465339e-01   7.2886880e-01  -6.8465339e-01  -7.2886880e-01
  6.8486587e-01   7.2866916e-01  -6.8486587e-01  -7.2866916e-01
  6.8507822e-01   7.2846951e-01  -6.8507822e-01  -7.2846951e-01
  6.8529046e-01   7.2826986e-01  -6.8529046e-01  -7.2826986e-01
  6.8550256e-01   7.2807021e-01  -6.8550256e-01  -7.2807021e-01
  6.8571454e-01   7.2787057e-01  -6.8571454e-01  -7.2787057e-01
  6.8592640e-01   7.2767092e-01  -6.8592640e-01  -7.2767092e-01
  6.8613814e-01   7.2747127e-01  -6.8613814e-01  -7.2747127e-01
  6.8634975e-01   7.2727163e-01  -6.8634975e-01  -7.2727163e-01
  6.8656124e-01   7.2707198e-01  -6.8656124e-01  -7.2707198e-01
  6.8677261e-01   7.2687233e-01  -6.8677261e-01  -7.2687233e-01
  6.8698385e-01   7.2667268e-01  -6.8698385e-01  -7.2667268e-01
  6.8719497e-01   7.2647304e-01  -6.8719497e-01  -7.2647304e-01
  6.8740597e-01   7.2627339e-01  -6.8740597e-01  -7.2627339e-01
  6.8761684e-01   7.2607374e-01  -6.8761684e-01  -7.2607374e-01
  6.8782759e-01   7.2587409e-01  -6.8782759e-01  -7.2587409e-01
  6.8803822e-01   7.2567445e-01  -6.8803822e-01  -7.2567445e-01
  6.8824873e-01   7.2547480e-01  -6.8824873e-01  -7.2547480e-01
  6.8845911e-01   7.2527515e-01  -6.8845911e-01  -7.2527515e-01
  6.8866938e-01   7.2507551e-01  -6.8866938e-01  -7.2507551e-01
  6.8887952e-01   7.2487586e-01  -6.8887952e-01  -7.2487586e-01
  6.8908954e-01   7.2467621e-01  -6.8908954e-01  -7.2467621e-01
  6.8929943e-01   7.2447656e-01  -6.8929943e-01  -7.2447656e-01
  6.8950921e-01   7.2427692e-01  -6.8950921e-01  -7.2427692e-01
  6.8971886e-01   7.2407727e-01  -6.8971886e-01  -7.2407727e-01
  6.8992839e-01   7.2387762e-01  -6.8992839e-01  -7.2387762e-01
  6.9013780e-01   7.2367797e-01  -6.9013780e-01  -7.2367797e-01
  6.9034709e-01   7.2347833e-01  -6.9034709e-01  -7.2347833e-01
  6.9055626e-01   7.2327868e-01  -6.9055626e-01  -7.2327868e-01
  6.9076531e-01   7.2307903e-01  -6.9076531e-01  -7.2307903e-01
  6.9097424e-01   7.2287939e-01  -6.9097424e-01  -7.2287939e-01
  6.9118304e-01   7.2267974e-01  -6.9118304e-01  -7.2267974e-01
  6.9139173e-01   7.2248009e-01  -6.9139173e-01  -7.2248009e-01
  6.9160029e-01   7.2228044e-01  -6.9160029e-01  -7.2228044e-01
  6.9180873e-01   7.2208080e-01  -6.9180873e-01  -7.2208080e-01
  6.9201706e-01   7.2188115e-01  -6.9201706e-01  -7.2188115e-01
  6.9222526e-01   7.2168150e-01  -6.9222526e-01  -7.2168150e-01
  6.9243334e-01   7.2148185e-01  -6.9243334e-01  -7.2148185e-01
  6.9264131e-01   7.2128221e-01  -6.9264131e-01  -7.2128221e-01
  6.9284915e-01   7.2108256e-01  -6.9284915e-01  -7.2108256e-01
  6.9305687e-01   7.2088291e-01  -6.9305687e-01  -7.2088291e-01
  6.9326447e-01   7.2068326e-01  -6.9326447e-01  -7.2068326e-01
  6.9347196e-01   7.2048362e-01  -6.9347196e-01  -7.2048362e-01
  6.9367932e-01   7.2028397e-01  -6.9367932e-01  -7.2028397e-01
  6.9388657e-01   7.2008432e-01  -6.9388657e-01  -7.2008432e-01
  6.9409369e-01   7.1988468e-01  -6.9409369e-01  -7.1988468e-01
  6.9430070e-01   7.1968503e-01  -6.9430070e-01  -7.1968503e-01
  6.9450759e-01   7.1948538e-01  -6.9450759e-01  -7.1948538e-01
  6.9471435e-01   7.1928573e-01  -6.9471435e-01  -7.1928573e-01
  6.9492100e-01   7.1908609e-01  -6.9492100e-01  -7.1908609e-01
  6.9512753e-01   7.1888644e-01  -6.9512753e-01  -7.1888644e-01
  6.9533394e-01   7.1868679e-01  -6.9533394e-01  -7.1868679e-01
  6.9554024e-01   7.1848714e-01  -6.9554024e-01  -7.1848714e-01
  6.9574641e-01   7.1828750e-01  -6.9574641e-01  -7.1828750e-01
  6.9595247e-01   7.1808785e-01  -6.9595247e-01  -7.1808785e-01
  6.9615841e-01   7.1788820e-01  -6.9615841e-01  -7.1788820e-01
  6.9636423e-01   7.1768856e-01  -6.9636423e-01  -7.1768856e-01
  6.9656993e-01   7.1748891e-01  -6.9656993e-01  -7.1748891e-01
  6.9677551e-01   7.1728926e-01  -6.9677551e-01  -7.1728926e-01
  6.9698098e-01   7.1708961e-01  -6.9698098e-01  -7.1708961e-01
  6.9718633e-01   7.1688997e-01  -6.9718633e-01  -7.1688997e-01
  6.9739156e-01   7.1669032e-01  -6.9739156e-01  -7.1669032e-01
  6.9759667e-01   7.1649067e-01  -6.9759667e-01  -7.1649067e-01
  6.9780167e-01   7.1629102e-01  -6.9780167e-01  -7.1629102e-01
  6.9800655e-01   7.1609138e-01  -6.9800655e-01  -7.1609138e-01
  6.9821131e-01   7.1589173e-01  -6.9821131e-01  -7.1589173e-01
  6.9841595e-01   7.1569208e-01  -6.9841595e-01  -7.1569208e-01
  6.9862048e-01   7.1549244e-01  -6.9862048e-01  -7.1549244e-01
  6.9882489e-01   7.1529279e-01  -6.9882489e-01  -7.1529279e-01
  6.9902918e-01   7.1509314e-01  -6.9902918e-01  -7.1509314e-01
  6.9923336e-01   7.1489349e-01  -6.9923336e-01  -7.1489349e-01
  6.9943742e-01   7.1469385e-01  -6.9943742e-01  -7.1469385e-01
  6.9964136e-01   7.1449420e-01  -6.9964136e-01  -7.1449420e-01
  6.9984519e-01   7.1429455e-01  -6.9984519e-01  -7.1429455e-01
  7.0004890e-01   7.1409490e-01  -7.0004890e-01  -7.1409490e-01
  7.0025250e-01   7.1389526e-01  -7.0025250e-01  -7.1389526e-01
  7.0045598e-01   7.1369561e-01  -7.0045598e-01  -7.1369561e-01
  7.0065934e-01   7.1349596e-01  -7.0065934e-01  -7.1349596e-01
  7.0086259e-01   7.1329632e-01  -7.0086259e-01  -7.1329632e-01
  7.0106572e-01   7.1309667e-01  -7.0106572e-01  -7.1309667e-01
  7.0126873e-01   7.1289702e-01  -7.0126873e-01  -7.1289702e-01
  7.0147163e-01   7.1269737e-01  -7.0147163e-01  -7.1269737e-01
  7.0167442e-01   7.1249773e-01  -7.0167442e-01  -7.1249773e-01
  7.0187709e-01   7.1229808e-01  -7.0187709e-01  -7.1229808e-01
  7.0207964e-01   7.1209843e-01  -7.0207964e-01  -7.1209843e-01
  7.0228208e-01   7.1189878e-01  -7.0228208e-01  -7.1189878e-01
  7.0248440e-01   7.1169914e-01  -7.0248440e-01  -7.1169914e-01
  7.0268661e-01   7.1149949e-01  -7.0268661e-01  -7.1149949e-01
  7.0288871e-01   7.1129984e-01  -7.0288871e-01  -7.1129984e-01
  7.0309069e-01   7.1110020e-01  -7.0309069e-01  -7.1110020e-01
  7.0329255e-01   7.1090055e-01  -7.0329255e-01  -7.1090055e-01
  7.0349430e-01   7.1070090e-01  -7.0349430e-01  -7.1070090e-01
  7.0369594e-01   7.1050125e-01  -7.0369594e-01  -7.1050125e-01
  7.0389746e-01   7.1030161e-01  -7.0389746e-01  -7.1030161e-01
  7.0409886e-01   7.1010196e-01  -7.0409886e-01  -7.1010196e-01
  7.0430015e-01   7.0990231e-01  -7.0430015e-01  -7.0990231e-01
  7.0450133e-01   7.0970266e-01  -7.0450133e-01  -7.0970266e-01
  7.0470240e-01   7.0950302e-01  -7.0470240e-01  -7.0950302e-01
  7.0490335e-01   7.0930337e-01  -7.0490335e-01  -7.0930337e-01
  7.0510418e-01   7.0910372e-01  -7.0510418e-01  -7.0910372e-01
  7.0530491e-01   7.0890408e-01  -7.0530491e-01  -7.0890408e-01
  7.0550552e-01   7.0870443e-01  -7.0550552e-01  -7.0870443e-01
  7.0570601e-01   7.0850478e-01  -7.0570601e-01  -7.0850478e-01
  7.0590639e-01   7.0830513e-01  -7.0590639e-01  -7.0830513e-01
  7.0610666e-01   7.0810549e-01  -7.0610666e-01  -7.0810549e-01
  7.0630682e-01   7.0790584e-01  -7.0630682e-01  -7.0790584e-01
  7.0650686e-01   7.0770619e-01  -7.0650686e-01  -7.0770619e-01
  7.0670679e-01   7.0750654e-01  -7.0670679e-01  -7.0750654e-01
  7.0690661e-01   7.0730690e-01  -7.0690661e-01  -7.0730690e-01
  7.0710631e-01   7.0710725e-01  -7.0710631e-01  -7.0710725e-01
  7.0730590e-01   7.0690760e-01  -7.0730590e-01  -7.0690760e-01
  7.0750538e-01   7.0670795e-01  -7.0750538e-01  -7.0670795e-01
  7.0770475e-01   7.0650831e-01  -7.0770475e-01  -7.0650831e-01
  7.0790400e-01   7.0630866e-01  -7.0790400e-01  -7.0630866e-01
  7.0810314e-01   7.0610901e-01  -7.0810314e-01  -7.0610901e-01
  7.0830217e-01   7.0590937e-01  -7.0830217e-01  -7.0590937e-01
  7.0850109e-01   7.0570972e-01  -7.0850109e-01  -7.0570972e-01
  7.0869989e-01   7.0551007e-01  -7.0869989e-01  -7.0551007e-01
  7.0889859e-01   7.0531042e-01  -7.0889859e-01  -7.0531042e-01
  7.0909717e-01   7.0511078e-01  -7.0909717e-01  -7.0511078e-01
  7.0929564e-01   7.0491113e-01  -7.0929564e-01  -7.0491113e-01
  7.0949399e-01   7.0471148e-01  -7.0949399e-01  -7.0471148e-01
  7.0969224e-01   7.0451183e-01  -7.0969224e-01  -7.0451183e-01
  7.0989037e-01   7.0431219e-01  -7.0989037e-01  -7.0431219e-01
  7.1008840e-01   7.0411254e-01  -7.1008840e-01  -7.0411254e-01
  7.1028631e-01   7.0391289e-01  -7.1028631e-01  -7.0391289e-01
  7.1048411e-01   7.0371325e-01  -7.1048411e-01  -7.0371325e-01
  7.1068180e-01   7.0351360e-01  -7.1068180e-01  -7.0351360e-01
  7.1087938e-01   7.0331395e-01  -7.1087938e-01  -7.0331395e-01
  7.1107684e-01   7.0311430e-01  -7.1107684e-01  -7.0311430e-01
  7.1127420e-01   7.0291466e-01  -7.1127420e-01  -7.0291466e-01
  7.1147144e-01   7.0271501e-01  -7.1147144e-01  -7.0271501e-01
  7.1166858e-01   7.0251536e-01  -7.1166858e-01  -7.0251536e-01
  7.1186560e-01   7.0231571e-01  -7.1186560e-01  -7.0231571e-01
  7.1206252e-01   7.0211607e-01  -7.1206252e-01  -7.0211607e-01
  7.1225932e-01   7.0191642e-01  -7.1225932e-01  -7.0191642e-01
  7.1245601e-01   7.0171677e-01  -7.1245601e-01  -7.0171677e-01
  7.1265260e-01   7.0151713e-01  -7.1265260e-01  -7.0151713e-01
  7.1284907e-01   7.0131748e-01  -7.1284907e-01  -7.0131748e-01
  7.1304543e-01   7.0111783e-01  -7.1304543e-01  -7.0111783e-01
  7.1324168e-01   7.0091818e-01  -7.1324168e-01  -7.0091818e-01
  7.1343783e-01   7.0071854e-01  -7.1343783e-01  -7.0071854e-01
  7.1363386e-01   7.0051889e-01  -7.1363386e-01  -7.0051889e-01
  7.1382978e-01   7.0031924e-01  -7.1382978e-01  -7.0031924e-01
  7.1402560e-01   7.0011959e-01  -7.1402560e-01  -7.0011959e-01
  7.1422130e-01   6.9991995e-01  -7.1422130e-01  -6.9991995e-01
  7.1441690e-01   6.9972030e-01  -7.1441690e-01  -6.9972030e-01
  7.1461238e-01   6.9952065e-01  -7.1461238e-01  -6.9952065e-01
  7.1480776e-01   6.9932101e-01  -7.1480776e-01  -6.9932101e-01
  7.1500303e-01   6.9912136e-01  -7.1500303e-01  -6.9912136e-01
  7.1519818e-01   6.9892171e-01  -7.1519818e-01  -6.9892171e-01
  7.1539323e-01   6.9872206e-01  -7.1539323e-01  -6.9872206e-01
  7.1558817e-01   6.9852242e-01  -7.1558817e-01  -6.9852242e-01
  7.1578301e-01   6.9832277e-01  -7.1578301e-01  -6.9832277e-01
  7.1597773e-01   6.9812312e-01  -7.1597773e-01  -6.9812312e-01
  7.1617234e-01   6.9792347e-01  -7.1617234e-01  -6.9792347e-01
  7.1636685e-01   6.9772383e-01  -7.1636685e-01  -6.9772383e-01
  7.1656125e-01   6.9752418e-01  -7.1656125e-01  -6.9752418e-01
  7.1675553e-01   6.9732453e-01  -7.1675553e-01  -6.9732453e-01
  7.1694972e-01   6.9712489e-01  -7.1694972e-01  -6.9712489e-01
  7.1714379e-01   6.9692524e-01  -7.1714379e-01  -6.9692524e-01
  7.1733775e-01   6.9672559e-01  -7.1733775e-01  -6.9672559e-01
  7.1753161e-01   6.9652594e-01  -7.1753161e-01  -6.9652594e-01
  7.1772536e-01   6.9632630e-01  -7.1772536e-01  -6.9632630e-01
  7.1791900e-01   6.9612665e-01  -7.1791900e-01  -6.9612665e-01
  7.1811253e-01   6.9592700e-01  -7.1811253e-01  -6.9592700e-01
  7.1830596e-01   6.9572735e-01  -7.1830596e-01  -6.9572735e-01
  7.1849928e-01   6.9552771e-01  -7.1849928e-01  -6.9552771e-01
  7.1869249e-01   6.9532806e-01  -7.1869249e-01  -6.9532806e-01
  7.1888559e-01   6.9512841e-01  -7.1888559e-01  -6.9512841e-01
  7.1907859e-01   6.9492876e-01  -7.1907859e-01  -6.9492876e-01
  7.1927147e-01   6.9472912e-01  -7.1927147e-01  -6.9472912e-01
  7.1946426e-01   6.9452947e-01  -7.1946426e-01  -6.9452947e-01
  7.1965693e-01   6.9432982e-01  -7.1965693e-01  -6.9432982e-01
  7.1984950e-01   6.9413018e-01  -7.1984950e-01  -6.9413018e-01
  7.2004196e-01   6.9393053e-01  -7.2004196e-01  -6.9393053e-01
  7.2023431e-01   6.9373088e-01  -7.2023431e-01  -6.9373088e-01
  7.2042656e-01   6.9353123e-01  -7.2042656e-01  -6.9353123e-01
  7.2061870e-01   6.9333159e-01  -7.2061870e-01  -6.9333159e-01
  7.2081073e-01   6.9313194e-01  -7.2081073e-01  -6.9313194e-01
  7.2100266e-01   6.9293229e-01  -7.2100266e-01  -6.9293229e-01
  7.2119448e-01   6.9273264e-01  -7.2119448e-01  -6.9273264e-01
  7.2138620e-01   6.9253300e-01  -7.2138620e-01  -6.9253300e-01
  7.2157781e-01   6.9233335e-01  -7.2157781e-01  -6.9233335e-01
  7.2176931e-01   6.9213370e-01  -7.2176931e-01  -6.9213370e-01
  7.2196071e-01   6.9193406e-01  -7.2196071e-01  -6.9193406e-01
  7.2215200e-01   6.9173441e-01  -7.2215200e-01  -6.9173441e-01
  7.2234318e-01   6.9153476e-01  -7.2234318e-01  -6.9153476e-01
  7.2253426e-01   6.9133511e-01  -7.2253426e-01  -6.9133511e-01
  7.2272524e-01   6.9113547e-01  -7.2272524e-01  -6.9113547e-01
  7.2291610e-01   6.9093582e-01  -7.2291610e-01  -6.9093582e-01
  7.2310687e-01   6.9073617e-01  -7.2310687e-01  -6.9073617e-01
  7.2329752e-01   6.9053652e-01  -7.2329752e-01  -6.9053652e-01
  7.2348808e-01   6.9033688e-01  -7.2348808e-01  -6.9033688e-01
  7.2367852e-01   6.9013723e-01  -7.2367852e-01  -6.9013723e-01
  7.2386886e-01   6.8993758e-01  -7.2386886e-01  -6.8993758e-01
  7.2405910e-01   6.8973794e-01  -7.2405910e-01  -6.8973794e-01
  7.2424923e-01   6.8953829e-01  -7.2424923e-01  -6.8953829e-01
  7.2443926e-01   6.8933864e-01  -7.2443926e-01  -6.8933864e-01
  7.2462918e-01   6.8913899e-01  -7.2462918e-01  -6.8913899e-01
  7.2481900e-01   6.8893935e-01  -7.2481900e-01  -6.8893935e-01
  7.2500871e-01   6.8873970e-01  -7.2500871e-01  -6.8873970e-01
  7.2519832e-01   6.8854005e-01  -7.2519832e-01  -6.8854005e-01
  7.2538782e-01   6.8834040e-01  -7.2538782e-01  -6.8834040e-01
  7.2557722e-01   6.8814076e-01  -7.2557722e-01  -6.8814076e-01
  7.2576651e-01   6.8794111e-01  -7.2576651e-01  -6.8794111e-01
  7.2595570e-01   6.8774146e-01  -7.2595570e-01  -6.8774146e-01
  7.2614479e-01   6.8754182e-01  -7.2614479e-01  -6.8754182e-01
  7.2633377e-01   6.8734217e-01  -7.2633377e-01  -6.8734217e-01
  7.2652265e-01   6.8714252e-01  -7.2652265e-01  -6.8714252e-01
  7.2671142e-01   6.8694287e-01  -7.2671142e-01  -6.8694287e-01
  7.2690009e-01   6.8674323e-01  -7.2690009e-01  -6.8674323e-01
  7.2708866e-01   6.8654358e-01  -7.2708866e-01  -6.8654358e-01
  7.2727712e-01   6.8634393e-01  -7.2727712e-01  -6.8634393e-01
  7.2746548e-01   6.8614428e-01  -7.2746548e-01  -6.8614428e-01
  7.2765373e-01   6.8594464e-01  -7.2765373e-01  -6.8594464e-01
  7.2784188e-01   6.8574499e-01  -7.2784188e-01  -6.8574499e-01
  7.2802993e-01   6.8554534e-01  -7.2802993e-01  -6.8554534e-01
  7.2821788e-01   6.8534570e-01  -7.2821788e-01  -6.8534570e-01
  7.2840572e-01   6.8514605e-01  -7.2840572e-01  -6.8514605e-01
  7.2859346e-01   6.8494640e-01  -7.2859346e-01  -6.8494640e-01
  7.2878109e-01   6.8474675e-01  -7.2878109e-01  -6.8474675e-01
  7.2896863e-01   6.8454711e-01  -7.2896863e-01  -6.8454711e-01
  7.2905801e-01   6.8445191e-01  -7.2905801e-01  -6.8445191e-01
  7.2923671e-01   6.8426151e-01  -7.2923671e-01  -6.8426151e-01
  7.2941532e-01   6.8407111e-01  -7.2941532e-01  -6.8407111e-01
  7.2959383e-01   6.8388072e-01  -7.2959383e-01  -6.8388072e-01
  7.2977225e-01   6.8369032e-01  -7.2977225e-01  -6.8369032e-01
  7.2995058e-01   6.8349993e-01  -7.2995058e-01  -6.8349993e-01
  7.3012882e-01   6.8330953e-01  -7.3012882e-01  -6.8330953e-01
  7.3030696e-01   6.8311913e-01  -7.3030696e-01  -6.8311913e-01
  7.3048500e-01   6.8292874e-01  -7.3048500e-01  -6.8292874e-01
  7.3066296e-01   6.8273834e-01  -7.3066296e-01  -6.8273834e-01
  7.3084082e-01   6.8254794e-01  -7.3084082e-01  -6.8254794e-01
  7.3101859e-01   6.8235755e-01  -7.3101859e-01  -6.8235755e-01
  7.3119627e-01   6.8216715e-01  -7.3119627e-01  -6.8216715e-01
  7.3137385e-01   6.8197675e-01  -7.3137385e-01  -6.8197675e-01
  7.3155134e-01   6.8178636e-01  -7.3155134e-01  -6.8178636e-01
  7.3172874e-01   6.8159596e-01  -7.3172874e-01  -6.8159596e-01
  7.3190604e-01   6.8140556e-01  -7.3190604e-01  -6.8140556e-01
  7.3208326e-01   6.8121517e-01  -7.3208326e-01  -6.8121517e-01
  7.3226038e-01   6.8102477e-01  -7.3226038e-01  -6.8102477e-01
  7.3243741e-01   6.8083438e-01  -7.3243741e-01  -6.8083438e-01
  7.3261434e-01   6.8064398e-01  -7.3261434e-01  -6.8064398e-01
  7.3279119e-01   6.8045358e-01  -7.3279119e-01  -6.8045358e-01
  7.3296794e-01   6.8026319e-01  -7.3296794e-01  -6.8026319e-01
  7.3314460e-01   6.8007279e-01  -7.3314460e-01  -6.8007279e-01
  7.3332117e-01   6.7988239e-01  -7.3332117e-01  -6.7988239e-01
  7.3349764e-01   6.7969200e-01  -7.3349764e-01  -6.7969200e-01
  7.3367402e-01   6.7950160e-01  -7.3367402e-01  -6.7950160e-01
  7.3385032e-01   6.7931120e-01  -7.3385032e-01  -6.7931120e-01
  7.3402652e-01   6.7912081e-01  -7.3402652e-01  -6.7912081e-01
  7.3420263e-01   6.7893041e-01  -7.3420263e-01  -6.7893041e-01
  7.3437864e-01   6.7874001e-01  -7.3437864e-01  -6.7874001e-01
  7.3455457e-01   6.7854962e-01  -7.3455457e-01  -6.7854962e-01
  7.3473040e-01   6.7835922e-01  -7.3473040e-01  -6.7835922e-01
  7.3490615e-01   6.7816883e-01  -7.3490615e-01  -6.7816883e-01
  7.3508180e-01   6.7797843e-01  -7.3508180e-01  -6.7797843e-01
  7.3525736e-01   6.7778803e-01  -7.3525736e-01  -6.7778803e-01
  7.3543283e-01   6.7759764e-01  -7.3543283e-01  -6.7759764e-01
  7.3560821e-01   6.7740724e-01  -7.3560821e-01  -6.7740724e-01
  7.3578349e-01   6.7721684e-01  -7.3578349e-01  -6.7721684e-01
  7.3595869e-01   6.7702645e-01  -7.3595869e-01  -6.7702645e-01
  7.3613379e-01   6.7683605e-01  -7.3613379e-01  -6.7683605e-01
  7.3630881e-01   6.7664565e-01  -7.3630881e-01  -6.7664565e-01
  7.3648373e-01   6.7645526e-01  -7.3648373e-01  -6.7645526e-01
  7.3665856e-01   6.7626486e-01  -7.3665856e-01  -6.7626486e-01
  7.3683330e-01   6.7607446e-01  -7.3683330e-01  -6.7607446e-01
  7.3700796e-01   6.7588407e-01  -7.3700796e-01  -6.7588407e-01
  7.3718252e-01   6.7569367e-01  -7.3718252e-01  -6.7569367e-01
  7.3735699e-01   6.7550328e-01  -7.3735699e-01  -6.7550328e-01
  7.3753137e-01   6.7531288e-01  -7.3753137e-01  -6.7531288e-01
  7.3770565e-01   6.7512248e-01  -7.3770565e-01  -6.7512248e-01
  7.3787985e-01   6.7493209e-01  -7.3787985e-01  -6.7493209e-01
  7.3805396e-01   6.7474169e-01  -7.3805396e-01  -6.7474169e-01
  7.3822798e-01   6.7455129e-01  -7.3822798e-01  -6.7455129e-01
  7.3840191e-01   6.7436090e-01  -7.3840191e-01  -6.7436090e-01
  7.3857575e-01   6.7417050e-01  -7.3857575e-01  -6.7417050e-01
  7.3874950e-01   6.7398010e-01  -7.3874950e-01  -6.7398010e-01
  7.3892316e-01   6.7378971e-01  -7.3892316e-01  -6.7378971e-01
  7.3909672e-01   6.7359931e-01  -7.3909672e-01  -6.7359931e-01
  7.3927020e-01   6.7340891e-01  -7.3927020e-01  -6.7340891e-01
  7.3944359e-01   6.7321852e-01  -7.3944359e-01  -6.7321852e-01
  7.3961689e-01   6.7302812e-01  -7.3961689e-01  -6.7302812e-01
  7.3979010e-01   6.7283773e-01  -7.3979010e-01  -6.7283773e-01
  7.3996322e-01   6.7264733e-01  -7.3996322e-01  -6.7264733e-01
  7.4013625e-01   6.7245693e-01  -7.4013625e-01  -6.7245693e-01
  7.4030920e-01   6.7226654e-01  -7.4030920e-01  -6.7226654e-01
  7.4048205e-01   6.7207614e-01  -7.4048205e-01  -6.7207614e-01
  7.4065481e-01   6.7188574e-01  -7.4065481e-01  -6.7188574e-01
  7.4082748e-01   6.7169535e-01  -7.4082748e-01  -6.7169535e-01
  7.4100007e-01   6.7150495e-01  -7.4100007e-01  -6.7150495e-01
  7.4117256e-01   6.7131455e-01  -7.4117256e-01  -6.7131455e-01
  7.4134497e-01   6.7112416e-01  -7.4134497e-01  -6.7112416e-01
  7.4151729e-01   6.7093376e-01  -7.4151729e-01  -6.7093376e-01
  7.4168952e-01   6.7074336e-01  -7.4168952e-01  -6.7074336e-01
  7.4186166e-01   6.7055297e-01  -7.4186166e-01  -6.7055297e-01
  7.4203371e-01   6.7036257e-01  -7.4203371e-01  -6.7036257e-01
  7.4220567e-01   6.7017218e-01  -7.4220567e-01  -6.7017218e-01
  7.4237754e-01   6.6998178e-01  -7.4237754e-01  -6.6998178e-01
  7.4254933e-01   6.6979138e-01  -7.4254933e-01  -6.6979138e-01
  7.4272102e-01   6.6960099e-01  -7.4272102e-01  -6.6960099e-01
  7.4289263e-01   6.6941059e-01  -7.4289263e-01  -6.6941059e-01
  7.4306415e-01   6.6922019e-01  -7.4306415e-01  -6.6922019e-01
  7.4323558e-01   6.6902980e-01  -7.4323558e-01  -6.6902980e-01
  7.4340693e-01   6.6883940e-01  -7.4340693e-01  -6.6883940e-01
  7.4357818e-01   6.6864900e-01  -7.4357818e-01  -6.6864900e-01
  7.4374935e-01   6.6845861e-01  -7.4374935e-01  -6.6845861e-01
  7.4392042e-01   6.6826821e-01  -7.4392042e-01  -6.6826821e-01
  7.4409141e-01   6.6807781e-01  -7.4409141e-01  -6.6807781e-01
  7.4426232e-01   6.6788742e-01  -7.4426232e-01  -6.6788742e-01
  7.4443313e-01   6.6769702e-01  -7.4443313e-01  -6.6769702e-01
  7.4460386e-01   6.6750663e-01  -7.4460386e-01  -6.6750663e-01
  7.4477450e-01   6.6731623e-01  -7.4477450e-01  -6.6731623e-01
  7.4494505e-01   6.6712583e-01  -7.4494505e-01  -6.6712583e-01
  7.4511551e-01   6.6693544e-01  -7.4511551e-01  -6.6693544e-01
  7.4528589e-01   6.6674504e-01  -7.4528589e-01  -6.6674504e-01
  7.4545617e-01   6.6655464e-01  -7.4545617e-01  -6.6655464e-01
  7.4562637e-01   6.6636425e-01  -7.4562637e-01  -6.6636425e-01
  7.4579649e-01   6.6617385e-01  -7.4579649e-01  -6.6617385e-01
  7.4596651e-01   6.6598345e-01  -7.4596651e-01  -6.6598345e-01
  7.4613645e-01   6.6579306e-01  -7.4613645e-01  -6.6579306e-01
  7.4630630e-01   6.6560266e-01  -7.4630630e-01  -6.6560266e-01
  7.4647607e-01   6.6541226e-01  -7.4647607e-01  -6.6541226e-01
  7.4664574e-01   6.6522187e-01  -7.4664574e-01  -6.6522187e-01
  7.4681533e-01   6.6503147e-01  -7.4681533e-01  -6.6503147e-01
  7.4698484e-01   6.6484108e-01  -7.4698484e-01  -6.6484108e-01
  7.4715425e-01   6.6465068e-01  -7.4715425e-01  -6.6465068e-01
  7.4732358e-01   6.6446028e-01  -7.4732358e-01  -6.6446028e-01
  7.4749282e-01   6.6426989e-01  -7.4749282e-01  -6.6426989e-01
  7.4766198e-01   6.6407949e-01  -7.4766198e-01  -6.6407949e-01
  7.4783104e-01   6.6388909e-01  -7.4783104e-01  -6.6388909e-01
  7.4800003e-01   6.6369870e-01  -7.4800003e-01  -6.6369870e-01
  7.4816892e-01   6.6350830e-01  -7.4816892e-01  -6.6350830e-01
  7.4833773e-01   6.6331790e-01  -7.4833773e-01  -6.6331790e-01
  7.4850645e-01   6.6312751e-01  -7.4850645e-01  -6.6312751e-01
  7.4867509e-01   6.6293711e-01  -7.4867509e-01  -6.6293711e-01
  7.4884364e-01   6.6274671e-01  -7.4884364e-01  -6.6274671e-01
  7.4901210e-01   6.6255632e-01  -7.4901210e-01  -6.6255632e-01
  7.4918048e-01   6.6236592e-01  -7.4918048e-01  -6.6236592e-01
  7.4934877e-01   6.6217553e-01  -7.4934877e-01  -6.6217553e-01
  7.4951697e-01   6.6198513e-01  -7.4951697e-01  -6.6198513e-01
  7.4968509e-01   6.6179473e-01  -7.4968509e-01  -6.6179473e-01
  7.4985312e-01   6.6160434e-01  -7.4985312e-01  -6.6160434e-01
  7.5002107e-01   6.6141394e-01  -7.5002107e-01  -6.6141394e-01
  7.5018893e-01   6.6122354e-01  -7.5018893e-01  -6.6122354e-01
  7.5035670e-01   6.6103315e-01  -7.5035670e-01  -6.6103315e-01
  7.5052439e-01   6.6084275e-01  -7.5052439e-01  -6.6084275e-01
  7.5069199e-01   6.6065235e-01  -7.5069199e-01  -6.6065235e-01
  7.5085951e-01   6.6046196e-01  -7.5085951e-01  -6.6046196e-01
  7.5102694e-01   6.6027156e-01  -7.5102694e-01  -6.6027156e-01
  7.5119429e-01   6.6008116e-01  -7.5119429e-01  -6.6008116e-01
  7.5136155e-01   6.5989077e-01  -7.5136155e-01  -6.5989077e-01
  7.5152872e-01   6.5970037e-01  -7.5152872e-01  -6.5970037e-01
  7.5169581e-01   6.5950998e-01  -7.5169581e-01  -6.5950998e-01
  7.5186282e-01   6.5931958e-01  -7.5186282e-01  -6.5931958e-01
  7.5202973e-01   6.5912918e-01  -7.5202973e-01  -6.5912918e-01
  7.5219657e-01   6.5893879e-01  -7.5219657e-01  -6.5893879e-01
  7.5236332e-01   6.5874839e-01  -7.5236332e-01  -6.5874839e-01
  7.5252998e-01   6.5855799e-01  -7.5252998e-01  -6.5855799e-01
  7.5269656e-01   6.5836760e-01  -7.5269656e-01  -6.5836760e-01
  7.5286305e-01   6.5817720e-01  -7.5286305e-01  -6.5817720e-01
  7.5302946e-01   6.5798680e-01  -7.5302946e-01  -6.5798680e-01
  7.5319578e-01   6.5779641e-01  -7.5319578e-01  -6.5779641e-01
  7.5336202e-01   6.5760601e-01  -7.5336202e-01  -6.5760601e-01
  7.5352817e-01   6.5741561e-01  -7.5352817e-01  -6.5741561e-01
  7.5369424e-01   6.5722522e-01  -7.5369424e-01  -6.5722522e-01
  7.5386023e-01   6.5703482e-01  -7.5386023e-01  -6.5703482e-01
  7.5402613e-01   6.5684443e-01  -7.5402613e-01  -6.5684443e-01
  7.5419194e-01   6.5665403e-01  -7.5419194e-01  -6.5665403e-01
  7.5435767e-01   6.5646363e-01  -7.5435767e-01  -6.5646363e-01
  7.5452332e-01   6.5627324e-01  -7.5452332e-01  -6.5627324e-01
  7.5468888e-01   6.5608284e-01  -7.5468888e-01  -6.5608284e-01
  7.5485436e-01   6.5589244e-01  -7.5485436e-01  -6.5589244e-01
  7.5501975e-01   6.5570205e-01  -7.5501975e-01  -6.5570205e-01
  7.5518506e-01   6.5551165e-01  -7.5518506e-01  -6.5551165e-01
  7.5535029e-01   6.5532125e-01  -7.5535029e-01  -6.5532125e-01
  7.5551543e-01   6.5513086e-01  -7.5551543e-01  -6.5513086e-01
  7.5568048e-01   6.5494046e-01  -7.5568048e-01  -6.5494046e-01
  7.5584546e-01   6.5475006e-01  -7.5584546e-01  -6.5475006e-01
  7.5601034e-01   6.5455967e-01  -7.5601034e-01  -6.5455967e-01
  7.5617515e-01   6.5436927e-01  -7.5617515e-01  -6.5436927e-01
  7.5633987e-01   6.5417888e-01  -7.5633987e-01  -6.5417888e-01
  7.5650451e-01   6.5398848e-01  -7.5650451e-01  -6.5398848e-01
  7.5666906e-01   6.5379808e-01  -7.5666906e-01  -6.5379808e-01
  7.5683353e-01   6.5360769e-01  -7.5683353e-01  -6.5360769e-01
  7.5699792e-01   6.5341729e-01  -7.5699792e-01  -6.5341729e-01
  7.5716222e-01   6.5322689e-01  -7.5716222e-01  -6.5322689e-01
  7.5732644e-01   6.5303650e-01  -7.5732644e-01  -6.5303650e-01
  7.5749057e-01   6.5284610e-01  -7.5749057e-01  -6.5284610e-01
  7.5765463e-01   6.5265570e-01  -7.5765463e-01  -6.5265570e-01
  7.5781859e-01   6.5246531e-01  -7.5781859e-01  -6.5246531e-01
  7.5798248e-01   6.5227491e-01  -7.5798248e-01  -6.5227491e-01
  7.5814628e-01   6.5208451e-01  -7.5814628e-01  -6.5208451e-01
  7.5831000e-01   6.5189412e-01  -7.5831000e-01  -6.5189412e-01
  7.5847364e-01   6.5170372e-01  -7.5847364e-01  -6.5170372e-01
  7.5863719e-01   6.5151333e-01  -7.5863719e-01  -6.5151333e-01
  7.5880066e-01   6.5132293e-01  -7.5880066e-01  -6.5132293e-01
  7.5896405e-01   6.5113253e-01  -7.5896405e-01  -6.5113253e-01
  7.5912735e-01   6.5094214e-01  -7.5912735e-01  -6.5094214e-01
  7.5929057e-01   6.5075174e-01  -7.5929057e-01  -6.5075174e-01
  7.5945371e-01   6.5056134e-01  -7.5945371e-01  -6.5056134e-01
  7.5961677e-01   6.5037095e-01  -7.5961677e-01  -6.5037095e-01
  7.5977974e-01   6.5018055e-01  -7.5977974e-01  -6.5018055e-01
  7.5994263e-01   6.4999015e-01  -7.5994263e-01  -6.4999015e-01
  7.6010544e-01   6.4979976e-01  -7.6010544e-01  -6.4979976e-01
  7.6026816e-01   6.4960936e-01  -7.6026816e-01  -6.4960936e-01
  7.6043080e-01   6.4941896e-01  -7.6043080e-01  -6.4941896e-01
  7.6059336e-01   6.4922857e-01  -7.6059336e-01  -6.4922857e-01
  7.6075584e-01   6.4903817e-01  -7.6075584e-01  -6.4903817e-01
  7.6091824e-01   6.4884778e-01  -7.6091824e-01  -6.4884778e-01
  7.6108055e-01   6.4865738e-01  -7.6108055e-01  -6.4865738e-01
  7.6124278e-01   6.4846698e-01  -7.6124278e-01  -6.4846698e-01
  7.6140493e-01   6.4827659e-01  -7.6140493e-01  -6.4827659e-01
  7.6156700e-01   6.4808619e-01  -7.6156700e-01  -6.4808619e-01
  7.6172898e-01   6.4789579e-01  -7.6172898e-01  -6.4789579e-01
  7.6189088e-01   6.4770540e-01  -7.6189088e-01  -6.4770540e-01
  7.6205270e-01   6.4751500e-01  -7.6205270e-01  -6.4751500e-01
  7.6221444e-01   6.4732460e-01  -7.6221444e-01  -6.4732460e-01
  7.6237610e-01   6.4713421e-01  -7.6237610e-01  -6.4713421e-01
  7.6253767e-01   6.4694381e-01  -7.6253767e-01  -6.4694381e-01
  7.6269917e-01   6.4675341e-01  -7.6269917e-01  -6.4675341e-01
  7.6286058e-01   6.4656302e-01  -7.6286058e-01  -6.4656302e-01
  7.6302191e-01   6.4637262e-01  -7.6302191e-01  -6.4637262e-01
  7.6318316e-01   6.4618223e-01  -7.6318316e-01  -6.4618223e-01
  7.6334432e-01   6.4599183e-01  -7.6334432e-01  -6.4599183e-01
  7.6350541e-01   6.4580143e-01  -7.6350541e-01  -6.4580143e-01
  7.6366641e-01   6.4561104e-01  -7.6366641e-01  -6.4561104e-01
  7.6382734e-01   6.4542064e-01  -7.6382734e-01  -6.4542064e-01
  7.6398818e-01   6.4523024e-01  -7.6398818e-01  -6.4523024e-01
  7.6414894e-01   6.4503985e-01  -7.6414894e-01  -6.4503985e-01
  7.6430961e-01   6.4484945e-01  -7.6430961e-01  -6.4484945e-01
  7.6447021e-01   6.4465905e-01  -7.6447021e-01  -6.4465905e-01
  7.6463073e-01   6.4446866e-01  -7.6463073e-01  -6.4446866e-01
  7.6479116e-01   6.4427826e-01  -7.6479116e-01  -6.4427826e-01
  7.6495152e-01   6.4408786e-01  -7.6495152e-01  -6.4408786e-01
  7.6511179e-01   6.4389747e-01  -7.6511179e-01  -6.4389747e-01
  7.6527198e-01   6.4370707e-01  -7.6527198e-01  -6.4370707e-01
  7.6543209e-01   6.4351668e-01  -7.6543209e-01  -6.4351668e-01
  7.6559212e-01   6.4332628e-01  -7.6559212e-01  -6.4332628e-01
  7.6575207e-01   6.4313588e-01  -7.6575207e-01  -6.4313588e-01
  7.6591194e-01   6.4294549e-01  -7.6591194e-01  -6.4294549e-01
  7.6607173e-01   6.4275509e-01  -7.6607173e-01  -6.4275509e-01
  7.6623144e-01   6.4256469e-01  -7.6623144e-01  -6.4256469e-01
  7.6639106e-01   6.4237430e-01  -7.6639106e-01  -6.4237430e-01
  7.6655061e-01   6.4218390e-01  -7.6655061e-01  -6.4218390e-01
  7.6671008e-01   6.4199350e-01  -7.6671008e-01  -6.4199350e-01
  7.6686946e-01   6.4180311e-01  -7.6686946e-01  -6.4180311e-01
  7.6702877e-01   6.4161271e-01  -7.6702877e-01  -6.4161271e-01
  7.6718799e-01   6.4142231e-01  -7.6718799e-01  -6.4142231e-01
  7.6734714e-01   6.4123192e-01  -7.6734714e-01  -6.4123192e-01
  7.6750620e-01   6.4104152e-01  -7.6750620e-01  -6.4104152e-01
  7.6766518e-01   6.4085113e-01  -7.6766518e-01  -6.4085113e-01
  7.6782409e-01   6.4066073e-01  -7.6782409e-01  -6.4066073e-01
  7.6798291e-01   6.4047033e-01  -7.6798291e-01  -6.4047033e-01
  7.6814166e-01   6.4027994e-01  -7.6814166e-01  -6.4027994e-01
  7.6830032e-01   6.4008954e-01  -7.6830032e-01  -6.4008954e-01
  7.6845890e-01   6.3989914e-01  -7.6845890e-01  -6.3989914e-01
  7.6861741e-01   6.3970875e-01  -7.6861741e-01  -6.3970875e-01
  7.6877583e-01   6.3951835e-01  -7.6877583e-01  -6.3951835e-01
  7.6893418e-01   6.3932795e-01  -7.6893418e-01  -6.3932795e-01
  7.6909244e-01   6.3913756e-01  -7.6909244e-01  -6.3913756e-01
  7.6925063e-01   6.3894716e-01  -7.6925063e-01  -6.3894716e-01
  7.6940873e-01   6.3875676e-01  -7.6940873e-01  -6.3875676e-01
  7.6956676e-01   6.3856637e-01  -7.6956676e-01  -6.3856637e-01
  7.6972470e-01   6.3837597e-01  -7.6972470e-01  -6.3837597e-01
  7.6988257e-01   6.3818558e-01  -7.6988257e-01  -6.3818558e-01
  7.7004036e-01   6.3799518e-01  -7.7004036e-01  -6.3799518e-01
  7.7019806e-01   6.3780478e-01  -7.7019806e-01  -6.3780478e-01
  7.7035569e-01   6.3761439e-01  -7.7035569e-01  -6.3761439e-01
  7.7051324e-01   6.3742399e-01  -7.7051324e-01  -6.3742399e-01
  7.7059860e-01   6.3732079e-01  -7.7059860e-01  -6.3732079e-01
  7.7076926e-01   6.3711439e-01  -7.7076926e-01  -6.3711439e-01
  7.7093982e-01   6.3690799e-01  -7.7093982e-01  -6.3690799e-01
  7.7111029e-01   6.3670160e-01  -7.7111029e-01  -6.3670160e-01
  7.7128066e-01   6.3649520e-01  -7.7128066e-01  -6.3649520e-01
  7.7145095e-01   6.3628880e-01  -7.7145095e-01  -6.3628880e-01
  7.7162114e-01   6.3608240e-01  -7.7162114e-01  -6.3608240e-01
  7.7179123e-01   6.3587600e-01  -7.7179123e-01  -6.3587600e-01
  7.7196124e-01   6.3566961e-01  -7.7196124e-01  -6.3566961e-01
  7.7213115e-01   6.3546321e-01  -7.7213115e-01  -6.3546321e-01
  7.7230097e-01   6.3525681e-01  -7.7230097e-01  -6.3525681e-01
  7.7247069e-01   6.3505041e-01  -7.7247069e-01  -6.3505041e-01
  7.7264033e-01   6.3484401e-01  -7.7264033e-01  -6.3484401e-01
  7.7280987e-01   6.3463762e-01  -7.7280987e-01  -6.3463762e-01
  7.7297932e-01   6.3443122e-01  -7.7297932e-01  -6.3443122e-01
  7.7314868e-01   6.3422482e-01  -7.7314868e-01  -6.3422482e-01
  7.7331794e-01   6.3401842e-01  -7.7331794e-01  -6.3401842e-01
  7.7348712e-01   6.3381202e-01  -7.7348712e-01  -6.3381202e-01
  7.7365620e-01   6.3360563e-01  -7.7365620e-01  -6.3360563e-01
  7.7382519e-01   6.3339923e-01  -7.7382519e-01  -6.3339923e-01
  7.7399408e-01   6.3319283e-01  -7.7399408e-01  -6.3319283e-01
  7.7416289e-01   6.3298643e-01  -7.7416289e-01  -6.3298643e-01
  7.7433160e-01   6.3278003e-01  -7.7433160e-01  -6.3278003e-01
  7.7450022e-01   6.3257363e-01  -7.7450022e-01  -6.3257363e-01
  7.7466875e-01   6.3236724e-01  -7.7466875e-01  -6.3236724e-01
  7.7483719e-01   6.3216084e-01  -7.7483719e-01  -6.3216084e-01
  7.7500554e-01   6.3195444e-01  -7.7500554e-01  -6.3195444e-01
  7.7517379e-01   6.3174804e-01  -7.7517379e-01  -6.3174804e-01
  7.7534196e-01   6.3154164e-01  -7.7534196e-01  -6.3154164e-01
  7.7551003e-01   6.3133525e-01  -7.7551003e-01  -6.3133525e-01
  7.7567801e-01   6.3112885e-01  -7.7567801e-01  -6.3112885e-01
  7.7584590e-01   6.3092245e-01  -7.7584590e-01  -6.3092245e-01
  7.7601370e-01   6.3071605e-01  -7.7601370e-01  -6.3071605e-01
  7.7618141e-01   6.3050965e-01  -7.7618141e-01  -6.3050965e-01
  7.7634902e-01   6.3030326e-01  -7.7634902e-01  -6.3030326e-01
  7.7651655e-01   6.3009686e-01  -7.7651655e-01  -6.3009686e-01
  7.7668398e-01   6.2989046e-01  -7.7668398e-01  -6.2989046e-01
  7.7685133e-01   6.2968406e-01  -7.7685133e-01  -6.2968406e-01
  7.7701858e-01   6.2947766e-01  -7.7701858e-01  -6.2947766e-01
  7.7718574e-01   6.2927127e-01  -7.7718574e-01  -6.2927127e-01
  7.7735281e-01   6.2906487e-01  -7.7735281e-01  -6.2906487e-01
  7.7751979e-01   6.2885847e-01  -7.7751979e-01  -6.2885847e-01
  7.7768668e-01   6.2865207e-01  -7.7768668e-01  -6.2865207e-01
  7.7785348e-01   6.2844567e-01  -7.7785348e-01  -6.2844567e-01
  7.7802019e-01   6.2823928e-01  -7.7802019e-01  -6.2823928e-01
  7.7818681e-01   6.2803288e-01  -7.7818681e-01  -6.2803288e-01
  7.7835333e-01   6.2782648e-01  -7.7835333e-01  -6.2782648e-01
  7.7851977e-01   6.2762008e-01  -7.7851977e-01  -6.2762008e-01
  7.7868612e-01   6.2741368e-01  -7.7868612e-01  -6.2741368e-01
  7.7885237e-01   6.2720728e-01  -7.7885237e-01  -6.2720728e-01
  7.7901854e-01   6.2700089e-01  -7.7901854e-01  -6.2700089e-01
  7.7918462e-01   6.2679449e-01  -7.7918462e-01  -6.2679449e-01
  7.7935060e-01   6.2658809e-01  -7.7935060e-01  -6.2658809e-01
  7.7951650e-01   6.2638169e-01  -7.7951650e-01  -6.2638169e-01
  7.7968231e-01   6.2617529e-01  -7.7968231e-01  -6.2617529e-01
  7.7984802e-01   6.2596890e-01  -7.7984802e-01  -6.2596890e-01
  7.8001365e-01   6.2576250e-01  -7.8001365e-01  -6.2576250e-01
  7.8017919e-01   6.2555610e-01  -7.8017919e-01  -6.2555610e-01
  7.8034464e-01   6.2534970e-01  -7.8034464e-01  -6.2534970e-01
  7.8050999e-01   6.2514330e-01  -7.8050999e-01  -6.2514330e-01
  7.8067526e-01   6.2493691e-01  -7.8067526e-01  -6.2493691e-01
  7.8084044e-01   6.2473051e-01  -7.8084044e-01  -6.2473051e-01
  7.8100553e-01   6.2452411e-01  -7.8100553e-01  -6.2452411e-01
  7.8117053e-01   6.2431771e-01  -7.8117053e-01  -6.2431771e-01
  7.8133544e-01   6.2411131e-01  -7.8133544e-01  -6.2411131e-01
  7.8150026e-01   6.2390492e-01  -7.8150026e-01  -6.2390492e-01
  7.8166499e-01   6.2369852e-01  -7.8166499e-01  -6.2369852e-01
  7.8182963e-01   6.2349212e-01  -7.8182963e-01  -6.2349212e-01
  7.8199419e-01   6.2328572e-01  -7.8199419e-01  -6.2328572e-01
  7.8215865e-01   6.2307932e-01  -7.8215865e-01  -6.2307932e-01
  7.8232303e-01   6.2287293e-01  -7.8232303e-01  -6.2287293e-01
  7.8248731e-01   6.2266653e-01  -7.8248731e-01  -6.2266653e-01
  7.8265151e-01   6.2246013e-01  -7.8265151e-01  -6.2246013e-01
  7.8281562e-01   6.2225373e-01  -7.8281562e-01  -6.2225373e-01
  7.8297964e-01   6.2204733e-01  -7.8297964e-01  -6.2204733e-01
  7.8314357e-01   6.2184093e-01  -7.8314357e-01  -6.2184093e-01
  7.8330741e-01   6.2163454e-01  -7.8330741e-01  -6.2163454e-01
  7.8347117e-01   6.2142814e-01  -7.8347117e-01  -6.2142814e-01
  7.8363483e-01   6.2122174e-01  -7.8363483e-01  -6.2122174e-01
  7.8379841e-01   6.2101534e-01  -7.8379841e-01  -6.2101534e-01
  7.8396190e-01   6.2080894e-01  -7.8396190e-01  -6.2080894e-01
  7.8412530e-01   6.2060255e-01  -7.8412530e-01  -6.2060255e-01
  7.8428861e-01   6.2039615e-01  -7.8428861e-01  -6.2039615e-01
  7.8445183e-01   6.2018975e-01  -7.8445183e-01  -6.2018975e-01
  7.8461496e-01   6.1998335e-01  -7.8461496e-01  -6.1998335e-01
  7.8477801e-01   6.1977695e-01  -7.8477801e-01  -6.1977695e-01
  7.8494097e-01   6.1957056e-01  -7.8494097e-01  -6.1957056e-01
  7.8510384e-01   6.1936416e-01  -7.8510384e-01  -6.1936416e-01
  7.8526662e-01   6.1915776e-01  -7.8526662e-01  -6.1915776e-01
  7.8542932e-01   6.1895136e-01  -7.8542932e-01  -6.1895136e-01
  7.8559192e-01   6.1874496e-01  -7.8559192e-01  -6.1874496e-01
  7.8575444e-01   6.1853857e-01  -7.8575444e-01  -6.1853857e-01
  7.8591687e-01   6.1833217e-01  -7.8591687e-01  -6.1833217e-01
  7.8607922e-01   6.1812577e-01  -7.8607922e-01  -6.1812577e-01
  7.8624147e-01   6.1791937e-01  -7.8624147e-01  -6.1791937e-01
  7.8640364e-01   6.1771297e-01  -7.8640364e-01  -6.1771297e-01
  7.8656572e-01   6.1750658e-01  -7.8656572e-01  -6.1750658e-01
  7.8672771e-01   6.1730018e-01  -7.8672771e-01  -6.1730018e-01
  7.8688962e-01   6.1709378e-01  -7.8688962e-01  -6.1709378e-01
  7.8705143e-01   6.1688738e-01  -7.8705143e-01  -6.1688738e-01
  7.8721316e-01   6.1668098e-01  -7.8721316e-01  -6.1668098e-01
  7.8737481e-01   6.1647458e-01  -7.8737481e-01  -6.1647458e-01
  7.8753636e-01   6.1626819e-01  -7.8753636e-01  -6.1626819e-01
  7.8769783e-01   6.1606179e-01  -7.8769783e-01  -6.1606179e-01
  7.8785921e-01   6.1585539e-01  -7.8785921e-01  -6.1585539e-01
  7.8802051e-01   6.1564899e-01  -7.8802051e-01  -6.1564899e-01
  7.8818171e-01   6.1544259e-01  -7.8818171e-01  -6.1544259e-01
  7.8834283e-01   6.1523620e-01  -7.8834283e-01  -6.1523620e-01
  7.8850387e-01   6.1502980e-01  -7.8850387e-01  -6.1502980e-01
  7.8866481e-01   6.1482340e-01  -7.8866481e-01  -6.1482340e-01
  7.8882567e-01   6.1461700e-01  -7.8882567e-01  -6.1461700e-01
  7.8898644e-01   6.1441060e-01  -7.8898644e-01  -6.1441060e-01
  7.8914713e-01   6.1420421e-01  -7.8914713e-01  -6.1420421e-01
  7.8930773e-01   6.1399781e-01  -7.8930773e-01  -6.1399781e-01
  7.8946824e-01   6.1379141e-01  -7.8946824e-01  -6.1379141e-01
  7.8962867e-01   6.1358501e-01  -7.8962867e-01  -6.1358501e-01
  7.8978901e-01   6.1337861e-01  -7.8978901e-01  -6.1337861e-01
  7.8994926e-01   6.1317222e-01  -7.8994926e-01  -6.1317222e-01
  7.9010943e-01   6.1296582e-01  -7.9010943e-01  -6.1296582e-01
  7.9026951e-01   6.1275942e-01  -7.9026951e-01  -6.1275942e-01
  7.9042950e-01   6.1255302e-01  -7.9042950e-01  -6.1255302e-01
  7.9058941e-01   6.1234662e-01  -7.9058941e-01  -6.1234662e-01
  7.9074923e-01   6.1214023e-01  -7.9074923e-01  -6.1214023e-01
  7.9090897e-01   6.1193383e-01  -7.9090897e-01  -6.1193383e-01
  7.9106861e-01   6.1172743e-01  -7.9106861e-01  -6.1172743e-01
  7.9122818e-01   6.1152103e-01  -7.9122818e-01  -6.1152103e-01
  7.9138765e-01   6.1131463e-01  -7.9138765e-01  -6.1131463e-01
  7.9154705e-01   6.1110823e-01  -7.9154705e-01  -6.1110823e-01
  7.9170635e-01   6.1090184e-01  -7.9170635e-01  -6.1090184e-01
  7.9186557e-01   6.1069544e-01  -7.9186557e-01  -6.1069544e-01
  7.9202470e-01   6.1048904e-01  -7.9202470e-01  -6.1048904e-01
  7.9218375e-01   6.1028264e-01  -7.9218375e-01  -6.1028264e-01
  7.9234271e-01   6.1007624e-01  -7.9234271e-01  -6.1007624e-01
  7.9250159e-01   6.0986985e-01  -7.9250159e-01  -6.0986985e-01
  7.9266038e-01   6.0966345e-01  -7.9266038e-01  -6.0966345e-01
  7.9281909e-01   6.0945705e-01  -7.9281909e-01  -6.0945705e-01
  7.9297771e-01   6.0925065e-01  -7.9297771e-01  -6.0925065e-01
  7.9313624e-01   6.0904425e-01  -7.9313624e-01  -6.0904425e-01
  7.9329469e-01   6.0883786e-01  -7.9329469e-01  -6.0883786e-01
  7.9345305e-01   6.0863146e-01  -7.9345305e-01  -6.0863146e-01
  7.9361133e-01   6.0842506e-01  -7.9361133e-01  -6.0842506e-01
  7.9376953e-01   6.0821866e-01  -7.9376953e-01  -6.0821866e-01
  7.9392763e-01   6.0801226e-01  -7.9392763e-01  -6.0801226e-01
  7.9408566e-01   6.0780587e-01  -7.9408566e-01  -6.0780587e-01
  7.9424359e-01   6.0759947e-01  -7.9424359e-01  -6.0759947e-01
  7.9440145e-01   6.0739307e-01  -7.9440145e-01  -6.0739307e-01
  7.9455921e-01   6.0718667e-01  -7.9455921e-01  -6.0718667e-01
  7.9471690e-01   6.0698027e-01  -7.9471690e-01  -6.0698027e-01
  7.9487450e-01   6.0677388e-01  -7.9487450e-01  -6.0677388e-01
  7.9503201e-01   6.0656748e-01  -7.9503201e-01  -6.0656748e-01
  7.9518944e-01   6.0636108e-01  -7.9518944e-01  -6.0636108e-01
  7.9534678e-01   6.0615468e-01  -7.9534678e-01  -6.0615468e-01
  7.9550404e-01   6.0594828e-01  -7.9550404e-01  -6.0594828e-01
  7.9566121e-01   6.0574188e-01  -7.9566121e-01  -6.0574188e-01
  7.9581830e-01   6.0553549e-01  -7.9581830e-01  -6.0553549e-01
  7.9597531e-01   6.0532909e-01  -7.9597531e-01  -6.0532909e-01
  7.9613223e-01   6.0512269e-01  -7.9613223e-01  -6.0512269e-01
  7.9628907e-01   6.0491629e-01  -7.9628907e-01  -6.0491629e-01
  7.9644582e-01   6.0470989e-01  -7.9644582e-01  -6.0470989e-01
  7.9660249e-01   6.0450350e-01  -7.9660249e-01  -6.0450350e-01
  7.9675907e-01   6.0429710e-01  -7.9675907e-01  -6.0429710e-01
  7.9691557e-01   6.0409070e-01  -7.9691557e-01  -6.0409070e-01
  7.9707199e-01   6.0388430e-01  -7.9707199e-01  -6.0388430e-01
  7.9722832e-01   6.0367790e-01  -7.9722832e-01  -6.0367790e-01
  7.9738456e-01   6.0347151e-01  -7.9738456e-01  -6.0347151e-01
  7.9754073e-01   6.0326511e-01  -7.9754073e-01  -6.0326511e-01
  7.9769680e-01   6.0305871e-01  -7.9769680e-01  -6.0305871e-01
  7.9785280e-01   6.0285231e-01  -7.9785280e-01  -6.0285231e-01
  7.9800871e-01   6.0264591e-01  -7.9800871e-01  -6.0264591e-01
  7.9816454e-01   6.0243952e-01  -7.9816454e-01  -6.0243952e-01
  7.9832028e-01   6.0223312e-01  -7.9832028e-01  -6.0223312e-01
  7.9847594e-01   6.0202672e-01  -7.9847594e-01  -6.0202672e-01
  7.9863152e-01   6.0182032e-01  -7.9863152e-01  -6.0182032e-01
  7.9878701e-01   6.0161392e-01  -7.9878701e-01  -6.0161392e-01
  7.9894242e-01   6.0140753e-01  -7.9894242e-01  -6.0140753e-01
  7.9909774e-01   6.0120113e-01  -7.9909774e-01  -6.0120113e-01
  7.9925299e-01   6.0099473e-01  -7.9925299e-01  -6.0099473e-01
  7.9940814e-01   6.0078833e-01  -7.9940814e-01  -6.0078833e-01
  7.9956322e-01   6.0058193e-01  -7.9956322e-01  -6.0058193e-01
  7.9971821e-01   6.0037553e-01  -7.9971821e-01  -6.0037553e-01
  7.9987312e-01   6.0016914e-01  -7.9987312e-01  -6.0016914e-01
  8.0002794e-01   5.9996274e-01  -8.0002794e-01  -5.9996274e-01
  8.0018269e-01   5.9975634e-01  -8.0018269e-01  -5.9975634e-01
  8.0033735e-01   5.9954994e-01  -8.0033735e-01  -5.9954994e-01
  8.0049192e-01   5.9934354e-01  -8.0049192e-01  -5.9934354e-01
  8.0064641e-01   5.9913715e-01  -8.0064641e-01  -5.9913715e-01
  8.0080082e-01   5.9893075e-01  -8.0080082e-01  -5.9893075e-01
  8.0095515e-01   5.9872435e-01  -8.0095515e-01  -5.9872435e-01
  8.0110939e-01   5.9851795e-01  -8.0110939e-01  -5.9851795e-01
  8.0126355e-01   5.9831155e-01  -8.0126355e-01  -5.9831155e-01
  8.0141763e-01   5.9810516e-01  -8.0141763e-01  -5.9810516e-01
  8.0157163e-01   5.9789876e-01  -8.0157163e-01  -5.9789876e-01
  8.0172554e-01   5.9769236e-01  -8.0172554e-01  -5.9769236e-01
  8.0187937e-01   5.9748596e-01  -8.0187937e-01  -5.9748596e-01
  8.0203312e-01   5.9727956e-01  -8.0203312e-01  -5.9727956e-01
  8.0218678e-01   5.9707317e-01  -8.0218678e-01  -5.9707317e-01
  8.0234037e-01   5.9686677e-01  -8.0234037e-01  -5.9686677e-01
  8.0249386e-01   5.9666037e-01  -8.0249386e-01  -5.9666037e-01
  8.0264728e-01   5.9645397e-01  -8.0264728e-01  -5.9645397e-01
  8.0280062e-01   5.9624757e-01  -8.0280062e-01  -5.9624757e-01
  8.0295387e-01   5.9604118e-01  -8.0295387e-01  -5.9604118e-01
  8.0310704e-01   5.9583478e-01  -8.0310704e-01  -5.9583478e-01
  8.0326013e-01   5.9562838e-01  -8.0326013e-01  -5.9562838e-01
  8.0341313e-01   5.9542198e-01  -8.0341313e-01  -5.9542198e-01
  8.0356606e-01   5.9521558e-01  -8.0356606e-01  -5.9521558e-01
  8.0371890e-01   5.9500918e-01  -8.0371890e-01  -5.9500918e-01
  8.0387166e-01   5.9480279e-01  -8.0387166e-01  -5.9480279e-01
  8.0402434e-01   5.9459639e-01  -8.0402434e-01  -5.9459639e-01
  8.0417693e-01   5.9438999e-01  -8.0417693e-01  -5.9438999e-01
  8.0432945e-01   5.9418359e-01  -8.0432945e-01  -5.9418359e-01
  8.0448188e-01   5.9397719e-01  -8.0448188e-01  -5.9397719e-01
  8.0463423e-01   5.9377080e-01  -8.0463423e-01  -5.9377080e-01
  8.0478650e-01   5.9356440e-01  -8.0478650e-01  -5.9356440e-01
  8.0493868e-01   5.9335800e-01  -8.0493868e-01  -5.9335800e-01
  8.0509079e-01   5.9315160e-01  -8.0509079e-01  -5.9315160e-01
  8.0524281e-01   5.9294520e-01  -8.0524281e-01  -5.9294520e-01
  8.0539475e-01   5.9273881e-01  -8.0539475e-01  -5.9273881e-01
  8.0554661e-01   5.9253241e-01  -8.0554661e-01  -5.9253241e-01
  8.0569839e-01   5.9232601e-01  -8.0569839e-01  -5.9232601e-01
  8.0585009e-01   5.9211961e-01  -8.0585009e-01  -5.9211961e-01
  8.0600170e-01   5.9191321e-01  -8.0600170e-01  -5.9191321e-01
  8.0615324e-01   5.9170682e-01  -8.0615324e-01  -5.9170682e-01
  8.0630469e-01   5.9150042e-01  -8.0630469e-01  -5.9150042e-01
  8.0645606e-01   5.9129402e-01  -8.0645606e-01  -5.9129402e-01
  8.0660735e-01   5.9108762e-01  -8.0660735e-01  -5.9108762e-01
  8.0675856e-01   5.9088122e-01  -8.0675856e-01  -5.9088122e-01
  8.0690969e-01   5.9067483e-01  -8.0690969e-01  -5.9067483e-01
  8.0706074e-01   5.9046843e-01  -8.0706074e-01  -5.9046843e-01
  8.0721171e-01   5.9026203e-01  -8.0721171e-01  -5.9026203e-01
  8.0736259e-01   5.9005563e-01  -8.0736259e-01  -5.9005563e-01
  8.0751339e-01   5.8984923e-01  -8.0751339e-01  -5.8984923e-01
  8.0766412e-01   5.8964283e-01  -8.0766412e-01  -5.8964283e-01
  8.0781476e-01   5.8943644e-01  -8.0781476e-01  -5.8943644e-01
  8.0796532e-01   5.8923004e-01  -8.0796532e-01  -5.8923004e-01
  8.0811580e-01   5.8902364e-01  -8.0811580e-01  -5.8902364e-01
  8.0826620e-01   5.8881724e-01  -8.0826620e-01  -5.8881724e-01
  8.0841652e-01   5.8861084e-01  -8.0841652e-01  -5.8861084e-01
  8.0856676e-01   5.8840445e-01  -8.0856676e-01  -5.8840445e-01
  8.0871692e-01   5.8819805e-01  -8.0871692e-01  -5.8819805e-01
  8.0886700e-01   5.8799165e-01  -8.0886700e-01  -5.8799165e-01
  8.0901699e-01   5.8778525e-01  -8.0901699e-01  -5.8778525e-01
  8.0908916e-01   5.8768591e-01  -8.0908916e-01  -5.8768591e-01
  8.0923345e-01   5.8748721e-01  -8.0923345e-01  -5.8748721e-01
  8.0937766e-01   5.8728852e-01  -8.0937766e-01  -5.8728852e-01
  8.0952180e-01   5.8708982e-01  -8.0952180e-01  -5.8708982e-01
  8.0966586e-01   5.8689113e-01  -8.0966586e-01  -5.8689113e-01
  8.0980985e-01   5.8669244e-01  -8.0980985e-01  -5.8669244e-01
  8.0995376e-01   5.8649374e-01  -8.0995376e-01  -5.8649374e-01
  8.1009760e-01   5.8629505e-01  -8.1009760e-01  -5.8629505e-01
  8.1024136e-01   5.8609635e-01  -8.1024136e-01  -5.8609635e-01
  8.1038505e-01   5.8589766e-01  -8.1038505e-01  -5.8589766e-01
  8.1052867e-01   5.8569897e-01  -8.1052867e-01  -5.8569897e-01
  8.1067221e-01   5.8550027e-01  -8.1067221e-01  -5.8550027e-01
  8.1081568e-01   5.8530158e-01  -8.1081568e-01  -5.8530158e-01
  8.1095907e-01   5.8510288e-01  -8.1095907e-01  -5.8510288e-01
  8.1110239e-01   5.8490419e-01  -8.1110239e-01  -5.8490419e-01
  8.1124564e-01   5.8470550e-01  -8.1124564e-01  -5.8470550e-01
  8.1138881e-01   5.8450680e-01  -8.1138881e-01  -5.8450680e-01
  8.1153191e-01   5.8430811e-01  -8.1153191e-01  -5.8430811e-01
  8.1167493e-01   5.8410941e-01  -8.1167493e-01  -5.8410941e-01
  8.1181788e-01   5.8391072e-01  -8.1181788e-01  -5.8391072e-01
  8.1196076e-01   5.8371203e-01  -8.1196076e-01  -5.8371203e-01
  8.1210356e-01   5.8351333e-01  -8.1210356e-01  -5.8351333e-01
  8.1224629e-01   5.8331464e-01  -8.1224629e-01  -5.8331464e-01
  8.1238894e-01   5.8311595e-01  -8.1238894e-01  -5.8311595e-01
  8.1253152e-01   5.8291725e-01  -8.1253152e-01  -5.8291725e-01
  8.1267403e-01   5.8271856e-01  -8.1267403e-01  -5.8271856e-01
  8.1281647e-01   5.8251986e-01  -8.1281647e-01  -5.8251986e-01
  8.1295883e-01   5.8232117e-01  -8.1295883e-01  -5.8232117e-01
  8.1310111e-01   5.8212248e-01  -8.1310111e-01  -5.8212248e-01
  8.1324333e-01   5.8192378e-01  -8.1324333e-01  -5.8192378e-01
  8.1338547e-01   5.8172509e-01  -8.1338547e-01  -5.8172509e-01
  8.1352754e-01   5.8152639e-01  -8.1352754e-01  -5.8152639e-01
  8.1366953e-01   5.8132770e-01  -8.1366953e-01  -5.8132770e-01
  8.1381145e-01   5.8112901e-01  -8.1381145e-01  -5.8112901e-01
  8.1395330e-01   5.8093031e-01  -8.1395330e-01  -5.8093031e-01
  8.1409507e-01   5.8073162e-01  -8.1409507e-01  -5.8073162e-01
  8.1423677e-01   5.8053292e-01  -8.1423677e-01  -5.8053292e-01
  8.1437840e-01   5.8033423e-01  -8.1437840e-01  -5.8033423e-01
  8.1451996e-01   5.8013554e-01  -8.1451996e-01  -5.8013554e-01
  8.1466144e-01   5.7993684e-01  -8.1466144e-01  -5.7993684e-01
  8.1480285e-01   5.7973815e-01  -8.1480285e-01  -5.7973815e-01
  8.1494418e-01   5.7953946e-01  -8.1494418e-01  -5.7953946e-01
  8.1508544e-01   5.7934076e-01  -8.1508544e-01  -5.7934076e-01
  8.1522663e-01   5.7914207e-01  -8.1522663e-01  -5.7914207e-01
  8.1536775e-01   5.7894337e-01  -8.1536775e-01  -5.7894337e-01
  8.1550880e-01   5.7874468e-01  -8.1550880e-01  -5.7874468e-01
  8.1564977e-01   5.7854599e-01  -8.1564977e-01  -5.7854599e-01
  8.1579067e-01   5.7834729e-01  -8.1579067e-01  -5.7834729e-01
  8.1593149e-01   5.7814860e-01  -8.1593149e-01  -5.7814860e-01
  8.1607224e-01   5.7794990e-01  -8.1607224e-01  -5.7794990e-01
  8.1621293e-01   5.7775121e-01  -8.1621293e-01  -5.7775121e-01
  8.1635353e-01   5.7755252e-01  -8.1635353e-01  -5.7755252e-01
  8.1649407e-01   5.7735382e-01  -8.1649407e-01  -5.7735382e-01
  8.1663453e-01   5.7715513e-01  -8.1663453e-01  -5.7715513e-01
  8.1677492e-01   5.7695643e-01  -8.1677492e-01  -5.7695643e-01
  8.1691524e-01   5.7675774e-01  -8.1691524e-01  -5.7675774e-01
  8.1705549e-01   5.7655905e-01  -8.1705549e-01  -5.7655905e-01
  8.1719566e-01   5.7636035e-01  -8.1719566e-01  -5.7636035e-01
  8.1733576e-01   5.7616166e-01  -8.1733576e-01  -5.7616166e-01
  8.1747579e-01   5.7596296e-01  -8.1747579e-01  -5.7596296e-01
  8.1761574e-01   5.7576427e-01  -8.1761574e-01  -5.7576427e-01
  8.1775563e-01   5.7556558e-01  -8.1775563e-01  -5.7556558e-01
  8.1789544e-01   5.7536688e-01  -8.1789544e-01  -5.7536688e-01
  8.1803518e-01   5.7516819e-01  -8.1803518e-01  -5.7516819e-01
  8.1817485e-01   5.7496950e-01  -8.1817485e-01  -5.7496950e-01
  8.1831444e-01   5.7477080e-01  -8.1831444e-01  -5.7477080e-01
  8.1845397e-01   5.7457211e-01  -8.1845397e-01  -5.7457211e-01
  8.1859342e-01   5.7437341e-01  -8.1859342e-01  -5.7437341e-01
  8.1873280e-01   5.7417472e-01  -8.1873280e-01  -5.7417472e-01
  8.1887210e-01   5.7397603e-01  -8.1887210e-01  -5.7397603e-01
  8.1901134e-01   5.7377733e-01  -8.1901134e-01  -5.7377733e-01
  8.1915050e-01   5.7357864e-01  -8.1915050e-01  -5.7357864e-01
  8.1928959e-01   5.7337994e-01  -8.1928959e-01  -5.7337994e-01
  8.1942861e-01   5.7318125e-01  -8.1942861e-01  -5.7318125e-01
  8.1956756e-01   5.7298256e-01  -8.1956756e-01  -5.7298256e-01
  8.1970644e-01   5.7278386e-01  -8.1970644e-01  -5.7278386e-01
  8.1984524e-01   5.7258517e-01  -8.1984524e-01  -5.7258517e-01
  8.1998398e-01   5.7238647e-01  -8.1998398e-01  -5.7238647e-01
  8.2012264e-01   5.7218778e-01  -8.2012264e-01  -5.7218778e-01
  8.2026123e-01   5.7198909e-01  -8.2026123e-01  -5.7198909e-01
  8.2039975e-01   5.7179039e-01  -8.2039975e-01  -5.7179039e-01
  8.2053820e-01   5.7159170e-01  -8.2053820e-01  -5.7159170e-01
  8.2067657e-01   5.7139300e-01  -8.2067657e-01  -5.7139300e-01
  8.2081488e-01   5.7119431e-01  -8.2081488e-01  -5.7119431e-01
  8.2095311e-01   5.7099562e-01  -8.2095311e-01  -5.7099562e-01
  8.2109127e-01   5.7079692e-01  -8.2109127e-01  -5.7079692e-01
  8.2122936e-01   5.7059823e-01  -8.2122936e-01  -5.7059823e-01
  8.2136738e-01   5.7039954e-01  -8.2136738e-01  -5.7039954e-01
  8.2150533e-01   5.7020084e-01  -8.2150533e-01  -5.7020084e-01
  8.2164320e-01   5.7000215e-01  -8.2164320e-01  -5.7000215e-01
  8.2178101e-01   5.6980345e-01  -8.2178101e-01  -5.6980345e-01
  8.2191874e-01   5.6960476e-01  -8.2191874e-01  -5.6960476e-01
  8.2205640e-01   5.6940607e-01  -8.2205640e-01  -5.6940607e-01
  8.2219400e-01   5.6920737e-01  -8.2219400e-01  -5.6920737e-01
  8.2233152e-01   5.6900868e-01  -8.2233152e-01  -5.6900868e-01
  8.2246897e-01   5.6880998e-01  -8.2246897e-01  -5.6880998e-01
  8.2260635e-01   5.6861129e-01  -8.2260635e-01  -5.6861129e-01
  8.2274365e-01   5.6841260e-01  -8.2274365e-01  -5.6841260e-01
  8.2288089e-01   5.6821390e-01  -8.2288089e-01  -5.6821390e-01
  8.2301806e-01   5.6801521e-01  -8.2301806e-01  -5.6801521e-01
  8.2315515e-01   5.6781651e-01  -8.2315515e-01  -5.6781651e-01
  8.2329218e-01   5.6761782e-01  -8.2329218e-01  -5.6761782e-01
  8.2342913e-01   5.6741913e-01  -8.2342913e-01  -5.6741913e-01
  8.2356601e-01   5.6722043e-01  -8.2356601e-01  -5.6722043e-01
  8.2370283e-01   5.6702174e-01  -8.2370283e-01  -5.6702174e-01
  8.2383957e-01   5.6682304e-01  -8.2383957e-01  -5.6682304e-01
  8.2397624e-01   5.6662435e-01  -8.2397624e-01  -5.6662435e-01
  8.2411284e-01   5.6642566e-01  -8.2411284e-01  -5.6642566e-01
  8.2424937e-01   5.6622696e-01  -8.2424937e-01  -5.6622696e-01
  8.2438583e-01   5.6602827e-01  -8.2438583e-01  -5.6602827e-01
  8.2452222e-01   5.6582958e-01  -8.2452222e-01  -5.6582958e-01
  8.2465854e-01   5.6563088e-01  -8.2465854e-01  -5.6563088e-01
  8.2479479e-01   5.6543219e-01  -8.2479479e-01  -5.6543219e-01
  8.2493097e-01   5.6523349e-01  -8.2493097e-01  -5.6523349e-01
  8.2506707e-01   5.6503480e-01  -8.2506707e-01  -5.6503480e-01
  8.2520311e-01   5.6483611e-01  -8.2520311e-01  -5.6483611e-01
  8.2533908e-01   5.6463741e-01  -8.2533908e-01  -5.6463741e-01
  8.2547497e-01   5.6443872e-01  -8.2547497e-01  -5.6443872e-01
  8.2561080e-01   5.6424002e-01  -8.2561080e-01  -5.6424002e-01
  8.2574656e-01   5.6404133e-01  -8.2574656e-01  -5.6404133e-01
  8.2588224e-01   5.6384264e-01  -8.2588224e-01  -5.6384264e-01
  8.2601786e-01   5.6364394e-01  -8.2601786e-01  -5.6364394e-01
  8.2615341e-01   5.6344525e-01  -8.2615341e-01  -5.6344525e-01
  8.2628888e-01   5.6324655e-01  -8.2628888e-01  -5.6324655e-01
  8.2642429e-01   5.6304786e-01  -8.2642429e-01  -5.6304786e-01
  8.2655963e-01   5.6284917e-01  -8.2655963e-01  -5.6284917e-01
  8.2669489e-01   5.6265047e-01  -8.2669489e-01  -5.6265047e-01
  8.2683009e-01   5.6245178e-01  -8.2683009e-01  -5.6245178e-01
  8.2696522e-01   5.6225308e-01  -8.2696522e-01  -5.6225308e-01
  8.2710027e-01   5.6205439e-01  -8.2710027e-01  -5.6205439e-01
  8.2723526e-01   5.6185570e-01  -8.2723526e-01  -5.6185570e-01
  8.2737018e-01   5.6165700e-01  -8.2737018e-01  -5.6165700e-01
  8.2750503e-01   5.6145831e-01  -8.2750503e-01  -5.6145831e-01
  8.2763980e-01   5.6125962e-01  -8.2763980e-01  -5.6125962e-01
  8.2777451e-01   5.6106092e-01  -8.2777451e-01  -5.6106092e-01
  8.2790915e-01   5.6086223e-01  -8.2790915e-01  -5.6086223e-01
  8.2804372e-01   5.6066353e-01  -8.2804372e-01  -5.6066353e-01
  8.2817822e-01   5.6046484e-01  -8.2817822e-01  -5.6046484e-01
  8.2831265e-01   5.6026615e-01  -8.2831265e-01  -5.6026615e-01
  8.2844701e-01   5.6006745e-01  -8.2844701e-01  -5.6006745e-01
  8.2858130e-01   5.5986876e-01  -8.2858130e-01  -5.5986876e-01
  8.2871552e-01   5.5967006e-01  -8.2871552e-01  -5.5967006e-01
  8.2884968e-01   5.5947137e-01  -8.2884968e-01  -5.5947137e-01
  8.2898376e-01   5.5927268e-01  -8.2898376e-01  -5.5927268e-01
  8.2911777e-01   5.5907398e-01  -8.2911777e-01  -5.5907398e-01
  8.2925172e-01   5.5887529e-01  -8.2925172e-01  -5.5887529e-01
  8.2938559e-01   5.5867659e-01  -8.2938559e-01  -5.5867659e-01
  8.2951940e-01   5.5847790e-01  -8.2951940e-01  -5.5847790e-01
  8.2965314e-01   5.5827921e-01  -8.2965314e-01  -5.5827921e-01
  8.2978680e-01   5.5808051e-01  -8.2978680e-01  -5.5808051e-01
  8.2992040e-01   5.5788182e-01  -8.2992040e-01  -5.5788182e-01
  8.3005393e-01   5.5768313e-01  -8.3005393e-01  -5.5768313e-01
  8.3018739e-01   5.5748443e-01  -8.3018739e-01  -5.5748443e-01
  8.3032079e-01   5.5728574e-01  -8.3032079e-01  -5.5728574e-01
  8.3045411e-01   5.5708704e-01  -8.3045411e-01  -5.5708704e-01
  8.3058736e-01   5.5688835e-01  -8.3058736e-01  -5.5688835e-01
  8.3072055e-01   5.5668966e-01  -8.3072055e-01  -5.5668966e-01
  8.3085366e-01   5.5649096e-01  -8.3085366e-01  -5.5649096e-01
  8.3098671e-01   5.5629227e-01  -8.3098671e-01  -5.5629227e-01
  8.3111969e-01   5.5609357e-01  -8.3111969e-01  -5.5609357e-01
  8.3125260e-01   5.5589488e-01  -8.3125260e-01  -5.5589488e-01
  8.3138544e-01   5.5569619e-01  -8.3138544e-01  -5.5569619e-01
  8.3151821e-01   5.5549749e-01  -8.3151821e-01  -5.5549749e-01
  8.3165092e-01   5.5529880e-01  -8.3165092e-01  -5.5529880e-01
  8.3178355e-01   5.5510010e-01  -8.3178355e-01  -5.5510010e-01
  8.3191612e-01   5.5490141e-01  -8.3191612e-01  -5.5490141e-01
  8.3204861e-01   5.5470272e-01  -8.3204861e-01  -5.5470272e-01
  8.3218104e-01   5.5450402e-01  -8.3218104e-01  -5.5450402e-01
  8.3231340e-01   5.5430533e-01  -8.3231340e-01  -5.5430533e-01
  8.3244570e-01   5.5410663e-01  -8.3244570e-01  -5.5410663e-01
  8.3257792e-01   5.5390794e-01  -8.3257792e-01  -5.5390794e-01
  8.3271008e-01   5.5370925e-01  -8.3271008e-01  -5.5370925e-01
  8.3284216e-01   5.5351055e-01  -8.3284216e-01  -5.5351055e-01
  8.3297418e-01   5.5331186e-01  -8.3297418e-01  -5.5331186e-01
  8.3310613e-01   5.5311317e-01  -8.3310613e-01  -5.5311317e-01
  8.3323801e-01   5.5291447e-01  -8.3323801e-01  -5.5291447e-01
  8.3336983e-01   5.5271578e-01  -8.3336983e-01  -5.5271578e-01
  8.3350157e-01   5.5251708e-01  -8.3350157e-01  -5.5251708e-01
  8.3363325e-01   5.5231839e-01  -8.3363325e-01  -5.5231839e-01
  8.3376486e-01   5.5211970e-01  -8.3376486e-01  -5.5211970e-01
  8.3389640e-01   5.5192100e-01  -8.3389640e-01  -5.5192100e-01
  8.3402787e-01   5.5172231e-01  -8.3402787e-01  -5.5172231e-01
  8.3415928e-01   5.5152361e-01  -8.3415928e-01  -5.5152361e-01
  8.3429062e-01   5.5132492e-01  -8.3429062e-01  -5.5132492e-01
  8.3442189e-01   5.5112623e-01  -8.3442189e-01  -5.5112623e-01
  8.3455309e-01   5.5092753e-01  -8.3455309e-01  -5.5092753e-01
  8.3468422e-01   5.5072884e-01  -8.3468422e-01  -5.5072884e-01
  8.3481529e-01   5.5053014e-01  -8.3481529e-01  -5.5053014e-01
  8.3494628e-01   5.5033145e-01  -8.3494628e-01  -5.5033145e-01
  8.3507721e-01   5.5013276e-01  -8.3507721e-01  -5.5013276e-01
  8.3520807e-01   5.4993406e-01  -8.3520807e-01  -5.4993406e-01
  8.3533887e-01   5.4973537e-01  -8.3533887e-01  -5.4973537e-01
  8.3546959e-01   5.4953667e-01  -8.3546959e-01  -5.4953667e-01
  8.3560025e-01   5.4933798e-01  -8.3560025e-01  -5.4933798e-01
  8.3573084e-01   5.4913929e-01  -8.3573084e-01  -5.4913929e-01
  8.3586137e-01   5.4894059e-01  -8.3586137e-01  -5.4894059e-01
  8.3599182e-01   5.4874190e-01  -8.3599182e-01  -5.4874190e-01
  8.3612221e-01   5.4854321e-01  -8.3612221e-01  -5.4854321e-01
  8.3625253e-01   5.4834451e-01  -8.3625253e-01  -5.4834451e-01
  8.3638278e-01   5.4814582e-01  -8.3638278e-01  -5.4814582e-01
  8.3651297e-01   5.4794712e-01  -8.3651297e-01  -5.4794712e-01
  8.3664309e-01   5.4774843e-01  -8.3664309e-01  -5.4774843e-01
  8.3677314e-01   5.4754974e-01  -8.3677314e-01  -5.4754974e-01
  8.3690312e-01   5.4735104e-01  -8.3690312e-01  -5.4735104e-01
  8.3703304e-01   5.4715235e-01  -8.3703304e-01  -5.4715235e-01
  8.3716289e-01   5.4695365e-01  -8.3716289e-01  -5.4695365e-01
  8.3729267e-01   5.4675496e-01  -8.3729267e-01  -5.4675496e-01
  8.3742238e-01   5.4655627e-01  -8.3742238e-01  -5.4655627e-01
  8.3755203e-01   5.4635757e-01  -8.3755203e-01  -5.4635757e-01
  8.3768161e-01   5.4615888e-01  -8.3768161e-01  -5.4615888e-01
  8.3781112e-01   5.4596018e-01  -8.3781112e-01  -5.4596018e-01
  8.3794057e-01   5.4576149e-01  -8.3794057e-01  -5.4576149e-01
  8.3806995e-01   5.4556280e-01  -8.3806995e-01  -5.4556280e-01
  8.3819926e-01   5.4536410e-01  -8.3819926e-01  -5.4536410e-01
  8.3832850e-01   5.4516541e-01  -8.3832850e-01  -5.4516541e-01
  8.3845768e-01   5.4496671e-01  -8.3845768e-01  -5.4496671e-01
  8.3858679e-01   5.4476802e-01  -8.3858679e-01  -5.4476802e-01
  8.3871583e-01   5.4456933e-01  -8.3871583e-01  -5.4456933e-01
  8.3884481e-01   5.4437063e-01  -8.3884481e-01  -5.4437063e-01
  8.3897372e-01   5.4417194e-01  -8.3897372e-01  -5.4417194e-01
  8.3910256e-01   5.4397325e-01  -8.3910256e-01  -5.4397325e-01
  8.3923134e-01   5.4377455e-01  -8.3923134e-01  -5.4377455e-01
  8.3936005e-01   5.4357586e-01  -8.3936005e-01  -5.4357586e-01
  8.3948869e-01   5.4337716e-01  -8.3948869e-01  -5.4337716e-01
  8.3961726e-01   5.4317847e-01  -8.3961726e-01  -5.4317847e-01
  8.3974577e-01   5.4297978e-01  -8.3974577e-01  -5.4297978e-01
  8.3987422e-01   5.4278108e-01  -8.3987422e-01  -5.4278108e-01
  8.4000259e-01   5.4258239e-01  -8.4000259e-01  -5.4258239e-01
  8.4013090e-01   5.4238369e-01  -8.4013090e-01  -5.4238369e-01
  8.4025914e-01   5.4218500e-01  -8.4025914e-01  -5.4218500e-01
  8.4038732e-01   5.4198631e-01  -8.4038732e-01  -5.4198631e-01
  8.4051543e-01   5.4178761e-01  -8.4051543e-01  -5.4178761e-01
  8.4064347e-01   5.4158892e-01  -8.4064347e-01  -5.4158892e-01
  8.4077145e-01   5.4139022e-01  -8.4077145e-01  -5.4139022e-01
  8.4089936e-01   5.4119153e-01  -8.4089936e-01  -5.4119153e-01
  8.4102720e-01   5.4099284e-01  -8.4102720e-01  -5.4099284e-01
  8.4115498e-01   5.4079414e-01  -8.4115498e-01  -5.4079414e-01
  8.4128269e-01   5.4059545e-01  -8.4128269e-01  -5.4059545e-01
  8.4141033e-01   5.4039675e-01  -8.4141033e-01  -5.4039675e-01
  8.4153791e-01   5.4019806e-01  -8.4153791e-01  -5.4019806e-01
  8.4166542e-01   5.3999937e-01  -8.4166542e-01  -5.3999937e-01
  8.4179287e-01   5.3980067e-01  -8.4179287e-01  -5.3980067e-01
  8.4192025e-01   5.3960198e-01  -8.4192025e-01  -5.3960198e-01
  8.4204756e-01   5.3940329e-01  -8.4204756e-01  -5.3940329e-01
  8.4217481e-01   5.3920459e-01  -8.4217481e-01  -5.3920459e-01
  8.4230199e-01   5.3900590e-01  -8.4230199e-01  -5.3900590e-01
  8.4242911e-01   5.3880720e-01  -8.4242911e-01  -5.3880720e-01
  8.4255615e-01   5.3860851e-01  -8.4255615e-01  -5.3860851e-01
  8.4268314e-01   5.3840982e-01  -8.4268314e-01  -5.3840982e-01
  8.4281005e-01   5.3821112e-01  -8.4281005e-01  -5.3821112e-01
  8.4293691e-01   5.3801243e-01  -8.4293691e-01  -5.3801243e-01
  8.4306369e-01   5.3781373e-01  -8.4306369e-01  -5.3781373e-01
  8.4319041e-01   5.3761504e-01  -8.4319041e-01  -5.3761504e-01
  8.4331706e-01   5.3741635e-01  -8.4331706e-01  -5.3741635e-01
  8.4344365e-01   5.3721765e-01  -8.4344365e-01  -5.3721765e-01
  8.4357017e-01   5.3701896e-01  -8.4357017e-01  -5.3701896e-01
  8.4369663e-01   5.3682026e-01  -8.4369663e-01  -5.3682026e-01
  8.4382302e-01   5.3662157e-01  -8.4382302e-01  -5.3662157e-01
  8.4394935e-01   5.3642288e-01  -8.4394935e-01  -5.3642288e-01
  8.4407560e-01   5.3622418e-01  -8.4407560e-01  -5.3622418e-01
  8.4420180e-01   5.3602549e-01  -8.4420180e-01  -5.3602549e-01
  8.4432793e-01   5.3582679e-01  -8.4432793e-01  -5.3582679e-01
  8.4439279e-01   5.3572458e-01  -8.4439279e-01  -5.3572458e-01
  8.4452246e-01   5.3552014e-01  -8.4452246e-01  -5.3552014e-01
  8.4465205e-01   5.3531571e-01  -8.4465205e-01  -5.3531571e-01
  8.4478159e-01   5.3511127e-01  -8.4478159e-01  -5.3511127e-01
  8.4491105e-01   5.3490684e-01  -8.4491105e-01  -5.3490684e-01
  8.4504044e-01   5.3470240e-01  -8.4504044e-01  -5.3470240e-01
  8.4516976e-01   5.3449797e-01  -8.4516976e-01  -5.3449797e-01
  8.4529901e-01   5.3429353e-01  -8.4529901e-01  -5.3429353e-01
  8.4542820e-01   5.3408910e-01  -8.4542820e-01  -5.3408910e-01
  8.4555731e-01   5.3388466e-01  -8.4555731e-01  -5.3388466e-01
  8.4568636e-01   5.3368022e-01  -8.4568636e-01  -5.3368022e-01
  8.4581534e-01   5.3347579e-01  -8.4581534e-01  -5.3347579e-01
  8.4594424e-01   5.3327135e-01  -8.4594424e-01  -5.3327135e-01
  8.4607308e-01   5.3306692e-01  -8.4607308e-01  -5.3306692e-01
  8.4620185e-01   5.3286248e-01  -8.4620185e-01  -5.3286248e-01
  8.4633055e-01   5.3265805e-01  -8.4633055e-01  -5.3265805e-01
  8.4645918e-01   5.3245361e-01  -8.4645918e-01  -5.3245361e-01
  8.4658775e-01   5.3224918e-01  -8.4658775e-01  -5.3224918e-01
  8.4671624e-01   5.3204474e-01  -8.4671624e-01  -5.3204474e-01
  8.4684467e-01   5.3184031e-01  -8.4684467e-01  -5.3184031e-01
  8.4697302e-01   5.3163587e-01  -8.4697302e-01  -5.3163587e-01
  8.4710131e-01   5.3143144e-01  -8.4710131e-01  -5.3143144e-01
  8.4722953e-01   5.3122700e-01  -8.4722953e-01  -5.3122700e-01
  8.4735768e-01   5.3102257e-01  -8.4735768e-01  -5.3102257e-01
  8.4748576e-01   5.3081813e-01  -8.4748576e-01  -5.3081813e-01
  8.4761377e-01   5.3061370e-01  -8.4761377e-01  -5.3061370e-01
  8.4774172e-01   5.3040926e-01  -8.4774172e-01  -5.3040926e-01
  8.4786959e-01   5.3020483e-01  -8.4786959e-01  -5.3020483e-01
  8.4799740e-01   5.3000039e-01  -8.4799740e-01  -5.3000039e-01
  8.4812514e-01   5.2979596e-01  -8.4812514e-01  -5.2979596e-01
  8.4825281e-01   5.2959152e-01  -8.4825281e-01  -5.2959152e-01
  8.4838041e-01   5.2938708e-01  -8.4838041e-01  -5.2938708e-01
  8.4850794e-01   5.2918265e-01  -8.4850794e-01  -5.2918265e-01
  8.4863540e-01   5.2897821e-01  -8.4863540e-01  -5.2897821e-01
  8.4876280e-01   5.2877378e-01  -8.4876280e-01  -5.2877378e-01
  8.4889013e-01   5.2856934e-01  -8.4889013e-01  -5.2856934e-01
  8.4901739e-01   5.2836491e-01  -8.4901739e-01  -5.2836491e-01
  8.4914458e-01   5.2816047e-01  -8.4914458e-01  -5.2816047e-01
  8.4927170e-01   5.2795604e-01  -8.4927170e-01  -5.2795604e-01
  8.4939876e-01   5.2775160e-01  -8.4939876e-01  -5.2775160e-01
  8.4952574e-01   5.2754717e-01  -8.4952574e-01  -5.2754717e-01
  8.4965266e-01   5.2734273e-01  -8.4965266e-01  -5.2734273e-01
  8.4977951e-01   5.2713830e-01  -8.4977951e-01  -5.2713830e-01
  8.4990629e-01   5.2693386e-01  -8.4990629e-01  -5.2693386e-01
  8.5003301e-01   5.2672943e-01  -8.5003301e-01  -5.2672943e-01
  8.5015965e-01   5.2652499e-01  -8.5015965e-01  -5.2652499e-01
  8.5028623e-01   5.2632056e-01  -8.5028623e-01  -5.2632056e-01
  8.5041274e-01   5.2611612e-01  -8.5041274e-01  -5.2611612e-01
  8.5053918e-01   5.2591169e-01  -8.5053918e-01  -5.2591169e-01
  8.5066556e-01   5.2570725e-01  -8.5066556e-01  -5.2570725e-01
  8.5079186e-01   5.2550282e-01  -8.5079186e-01  -5.2550282e-01
  8.5091810e-01   5.2529838e-01  -8.5091810e-01  -5.2529838e-01
  8.5104427e-01   5.2509394e-01  -8.5104427e-01  -5.2509394e-01
  8.5117037e-01   5.2488951e-01  -8.5117037e-01  -5.2488951e-01
  8.5129641e-01   5.2468507e-01  -8.5129641e-01  -5.2468507e-01
  8.5142237e-01   5.2448064e-01  -8.5142237e-01  -5.2448064e-01
  8.5154827e-01   5.2427620e-01  -8.5154827e-01  -5.2427620e-01
  8.5167411e-01   5.2407177e-01  -8.5167411e-01  -5.2407177e-01
  8.5179987e-01   5.2386733e-01  -8.5179987e-01  -5.2386733e-01
  8.5192557e-01   5.2366290e-01  -8.5192557e-01  -5.2366290e-01
  8.5205119e-01   5.2345846e-01  -8.5205119e-01  -5.2345846e-01
  8.5217676e-01   5.2325403e-01  -8.5217676e-01  -5.2325403e-01
  8.5230225e-01   5.2304959e-01  -8.5230225e-01  -5.2304959e-01
  8.5242768e-01   5.2284516e-01  -8.5242768e-01  -5.2284516e-01
  8.5255303e-01   5.2264072e-01  -8.5255303e-01  -5.2264072e-01
  8.5267833e-01   5.2243629e-01  -8.5267833e-01  -5.2243629e-01
  8.5280355e-01   5.2223185e-01  -8.5280355e-01  -5.2223185e-01
  8.5292871e-01   5.2202742e-01  -8.5292871e-01  -5.2202742e-01
  8.5305379e-01   5.2182298e-01  -8.5305379e-01  -5.2182298e-01
  8.5317882e-01   5.2161855e-01  -8.5317882e-01  -5.2161855e-01
  8.5330377e-01   5.2141411e-01  -8.5330377e-01  -5.2141411e-01
  8.5342866e-01   5.2120968e-01  -8.5342866e-01  -5.2120968e-01
  8.5355348e-01   5.2100524e-01  -8.5355348e-01  -5.2100524e-01
  8.5367823e-01   5.2080080e-01  -8.5367823e-01  -5.2080080e-01
  8.5380292e-01   5.2059637e-01  -8.5380292e-01  -5.2059637e-01
  8.5392753e-01   5.2039193e-01  -8.5392753e-01  -5.2039193e-01
  8.5405209e-01   5.2018750e-01  -8.5405209e-01  -5.2018750e-01
  8.5417657e-01   5.1998306e-01  -8.5417657e-01  -5.1998306e-01
  8.5430099e-01   5.1977863e-01  -8.5430099e-01  -5.1977863e-01
  8.5442534e-01   5.1957419e-01  -8.5442534e-01  -5.1957419e-01
  8.5454962e-01   5.1936976e-01  -8.5454962e-01  -5.1936976e-01
  8.5467384e-01   5.1916532e-01  -8.5467384e-01  -5.1916532e-01
  8.5479799e-01   5.1896089e-01  -8.5479799e-01  -5.1896089e-01
  8.5492207e-01   5.1875645e-01  -8.5492207e-01  -5.1875645e-01
  8.5504608e-01   5.1855202e-01  -8.5504608e-01  -5.1855202e-01
  8.5517003e-01   5.1834758e-01  -8.5517003e-01  -5.1834758e-01
  8.5529391e-01   5.1814315e-01  -8.5529391e-01  -5.1814315e-01
  8.5541773e-01   5.1793871e-01  -8.5541773e-01  -5.1793871e-01
  8.5554148e-01   5.1773428e-01  -8.5554148e-01  -5.1773428e-01
  8.5566516e-01   5.1752984e-01  -8.5566516e-01  -5.1752984e-01
  8.5578877e-01   5.1732541e-01  -8.5578877e-01  -5.1732541e-01
  8.5591232e-01   5.1712097e-01  -8.5591232e-01  -5.1712097e-01
  8.5603580e-01   5.1691654e-01  -8.5603580e-01  -5.1691654e-01
  8.5615922e-01   5.1671210e-01  -8.5615922e-01  -5.1671210e-01
  8.5628257e-01   5.1650766e-01  -8.5628257e-01  -5.1650766e-01
  8.5640585e-01   5.1630323e-01  -8.5640585e-01  -5.1630323e-01
  8.5652906e-01   5.1609879e-01  -8.5652906e-01  -5.1609879e-01
  8.5665221e-01   5.1589436e-01  -8.5665221e-01  -5.1589436e-01
  8.5677529e-01   5.1568992e-01  -8.5677529e-01  -5.1568992e-01
  8.5689831e-01   5.1548549e-01  -8.5689831e-01  -5.1548549e-01
  8.5702126e-01   5.1528105e-01  -8.5702126e-01  -5.1528105e-01
  8.5714414e-01   5.1507662e-01  -8.5714414e-01  -5.1507662e-01
  8.5726696e-01   5.1487218e-01  -8.5726696e-01  -5.1487218e-01
  8.5738971e-01   5.1466775e-01  -8.5738971e-01  -5.1466775e-01
  8.5751239e-01   5.1446331e-01  -8.5751239e-01  -5.1446331e-01
  8.5763501e-01   5.1425888e-01  -8.5763501e-01  -5.1425888e-01
  8.5775756e-01   5.1405444e-01  -8.5775756e-01  -5.1405444e-01
  8.5788004e-01   5.1385001e-01  -8.5788004e-01  -5.1385001e-01
  8.5800246e-01   5.1364557e-01  -8.5800246e-01  -5.1364557e-01
  8.5812482e-01   5.1344114e-01  -8.5812482e-01  -5.1344114e-01
  8.5824710e-01   5.1323670e-01  -8.5824710e-01  -5.1323670e-01
  8.5836932e-01   5.1303227e-01  -8.5836932e-01  -5.1303227e-01
  8.5849148e-01   5.1282783e-01  -8.5849148e-01  -5.1282783e-01
  8.5861357e-01   5.1262340e-01  -8.5861357e-01  -5.1262340e-01
  8.5873559e-01   5.1241896e-01  -8.5873559e-01  -5.1241896e-01
  8.5885754e-01   5.1221452e-01  -8.5885754e-01  -5.1221452e-01
  8.5897943e-01   5.1201009e-01  -8.5897943e-01  -5.1201009e-01
  8.5910126e-01   5.1180565e-01  -8.5910126e-01  -5.1180565e-01
  8.5922302e-01   5.1160122e-01  -8.5922302e-01  -5.1160122e-01
  8.5934471e-01   5.1139678e-01  -8.5934471e-01  -5.1139678e-01
  8.5946634e-01   5.1119235e-01  -8.5946634e-01  -5.1119235e-01
  8.5958790e-01   5.1098791e-01  -8.5958790e-01  -5.1098791e-01
  8.5970939e-01   5.1078348e-01  -8.5970939e-01  -5.1078348e-01
  8.5983082e-01   5.1057904e-01  -8.5983082e-01  -5.1057904e-01
  8.5995218e-01   5.1037461e-01  -8.5995218e-01  -5.1037461e-01
  8.6007348e-01   5.1017017e-01  -8.6007348e-01  -5.1017017e-01
  8.6019471e-01   5.0996574e-01  -8.6019471e-01  -5.0996574e-01
  8.6031588e-01   5.0976130e-01  -8.6031588e-01  -5.0976130e-01
  8.6043698e-01   5.0955687e-01  -8.6043698e-01  -5.0955687e-01
  8.6055802e-01   5.0935243e-01  -8.6055802e-01  -5.0935243e-01
  8.6067899e-01   5.0914800e-01  -8.6067899e-01  -5.0914800e-01
  8.6079989e-01   5.0894356e-01  -8.6079989e-01  -5.0894356e-01
  8.6092073e-01   5.0873913e-01  -8.6092073e-01  -5.0873913e-01
  8.6104150e-01   5.0853469e-01  -8.6104150e-01  -5.0853469e-01
  8.6116221e-01   5.0833026e-01  -8.6116221e-01  -5.0833026e-01
  8.6128285e-01   5.0812582e-01  -8.6128285e-01  -5.0812582e-01
  8.6140343e-01   5.0792138e-01  -8.6140343e-01  -5.0792138e-01
  8.6152394e-01   5.0771695e-01  -8.6152394e-01  -5.0771695e-01
  8.6164439e-01   5.0751251e-01  -8.6164439e-01  -5.0751251e-01
  8.6176477e-01   5.0730808e-01  -8.6176477e-01  -5.0730808e-01
  8.6188508e-01   5.0710364e-01  -8.6188508e-01  -5.0710364e-01
  8.6200533e-01   5.0689921e-01  -8.6200533e-01  -5.0689921e-01
  8.6212552e-01   5.0669477e-01  -8.6212552e-01  -5.0669477e-01
  8.6224564e-01   5.0649034e-01  -8.6224564e-01  -5.0649034e-01
  8.6236569e-01   5.0628590e-01  -8.6236569e-01  -5.0628590e-01
  8.6248568e-01   5.0608147e-01  -8.6248568e-01  -5.0608147e-01
  8.6260560e-01   5.0587703e-01  -8.6260560e-01  -5.0587703e-01
  8.6272546e-01   5.0567260e-01  -8.6272546e-01  -5.0567260e-01
  8.6284526e-01   5.0546816e-01  -8.6284526e-01  -5.0546816e-01
  8.6296499e-01   5.0526373e-01  -8.6296499e-01  -5.0526373e-01
  8.6308465e-01   5.0505929e-01  -8.6308465e-01  -5.0505929e-01
  8.6320425e-01   5.0485486e-01  -8.6320425e-01  -5.0485486e-01
  8.6332378e-01   5.0465042e-01  -8.6332378e-01  -5.0465042e-01
  8.6344325e-01   5.0444599e-01  -8.6344325e-01  -5.0444599e-01
  8.6356265e-01   5.0424155e-01  -8.6356265e-01  -5.0424155e-01
  8.6368199e-01   5.0403712e-01  -8.6368199e-01  -5.0403712e-01
  8.6380127e-01   5.0383268e-01  -8.6380127e-01  -5.0383268e-01
  8.6392048e-01   5.0362824e-01  -8.6392048e-01  -5.0362824e-01
  8.6403962e-01   5.0342381e-01  -8.6403962e-01  -5.0342381e-01
  8.6415870e-01   5.0321937e-01  -8.6415870e-01  -5.0321937e-01
  8.6427772e-01   5.0301494e-01  -8.6427772e-01  -5.0301494e-01
  8.6439667e-01   5.0281050e-01  -8.6439667e-01  -5.0281050e-01
  8.6451555e-01   5.0260607e-01  -8.6451555e-01  -5.0260607e-01
  8.6463437e-01   5.0240163e-01  -8.6463437e-01  -5.0240163e-01
  8.6475313e-01   5.0219720e-01  -8.6475313e-01  -5.0219720e-01
  8.6487182e-01   5.0199276e-01  -8.6487182e-01  -5.0199276e-01
  8.6499045e-01   5.0178833e-01  -8.6499045e-01  -5.0178833e-01
  8.6510901e-01   5.0158389e-01  -8.6510901e-01  -5.0158389e-01
  8.6522751e-01   5.0137946e-01  -8.6522751e-01  -5.0137946e-01
  8.6534594e-01   5.0117502e-01  -8.6534594e-01  -5.0117502e-01
  8.6546431e-01   5.0097059e-01  -8.6546431e-01  -5.0097059e-01
  8.6558261e-01   5.0076615e-01  -8.6558261e-01  -5.0076615e-01
  8.6570085e-01   5.0056172e-01  -8.6570085e-01  -5.0056172e-01
  8.6581903e-01   5.0035728e-01  -8.6581903e-01  -5.0035728e-01
  8.6593714e-01   5.0015285e-01  -8.6593714e-01  -5.0015285e-01
  8.6605519e-01   4.9994841e-01  -8.6605519e-01  -4.9994841e-01
  8.6617317e-01   4.9974398e-01  -8.6617317e-01  -4.9974398e-01
  8.6629109e-01   4.9953954e-01  -8.6629109e-01  -4.9953954e-01
  8.6640894e-01   4.9933510e-01  -8.6640894e-01  -4.9933510e-01
  8.6652673e-01   4.9913067e-01  -8.6652673e-01  -4.9913067e-01
  8.6664446e-01   4.9892623e-01  -8.6664446e-01  -4.9892623e-01
  8.6676212e-01   4.9872180e-01  -8.6676212e-01  -4.9872180e-01
  8.6687971e-01   4.9851736e-01  -8.6687971e-01  -4.9851736e-01
  8.6699725e-01   4.9831293e-01  -8.6699725e-01  -4.9831293e-01
  8.6711471e-01   4.9810849e-01  -8.6711471e-01  -4.9810849e-01
  8.6723212e-01   4.9790406e-01  -8.6723212e-01  -4.9790406e-01
  8.6734946e-01   4.9769962e-01  -8.6734946e-01  -4.9769962e-01
  8.6746674e-01   4.9749519e-01  -8.6746674e-01  -4.9749519e-01
  8.6758395e-01   4.9729075e-01  -8.6758395e-01  -4.9729075e-01
  8.6770110e-01   4.9708632e-01  -8.6770110e-01  -4.9708632e-01
  8.6781818e-01   4.9688188e-01  -8.6781818e-01  -4.9688188e-01
  8.6793520e-01   4.9667745e-01  -8.6793520e-01  -4.9667745e-01
  8.6805216e-01   4.9647301e-01  -8.6805216e-01  -4.9647301e-01
  8.6816905e-01   4.9626858e-01  -8.6816905e-01  -4.9626858e-01
  8.6828588e-01   4.9606414e-01  -8.6828588e-01  -4.9606414e-01
  8.6840264e-01   4.9585971e-01  -8.6840264e-01  -4.9585971e-01
  8.6851935e-01   4.9565527e-01  -8.6851935e-01  -4.9565527e-01
  8.6863598e-01   4.9545084e-01  -8.6863598e-01  -4.9545084e-01
  8.6875256e-01   4.9524640e-01  -8.6875256e-01  -4.9524640e-01
  8.6886907e-01   4.9504196e-01  -8.6886907e-01  -4.9504196e-01
  8.6898551e-01   4.9483753e-01  -8.6898551e-01  -4.9483753e-01
  8.6910189e-01   4.9463309e-01  -8.6910189e-01  -4.9463309e-01
  8.6921821e-01   4.9442866e-01  -8.6921821e-01  -4.9442866e-01
  8.6933447e-01   4.9422422e-01  -8.6933447e-01  -4.9422422e-01
  8.6945066e-01   4.9401979e-01  -8.6945066e-01  -4.9401979e-01
  8.6956679e-01   4.9381535e-01  -8.6956679e-01  -4.9381535e-01
  8.6968285e-01   4.9361092e-01  -8.6968285e-01  -4.9361092e-01
  8.6979885e-01   4.9340648e-01  -8.6979885e-01  -4.9340648e-01
  8.6991479e-01   4.9320205e-01  -8.6991479e-01  -4.9320205e-01
  8.7003066e-01   4.9299761e-01  -8.7003066e-01  -4.9299761e-01
  8.7014647e-01   4.9279318e-01  -8.7014647e-01  -4.9279318e-01
  8.7026222e-01   4.9258874e-01  -8.7026222e-01  -4.9258874e-01
  8.7037790e-01   4.9238431e-01  -8.7037790e-01  -4.9238431e-01
  8.7049352e-01   4.9217987e-01  -8.7049352e-01  -4.9217987e-01
  8.7060908e-01   4.9197544e-01  -8.7060908e-01  -4.9197544e-01
  8.7072457e-01   4.9177100e-01  -8.7072457e-01  -4.9177100e-01
  8.7084000e-01   4.9156657e-01  -8.7084000e-01  -4.9156657e-01
  8.7095537e-01   4.9136213e-01  -8.7095537e-01  -4.9136213e-01
  8.7107067e-01   4.9115770e-01  -8.7107067e-01  -4.9115770e-01
  8.7118591e-01   4.9095326e-01  -8.7118591e-01  -4.9095326e-01
  8.7130109e-01   4.9074882e-01  -8.7130109e-01  -4.9074882e-01
  8.7141620e-01   4.9054439e-01  -8.7141620e-01  -4.9054439e-01
  8.7153126e-01   4.9033995e-01  -8.7153126e-01  -4.9033995e-01
  8.7164624e-01   4.9013552e-01  -8.7164624e-01  -4.9013552e-01
  8.7176117e-01   4.8993108e-01  -8.7176117e-01  -4.8993108e-01
  8.7187603e-01   4.8972665e-01  -8.7187603e-01  -4.8972665e-01
  8.7199083e-01   4.8952221e-01  -8.7199083e-01  -4.8952221e-01
  8.7210556e-01   4.8931778e-01  -8.7210556e-01  -4.8931778e-01
  8.7222023e-01   4.8911334e-01  -8.7222023e-01  -4.8911334e-01
  8.7233484e-01   4.8890891e-01  -8.7233484e-01  -4.8890891e-01
  8.7244939e-01   4.8870447e-01  -8.7244939e-01  -4.8870447e-01
  8.7256387e-01   4.8850004e-01  -8.7256387e-01  -4.8850004e-01
  8.7267829e-01   4.8829560e-01  -8.7267829e-01  -4.8829560e-01
  8.7279265e-01   4.8809117e-01  -8.7279265e-01  -4.8809117e-01
  8.7290695e-01   4.8788673e-01  -8.7290695e-01  -4.8788673e-01
  8.7302118e-01   4.8768230e-01  -8.7302118e-01  -4.8768230e-01
  8.7313535e-01   4.8747786e-01  -8.7313535e-01  -4.8747786e-01
  8.7324945e-01   4.8727343e-01  -8.7324945e-01  -4.8727343e-01
  8.7336350e-01   4.8706899e-01  -8.7336350e-01  -4.8706899e-01
  8.7347748e-01   4.8686456e-01  -8.7347748e-01  -4.8686456e-01
  8.7359140e-01   4.8666012e-01  -8.7359140e-01  -4.8666012e-01
  8.7370525e-01   4.8645568e-01  -8.7370525e-01  -4.8645568e-01
  8.7381904e-01   4.8625125e-01  -8.7381904e-01  -4.8625125e-01
  8.7393277e-01   4.8604681e-01  -8.7393277e-01  -4.8604681e-01
  8.7404644e-01   4.8584238e-01  -8.7404644e-01  -4.8584238e-01
  8.7416005e-01   4.8563794e-01  -8.7416005e-01  -4.8563794e-01
  8.7427359e-01   4.8543351e-01  -8.7427359e-01  -4.8543351e-01
  8.7438707e-01   4.8522907e-01  -8.7438707e-01  -4.8522907e-01
  8.7450049e-01   4.8502464e-01  -8.7450049e-01  -4.8502464e-01
  8.7461384e-01   4.8482020e-01  -8.7461384e-01  -4.8482020e-01
  8.7472713e-01   4.8461577e-01  -8.7472713e-01  -4.8461577e-01
  8.7484036e-01   4.8441133e-01  -8.7484036e-01  -4.8441133e-01
  8.7495353e-01   4.8420690e-01  -8.7495353e-01  -4.8420690e-01
  8.7506664e-01   4.8400246e-01  -8.7506664e-01  -4.8400246e-01
  8.7517968e-01   4.8379803e-01  -8.7517968e-01  -4.8379803e-01
  8.7529266e-01   4.8359359e-01  -8.7529266e-01  -4.8359359e-01
  8.7540558e-01   4.8338916e-01  -8.7540558e-01  -4.8338916e-01
  8.7551843e-01   4.8318472e-01  -8.7551843e-01  -4.8318472e-01
  8.7563123e-01   4.8298029e-01  -8.7563123e-01  -4.8298029e-01
  8.7574396e-01   4.8277585e-01  -8.7574396e-01  -4.8277585e-01
  8.7585663e-01   4.8257142e-01  -8.7585663e-01  -4.8257142e-01
  8.7596923e-01   4.8236698e-01  -8.7596923e-01  -4.8236698e-01
  8.7608178e-01   4.8216254e-01  -8.7608178e-01  -4.8216254e-01
  8.7619426e-01   4.8195811e-01  -8.7619426e-01  -4.8195811e-01
  8.7630668e-01   4.8175367e-01  -8.7630668e-01  -4.8175367e-01
  8.7636376e-01   4.8164983e-01  -8.7636376e-01  -4.8164983e-01
  8.7647788e-01   4.8144213e-01  -8.7647788e-01  -4.8144213e-01
  8.7659194e-01   4.8123443e-01  -8.7659194e-01  -4.8123443e-01
  8.7670593e-01   4.8102673e-01  -8.7670593e-01  -4.8102673e-01
  8.7681985e-01   4.8081904e-01  -8.7681985e-01  -4.8081904e-01
  8.7693371e-01   4.8061134e-01  -8.7693371e-01  -4.8061134e-01
  8.7704751e-01   4.8040364e-01  -8.7704751e-01  -4.8040364e-01
  8.7716125e-01   4.8019595e-01  -8.7716125e-01  -4.8019595e-01
  8.7727492e-01   4.7998825e-01  -8.7727492e-01  -4.7998825e-01
  8.7738852e-01   4.7978055e-01  -8.7738852e-01  -4.7978055e-01
  8.7750207e-01   4.7957285e-01  -8.7750207e-01  -4.7957285e-01
  8.7761555e-01   4.7936516e-01  -8.7761555e-01  -4.7936516e-01
  8.7772896e-01   4.7915746e-01  -8.7772896e-01  -4.7915746e-01
  8.7784231e-01   4.7894976e-01  -8.7784231e-01  -4.7894976e-01
  8.7795560e-01   4.7874207e-01  -8.7795560e-01  -4.7874207e-01
  8.7806882e-01   4.7853437e-01  -8.7806882e-01  -4.7853437e-01
  8.7818198e-01   4.7832667e-01  -8.7818198e-01  -4.7832667e-01
  8.7829508e-01   4.7811897e-01  -8.7829508e-01  -4.7811897e-01
  8.7840811e-01   4.7791128e-01  -8.7840811e-01  -4.7791128e-01
  8.7852108e-01   4.7770358e-01  -8.7852108e-01  -4.7770358e-01
  8.7863399e-01   4.7749588e-01  -8.7863399e-01  -4.7749588e-01
  8.7874683e-01   4.7728819e-01  -8.7874683e-01  -4.7728819e-01
  8.7885961e-01   4.7708049e-01  -8.7885961e-01  -4.7708049e-01
  8.7897232e-01   4.7687279e-01  -8.7897232e-01  -4.7687279e-01
  8.7908497e-01   4.7666509e-01  -8.7908497e-01  -4.7666509e-01
  8.7919756e-01   4.7645740e-01  -8.7919756e-01  -4.7645740e-01
  8.7931008e-01   4.7624970e-01  -8.7931008e-01  -4.7624970e-01
  8.7942254e-01   4.7604200e-01  -8.7942254e-01  -4.7604200e-01
  8.7953494e-01   4.7583431e-01  -8.7953494e-01  -4.7583431e-01
  8.7964728e-01   4.7562661e-01  -8.7964728e-01  -4.7562661e-01
  8.7975955e-01   4.7541891e-01  -8.7975955e-01  -4.7541891e-01
  8.7987175e-01   4.7521121e-01  -8.7987175e-01  -4.7521121e-01
  8.7998390e-01   4.7500352e-01  -8.7998390e-01  -4.7500352e-01
  8.8009598e-01   4.7479582e-01  -8.8009598e-01  -4.7479582e-01
  8.8020799e-01   4.7458812e-01  -8.8020799e-01  -4.7458812e-01
  8.8031995e-01   4.7438043e-01  -8.8031995e-01  -4.7438043e-01
  8.8043184e-01   4.7417273e-01  -8.8043184e-01  -4.7417273e-01
  8.8054367e-01   4.7396503e-01  -8.8054367e-01  -4.7396503e-01
  8.8065543e-01   4.7375733e-01  -8.8065543e-01  -4.7375733e-01
  8.8076713e-01   4.7354964e-01  -8.8076713e-01  -4.7354964e-01
  8.8087877e-01   4.7334194e-01  -8.8087877e-01  -4.7334194e-01
  8.8099035e-01   4.7313424e-01  -8.8099035e-01  -4.7313424e-01
  8.8110186e-01   4.7292655e-01  -8.8110186e-01  -4.7292655e-01
  8.8121331e-01   4.7271885e-01  -8.8121331e-01  -4.7271885e-01
  8.8132469e-01   4.7251115e-01  -8.8132469e-01  -4.7251115e-01
  8.8143601e-01   4.7230345e-01  -8.8143601e-01  -4.7230345e-01
  8.8154727e-01   4.7209576e-01  -8.8154727e-01  -4.7209576e-01
  8.8165847e-01   4.7188806e-01  -8.8165847e-01  -4.7188806e-01
  8.8176960e-01   4.7168036e-01  -8.8176960e-01  -4.7168036e-01
  8.8188068e-01   4.7147267e-01  -8.8188068e-01  -4.7147267e-01
  8.8199168e-01   4.7126497e-01  -8.8199168e-01  -4.7126497e-01
  8.8210263e-01   4.7105727e-01  -8.8210263e-01  -4.7105727e-01
  8.8221351e-01   4.7084957e-01  -8.8221351e-01  -4.7084957e-01
  8.8232433e-01   4.7064188e-01  -8.8232433e-01  -4.7064188e-01
  8.8243509e-01   4.7043418e-01  -8.8243509e-01  -4.7043418e-01
  8.8254578e-01   4.7022648e-01  -8.8254578e-01  -4.7022648e-01
  8.8265641e-01   4.7001878e-01  -8.8265641e-01  -4.7001878e-01
  8.8276698e-01   4.6981109e-01  -8.8276698e-01  -4.6981109e-01
  8.8287749e-01   4.6960339e-01  -8.8287749e-01  -4.6960339e-01
  8.8298793e-01   4.6939569e-01  -8.8298793e-01  -4.6939569e-01
  8.8309831e-01   4.6918800e-01  -8.8309831e-01  -4.6918800e-01
  8.8320863e-01   4.6898030e-01  -8.8320863e-01  -4.6898030e-01
  8.8331888e-01   4.6877260e-01  -8.8331888e-01  -4.6877260e-01
  8.8342907e-01   4.6856490e-01  -8.8342907e-01  -4.6856490e-01
  8.8353920e-01   4.6835721e-01  -8.8353920e-01  -4.6835721e-01
  8.8364927e-01   4.6814951e-01  -8.8364927e-01  -4.6814951e-01
  8.8375928e-01   4.6794181e-01  -8.8375928e-01  -4.6794181e-01
  8.8386922e-01   4.6773412e-01  -8.8386922e-01  -4.6773412e-01
  8.8397910e-01   4.6752642e-01  -8.8397910e-01  -4.6752642e-01
  8.8408892e-01   4.6731872e-01  -8.8408892e-01  -4.6731872e-01
  8.8419867e-01   4.6711102e-01  -8.8419867e-01  -4.6711102e-01
  8.8430836e-01   4.6690333e-01  -8.8430836e-01  -4.6690333e-01
  8.8441799e-01   4.6669563e-01  -8.8441799e-01  -4.6669563e-01
  8.8452756e-01   4.6648793e-01  -8.8452756e-01  -4.6648793e-01
  8.8463707e-01   4.6628024e-01  -8.8463707e-01  -4.6628024e-01
  8.8474651e-01   4.6607254e-01  -8.8474651e-01  -4.6607254e-01
  8.8485589e-01   4.6586484e-01  -8.8485589e-01  -4.6586484e-01
  8.8496521e-01   4.6565714e-01  -8.8496521e-01  -4.6565714e-01
  8.8507447e-01   4.6544945e-01  -8.8507447e-01  -4.6544945e-01
  8.8518366e-01   4.6524175e-01  -8.8518366e-01  -4.6524175e-01
  8.8529279e-01   4.6503405e-01  -8.8529279e-01  -4.6503405e-01
  8.8540186e-01   4.6482636e-01  -8.8540186e-01  -4.6482636e-01
  8.8551087e-01   4.6461866e-01  -8.8551087e-01  -4.6461866e-01
  8.8561982e-01   4.6441096e-01  -8.8561982e-01  -4.6441096e-01
  8.8572870e-01   4.6420326e-01  -8.8572870e-01  -4.6420326e-01
  8.8583752e-01   4.6399557e-01  -8.8583752e-01  -4.6399557e-01
  8.8594628e-01   4.6378787e-01  -8.8594628e-01  -4.6378787e-01
  8.8605498e-01   4.6358017e-01  -8.8605498e-01  -4.6358017e-01
  8.8616361e-01   4.6337248e-01  -8.8616361e-01  -4.6337248e-01
  8.8627219e-01   4.6316478e-01  -8.8627219e-01  -4.6316478e-01
  8.8638070e-01   4.6295708e-01  -8.8638070e-01  -4.6295708e-01
  8.8648915e-01   4.6274938e-01  -8.8648915e-01  -4.6274938e-01
  8.8659753e-01   4.6254169e-01  -8.8659753e-01  -4.6254169e-01
  8.8670586e-01   4.6233399e-01  -8.8670586e-01  -4.6233399e-01
  8.8681412e-01   4.6212629e-01  -8.8681412e-01  -4.6212629e-01
  8.8692233e-01   4.6191860e-01  -8.8692233e-01  -4.6191860e-01
  8.8703046e-01   4.6171090e-01  -8.8703046e-01  -4.6171090e-01
  8.8713854e-01   4.6150320e-01  -8.8713854e-01  -4.6150320e-01
  8.8724656e-01   4.6129550e-01  -8.8724656e-01  -4.6129550e-01
  8.8735451e-01   4.6108781e-01  -8.8735451e-01  -4.6108781e-01
  8.8746241e-01   4.6088011e-01  -8.8746241e-01  -4.6088011e-01
  8.8757024e-01   4.6067241e-01  -8.8757024e-01  -4.6067241e-01
  8.8767801e-01   4.6046472e-01  -8.8767801e-01  -4.6046472e-01
  8.8778572e-01   4.6025702e-01  -8.8778572e-01  -4.6025702e-01
  8.8789336e-01   4.6004932e-01  -8.8789336e-01  -4.6004932e-01
  8.8800095e-01   4.5984162e-01  -8.8800095e-01  -4.5984162e-01
  8.8810847e-01   4.5963393e-01  -8.8810847e-01  -4.5963393e-01
  8.8821593e-01   4.5942623e-01  -8.8821593e-01  -4.5942623e-01
  8.8832333e-01   4.5921853e-01  -8.8832333e-01  -4.5921853e-01
  8.8843067e-01   4.5901084e-01  -8.8843067e-01  -4.5901084e-01
  8.8853795e-01   4.5880314e-01  -8.8853795e-01  -4.5880314e-01
  8.8864516e-01   4.5859544e-01  -8.8864516e-01  -4.5859544e-01
  8.8875231e-01   4.5838774e-01  -8.8875231e-01  -4.5838774e-01
  8.8885941e-01   4.5818005e-01  -8.8885941e-01  -4.5818005e-01
  8.8896644e-01   4.5797235e-01  -8.8896644e-01  -4.5797235e-01
  8.8907341e-01   4.5776465e-01  -8.8907341e-01  -4.5776465e-01
  8.8918031e-01   4.5755696e-01  -8.8918031e-01  -4.5755696e-01
  8.8928716e-01   4.5734926e-01  -8.8928716e-01  -4.5734926e-01
  8.8939395e-01   4.5714156e-01  -8.8939395e-01  -4.5714156e-01
  8.8950067e-01   4.5693386e-01  -8.8950067e-01  -4.5693386e-01
  8.8960733e-01   4.5672617e-01  -8.8960733e-01  -4.5672617e-01
  8.8971394e-01   4.5651847e-01  -8.8971394e-01  -4.5651847e-01
  8.8982048e-01   4.5631077e-01  -8.8982048e-01  -4.5631077e-01
  8.8992695e-01   4.5610308e-01  -8.8992695e-01  -4.5610308e-01
  8.9003337e-01   4.5589538e-01  -8.9003337e-01  -4.5589538e-01
  8.9013973e-01   4.5568768e-01  -8.9013973e-01  -4.5568768e-01
  8.9024602e-01   4.5547998e-01  -8.9024602e-01  -4.5547998e-01
  8.9035226e-01   4.5527229e-01  -8.9035226e-01  -4.5527229e-01
  8.9045843e-01   4.5506459e-01  -8.9045843e-01  -4.5506459e-01
  8.9056454e-01   4.5485689e-01  -8.9056454e-01  -4.5485689e-01
  8.9067060e-01   4.5464920e-01  -8.9067060e-01  -4.5464920e-01
  8.9077658e-01   4.5444150e-01  -8.9077658e-01  -4.5444150e-01
  8.9088251e-01   4.5423380e-01  -8.9088251e-01  -4.5423380e-01
  8.9098838e-01   4.5402610e-01  -8.9098838e-01  -4.5402610e-01
  8.9109419e-01   4.5381841e-01  -8.9109419e-01  -4.5381841e-01
  8.9119993e-01   4.5361071e-01  -8.9119993e-01  -4.5361071e-01
  8.9130562e-01   4.5340301e-01  -8.9130562e-01  -4.5340301e-01
  8.9141124e-01   4.5319532e-01  -8.9141124e-01  -4.5319532e-01
  8.9151681e-01   4.5298762e-01  -8.9151681e-01  -4.5298762e-01
  8.9162231e-01   4.5277992e-01  -8.9162231e-01  -4.5277992e-01
  8.9172775e-01   4.5257222e-01  -8.9172775e-01  -4.5257222e-01
  8.9183313e-01   4.5236453e-01  -8.9183313e-01  -4.5236453e-01
  8.9193845e-01   4.5215683e-01  -8.9193845e-01  -4.5215683e-01
  8.9204371e-01   4.5194913e-01  -8.9204371e-01  -4.5194913e-01
  8.9214891e-01   4.5174144e-01  -8.9214891e-01  -4.5174144e-01
  8.9225405e-01   4.5153374e-01  -8.9225405e-01  -4.5153374e-01
  8.9235912e-01   4.5132604e-01  -8.9235912e-01  -4.5132604e-01
  8.9246414e-01   4.5111834e-01  -8.9246414e-01  -4.5111834e-01
  8.9256909e-01   4.5091065e-01  -8.9256909e-01  -4.5091065e-01
  8.9267399e-01   4.5070295e-01  -8.9267399e-01  -4.5070295e-01
  8.9277882e-01   4.5049525e-01  -8.9277882e-01  -4.5049525e-01
  8.9288360e-01   4.5028756e-01  -8.9288360e-01  -4.5028756e-01
  8.9298831e-01   4.5007986e-01  -8.9298831e-01  -4.5007986e-01
  8.9309296e-01   4.4987216e-01  -8.9309296e-01  -4.4987216e-01
  8.9319755e-01   4.4966446e-01  -8.9319755e-01  -4.4966446e-01
  8.9330208e-01   4.4945677e-01  -8.9330208e-01  -4.4945677e-01
  8.9340656e-01   4.4924907e-01  -8.9340656e-01  -4.4924907e-01
  8.9351097e-01   4.4904137e-01  -8.9351097e-01  -4.4904137e-01
  8.9361532e-01   4.4883368e-01  -8.9361532e-01  -4.4883368e-01
  8.9371960e-01   4.4862598e-01  -8.9371960e-01  -4.4862598e-01
  8.9382383e-01   4.4841828e-01  -8.9382383e-01  -4.4841828e-01
  8.9392800e-01   4.4821058e-01  -8.9392800e-01  -4.4821058e-01
  8.9403211e-01   4.4800289e-01  -8.9403211e-01  -4.4800289e-01
  8.9413616e-01   4.4779519e-01  -8.9413616e-01  -4.4779519e-01
  8.9424014e-01   4.4758749e-01  -8.9424014e-01  -4.4758749e-01
  8.9434407e-01   4.4737980e-01  -8.9434407e-01  -4.4737980e-01
  8.9444794e-01   4.4717210e-01  -8.9444794e-01  -4.4717210e-01
  8.9455174e-01   4.4696440e-01  -8.9455174e-01  -4.4696440e-01
  8.9465549e-01   4.4675670e-01  -8.9465549e-01  -4.4675670e-01
  8.9475918e-01   4.4654901e-01  -8.9475918e-01  -4.4654901e-01
  8.9486280e-01   4.4634131e-01  -8.9486280e-01  -4.4634131e-01
  8.9496637e-01   4.4613361e-01  -8.9496637e-01  -4.4613361e-01
  8.9506987e-01   4.4592592e-01  -8.9506987e-01  -4.4592592e-01
  8.9517332e-01   4.4571822e-01  -8.9517332e-01  -4.4571822e-01
  8.9527670e-01   4.4551052e-01  -8.9527670e-01  -4.4551052e-01
  8.9538003e-01   4.4530282e-01  -8.9538003e-01  -4.4530282e-01
  8.9548329e-01   4.4509513e-01  -8.9548329e-01  -4.4509513e-01
  8.9558650e-01   4.4488743e-01  -8.9558650e-01  -4.4488743e-01
  8.9568964e-01   4.4467973e-01  -8.9568964e-01  -4.4467973e-01
  8.9579273e-01   4.4447204e-01  -8.9579273e-01  -4.4447204e-01
  8.9589575e-01   4.4426434e-01  -8.9589575e-01  -4.4426434e-01
  8.9599872e-01   4.4405664e-01  -8.9599872e-01  -4.4405664e-01
  8.9610162e-01   4.4384894e-01  -8.9610162e-01  -4.4384894e-01
  8.9620447e-01   4.4364125e-01  -8.9620447e-01  -4.4364125e-01
  8.9630725e-01   4.4343355e-01  -8.9630725e-01  -4.4343355e-01
  8.9640998e-01   4.4322585e-01  -8.9640998e-01  -4.4322585e-01
  8.9651264e-01   4.4301816e-01  -8.9651264e-01  -4.4301816e-01
  8.9661525e-01   4.4281046e-01  -8.9661525e-01  -4.4281046e-01
  8.9671779e-01   4.4260276e-01  -8.9671779e-01  -4.4260276e-01
  8.9682028e-01   4.4239506e-01  -8.9682028e-01  -4.4239506e-01
  8.9692270e-01   4.4218737e-01  -8.9692270e-01  -4.4218737e-01
  8.9702507e-01   4.4197967e-01  -8.9702507e-01  -4.4197967e-01
  8.9712737e-01   4.4177197e-01  -8.9712737e-01  -4.4177197e-01
  8.9722962e-01   4.4156428e-01  -8.9722962e-01  -4.4156428e-01
  8.9733181e-01   4.4135658e-01  -8.9733181e-01  -4.4135658e-01
  8.9743393e-01   4.4114888e-01  -8.9743393e-01  -4.4114888e-01
  8.9753600e-01   4.4094118e-01  -8.9753600e-01  -4.4094118e-01
  8.9763801e-01   4.4073349e-01  -8.9763801e-01  -4.4073349e-01
  8.9773996e-01   4.4052579e-01  -8.9773996e-01  -4.4052579e-01
  8.9784184e-01   4.4031809e-01  -8.9784184e-01  -4.4031809e-01
  8.9794367e-01   4.4011040e-01  -8.9794367e-01  -4.4011040e-01
  8.9804544e-01   4.3990270e-01  -8.9804544e-01  -4.3990270e-01
  8.9814715e-01   4.3969500e-01  -8.9814715e-01  -4.3969500e-01
  8.9824880e-01   4.3948730e-01  -8.9824880e-01  -4.3948730e-01
  8.9835039e-01   4.3927961e-01  -8.9835039e-01  -4.3927961e-01
  8.9845192e-01   4.3907191e-01  -8.9845192e-01  -4.3907191e-01
  8.9855339e-01   4.3886421e-01  -8.9855339e-01  -4.3886421e-01
  8.9865481e-01   4.3865652e-01  -8.9865481e-01  -4.3865652e-01
  8.9875616e-01   4.3844882e-01  -8.9875616e-01  -4.3844882e-01
  8.9885745e-01   4.3824112e-01  -8.9885745e-01  -4.3824112e-01
  8.9895869e-01   4.3803342e-01  -8.9895869e-01  -4.3803342e-01
  8.9905986e-01   4.3782573e-01  -8.9905986e-01  -4.3782573e-01
  8.9916098e-01   4.3761803e-01  -8.9916098e-01  -4.3761803e-01
  8.9926203e-01   4.3741033e-01  -8.9926203e-01  -4.3741033e-01
  8.9936303e-01   4.3720263e-01  -8.9936303e-01  -4.3720263e-01
  8.9946397e-01   4.3699494e-01  -8.9946397e-01  -4.3699494e-01
  8.9956484e-01   4.3678724e-01  -8.9956484e-01  -4.3678724e-01
  8.9966566e-01   4.3657954e-01  -8.9966566e-01  -4.3657954e-01
  8.9976642e-01   4.3637185e-01  -8.9976642e-01  -4.3637185e-01
  8.9986712e-01   4.3616415e-01  -8.9986712e-01  -4.3616415e-01
  8.9996776e-01   4.3595645e-01  -8.9996776e-01  -4.3595645e-01
  9.0006834e-01   4.3574875e-01  -9.0006834e-01  -4.3574875e-01
  9.0016887e-01   4.3554106e-01  -9.0016887e-01  -4.3554106e-01
  9.0026933e-01   4.3533336e-01  -9.0026933e-01  -4.3533336e-01
  9.0036973e-01   4.3512566e-01  -9.0036973e-01  -4.3512566e-01
  9.0047008e-01   4.3491797e-01  -9.0047008e-01  -4.3491797e-01
  9.0057036e-01   4.3471027e-01  -9.0057036e-01  -4.3471027e-01
  9.0067059e-01   4.3450257e-01  -9.0067059e-01  -4.3450257e-01
  9.0077076e-01   4.3429487e-01  -9.0077076e-01  -4.3429487e-01
  9.0087087e-01   4.3408718e-01  -9.0087087e-01  -4.3408718e-01
  9.0097092e-01   4.3387948e-01  -9.0097092e-01  -4.3387948e-01
  9.0107091e-01   4.3367178e-01  -9.0107091e-01  -4.3367178e-01
  9.0117084e-01   4.3346409e-01  -9.0117084e-01  -4.3346409e-01
  9.0127071e-01   4.3325639e-01  -9.0127071e-01  -4.3325639e-01
  9.0137053e-01   4.3304869e-01  -9.0137053e-01  -4.3304869e-01
  9.0147028e-01   4.3284099e-01  -9.0147028e-01  -4.3284099e-01
  9.0156998e-01   4.3263330e-01  -9.0156998e-01  -4.3263330e-01
  9.0166962e-01   4.3242560e-01  -9.0166962e-01  -4.3242560e-01
  9.0176920e-01   4.3221790e-01  -9.0176920e-01  -4.3221790e-01
  9.0186872e-01   4.3201021e-01  -9.0186872e-01  -4.3201021e-01
  9.0196818e-01   4.3180251e-01  -9.0196818e-01  -4.3180251e-01
  9.0206758e-01   4.3159481e-01  -9.0206758e-01  -4.3159481e-01
  9.0216692e-01   4.3138711e-01  -9.0216692e-01  -4.3138711e-01
  9.0226621e-01   4.3117942e-01  -9.0226621e-01  -4.3117942e-01
  9.0236543e-01   4.3097172e-01  -9.0236543e-01  -4.3097172e-01
  9.0246460e-01   4.3076402e-01  -9.0246460e-01  -4.3076402e-01
  9.0256371e-01   4.3055633e-01  -9.0256371e-01  -4.3055633e-01
  9.0266276e-01   4.3034863e-01  -9.0266276e-01  -4.3034863e-01
  9.0276175e-01   4.3014093e-01  -9.0276175e-01  -4.3014093e-01
  9.0286068e-01   4.2993323e-01  -9.0286068e-01  -4.2993323e-01
  9.0295956e-01   4.2972554e-01  -9.0295956e-01  -4.2972554e-01
  9.0305837e-01   4.2951784e-01  -9.0305837e-01  -4.2951784e-01
  9.0315713e-01   4.2931014e-01  -9.0315713e-01  -4.2931014e-01
  9.0325583e-01   4.2910245e-01  -9.0325583e-01  -4.2910245e-01
  9.0335447e-01   4.2889475e-01  -9.0335447e-01  -4.2889475e-01
  9.0345305e-01   4.2868705e-01  -9.0345305e-01  -4.2868705e-01
  9.0355157e-01   4.2847935e-01  -9.0355157e-01  -4.2847935e-01
  9.0365004e-01   4.2827166e-01  -9.0365004e-01  -4.2827166e-01
  9.0374844e-01   4.2806396e-01  -9.0374844e-01  -4.2806396e-01
  9.0384679e-01   4.2785626e-01  -9.0384679e-01  -4.2785626e-01
  9.0394508e-01   4.2764857e-01  -9.0394508e-01  -4.2764857e-01
  9.0404331e-01   4.2744087e-01  -9.0404331e-01  -4.2744087e-01
  9.0414148e-01   4.2723317e-01  -9.0414148e-01  -4.2723317e-01
  9.0423959e-01   4.2702547e-01  -9.0423959e-01  -4.2702547e-01
  9.0433765e-01   4.2681778e-01  -9.0433765e-01  -4.2681778e-01
  9.0443565e-01   4.2661008e-01  -9.0443565e-01  -4.2661008e-01
  9.0453359e-01   4.2640238e-01  -9.0453359e-01  -4.2640238e-01
  9.0463147e-01   4.2619469e-01  -9.0463147e-01  -4.2619469e-01
  9.0472929e-01   4.2598699e-01  -9.0472929e-01  -4.2598699e-01
  9.0482705e-01   4.2577929e-01  -9.0482705e-01  -4.2577929e-01
  9.0487358e-01   4.2568040e-01  -9.0487358e-01  -4.2568040e-01
  9.0496660e-01   4.2548261e-01  -9.0496660e-01  -4.2548261e-01
  9.0505957e-01   4.2528483e-01  -9.0505957e-01  -4.2528483e-01
  9.0515248e-01   4.2508704e-01  -9.0515248e-01  -4.2508704e-01
  9.0524534e-01   4.2488925e-01  -9.0524534e-01  -4.2488925e-01
  9.0533815e-01   4.2469147e-01  -9.0533815e-01  -4.2469147e-01
  9.0543090e-01   4.2449368e-01  -9.0543090e-01  -4.2449368e-01
  9.0552360e-01   4.2429589e-01  -9.0552360e-01  -4.2429589e-01
  9.0561625e-01   4.2409811e-01  -9.0561625e-01  -4.2409811e-01
  9.0570885e-01   4.2390032e-01  -9.0570885e-01  -4.2390032e-01
  9.0580139e-01   4.2370253e-01  -9.0580139e-01  -4.2370253e-01
  9.0589388e-01   4.2350475e-01  -9.0589388e-01  -4.2350475e-01
  9.0598632e-01   4.2330696e-01  -9.0598632e-01  -4.2330696e-01
  9.0607871e-01   4.2310918e-01  -9.0607871e-01  -4.2310918e-01
  9.0617104e-01   4.2291139e-01  -9.0617104e-01  -4.2291139e-01
  9.0626332e-01   4.2271360e-01  -9.0626332e-01  -4.2271360e-01
  9.0635555e-01   4.2251582e-01  -9.0635555e-01  -4.2251582e-01
  9.0644773e-01   4.2231803e-01  -9.0644773e-01  -4.2231803e-01
  9.0653985e-01   4.2212024e-01  -9.0653985e-01  -4.2212024e-01
  9.0663192e-01   4.2192246e-01  -9.0663192e-01  -4.2192246e-01
  9.0672394e-01   4.2172467e-01  -9.0672394e-01  -4.2172467e-01
  9.0681591e-01   4.2152688e-01  -9.0681591e-01  -4.2152688e-01
  9.0690782e-01   4.2132910e-01  -9.0690782e-01  -4.2132910e-01
  9.0699968e-01   4.2113131e-01  -9.0699968e-01  -4.2113131e-01
  9.0709149e-01   4.2093352e-01  -9.0709149e-01  -4.2093352e-01
  9.0718324e-01   4.2073574e-01  -9.0718324e-01  -4.2073574e-01
  9.0727495e-01   4.2053795e-01  -9.0727495e-01  -4.2053795e-01
  9.0736660e-01   4.2034017e-01  -9.0736660e-01  -4.2034017e-01
  9.0745820e-01   4.2014238e-01  -9.0745820e-01  -4.2014238e-01
  9.0754974e-01   4.1994459e-01  -9.0754974e-01  -4.1994459e-01
  9.0764124e-01   4.1974681e-01  -9.0764124e-01  -4.1974681e-01
  9.0773268e-01   4.1954902e-01  -9.0773268e-01  -4.1954902e-01
  9.0782407e-01   4.1935123e-01  -9.0782407e-01  -4.1935123e-01
  9.0791541e-01   4.1915345e-01  -9.0791541e-01  -4.1915345e-01
  9.0800669e-01   4.1895566e-01  -9.0800669e-01  -4.1895566e-01
  9.0809793e-01   4.1875787e-01  -9.0809793e-01  -4.1875787e-01
  9.0818911e-01   4.1856009e-01  -9.0818911e-01  -4.1856009e-01
  9.0828023e-01   4.1836230e-01  -9.0828023e-01  -4.1836230e-01
  9.0837131e-01   4.1816451e-01  -9.0837131e-01  -4.1816451e-01
  9.0846233e-01   4.1796673e-01  -9.0846233e-01  -4.1796673e-01
  9.0855331e-01   4.1776894e-01  -9.0855331e-01  -4.1776894e-01
  9.0864423e-01   4.1757116e-01  -9.0864423e-01  -4.1757116e-01
  9.0873509e-01   4.1737337e-01  -9.0873509e-01  -4.1737337e-01
  9.0882591e-01   4.1717558e-01  -9.0882591e-01  -4.1717558e-01
  9.0891667e-01   4.1697780e-01  -9.0891667e-01  -4.1697780e-01
  9.0900738e-01   4.1678001e-01  -9.0900738e-01  -4.1678001e-01
  9.0909804e-01   4.1658222e-01  -9.0909804e-01  -4.1658222e-01
  9.0918865e-01   4.1638444e-01  -9.0918865e-01  -4.1638444e-01
  9.0927920e-01   4.1618665e-01  -9.0927920e-01  -4.1618665e-01
  9.0936971e-01   4.1598886e-01  -9.0936971e-01  -4.1598886e-01
  9.0946016e-01   4.1579108e-01  -9.0946016e-01  -4.1579108e-01
  9.0955056e-01   4.1559329e-01  -9.0955056e-01  -4.1559329e-01
  9.0964090e-01   4.1539550e-01  -9.0964090e-01  -4.1539550e-01
  9.0973120e-01   4.1519772e-01  -9.0973120e-01  -4.1519772e-01
  9.0982144e-01   4.1499993e-01  -9.0982144e-01  -4.1499993e-01
  9.0991163e-01   4.1480215e-01  -9.0991163e-01  -4.1480215e-01
  9.1000177e-01   4.1460436e-01  -9.1000177e-01  -4.1460436e-01
  9.1009186e-01   4.1440657e-01  -9.1009186e-01  -4.1440657e-01
  9.1018189e-01   4.1420879e-01  -9.1018189e-01  -4.1420879e-01
  9.1027188e-01   4.1401100e-01  -9.1027188e-01  -4.1401100e-01
  9.1036181e-01   4.1381321e-01  -9.1036181e-01  -4.1381321e-01
  9.1045169e-01   4.1361543e-01  -9.1045169e-01  -4.1361543e-01
  9.1054152e-01   4.1341764e-01  -9.1054152e-01  -4.1341764e-01
  9.1063129e-01   4.1321985e-01  -9.1063129e-01  -4.1321985e-01
  9.1072102e-01   4.1302207e-01  -9.1072102e-01  -4.1302207e-01
  9.1081069e-01   4.1282428e-01  -9.1081069e-01  -4.1282428e-01
  9.1090031e-01   4.1262650e-01  -9.1090031e-01  -4.1262650e-01
  9.1098988e-01   4.1242871e-01  -9.1098988e-01  -4.1242871e-01
  9.1107940e-01   4.1223092e-01  -9.1107940e-01  -4.1223092e-01
  9.1116886e-01   4.1203314e-01  -9.1116886e-01  -4.1203314e-01
  9.1125828e-01   4.1183535e-01  -9.1125828e-01  -4.1183535e-01
  9.1134764e-01   4.1163756e-01  -9.1134764e-01  -4.1163756e-01
  9.1143695e-01   4.1143978e-01  -9.1143695e-01  -4.1143978e-01
  9.1152621e-01   4.1124199e-01  -9.1152621e-01  -4.1124199e-01
  9.1161541e-01   4.1104420e-01  -9.1161541e-01  -4.1104420e-01
  9.1170457e-01   4.1084642e-01  -9.1170457e-01  -4.1084642e-01
  9.1179367e-01   4.1064863e-01  -9.1179367e-01  -4.1064863e-01
  9.1188272e-01   4.1045084e-01  -9.1188272e-01  -4.1045084e-01
  9.1197173e-01   4.1025306e-01  -9.1197173e-01  -4.1025306e-01
  9.1206067e-01   4.1005527e-01  -9.1206067e-01  -4.1005527e-01
  9.1214957e-01   4.0985749e-01  -9.1214957e-01  -4.0985749e-01
  9.1223842e-01   4.0965970e-01  -9.1223842e-01  -4.0965970e-01
  9.1232721e-01   4.0946191e-01  -9.1232721e-01  -4.0946191e-01
  9.1241596e-01   4.0926413e-01  -9.1241596e-01  -4.0926413e-01
  9.1250465e-01   4.0906634e-01  -9.1250465e-01  -4.0906634e-01
  9.1259329e-01   4.0886855e-01  -9.1259329e-01  -4.0886855e-01
  9.1268187e-01   4.0867077e-01  -9.1268187e-01  -4.0867077e-01
  9.1277041e-01   4.0847298e-01  -9.1277041e-01  -4.0847298e-01
  9.1285890e-01   4.0827519e-01  -9.1285890e-01  -4.0827519e-01
  9.1294733e-01   4.0807741e-01  -9.1294733e-01  -4.0807741e-01
  9.1303571e-01   4.0787962e-01  -9.1303571e-01  -4.0787962e-01
  9.1312404e-01   4.0768183e-01  -9.1312404e-01  -4.0768183e-01
  9.1321232e-01   4.0748405e-01  -9.1321232e-01  -4.0748405e-01
  9.1330055e-01   4.0728626e-01  -9.1330055e-01  -4.0728626e-01
  9.1338873e-01   4.0708848e-01  -9.1338873e-01  -4.0708848e-01
  9.1347686e-01   4.0689069e-01  -9.1347686e-01  -4.0689069e-01
  9.1356493e-01   4.0669290e-01  -9.1356493e-01  -4.0669290e-01
  9.1365295e-01   4.0649512e-01  -9.1365295e-01  -4.0649512e-01
  9.1374093e-01   4.0629733e-01  -9.1374093e-01  -4.0629733e-01
  9.1382885e-01   4.0609954e-01  -9.1382885e-01  -4.0609954e-01
  9.1391672e-01   4.0590176e-01  -9.1391672e-01  -4.0590176e-01
  9.1400453e-01   4.0570397e-01  -9.1400453e-01  -4.0570397e-01
  9.1409230e-01   4.0550618e-01  -9.1409230e-01  -4.0550618e-01
  9.1418002e-01   4.0530840e-01  -9.1418002e-01  -4.0530840e-01
  9.1426768e-01   4.0511061e-01  -9.1426768e-01  -4.0511061e-01
  9.1435529e-01   4.0491283e-01  -9.1435529e-01  -4.0491283e-01
  9.1444286e-01   4.0471504e-01  -9.1444286e-01  -4.0471504e-01
  9.1453037e-01   4.0451725e-01  -9.1453037e-01  -4.0451725e-01
  9.1461783e-01   4.0431947e-01  -9.1461783e-01  -4.0431947e-01
  9.1470524e-01   4.0412168e-01  -9.1470524e-01  -4.0412168e-01
  9.1479259e-01   4.0392389e-01  -9.1479259e-01  -4.0392389e-01
  9.1487990e-01   4.0372611e-01  -9.1487990e-01  -4.0372611e-01
  9.1496715e-01   4.0352832e-01  -9.1496715e-01  -4.0352832e-01
  9.1505436e-01   4.0333053e-01  -9.1505436e-01  -4.0333053e-01
  9.1514151e-01   4.0313275e-01  -9.1514151e-01  -4.0313275e-01
  9.1522861e-01   4.0293496e-01  -9.1522861e-01  -4.0293496e-01
  9.1531567e-01   4.0273717e-01  -9.1531567e-01  -4.0273717e-01
  9.1540267e-01   4.0253939e-01  -9.1540267e-01  -4.0253939e-01
  9.1548962e-01   4.0234160e-01  -9.1548962e-01  -4.0234160e-01
  9.1557651e-01   4.0214382e-01  -9.1557651e-01  -4.0214382e-01
  9.1566336e-01   4.0194603e-01  -9.1566336e-01  -4.0194603e-01
  9.1575016e-01   4.0174824e-01  -9.1575016e-01  -4.0174824e-01
  9.1583690e-01   4.0155046e-01  -9.1583690e-01  -4.0155046e-01
  9.1592360e-01   4.0135267e-01  -9.1592360e-01  -4.0135267e-01
  9.1601024e-01   4.0115488e-01  -9.1601024e-01  -4.0115488e-01
  9.1609683e-01   4.0095710e-01  -9.1609683e-01  -4.0095710e-01
  9.1618337e-01   4.0075931e-01  -9.1618337e-01  -4.0075931e-01
  9.1626986e-01   4.0056152e-01  -9.1626986e-01  -4.0056152e-01
  9.1635630e-01   4.0036374e-01  -9.1635630e-01  -4.0036374e-01
  9.1644269e-01   4.0016595e-01  -9.1644269e-01  -4.0016595e-01
  9.1652903e-01   3.9996816e-01  -9.1652903e-01  -3.9996816e-01
  9.1661532e-01   3.9977038e-01  -9.1661532e-01  -3.9977038e-01
  9.1670156e-01   3.9957259e-01  -9.1670156e-01  -3.9957259e-01
  9.1678774e-01   3.9937481e-01  -9.1678774e-01  -3.9937481e-01
  9.1687388e-01   3.9917702e-01  -9.1687388e-01  -3.9917702e-01
  9.1695996e-01   3.9897923e-01  -9.1695996e-01  -3.9897923e-01
  9.1704600e-01   3.9878145e-01  -9.1704600e-01  -3.9878145e-01
  9.1713198e-01   3.9858366e-01  -9.1713198e-01  -3.9858366e-01
  9.1721791e-01   3.9838587e-01  -9.1721791e-01  -3.9838587e-01
  9.1730379e-01   3.9818809e-01  -9.1730379e-01  -3.9818809e-01
  9.1738962e-01   3.9799030e-01  -9.1738962e-01  -3.9799030e-01
  9.1747540e-01   3.9779251e-01  -9.1747540e-01  -3.9779251e-01
  9.1756113e-01   3.9759473e-01  -9.1756113e-01  -3.9759473e-01
  9.1764681e-01   3.9739694e-01  -9.1764681e-01  -3.9739694e-01
  9.1773244e-01   3.9719916e-01  -9.1773244e-01  -3.9719916e-01
  9.1781802e-01   3.9700137e-01  -9.1781802e-01  -3.9700137e-01
  9.1790354e-01   3.9680358e-01  -9.1790354e-01  -3.9680358e-01
  9.1798902e-01   3.9660580e-01  -9.1798902e-01  -3.9660580e-01
  9.1807445e-01   3.9640801e-01  -9.1807445e-01  -3.9640801e-01
  9.1815982e-01   3.9621022e-01  -9.1815982e-01  -3.9621022e-01
  9.1824515e-01   3.9601244e-01  -9.1824515e-01  -3.9601244e-01
  9.1833042e-01   3.9581465e-01  -9.1833042e-01  -3.9581465e-01
  9.1841565e-01   3.9561686e-01  -9.1841565e-01  -3.9561686e-01
  9.1850082e-01   3.9541908e-01  -9.1850082e-01  -3.9541908e-01
  9.1858594e-01   3.9522129e-01  -9.1858594e-01  -3.9522129e-01
  9.1867101e-01   3.9502350e-01  -9.1867101e-01  -3.9502350e-01
  9.1875604e-01   3.9482572e-01  -9.1875604e-01  -3.9482572e-01
  9.1884101e-01   3.9462793e-01  -9.1884101e-01  -3.9462793e-01
  9.1892593e-01   3.9443015e-01  -9.1892593e-01  -3.9443015e-01
  9.1901080e-01   3.9423236e-01  -9.1901080e-01  -3.9423236e-01
  9.1909562e-01   3.9403457e-01  -9.1909562e-01  -3.9403457e-01
  9.1918039e-01   3.9383679e-01  -9.1918039e-01  -3.9383679e-01
  9.1926511e-01   3.9363900e-01  -9.1926511e-01  -3.9363900e-01
  9.1934978e-01   3.9344121e-01  -9.1934978e-01  -3.9344121e-01
  9.1943440e-01   3.9324343e-01  -9.1943440e-01  -3.9324343e-01
  9.1951896e-01   3.9304564e-01  -9.1951896e-01  -3.9304564e-01
  9.1960348e-01   3.9284785e-01  -9.1960348e-01  -3.9284785e-01
  9.1968795e-01   3.9265007e-01  -9.1968795e-01  -3.9265007e-01
  9.1977237e-01   3.9245228e-01  -9.1977237e-01  -3.9245228e-01
  9.1985673e-01   3.9225449e-01  -9.1985673e-01  -3.9225449e-01
  9.1994105e-01   3.9205671e-01  -9.1994105e-01  -3.9205671e-01
  9.2002532e-01   3.9185892e-01  -9.2002532e-01  -3.9185892e-01
  9.2010953e-01   3.9166114e-01  -9.2010953e-01  -3.9166114e-01
  9.2019370e-01   3.9146335e-01  -9.2019370e-01  -3.9146335e-01
  9.2027782e-01   3.9126556e-01  -9.2027782e-01  -3.9126556e-01
  9.2036188e-01   3.9106778e-01  -9.2036188e-01  -3.9106778e-01
  9.2044590e-01   3.9086999e-01  -9.2044590e-01  -3.9086999e-01
  9.2052986e-01   3.9067220e-01  -9.2052986e-01  -3.9067220e-01
  9.2061378e-01   3.9047442e-01  -9.2061378e-01  -3.9047442e-01
  9.2069764e-01   3.9027663e-01  -9.2069764e-01  -3.9027663e-01
  9.2078146e-01   3.9007884e-01  -9.2078146e-01  -3.9007884e-01
  9.2086522e-01   3.8988106e-01  -9.2086522e-01  -3.8988106e-01
  9.2094894e-01   3.8968327e-01  -9.2094894e-01  -3.8968327e-01
  9.2103260e-01   3.8948549e-01  -9.2103260e-01  -3.8948549e-01
  9.2111622e-01   3.8928770e-01  -9.2111622e-01  -3.8928770e-01
  9.2119978e-01   3.8908991e-01  -9.2119978e-01  -3.8908991e-01
  9.2128330e-01   3.8889213e-01  -9.2128330e-01  -3.8889213e-01
  9.2136676e-01   3.8869434e-01  -9.2136676e-01  -3.8869434e-01
  9.2145018e-01   3.8849655e-01  -9.2145018e-01  -3.8849655e-01
  9.2153354e-01   3.8829877e-01  -9.2153354e-01  -3.8829877e-01
  9.2161686e-01   3.8810098e-01  -9.2161686e-01  -3.8810098e-01
  9.2170012e-01   3.8790319e-01  -9.2170012e-01  -3.8790319e-01
  9.2178334e-01   3.8770541e-01  -9.2178334e-01  -3.8770541e-01
  9.2186650e-01   3.8750762e-01  -9.2186650e-01  -3.8750762e-01
  9.2194961e-01   3.8730983e-01  -9.2194961e-01  -3.8730983e-01
  9.2203268e-01   3.8711205e-01  -9.2203268e-01  -3.8711205e-01
  9.2211569e-01   3.8691426e-01  -9.2211569e-01  -3.8691426e-01
  9.2219866e-01   3.8671648e-01  -9.2219866e-01  -3.8671648e-01
  9.2228157e-01   3.8651869e-01  -9.2228157e-01  -3.8651869e-01
  9.2236444e-01   3.8632090e-01  -9.2236444e-01  -3.8632090e-01
  9.2244726e-01   3.8612312e-01  -9.2244726e-01  -3.8612312e-01
  9.2253002e-01   3.8592533e-01  -9.2253002e-01  -3.8592533e-01
  9.2261274e-01   3.8572754e-01  -9.2261274e-01  -3.8572754e-01
  9.2269540e-01   3.8552976e-01  -9.2269540e-01  -3.8552976e-01
  9.2277802e-01   3.8533197e-01  -9.2277802e-01  -3.8533197e-01
  9.2286059e-01   3.8513418e-01  -9.2286059e-01  -3.8513418e-01
  9.2294310e-01   3.8493640e-01  -9.2294310e-01  -3.8493640e-01
  9.2302557e-01   3.8473861e-01  -9.2302557e-01  -3.8473861e-01
  9.2310799e-01   3.8454082e-01  -9.2310799e-01  -3.8454082e-01
  9.2319035e-01   3.8434304e-01  -9.2319035e-01  -3.8434304e-01
  9.2327267e-01   3.8414525e-01  -9.2327267e-01  -3.8414525e-01
  9.2335494e-01   3.8394747e-01  -9.2335494e-01  -3.8394747e-01
  9.2343716e-01   3.8374968e-01  -9.2343716e-01  -3.8374968e-01
  9.2351933e-01   3.8355189e-01  -9.2351933e-01  -3.8355189e-01
  9.2360144e-01   3.8335411e-01  -9.2360144e-01  -3.8335411e-01
  9.2368351e-01   3.8315632e-01  -9.2368351e-01  -3.8315632e-01
  9.2376553e-01   3.8295853e-01  -9.2376553e-01  -3.8295853e-01
  9.2384750e-01   3.8276075e-01  -9.2384750e-01  -3.8276075e-01
  9.2392942e-01   3.8256296e-01  -9.2392942e-01  -3.8256296e-01
  9.2401130e-01   3.8236517e-01  -9.2401130e-01  -3.8236517e-01
  9.2409312e-01   3.8216739e-01  -9.2409312e-01  -3.8216739e-01
  9.2417489e-01   3.8196960e-01  -9.2417489e-01  -3.8196960e-01
  9.2425661e-01   3.8177182e-01  -9.2425661e-01  -3.8177182e-01
  9.2433828e-01   3.8157403e-01  -9.2433828e-01  -3.8157403e-01
  9.2441991e-01   3.8137624e-01  -9.2441991e-01  -3.8137624e-01
  9.2450148e-01   3.8117846e-01  -9.2450148e-01  -3.8117846e-01
  9.2458300e-01   3.8098067e-01  -9.2458300e-01  -3.8098067e-01
  9.2466448e-01   3.8078288e-01  -9.2466448e-01  -3.8078288e-01
  9.2474590e-01   3.8058510e-01  -9.2474590e-01  -3.8058510e-01
  9.2482728e-01   3.8038731e-01  -9.2482728e-01  -3.8038731e-01
  9.2490860e-01   3.8018952e-01  -9.2490860e-01  -3.8018952e-01
  9.2498988e-01   3.7999174e-01  -9.2498988e-01  -3.7999174e-01
  9.2507111e-01   3.7979395e-01  -9.2507111e-01  -3.7979395e-01
  9.2515229e-01   3.7959616e-01  -9.2515229e-01  -3.7959616e-01
  9.2523341e-01   3.7939838e-01  -9.2523341e-01  -3.7939838e-01
  9.2531449e-01   3.7920059e-01  -9.2531449e-01  -3.7920059e-01
  9.2539552e-01   3.7900281e-01  -9.2539552e-01  -3.7900281e-01
  9.2547650e-01   3.7880502e-01  -9.2547650e-01  -3.7880502e-01
  9.2555743e-01   3.7860723e-01  -9.2555743e-01  -3.7860723e-01
  9.2563832e-01   3.7840945e-01  -9.2563832e-01  -3.7840945e-01
  9.2571915e-01   3.7821166e-01  -9.2571915e-01  -3.7821166e-01
  9.2579993e-01   3.7801387e-01  -9.2579993e-01  -3.7801387e-01
  9.2588066e-01   3.7781609e-01  -9.2588066e-01  -3.7781609e-01
  9.2596135e-01   3.7761830e-01  -9.2596135e-01  -3.7761830e-01
  9.2604198e-01   3.7742051e-01  -9.2604198e-01  -3.7742051e-01
  9.2612257e-01   3.7722273e-01  -9.2612257e-01  -3.7722273e-01
  9.2620311e-01   3.7702494e-01  -9.2620311e-01  -3.7702494e-01
  9.2628359e-01   3.7682715e-01  -9.2628359e-01  -3.7682715e-01
  9.2636403e-01   3.7662937e-01  -9.2636403e-01  -3.7662937e-01
  9.2644442e-01   3.7643158e-01  -9.2644442e-01  -3.7643158e-01
  9.2652476e-01   3.7623380e-01  -9.2652476e-01  -3.7623380e-01
  9.2660505e-01   3.7603601e-01  -9.2660505e-01  -3.7603601e-01
  9.2668529e-01   3.7583822e-01  -9.2668529e-01  -3.7583822e-01
  9.2676548e-01   3.7564044e-01  -9.2676548e-01  -3.7564044e-01
  9.2684563e-01   3.7544265e-01  -9.2684563e-01  -3.7544265e-01
  9.2692572e-01   3.7524486e-01  -9.2692572e-01  -3.7524486e-01
  9.2700577e-01   3.7504708e-01  -9.2700577e-01  -3.7504708e-01
  9.2708576e-01   3.7484929e-01  -9.2708576e-01  -3.7484929e-01
  9.2716571e-01   3.7465150e-01  -9.2716571e-01  -3.7465150e-01
  9.2724561e-01   3.7445372e-01  -9.2724561e-01  -3.7445372e-01
  9.2732545e-01   3.7425593e-01  -9.2732545e-01  -3.7425593e-01
  9.2740525e-01   3.7405815e-01  -9.2740525e-01  -3.7405815e-01
  9.2748500e-01   3.7386036e-01  -9.2748500e-01  -3.7386036e-01
  9.2756471e-01   3.7366257e-01  -9.2756471e-01  -3.7366257e-01
  9.2764436e-01   3.7346479e-01  -9.2764436e-01  -3.7346479e-01
  9.2772396e-01   3.7326700e-01  -9.2772396e-01  -3.7326700e-01
  9.2780351e-01   3.7306921e-01  -9.2780351e-01  -3.7306921e-01
  9.2788302e-01   3.7287143e-01  -9.2788302e-01  -3.7287143e-01
  9.2796248e-01   3.7267364e-01  -9.2796248e-01  -3.7267364e-01
  9.2804188e-01   3.7247585e-01  -9.2804188e-01  -3.7247585e-01
  9.2812124e-01   3.7227807e-01  -9.2812124e-01  -3.7227807e-01
  9.2820055e-01   3.7208028e-01  -9.2820055e-01  -3.7208028e-01
  9.2827981e-01   3.7188249e-01  -9.2827981e-01  -3.7188249e-01
  9.2835902e-01   3.7168471e-01  -9.2835902e-01  -3.7168471e-01
  9.2843819e-01   3.7148692e-01  -9.2843819e-01  -3.7148692e-01
  9.2851730e-01   3.7128914e-01  -9.2851730e-01  -3.7128914e-01
  9.2859637e-01   3.7109135e-01  -9.2859637e-01  -3.7109135e-01
  9.2867538e-01   3.7089356e-01  -9.2867538e-01  -3.7089356e-01
  9.2875435e-01   3.7069578e-01  -9.2875435e-01  -3.7069578e-01
  9.2883327e-01   3.7049799e-01  -9.2883327e-01  -3.7049799e-01
  9.2891214e-01   3.7030020e-01  -9.2891214e-01  -3.7030020e-01
  9.2899096e-01   3.7010242e-01  -9.2899096e-01  -3.7010242e-01
  9.2906973e-01   3.6990463e-01  -9.2906973e-01  -3.6990463e-01
  9.2914845e-01   3.6970684e-01  -9.2914845e-01  -3.6970684e-01
  9.2922713e-01   3.6950906e-01  -9.2922713e-01  -3.6950906e-01
  9.2930575e-01   3.6931127e-01  -9.2930575e-01  -3.6931127e-01
  9.2938433e-01   3.6911348e-01  -9.2938433e-01  -3.6911348e-01
  9.2946286e-01   3.6891570e-01  -9.2946286e-01  -3.6891570e-01
  9.2954134e-01   3.6871791e-01  -9.2954134e-01  -3.6871791e-01
  9.2961977e-01   3.6852013e-01  -9.2961977e-01  -3.6852013e-01
  9.2969815e-01   3.6832234e-01  -9.2969815e-01  -3.6832234e-01
  9.2977649e-01   3.6812455e-01  -9.2977649e-01  -3.6812455e-01
  9.2981529e-01   3.6802653e-01  -9.2981529e-01  -3.6802653e-01
  9.2989286e-01   3.6783049e-01  -9.2989286e-01  -3.6783049e-01
  9.2997039e-01   3.6763444e-01  -9.2997039e-01  -3.6763444e-01
  9.3004786e-01   3.6743840e-01  -9.3004786e-01  -3.6743840e-01
  9.3012529e-01   3.6724235e-01  -9.3012529e-01  -3.6724235e-01
  9.3020267e-01   3.6704631e-01  -9.3020267e-01  -3.6704631e-01
  9.3028000e-01   3.6685026e-01  -9.3028000e-01  -3.6685026e-01
  9.3035729e-01   3.6665422e-01  -9.3035729e-01  -3.6665422e-01
  9.3043453e-01   3.6645817e-01  -9.3043453e-01  -3.6645817e-01
  9.3051172e-01   3.6626213e-01  -9.3051172e-01  -3.6626213e-01
  9.3058886e-01   3.6606608e-01  -9.3058886e-01  -3.6606608e-01
  9.3066595e-01   3.6587004e-01  -9.3066595e-01  -3.6587004e-01
  9.3074300e-01   3.6567399e-01  -9.3074300e-01  -3.6567399e-01
  9.3082000e-01   3.6547795e-01  -9.3082000e-01  -3.6547795e-01
  9.3089695e-01   3.6528190e-01  -9.3089695e-01  -3.6528190e-01
  9.3097385e-01   3.6508586e-01  -9.3097385e-01  -3.6508586e-01
  9.3105071e-01   3.6488981e-01  -9.3105071e-01  -3.6488981e-01
  9.3112752e-01   3.6469377e-01  -9.3112752e-01  -3.6469377e-01
  9.3120428e-01   3.6449772e-01  -9.3120428e-01  -3.6449772e-01
  9.3128099e-01   3.6430168e-01  -9.3128099e-01  -3.6430168e-01
  9.3135766e-01   3.6410563e-01  -9.3135766e-01  -3.6410563e-01
  9.3143428e-01   3.6390959e-01  -9.3143428e-01  -3.6390959e-01
  9.3151085e-01   3.6371354e-01  -9.3151085e-01  -3.6371354e-01
  9.3158737e-01   3.6351750e-01  -9.3158737e-01  -3.6351750e-01
  9.3166385e-01   3.6332145e-01  -9.3166385e-01  -3.6332145e-01
  9.3174027e-01   3.6312541e-01  -9.3174027e-01  -3.6312541e-01
  9.3181666e-01   3.6292936e-01  -9.3181666e-01  -3.6292936e-01
  9.3189299e-01   3.6273332e-01  -9.3189299e-01  -3.6273332e-01
  9.3196927e-01   3.6253727e-01  -9.3196927e-01  -3.6253727e-01
  9.3204551e-01   3.6234123e-01  -9.3204551e-01  -3.6234123e-01
  9.3212170e-01   3.6214518e-01  -9.3212170e-01  -3.6214518e-01
  9.3219785e-01   3.6194914e-01  -9.3219785e-01  -3.6194914e-01
  9.3227394e-01   3.6175309e-01  -9.3227394e-01  -3.6175309e-01
  9.3234999e-01   3.6155705e-01  -9.3234999e-01  -3.6155705e-01
  9.3242599e-01   3.6136100e-01  -9.3242599e-01  -3.6136100e-01
  9.3250194e-01   3.6116496e-01  -9.3250194e-01  -3.6116496e-01
  9.3257785e-01   3.6096891e-01  -9.3257785e-01  -3.6096891e-01
  9.3265371e-01   3.6077287e-01  -9.3265371e-01  -3.6077287e-01
  9.3272952e-01   3.6057682e-01  -9.3272952e-01  -3.6057682e-01
  9.3280528e-01   3.6038078e-01  -9.3280528e-01  -3.6038078e-01
  9.3288100e-01   3.6018473e-01  -9.3288100e-01  -3.6018473e-01
  9.3295667e-01   3.5998869e-01  -9.3295667e-01  -3.5998869e-01
  9.3303229e-01   3.5979264e-01  -9.3303229e-01  -3.5979264e-01
  9.3310787e-01   3.5959660e-01  -9.3310787e-01  -3.5959660e-01
  9.3318339e-01   3.5940055e-01  -9.3318339e-01  -3.5940055e-01
  9.3325887e-01   3.5920451e-01  -9.3325887e-01  -3.5920451e-01
  9.3333430e-01   3.5900846e-01  -9.3333430e-01  -3.5900846e-01
  9.3340969e-01   3.5881242e-01  -9.3340969e-01  -3.5881242e-01
  9.3348503e-01   3.5861637e-01  -9.3348503e-01  -3.5861637e-01
  9.3356032e-01   3.5842033e-01  -9.3356032e-01  -3.5842033e-01
  9.3363556e-01   3.5822428e-01  -9.3363556e-01  -3.5822428e-01
  9.3371076e-01   3.5802824e-01  -9.3371076e-01  -3.5802824e-01
  9.3378591e-01   3.5783219e-01  -9.3378591e-01  -3.5783219e-01
  9.3386101e-01   3.5763615e-01  -9.3386101e-01  -3.5763615e-01
  9.3393607e-01   3.5744010e-01  -9.3393607e-01  -3.5744010e-01
  9.3401107e-01   3.5724406e-01  -9.3401107e-01  -3.5724406e-01
  9.3408603e-01   3.5704801e-01  -9.3408603e-01  -3.5704801e-01
  9.3416095e-01   3.5685197e-01  -9.3416095e-01  -3.5685197e-01
  9.3423581e-01   3.5665592e-01  -9.3423581e-01  -3.5665592e-01
  9.3431063e-01   3.5645988e-01  -9.3431063e-01  -3.5645988e-01
  9.3438540e-01   3.5626383e-01  -9.3438540e-01  -3.5626383e-01
  9.3446013e-01   3.5606779e-01  -9.3446013e-01  -3.5606779e-01
  9.3453481e-01   3.5587174e-01  -9.3453481e-01  -3.5587174e-01
  9.3460944e-01   3.5567570e-01  -9.3460944e-01  -3.5567570e-01
  9.3468402e-01   3.5547965e-01  -9.3468402e-01  -3.5547965e-01
  9.3475856e-01   3.5528361e-01  -9.3475856e-01  -3.5528361e-01
  9.3483305e-01   3.5508756e-01  -9.3483305e-01  -3.5508756e-01
  9.3490749e-01   3.5489152e-01  -9.3490749e-01  -3.5489152e-01
  9.3498188e-01   3.5469547e-01  -9.3498188e-01  -3.5469547e-01
  9.3505623e-01   3.5449943e-01  -9.3505623e-01  -3.5449943e-01
  9.3513053e-01   3.5430338e-01  -9.3513053e-01  -3.5430338e-01
  9.3520479e-01   3.5410734e-01  -9.3520479e-01  -3.5410734e-01
  9.3527899e-01   3.5391129e-01  -9.3527899e-01  -3.5391129e-01
  9.3535315e-01   3.5371525e-01  -9.3535315e-01  -3.5371525e-01
  9.3542727e-01   3.5351920e-01  -9.3542727e-01  -3.5351920e-01
  9.3550133e-01   3.5332316e-01  -9.3550133e-01  -3.5332316e-01
  9.3557535e-01   3.5312711e-01  -9.3557535e-01  -3.5312711e-01
  9.3564933e-01   3.5293107e-01  -9.3564933e-01  -3.5293107e-01
  9.3572325e-01   3.5273502e-01  -9.3572325e-01  -3.5273502e-01
  9.3579713e-01   3.5253898e-01  -9.3579713e-01  -3.5253898e-01
  9.3587096e-01   3.5234293e-01  -9.3587096e-01  -3.5234293e-01
  9.3594475e-01   3.5214689e-01  -9.3594475e-01  -3.5214689e-01
  9.3601849e-01   3.5195084e-01  -9.3601849e-01  -3.5195084e-01
  9.3609218e-01   3.5175480e-01  -9.3609218e-01  -3.5175480e-01
  9.3616582e-01   3.5155875e-01  -9.3616582e-01  -3.5155875e-01
  9.3623942e-01   3.5136271e-01  -9.3623942e-01  -3.5136271e-01
  9.3631297e-01   3.5116666e-01  -9.3631297e-01  -3.5116666e-01
  9.3638647e-01   3.5097062e-01  -9.3638647e-01  -3.5097062e-01
  9.3645993e-01   3.5077457e-01  -9.3645993e-01  -3.5077457e-01
  9.3653334e-01   3.5057853e-01  -9.3653334e-01  -3.5057853e-01
  9.3660670e-01   3.5038248e-01  -9.3660670e-01  -3.5038248e-01
  9.3668002e-01   3.5018644e-01  -9.3668002e-01  -3.5018644e-01
  9.3675329e-01   3.4999039e-01  -9.3675329e-01  -3.4999039e-01
  9.3682651e-01   3.4979435e-01  -9.3682651e-01  -3.4979435e-01
  9.3689969e-01   3.4959830e-01  -9.3689969e-01  -3.4959830e-01
  9.3697282e-01   3.4940226e-01  -9.3697282e-01  -3.4940226e-01
  9.3704590e-01   3.4920621e-01  -9.3704590e-01  -3.4920621e-01
  9.3711894e-01   3.4901017e-01  -9.3711894e-01  -3.4901017e-01
  9.3719193e-01   3.4881412e-01  -9.3719193e-01  -3.4881412e-01
  9.3726487e-01   3.4861808e-01  -9.3726487e-01  -3.4861808e-01
  9.3733777e-01   3.4842203e-01  -9.3733777e-01  -3.4842203e-01
  9.3741061e-01   3.4822599e-01  -9.3741061e-01  -3.4822599e-01
  9.3748342e-01   3.4802994e-01  -9.3748342e-01  -3.4802994e-01
  9.3755617e-01   3.4783390e-01  -9.3755617e-01  -3.4783390e-01
  9.3762888e-01   3.4763785e-01  -9.3762888e-01  -3.4763785e-01
  9.3770155e-01   3.4744181e-01  -9.3770155e-01  -3.4744181e-01
  9.3777416e-01   3.4724576e-01  -9.3777416e-01  -3.4724576e-01
  9.3784673e-01   3.4704972e-01  -9.3784673e-01  -3.4704972e-01
  9.3791926e-01   3.4685367e-01  -9.3791926e-01  -3.4685367e-01
  9.3799173e-01   3.4665763e-01  -9.3799173e-01  -3.4665763e-01
  9.3806416e-01   3.4646158e-01  -9.3806416e-01  -3.4646158e-01
  9.3813654e-01   3.4626554e-01  -9.3813654e-01  -3.4626554e-01
  9.3820888e-01   3.4606949e-01  -9.3820888e-01  -3.4606949e-01
  9.3828117e-01   3.4587345e-01  -9.3828117e-01  -3.4587345e-01
  9.3835342e-01   3.4567740e-01  -9.3835342e-01  -3.4567740e-01
  9.3842561e-01   3.4548136e-01  -9.3842561e-01  -3.4548136e-01
  9.3849776e-01   3.4528531e-01  -9.3849776e-01  -3.4528531e-01
  9.3856987e-01   3.4508927e-01  -9.3856987e-01  -3.4508927e-01
  9.3864193e-01   3.4489322e-01  -9.3864193e-01  -3.4489322e-01
  9.3871394e-01   3.4469718e-01  -9.3871394e-01  -3.4469718e-01
  9.3878590e-01   3.4450113e-01  -9.3878590e-01  -3.4450113e-01
  9.3885782e-01   3.4430509e-01  -9.3885782e-01  -3.4430509e-01
  9.3892969e-01   3.4410904e-01  -9.3892969e-01  -3.4410904e-01
  9.3900152e-01   3.4391300e-01  -9.3900152e-01  -3.4391300e-01
  9.3907330e-01   3.4371695e-01  -9.3907330e-01  -3.4371695e-01
  9.3914503e-01   3.4352091e-01  -9.3914503e-01  -3.4352091e-01
  9.3921671e-01   3.4332486e-01  -9.3921671e-01  -3.4332486e-01
  9.3928835e-01   3.4312882e-01  -9.3928835e-01  -3.4312882e-01
  9.3935995e-01   3.4293277e-01  -9.3935995e-01  -3.4293277e-01
  9.3943150e-01   3.4273673e-01  -9.3943150e-01  -3.4273673e-01
  9.3950300e-01   3.4254068e-01  -9.3950300e-01  -3.4254068e-01
  9.3957445e-01   3.4234464e-01  -9.3957445e-01  -3.4234464e-01
  9.3964586e-01   3.4214859e-01  -9.3964586e-01  -3.4214859e-01
  9.3971722e-01   3.4195255e-01  -9.3971722e-01  -3.4195255e-01
  9.3978854e-01   3.4175650e-01  -9.3978854e-01  -3.4175650e-01
  9.3985980e-01   3.4156046e-01  -9.3985980e-01  -3.4156046e-01
  9.3993103e-01   3.4136441e-01  -9.3993103e-01  -3.4136441e-01
  9.4000220e-01   3.4116837e-01  -9.4000220e-01  -3.4116837e-01
  9.4007333e-01   3.4097232e-01  -9.4007333e-01  -3.4097232e-01
  9.4014442e-01   3.4077628e-01  -9.4014442e-01  -3.4077628e-01
  9.4021546e-01   3.4058023e-01  -9.4021546e-01  -3.4058023e-01
  9.4028645e-01   3.4038419e-01  -9.4028645e-01  -3.4038419e-01
  9.4035739e-01   3.4018814e-01  -9.4035739e-01  -3.4018814e-01
  9.4042829e-01   3.3999210e-01  -9.4042829e-01  -3.3999210e-01
  9.4049914e-01   3.3979605e-01  -9.4049914e-01  -3.3979605e-01
  9.4056995e-01   3.3960001e-01  -9.4056995e-01  -3.3960001e-01
  9.4064071e-01   3.3940396e-01  -9.4064071e-01  -3.3940396e-01
  9.4071143e-01   3.3920792e-01  -9.4071143e-01  -3.3920792e-01
  9.4078209e-01   3.3901187e-01  -9.4078209e-01  -3.3901187e-01
  9.4085272e-01   3.3881583e-01  -9.4085272e-01  -3.3881583e-01
  9.4092329e-01   3.3861978e-01  -9.4092329e-01  -3.3861978e-01
  9.4099382e-01   3.3842374e-01  -9.4099382e-01  -3.3842374e-01
  9.4106431e-01   3.3822769e-01  -9.4106431e-01  -3.3822769e-01
  9.4113474e-01   3.3803165e-01  -9.4113474e-01  -3.3803165e-01
  9.4120513e-01   3.3783560e-01  -9.4120513e-01  -3.3783560e-01
  9.4127548e-01   3.3763956e-01  -9.4127548e-01  -3.3763956e-01
  9.4134578e-01   3.3744351e-01  -9.4134578e-01  -3.3744351e-01
  9.4141603e-01   3.3724747e-01  -9.4141603e-01  -3.3724747e-01
  9.4148624e-01   3.3705143e-01  -9.4148624e-01  -3.3705143e-01
  9.4155640e-01   3.3685538e-01  -9.4155640e-01  -3.3685538e-01
  9.4162651e-01   3.3665934e-01  -9.4162651e-01  -3.3665934e-01
  9.4169658e-01   3.3646329e-01  -9.4169658e-01  -3.3646329e-01
  9.4176661e-01   3.3626725e-01  -9.4176661e-01  -3.3626725e-01
  9.4183658e-01   3.3607120e-01  -9.4183658e-01  -3.3607120e-01
  9.4190651e-01   3.3587516e-01  -9.4190651e-01  -3.3587516e-01
  9.4197640e-01   3.3567911e-01  -9.4197640e-01  -3.3567911e-01
  9.4204624e-01   3.3548307e-01  -9.4204624e-01  -3.3548307e-01
  9.4211603e-01   3.3528702e-01  -9.4211603e-01  -3.3528702e-01
  9.4218578e-01   3.3509098e-01  -9.4218578e-01  -3.3509098e-01
  9.4225548e-01   3.3489493e-01  -9.4225548e-01  -3.3489493e-01
  9.4232513e-01   3.3469889e-01  -9.4232513e-01  -3.3469889e-01
  9.4239474e-01   3.3450284e-01  -9.4239474e-01  -3.3450284e-01
  9.4246431e-01   3.3430680e-01  -9.4246431e-01  -3.3430680e-01
  9.4253382e-01   3.3411075e-01  -9.4253382e-01  -3.3411075e-01
  9.4260329e-01   3.3391471e-01  -9.4260329e-01  -3.3391471e-01
  9.4267272e-01   3.3371866e-01  -9.4267272e-01  -3.3371866e-01
  9.4274210e-01   3.3352262e-01  -9.4274210e-01  -3.3352262e-01
  9.4281143e-01   3.3332657e-01  -9.4281143e-01  -3.3332657e-01
  9.4288072e-01   3.3313053e-01  -9.4288072e-01  -3.3313053e-01
  9.4294996e-01   3.3293448e-01  -9.4294996e-01  -3.3293448e-01
  9.4301916e-01   3.3273844e-01  -9.4301916e-01  -3.3273844e-01
  9.4308831e-01   3.3254239e-01  -9.4308831e-01  -3.3254239e-01
  9.4315741e-01   3.3234635e-01  -9.4315741e-01  -3.3234635e-01
  9.4322647e-01   3.3215030e-01  -9.4322647e-01  -3.3215030e-01
  9.4329549e-01   3.3195426e-01  -9.4329549e-01  -3.3195426e-01
  9.4336445e-01   3.3175821e-01  -9.4336445e-01  -3.3175821e-01
  9.4343337e-01   3.3156217e-01  -9.4343337e-01  -3.3156217e-01
  9.4350225e-01   3.3136612e-01  -9.4350225e-01  -3.3136612e-01
  9.4357108e-01   3.3117008e-01  -9.4357108e-01  -3.3117008e-01
  9.4363986e-01   3.3097403e-01  -9.4363986e-01  -3.3097403e-01
  9.4370860e-01   3.3077799e-01  -9.4370860e-01  -3.3077799e-01
  9.4377729e-01   3.3058194e-01  -9.4377729e-01  -3.3058194e-01
  9.4384594e-01   3.3038590e-01  -9.4384594e-01  -3.3038590e-01
  9.4391454e-01   3.3018985e-01  -9.4391454e-01  -3.3018985e-01
  9.4398310e-01   3.2999381e-01  -9.4398310e-01  -3.2999381e-01
  9.4405161e-01   3.2979776e-01  -9.4405161e-01  -3.2979776e-01
  9.4412007e-01   3.2960172e-01  -9.4412007e-01  -3.2960172e-01
  9.4418849e-01   3.2940567e-01  -9.4418849e-01  -3.2940567e-01
  9.4425686e-01   3.2920963e-01  -9.4425686e-01  -3.2920963e-01
  9.4432519e-01   3.2901358e-01  -9.4432519e-01  -3.2901358e-01
  9.4439347e-01   3.2881754e-01  -9.4439347e-01  -3.2881754e-01
  9.4446171e-01   3.2862149e-01  -9.4446171e-01  -3.2862149e-01
  9.4452990e-01   3.2842545e-01  -9.4452990e-01  -3.2842545e-01
  9.4459804e-01   3.2822940e-01  -9.4459804e-01  -3.2822940e-01
  9.4466614e-01   3.2803336e-01  -9.4466614e-01  -3.2803336e-01
  9.4473419e-01   3.2783731e-01  -9.4473419e-01  -3.2783731e-01
  9.4480220e-01   3.2764127e-01  -9.4480220e-01  -3.2764127e-01
  9.4487016e-01   3.2744522e-01  -9.4487016e-01  -3.2744522e-01
  9.4493808e-01   3.2724918e-01  -9.4493808e-01  -3.2724918e-01
  9.4500595e-01   3.2705313e-01  -9.4500595e-01  -3.2705313e-01
  9.4507378e-01   3.2685709e-01  -9.4507378e-01  -3.2685709e-01
  9.4514156e-01   3.2666104e-01  -9.4514156e-01  -3.2666104e-01
  9.4520929e-01   3.2646500e-01  -9.4520929e-01  -3.2646500e-01
  9.4527698e-01   3.2626895e-01  -9.4527698e-01  -3.2626895e-01
  9.4534462e-01   3.2607291e-01  -9.4534462e-01  -3.2607291e-01
  9.4541222e-01   3.2587686e-01  -9.4541222e-01  -3.2587686e-01
  9.4547978e-01   3.2568082e-01  -9.4547978e-01  -3.2568082e-01
  9.4554728e-01   3.2548477e-01  -9.4554728e-01  -3.2548477e-01
  9.4561474e-01   3.2528873e-01  -9.4561474e-01  -3.2528873e-01
  9.4568216e-01   3.2509268e-01  -9.4568216e-01  -3.2509268e-01
  9.4574953e-01   3.2489664e-01  -9.4574953e-01  -3.2489664e-01
  9.4581686e-01   3.2470059e-01  -9.4581686e-01  -3.2470059e-01
  9.4588414e-01   3.2450455e-01  -9.4588414e-01  -3.2450455e-01
  9.4595137e-01   3.2430850e-01  -9.4595137e-01  -3.2430850e-01
  9.4601856e-01   3.2411246e-01  -9.4601856e-01  -3.2411246e-01
  9.4608570e-01   3.2391641e-01  -9.4608570e-01  -3.2391641e-01
  9.4615280e-01   3.2372037e-01  -9.4615280e-01  -3.2372037e-01
  9.4621985e-01   3.2352432e-01  -9.4621985e-01  -3.2352432e-01
  9.4628686e-01   3.2332828e-01  -9.4628686e-01  -3.2332828e-01
  9.4635382e-01   3.2313223e-01  -9.4635382e-01  -3.2313223e-01
  9.4642074e-01   3.2293619e-01  -9.4642074e-01  -3.2293619e-01
  9.4648761e-01   3.2274014e-01  -9.4648761e-01  -3.2274014e-01
  9.4655444e-01   3.2254410e-01  -9.4655444e-01  -3.2254410e-01
  9.4662122e-01   3.2234805e-01  -9.4662122e-01  -3.2234805e-01
  9.4668796e-01   3.2215201e-01  -9.4668796e-01  -3.2215201e-01
  9.4675465e-01   3.2195596e-01  -9.4675465e-01  -3.2195596e-01
  9.4682129e-01   3.2175992e-01  -9.4682129e-01  -3.2175992e-01
  9.4688789e-01   3.2156387e-01  -9.4688789e-01  -3.2156387e-01
  9.4695444e-01   3.2136783e-01  -9.4695444e-01  -3.2136783e-01
  9.4702095e-01   3.2117178e-01  -9.4702095e-01  -3.2117178e-01
  9.4708742e-01   3.2097574e-01  -9.4708742e-01  -3.2097574e-01
  9.4715384e-01   3.2077969e-01  -9.4715384e-01  -3.2077969e-01
  9.4722021e-01   3.2058365e-01  -9.4722021e-01  -3.2058365e-01
  9.4728654e-01   3.2038760e-01  -9.4728654e-01  -3.2038760e-01
  9.4735282e-01   3.2019156e-01  -9.4735282e-01  -3.2019156e-01
  9.4741906e-01   3.1999551e-01  -9.4741906e-01  -3.1999551e-01
  9.4748525e-01   3.1979947e-01  -9.4748525e-01  -3.1979947e-01
  9.4755140e-01   3.1960342e-01  -9.4755140e-01  -3.1960342e-01
  9.4761750e-01   3.1940738e-01  -9.4761750e-01  -3.1940738e-01
  9.4768356e-01   3.1921133e-01  -9.4768356e-01  -3.1921133e-01
  9.4774957e-01   3.1901529e-01  -9.4774957e-01  -3.1901529e-01
  9.4781554e-01   3.1881924e-01  -9.4781554e-01  -3.1881924e-01
  9.4788146e-01   3.1862320e-01  -9.4788146e-01  -3.1862320e-01
  9.4794733e-01   3.1842715e-01  -9.4794733e-01  -3.1842715e-01
  9.4801317e-01   3.1823111e-01  -9.4801317e-01  -3.1823111e-01
  9.4807895e-01   3.1803506e-01  -9.4807895e-01  -3.1803506e-01
  9.4814469e-01   3.1783902e-01  -9.4814469e-01  -3.1783902e-01
  9.4821039e-01   3.1764297e-01  -9.4821039e-01  -3.1764297e-01
  9.4827604e-01   3.1744693e-01  -9.4827604e-01  -3.1744693e-01
  9.4834165e-01   3.1725088e-01  -9.4834165e-01  -3.1725088e-01
  9.4840721e-01   3.1705484e-01  -9.4840721e-01  -3.1705484e-01
  9.4847272e-01   3.1685879e-01  -9.4847272e-01  -3.1685879e-01
  9.4853819e-01   3.1666275e-01  -9.4853819e-01  -3.1666275e-01
  9.4860362e-01   3.1646670e-01  -9.4860362e-01  -3.1646670e-01
  9.4866900e-01   3.1627066e-01  -9.4866900e-01  -3.1627066e-01
  9.4873434e-01   3.1607461e-01  -9.4873434e-01  -3.1607461e-01
  9.4879963e-01   3.1587857e-01  -9.4879963e-01  -3.1587857e-01
  9.4886487e-01   3.1568252e-01  -9.4886487e-01  -3.1568252e-01
  9.4893007e-01   3.1548648e-01  -9.4893007e-01  -3.1548648e-01
  9.4899523e-01   3.1529043e-01  -9.4899523e-01  -3.1529043e-01
  9.4906034e-01   3.1509439e-01  -9.4906034e-01  -3.1509439e-01
  9.4912540e-01   3.1489834e-01  -9.4912540e-01  -3.1489834e-01
  9.4919043e-01   3.1470230e-01  -9.4919043e-01  -3.1470230e-01
  9.4925540e-01   3.1450625e-01  -9.4925540e-01  -3.1450625e-01
  9.4932033e-01   3.1431021e-01  -9.4932033e-01  -3.1431021e-01
  9.4938522e-01   3.1411416e-01  -9.4938522e-01  -3.1411416e-01
  9.4945006e-01   3.1391812e-01  -9.4945006e-01  -3.1391812e-01
  9.4951486e-01   3.1372207e-01  -9.4951486e-01  -3.1372207e-01
  9.4957961e-01   3.1352603e-01  -9.4957961e-01  -3.1352603e-01
  9.4964431e-01   3.1332998e-01  -9.4964431e-01  -3.1332998e-01
  9.4970897e-01   3.1313394e-01  -9.4970897e-01  -3.1313394e-01
  9.4977359e-01   3.1293789e-01  -9.4977359e-01  -3.1293789e-01
  9.4983816e-01   3.1274185e-01  -9.4983816e-01  -3.1274185e-01
  9.4990269e-01   3.1254580e-01  -9.4990269e-01  -3.1254580e-01
  9.4996717e-01   3.1234976e-01  -9.4996717e-01  -3.1234976e-01
  9.5003161e-01   3.1215371e-01  -9.5003161e-01  -3.1215371e-01
  9.5009600e-01   3.1195767e-01  -9.5009600e-01  -3.1195767e-01
  9.5016035e-01   3.1176162e-01  -9.5016035e-01  -3.1176162e-01
  9.5022465e-01   3.1156558e-01  -9.5022465e-01  -3.1156558e-01
  9.5028891e-01   3.1136953e-01  -9.5028891e-01  -3.1136953e-01
  9.5035312e-01   3.1117349e-01  -9.5035312e-01  -3.1117349e-01
  9.5041729e-01   3.1097744e-01  -9.5041729e-01  -3.1097744e-01
  9.5048142e-01   3.1078140e-01  -9.5048142e-01  -3.1078140e-01
  9.5054549e-01   3.1058535e-01  -9.5054549e-01  -3.1058535e-01
  9.5060953e-01   3.1038931e-01  -9.5060953e-01  -3.1038931e-01
  9.5067352e-01   3.1019326e-01  -9.5067352e-01  -3.1019326e-01
  9.5073746e-01   3.0999722e-01  -9.5073746e-01  -3.0999722e-01
  9.5080136e-01   3.0980117e-01  -9.5080136e-01  -3.0980117e-01
  9.5086522e-01   3.0960513e-01  -9.5086522e-01  -3.0960513e-01
  9.5092903e-01   3.0940908e-01  -9.5092903e-01  -3.0940908e-01
  9.5099280e-01   3.0921304e-01  -9.5099280e-01  -3.0921304e-01
  9.5105652e-01   3.0901699e-01  -9.5105652e-01  -3.0901699e-01
  9.5108902e-01   3.0891695e-01  -9.5108902e-01  -3.0891695e-01
  9.5115398e-01   3.0871686e-01  -9.5115398e-01  -3.0871686e-01
  9.5121890e-01   3.0851677e-01  -9.5121890e-01  -3.0851677e-01
  9.5128378e-01   3.0831668e-01  -9.5128378e-01  -3.0831668e-01
  9.5134860e-01   3.0811659e-01  -9.5134860e-01  -3.0811659e-01
  9.5141338e-01   3.0791650e-01  -9.5141338e-01  -3.0791650e-01
  9.5147812e-01   3.0771641e-01  -9.5147812e-01  -3.0771641e-01
  9.5154281e-01   3.0751632e-01  -9.5154281e-01  -3.0751632e-01
  9.5160745e-01   3.0731623e-01  -9.5160745e-01  -3.0731623e-01
  9.5167204e-01   3.0711614e-01  -9.5167204e-01  -3.0711614e-01
  9.5173659e-01   3.0691605e-01  -9.5173659e-01  -3.0691605e-01
  9.5180109e-01   3.0671596e-01  -9.5180109e-01  -3.0671596e-01
  9.5186555e-01   3.0651587e-01  -9.5186555e-01  -3.0651587e-01
  9.5192996e-01   3.0631578e-01  -9.5192996e-01  -3.0631578e-01
  9.5199432e-01   3.0611569e-01  -9.5199432e-01  -3.0611569e-01
  9.5205864e-01   3.0591560e-01  -9.5205864e-01  -3.0591560e-01
  9.5212291e-01   3.0571551e-01  -9.5212291e-01  -3.0571551e-01
  9.5218713e-01   3.0551542e-01  -9.5218713e-01  -3.0551542e-01
  9.5225131e-01   3.0531533e-01  -9.5225131e-01  -3.0531533e-01
  9.5231544e-01   3.0511524e-01  -9.5231544e-01  -3.0511524e-01
  9.5237952e-01   3.0491515e-01  -9.5237952e-01  -3.0491515e-01
  9.5244356e-01   3.0471506e-01  -9.5244356e-01  -3.0471506e-01
  9.5250755e-01   3.0451497e-01  -9.5250755e-01  -3.0451497e-01
  9.5257149e-01   3.0431488e-01  -9.5257149e-01  -3.0431488e-01
  9.5263539e-01   3.0411479e-01  -9.5263539e-01  -3.0411479e-01
  9.5269925e-01   3.0391470e-01  -9.5269925e-01  -3.0391470e-01
  9.5276305e-01   3.0371461e-01  -9.5276305e-01  -3.0371461e-01
  9.5282681e-01   3.0351452e-01  -9.5282681e-01  -3.0351452e-01
  9.5289053e-01   3.0331443e-01  -9.5289053e-01  -3.0331443e-01
  9.5295419e-01   3.0311434e-01  -9.5295419e-01  -3.0311434e-01
  9.5301782e-01   3.0291425e-01  -9.5301782e-01  -3.0291425e-01
  9.5308139e-01   3.0271416e-01  -9.5308139e-01  -3.0271416e-01
  9.5314492e-01   3.0251407e-01  -9.5314492e-01  -3.0251407e-01
  9.5320840e-01   3.0231398e-01  -9.5320840e-01  -3.0231398e-01
  9.5327184e-01   3.0211389e-01  -9.5327184e-01  -3.0211389e-01
  9.5333523e-01   3.0191380e-01  -9.5333523e-01  -3.0191380e-01
  9.5339857e-01   3.0171371e-01  -9.5339857e-01  -3.0171371e-01
  9.5346187e-01   3.0151362e-01  -9.5346187e-01  -3.0151362e-01
  9.5352512e-01   3.0131353e-01  -9.5352512e-01  -3.0131353e-01
  9.5358833e-01   3.0111344e-01  -9.5358833e-01  -3.0111344e-01
  9.5365148e-01   3.0091335e-01  -9.5365148e-01  -3.0091335e-01
  9.5371460e-01   3.0071326e-01  -9.5371460e-01  -3.0071326e-01
  9.5377766e-01   3.0051317e-01  -9.5377766e-01  -3.0051317e-01
  9.5384068e-01   3.0031308e-01  -9.5384068e-01  -3.0031308e-01
  9.5390366e-01   3.0011299e-01  -9.5390366e-01  -3.0011299e-01
  9.5396659e-01   2.9991290e-01  -9.5396659e-01  -2.9991290e-01
  9.5402947e-01   2.9971281e-01  -9.5402947e-01  -2.9971281e-01
  9.5409231e-01   2.9951272e-01  -9.5409231e-01  -2.9951272e-01
  9.5415510e-01   2.9931263e-01  -9.5415510e-01  -2.9931263e-01
  9.5421784e-01   2.9911254e-01  -9.5421784e-01  -2.9911254e-01
  9.5428054e-01   2.9891245e-01  -9.5428054e-01  -2.9891245e-01
  9.5434319e-01   2.9871236e-01  -9.5434319e-01  -2.9871236e-01
  9.5440580e-01   2.9851227e-01  -9.5440580e-01  -2.9851227e-01
  9.5446835e-01   2.9831218e-01  -9.5446835e-01  -2.9831218e-01
  9.5453087e-01   2.9811209e-01  -9.5453087e-01  -2.9811209e-01
  9.5459334e-01   2.9791200e-01  -9.5459334e-01  -2.9791200e-01
  9.5465576e-01   2.9771191e-01  -9.5465576e-01  -2.9771191e-01
  9.5471813e-01   2.9751182e-01  -9.5471813e-01  -2.9751182e-01
  9.5478046e-01   2.9731173e-01  -9.5478046e-01  -2.9731173e-01
  9.5484275e-01   2.9711164e-01  -9.5484275e-01  -2.9711164e-01
  9.5490498e-01   2.9691155e-01  -9.5490498e-01  -2.9691155e-01
  9.5496718e-01   2.9671147e-01  -9.5496718e-01  -2.9671147e-01
  9.5502932e-01   2.9651138e-01  -9.5502932e-01  -2.9651138e-01
  9.5509142e-01   2.9631129e-01  -9.5509142e-01  -2.9631129e-01
  9.5515347e-01   2.9611120e-01  -9.5515347e-01  -2.9611120e-01
  9.5521548e-01   2.9591111e-01  -9.5521548e-01  -2.9591111e-01
  9.5527744e-01   2.9571102e-01  -9.5527744e-01  -2.9571102e-01
  9.5533936e-01   2.9551093e-01  -9.5533936e-01  -2.9551093e-01
  9.5540123e-01   2.9531084e-01  -9.5540123e-01  -2.9531084e-01
  9.5546305e-01   2.9511075e-01  -9.5546305e-01  -2.9511075e-01
  9.5552483e-01   2.9491066e-01  -9.5552483e-01  -2.9491066e-01
  9.5558656e-01   2.9471057e-01  -9.5558656e-01  -2.9471057e-01
  9.5564825e-01   2.9451048e-01  -9.5564825e-01  -2.9451048e-01
  9.5570989e-01   2.9431039e-01  -9.5570989e-01  -2.9431039e-01
  9.5577149e-01   2.9411030e-01  -9.5577149e-01  -2.9411030e-01
  9.5583303e-01   2.9391021e-01  -9.5583303e-01  -2.9391021e-01
  9.5589454e-01   2.9371012e-01  -9.5589454e-01  -2.9371012e-01
  9.5595599e-01   2.9351003e-01  -9.5595599e-01  -2.9351003e-01
  9.5601741e-01   2.9330994e-01  -9.5601741e-01  -2.9330994e-01
  9.5607877e-01   2.9310985e-01  -9.5607877e-01  -2.9310985e-01
  9.5614009e-01   2.9290976e-01  -9.5614009e-01  -2.9290976e-01
  9.5620137e-01   2.9270967e-01  -9.5620137e-01  -2.9270967e-01
  9.5626259e-01   2.9250958e-01  -9.5626259e-01  -2.9250958e-01
  9.5632378e-01   2.9230949e-01  -9.5632378e-01  -2.9230949e-01
  9.5638491e-01   2.9210940e-01  -9.5638491e-01  -2.9210940e-01
  9.5644600e-01   2.9190931e-01  -9.5644600e-01  -2.9190931e-01
  9.5650705e-01   2.9170922e-01  -9.5650705e-01  -2.9170922e-01
  9.5656805e-01   2.9150913e-01  -9.5656805e-01  -2.9150913e-01
  9.5662900e-01   2.9130904e-01  -9.5662900e-01  -2.9130904e-01
  9.5668991e-01   2.9110895e-01  -9.5668991e-01  -2.9110895e-01
  9.5675077e-01   2.9090886e-01  -9.5675077e-01  -2.9090886e-01
  9.5681159e-01   2.9070877e-01  -9.5681159e-01  -2.9070877e-01
  9.5687236e-01   2.9050868e-01  -9.5687236e-01  -2.9050868e-01
  9.5693308e-01   2.9030859e-01  -9.5693308e-01  -2.9030859e-01
  9.5699376e-01   2.9010850e-01  -9.5699376e-01  -2.9010850e-01
  9.5705439e-01   2.8990841e-01  -9.5705439e-01  -2.8990841e-01
  9.5711498e-01   2.8970832e-01  -9.5711498e-01  -2.8970832e-01
  9.5717553e-01   2.8950823e-01  -9.5717553e-01  -2.8950823e-01
  9.5723602e-01   2.8930814e-01  -9.5723602e-01  -2.8930814e-01
  9.5729647e-01   2.8910805e-01  -9.5729647e-01  -2.8910805e-01
  9.5735688e-01   2.8890796e-01  -9.5735688e-01  -2.8890796e-01
  9.5741724e-01   2.8870787e-01  -9.5741724e-01  -2.8870787e-01
  9.5747755e-01   2.8850778e-01  -9.5747755e-01  -2.8850778e-01
  9.5753782e-01   2.8830769e-01  -9.5753782e-01  -2.8830769e-01
  9.5759804e-01   2.8810760e-01  -9.5759804e-01  -2.8810760e-01
  9.5765822e-01   2.8790751e-01  -9.5765822e-01  -2.8790751e-01
  9.5771835e-01   2.8770742e-01  -9.5771835e-01  -2.8770742e-01
  9.5777844e-01   2.8750733e-01  -9.5777844e-01  -2.8750733e-01
  9.5783848e-01   2.8730724e-01  -9.5783848e-01  -2.8730724e-01
  9.5789847e-01   2.8710715e-01  -9.5789847e-01  -2.8710715e-01
  9.5795842e-01   2.8690706e-01  -9.5795842e-01  -2.8690706e-01
  9.5801833e-01   2.8670697e-01  -9.5801833e-01  -2.8670697e-01
  9.5807818e-01   2.8650688e-01  -9.5807818e-01  -2.8650688e-01
  9.5813800e-01   2.8630679e-01  -9.5813800e-01  -2.8630679e-01
  9.5819776e-01   2.8610670e-01  -9.5819776e-01  -2.8610670e-01
  9.5825749e-01   2.8590661e-01  -9.5825749e-01  -2.8590661e-01
  9.5831716e-01   2.8570652e-01  -9.5831716e-01  -2.8570652e-01
  9.5837679e-01   2.8550643e-01  -9.5837679e-01  -2.8550643e-01
  9.5843638e-01   2.8530634e-01  -9.5843638e-01  -2.8530634e-01
  9.5849592e-01   2.8510625e-01  -9.5849592e-01  -2.8510625e-01
  9.5855541e-01   2.8490616e-01  -9.5855541e-01  -2.8490616e-01
  9.5861486e-01   2.8470607e-01  -9.5861486e-01  -2.8470607e-01
  9.5867427e-01   2.8450598e-01  -9.5867427e-01  -2.8450598e-01
  9.5873362e-01   2.8430589e-01  -9.5873362e-01  -2.8430589e-01
  9.5879294e-01   2.8410580e-01  -9.5879294e-01  -2.8410580e-01
  9.5885220e-01   2.8390571e-01  -9.5885220e-01  -2.8390571e-01
  9.5891142e-01   2.8370562e-01  -9.5891142e-01  -2.8370562e-01
  9.5897060e-01   2.8350553e-01  -9.5897060e-01  -2.8350553e-01
  9.5902973e-01   2.8330544e-01  -9.5902973e-01  -2.8330544e-01
  9.5908882e-01   2.8310535e-01  -9.5908882e-01  -2.8310535e-01
  9.5914786e-01   2.8290526e-01  -9.5914786e-01  -2.8290526e-01
  9.5920685e-01   2.8270517e-01  -9.5920685e-01  -2.8270517e-01
  9.5926580e-01   2.8250508e-01  -9.5926580e-01  -2.8250508e-01
  9.5932471e-01   2.8230499e-01  -9.5932471e-01  -2.8230499e-01
  9.5938356e-01   2.8210490e-01  -9.5938356e-01  -2.8210490e-01
  9.5944238e-01   2.8190481e-01  -9.5944238e-01  -2.8190481e-01
  9.5950115e-01   2.8170472e-01  -9.5950115e-01  -2.8170472e-01
  9.5955987e-01   2.8150463e-01  -9.5955987e-01  -2.8150463e-01
  9.5961855e-01   2.8130454e-01  -9.5961855e-01  -2.8130454e-01
  9.5967718e-01   2.8110445e-01  -9.5967718e-01  -2.8110445e-01
  9.5973577e-01   2.8090436e-01  -9.5973577e-01  -2.8090436e-01
  9.5979431e-01   2.8070427e-01  -9.5979431e-01  -2.8070427e-01
  9.5985280e-01   2.8050418e-01  -9.5985280e-01  -2.8050418e-01
  9.5991125e-01   2.8030409e-01  -9.5991125e-01  -2.8030409e-01
  9.5996966e-01   2.8010400e-01  -9.5996966e-01  -2.8010400e-01
  9.6002802e-01   2.7990391e-01  -9.6002802e-01  -2.7990391e-01
  9.6008634e-01   2.7970382e-01  -9.6008634e-01  -2.7970382e-01
  9.6014461e-01   2.7950373e-01  -9.6014461e-01  -2.7950373e-01
  9.6020283e-01   2.7930364e-01  -9.6020283e-01  -2.7930364e-01
  9.6026101e-01   2.7910355e-01  -9.6026101e-01  -2.7910355e-01
  9.6031914e-01   2.7890346e-01  -9.6031914e-01  -2.7890346e-01
  9.6037723e-01   2.7870337e-01  -9.6037723e-01  -2.7870337e-01
  9.6043528e-01   2.7850328e-01  -9.6043528e-01  -2.7850328e-01
  9.6049328e-01   2.7830319e-01  -9.6049328e-01  -2.7830319e-01
  9.6055123e-01   2.7810310e-01  -9.6055123e-01  -2.7810310e-01
  9.6060914e-01   2.7790301e-01  -9.6060914e-01  -2.7790301e-01
  9.6066700e-01   2.7770292e-01  -9.6066700e-01  -2.7770292e-01
  9.6072482e-01   2.7750283e-01  -9.6072482e-01  -2.7750283e-01
  9.6078259e-01   2.7730274e-01  -9.6078259e-01  -2.7730274e-01
  9.6084032e-01   2.7710265e-01  -9.6084032e-01  -2.7710265e-01
  9.6089800e-01   2.7690256e-01  -9.6089800e-01  -2.7690256e-01
  9.6095564e-01   2.7670247e-01  -9.6095564e-01  -2.7670247e-01
  9.6101323e-01   2.7650238e-01  -9.6101323e-01  -2.7650238e-01
  9.6107078e-01   2.7630229e-01  -9.6107078e-01  -2.7630229e-01
  9.6112828e-01   2.7610220e-01  -9.6112828e-01  -2.7610220e-01
  9.6118574e-01   2.7590211e-01  -9.6118574e-01  -2.7590211e-01
  9.6124315e-01   2.7570202e-01  -9.6124315e-01  -2.7570202e-01
  9.6130052e-01   2.7550193e-01  -9.6130052e-01  -2.7550193e-01
  9.6135784e-01   2.7530184e-01  -9.6135784e-01  -2.7530184e-01
  9.6141512e-01   2.7510175e-01  -9.6141512e-01  -2.7510175e-01
  9.6147235e-01   2.7490167e-01  -9.6147235e-01  -2.7490167e-01
  9.6152953e-01   2.7470158e-01  -9.6152953e-01  -2.7470158e-01
  9.6158668e-01   2.7450149e-01  -9.6158668e-01  -2.7450149e-01
  9.6164377e-01   2.7430140e-01  -9.6164377e-01  -2.7430140e-01
  9.6170082e-01   2.7410131e-01  -9.6170082e-01  -2.7410131e-01
  9.6175783e-01   2.7390122e-01  -9.6175783e-01  -2.7390122e-01
  9.6181479e-01   2.7370113e-01  -9.6181479e-01  -2.7370113e-01
  9.6187171e-01   2.7350104e-01  -9.6187171e-01  -2.7350104e-01
  9.6192858e-01   2.7330095e-01  -9.6192858e-01  -2.7330095e-01
  9.6198541e-01   2.7310086e-01  -9.6198541e-01  -2.7310086e-01
  9.6204219e-01   2.7290077e-01  -9.6204219e-01  -2.7290077e-01
  9.6209892e-01   2.7270068e-01  -9.6209892e-01  -2.7270068e-01
  9.6215562e-01   2.7250059e-01  -9.6215562e-01  -2.7250059e-01
  9.6221226e-01   2.7230050e-01  -9.6221226e-01  -2.7230050e-01
  9.6226887e-01   2.7210041e-01  -9.6226887e-01  -2.7210041e-01
  9.6232542e-01   2.7190032e-01  -9.6232542e-01  -2.7190032e-01
  9.6238193e-01   2.7170023e-01  -9.6238193e-01  -2.7170023e-01
  9.6243840e-01   2.7150014e-01  -9.6243840e-01  -2.7150014e-01
  9.6249482e-01   2.7130005e-01  -9.6249482e-01  -2.7130005e-01
  9.6255120e-01   2.7109996e-01  -9.6255120e-01  -2.7109996e-01
  9.6260753e-01   2.7089987e-01  -9.6260753e-01  -2.7089987e-01
  9.6266382e-01   2.7069978e-01  -9.6266382e-01  -2.7069978e-01
  9.6272006e-01   2.7049969e-01  -9.6272006e-01  -2.7049969e-01
  9.6277626e-01   2.7029960e-01  -9.6277626e-01  -2.7029960e-01
  9.6283241e-01   2.7009951e-01  -9.6283241e-01  -2.7009951e-01
  9.6288852e-01   2.6989942e-01  -9.6288852e-01  -2.6989942e-01
  9.6294458e-01   2.6969933e-01  -9.6294458e-01  -2.6969933e-01
  9.6300060e-01   2.6949924e-01  -9.6300060e-01  -2.6949924e-01
  9.6305658e-01   2.6929915e-01  -9.6305658e-01  -2.6929915e-01
  9.6311250e-01   2.6909906e-01  -9.6311250e-01  -2.6909906e-01
  9.6316839e-01   2.6889897e-01  -9.6316839e-01  -2.6889897e-01
  9.6322423e-01   2.6869888e-01  -9.6322423e-01  -2.6869888e-01
  9.6328002e-01   2.6849879e-01  -9.6328002e-01  -2.6849879e-01
  9.6333577e-01   2.6829870e-01  -9.6333577e-01  -2.6829870e-01
  9.6339148e-01   2.6809861e-01  -9.6339148e-01  -2.6809861e-01
  9.6344714e-01   2.6789852e-01  -9.6344714e-01  -2.6789852e-01
  9.6350275e-01   2.6769843e-01  -9.6350275e-01  -2.6769843e-01
  9.6355832e-01   2.6749834e-01  -9.6355832e-01  -2.6749834e-01
  9.6361385e-01   2.6729825e-01  -9.6361385e-01  -2.6729825e-01
  9.6366933e-01   2.6709816e-01  -9.6366933e-01  -2.6709816e-01
  9.6372476e-01   2.6689807e-01  -9.6372476e-01  -2.6689807e-01
  9.6378016e-01   2.6669798e-01  -9.6378016e-01  -2.6669798e-01
  9.6383550e-01   2.6649789e-01  -9.6383550e-01  -2.6649789e-01
  9.6389080e-01   2.6629780e-01  -9.6389080e-01  -2.6629780e-01
  9.6394606e-01   2.6609771e-01  -9.6394606e-01  -2.6609771e-01
  9.6400127e-01   2.6589762e-01  -9.6400127e-01  -2.6589762e-01
  9.6405644e-01   2.6569753e-01  -9.6405644e-01  -2.6569753e-01
  9.6411156e-01   2.6549744e-01  -9.6411156e-01  -2.6549744e-01
  9.6416664e-01   2.6529735e-01  -9.6416664e-01  -2.6529735e-01
  9.6422168e-01   2.6509726e-01  -9.6422168e-01  -2.6509726e-01
  9.6427667e-01   2.6489717e-01  -9.6427667e-01  -2.6489717e-01
  9.6433161e-01   2.6469708e-01  -9.6433161e-01  -2.6469708e-01
  9.6438651e-01   2.6449699e-01  -9.6438651e-01  -2.6449699e-01
  9.6444137e-01   2.6429690e-01  -9.6444137e-01  -2.6429690e-01
  9.6449618e-01   2.6409681e-01  -9.6449618e-01  -2.6409681e-01
  9.6455094e-01   2.6389672e-01  -9.6455094e-01  -2.6389672e-01
  9.6460566e-01   2.6369663e-01  -9.6460566e-01  -2.6369663e-01
  9.6466034e-01   2.6349654e-01  -9.6466034e-01  -2.6349654e-01
  9.6471497e-01   2.6329645e-01  -9.6471497e-01  -2.6329645e-01
  9.6476956e-01   2.6309636e-01  -9.6476956e-01  -2.6309636e-01
  9.6482410e-01   2.6289627e-01  -9.6482410e-01  -2.6289627e-01
  9.6487860e-01   2.6269618e-01  -9.6487860e-01  -2.6269618e-01
  9.6493306e-01   2.6249609e-01  -9.6493306e-01  -2.6249609e-01
  9.6498747e-01   2.6229600e-01  -9.6498747e-01  -2.6229600e-01
  9.6504183e-01   2.6209591e-01  -9.6504183e-01  -2.6209591e-01
  9.6509615e-01   2.6189582e-01  -9.6509615e-01  -2.6189582e-01
  9.6515043e-01   2.6169573e-01  -9.6515043e-01  -2.6169573e-01
  9.6520466e-01   2.6149564e-01  -9.6520466e-01  -2.6149564e-01
  9.6525884e-01   2.6129555e-01  -9.6525884e-01  -2.6129555e-01
  9.6531299e-01   2.6109546e-01  -9.6531299e-01  -2.6109546e-01
  9.6536708e-01   2.6089537e-01  -9.6536708e-01  -2.6089537e-01
  9.6542114e-01   2.6069528e-01  -9.6542114e-01  -2.6069528e-01
  9.6547514e-01   2.6049519e-01  -9.6547514e-01  -2.6049519e-01
  9.6552911e-01   2.6029510e-01  -9.6552911e-01  -2.6029510e-01
  9.6558303e-01   2.6009501e-01  -9.6558303e-01  -2.6009501e-01
  9.6563690e-01   2.5989492e-01  -9.6563690e-01  -2.5989492e-01
  9.6569073e-01   2.5969483e-01  -9.6569073e-01  -2.5969483e-01
  9.6574452e-01   2.5949474e-01  -9.6574452e-01  -2.5949474e-01
  9.6579826e-01   2.5929465e-01  -9.6579826e-01  -2.5929465e-01
  9.6585196e-01   2.5909456e-01  -9.6585196e-01  -2.5909456e-01
  9.6590561e-01   2.5889447e-01  -9.6590561e-01  -2.5889447e-01
  9.6595922e-01   2.5869438e-01  -9.6595922e-01  -2.5869438e-01
  9.6601278e-01   2.5849429e-01  -9.6601278e-01  -2.5849429e-01
  9.6606630e-01   2.5829420e-01  -9.6606630e-01  -2.5829420e-01
  9.6611978e-01   2.5809411e-01  -9.6611978e-01  -2.5809411e-01
  9.6617321e-01   2.5789402e-01  -9.6617321e-01  -2.5789402e-01
  9.6622660e-01   2.5769393e-01  -9.6622660e-01  -2.5769393e-01
  9.6627994e-01   2.5749384e-01  -9.6627994e-01  -2.5749384e-01
  9.6633324e-01   2.5729375e-01  -9.6633324e-01  -2.5729375e-01
  9.6638649e-01   2.5709366e-01  -9.6638649e-01  -2.5709366e-01
  9.6643970e-01   2.5689357e-01  -9.6643970e-01  -2.5689357e-01
  9.6649286e-01   2.5669348e-01  -9.6649286e-01  -2.5669348e-01
  9.6654598e-01   2.5649339e-01  -9.6654598e-01  -2.5649339e-01
  9.6659906e-01   2.5629330e-01  -9.6659906e-01  -2.5629330e-01
  9.6665209e-01   2.5609321e-01  -9.6665209e-01  -2.5609321e-01
  9.6670508e-01   2.5589312e-01  -9.6670508e-01  -2.5589312e-01
  9.6675802e-01   2.5569303e-01  -9.6675802e-01  -2.5569303e-01
  9.6681092e-01   2.5549294e-01  -9.6681092e-01  -2.5549294e-01
  9.6686377e-01   2.5529285e-01  -9.6686377e-01  -2.5529285e-01
  9.6691658e-01   2.5509276e-01  -9.6691658e-01  -2.5509276e-01
  9.6696935e-01   2.5489267e-01  -9.6696935e-01  -2.5489267e-01
  9.6702207e-01   2.5469258e-01  -9.6702207e-01  -2.5469258e-01
  9.6707475e-01   2.5449249e-01  -9.6707475e-01  -2.5449249e-01
  9.6712738e-01   2.5429240e-01  -9.6712738e-01  -2.5429240e-01
  9.6717997e-01   2.5409231e-01  -9.6717997e-01  -2.5409231e-01
  9.6723252e-01   2.5389222e-01  -9.6723252e-01  -2.5389222e-01
  9.6728502e-01   2.5369213e-01  -9.6728502e-01  -2.5369213e-01
  9.6733747e-01   2.5349204e-01  -9.6733747e-01  -2.5349204e-01
  9.6738988e-01   2.5329196e-01  -9.6738988e-01  -2.5329196e-01
  9.6744225e-01   2.5309187e-01  -9.6744225e-01  -2.5309187e-01
  9.6749457e-01   2.5289178e-01  -9.6749457e-01  -2.5289178e-01
  9.6754685e-01   2.5269169e-01  -9.6754685e-01  -2.5269169e-01
  9.6759909e-01   2.5249160e-01  -9.6759909e-01  -2.5249160e-01
  9.6765128e-01   2.5229151e-01  -9.6765128e-01  -2.5229151e-01
  9.6770342e-01   2.5209142e-01  -9.6770342e-01  -2.5209142e-01
  9.6775553e-01   2.5189133e-01  -9.6775553e-01  -2.5189133e-01
  9.6780759e-01   2.5169124e-01  -9.6780759e-01  -2.5169124e-01
  9.6785960e-01   2.5149115e-01  -9.6785960e-01  -2.5149115e-01
  9.6791157e-01   2.5129106e-01  -9.6791157e-01  -2.5129106e-01
  9.6796349e-01   2.5109097e-01  -9.6796349e-01  -2.5109097e-01
  9.6801538e-01   2.5089088e-01  -9.6801538e-01  -2.5089088e-01
  9.6806721e-01   2.5069079e-01  -9.6806721e-01  -2.5069079e-01
  9.6811901e-01   2.5049070e-01  -9.6811901e-01  -2.5049070e-01
  9.6817076e-01   2.5029061e-01  -9.6817076e-01  -2.5029061e-01
  9.6822246e-01   2.5009052e-01  -9.6822246e-01  -2.5009052e-01
  9.6827412e-01   2.4989043e-01  -9.6827412e-01  -2.4989043e-01
  9.6832574e-01   2.4969034e-01  -9.6832574e-01  -2.4969034e-01
  9.6837731e-01   2.4949025e-01  -9.6837731e-01  -2.4949025e-01
  9.6842884e-01   2.4929016e-01  -9.6842884e-01  -2.4929016e-01
  9.6848032e-01   2.4909007e-01  -9.6848032e-01  -2.4909007e-01
  9.6853176e-01   2.4888998e-01  -9.6853176e-01  -2.4888998e-01
  9.6858316e-01   2.4868989e-01  -9.6858316e-01  -2.4868989e-01
  9.6860834e-01   2.4859179e-01  -9.6860834e-01  -2.4859179e-01
  9.6865867e-01   2.4839561e-01  -9.6865867e-01  -2.4839561e-01
  9.6870896e-01   2.4819942e-01  -9.6870896e-01  -2.4819942e-01
  9.6875921e-01   2.4800323e-01  -9.6875921e-01  -2.4800323e-01
  9.6880941e-01   2.4780704e-01  -9.6880941e-01  -2.4780704e-01
  9.6885957e-01   2.4761086e-01  -9.6885957e-01  -2.4761086e-01
  9.6890969e-01   2.4741467e-01  -9.6890969e-01  -2.4741467e-01
  9.6895976e-01   2.4721848e-01  -9.6895976e-01  -2.4721848e-01
  9.6900980e-01   2.4702229e-01  -9.6900980e-01  -2.4702229e-01
  9.6905979e-01   2.4682611e-01  -9.6905979e-01  -2.4682611e-01
  9.6910974e-01   2.4662992e-01  -9.6910974e-01  -2.4662992e-01
  9.6915964e-01   2.4643373e-01  -9.6915964e-01  -2.4643373e-01
  9.6920951e-01   2.4623754e-01  -9.6920951e-01  -2.4623754e-01
  9.6925933e-01   2.4604136e-01  -9.6925933e-01  -2.4604136e-01
  9.6930911e-01   2.4584517e-01  -9.6930911e-01  -2.4584517e-01
  9.6935885e-01   2.4564898e-01  -9.6935885e-01  -2.4564898e-01
  9.6940854e-01   2.4545279e-01  -9.6940854e-01  -2.4545279e-01
  9.6945820e-01   2.4525661e-01  -9.6945820e-01  -2.4525661e-01
  9.6950781e-01   2.4506042e-01  -9.6950781e-01  -2.4506042e-01
  9.6955738e-01   2.4486423e-01  -9.6955738e-01  -2.4486423e-01
  9.6960690e-01   2.4466804e-01  -9.6960690e-01  -2.4466804e-01
  9.6965639e-01   2.4447186e-01  -9.6965639e-01  -2.4447186e-01
  9.6970583e-01   2.4427567e-01  -9.6970583e-01  -2.4427567e-01
  9.6975523e-01   2.4407948e-01  -9.6975523e-01  -2.4407948e-01
  9.6980459e-01   2.4388330e-01  -9.6980459e-01  -2.4388330e-01
  9.6985390e-01   2.4368711e-01  -9.6985390e-01  -2.4368711e-01
  9.6990318e-01   2.4349092e-01  -9.6990318e-01  -2.4349092e-01
  9.6995241e-01   2.4329473e-01  -9.6995241e-01  -2.4329473e-01
  9.7000160e-01   2.4309855e-01  -9.7000160e-01  -2.4309855e-01
  9.7005074e-01   2.4290236e-01  -9.7005074e-01  -2.4290236e-01
  9.7009985e-01   2.4270617e-01  -9.7009985e-01  -2.4270617e-01
  9.7014891e-01   2.4250998e-01  -9.7014891e-01  -2.4250998e-01
  9.7019793e-01   2.4231380e-01  -9.7019793e-01  -2.4231380e-01
  9.7024691e-01   2.4211761e-01  -9.7024691e-01  -2.4211761e-01
  9.7029584e-01   2.4192142e-01  -9.7029584e-01  -2.4192142e-01
  9.7034474e-01   2.4172523e-01  -9.7034474e-01  -2.4172523e-01
  9.7039359e-01   2.4152905e-01  -9.7039359e-01  -2.4152905e-01
  9.7044240e-01   2.4133286e-01  -9.7044240e-01  -2.4133286e-01
  9.7049117e-01   2.4113667e-01  -9.7049117e-01  -2.4113667e-01
  9.7053989e-01   2.4094048e-01  -9.7053989e-01  -2.4094048e-01
  9.7058858e-01   2.4074430e-01  -9.7058858e-01  -2.4074430e-01
  9.7063722e-01   2.4054811e-01  -9.7063722e-01  -2.4054811e-01
  9.7068582e-01   2.4035192e-01  -9.7068582e-01  -2.4035192e-01
  9.7073437e-01   2.4015573e-01  -9.7073437e-01  -2.4015573e-01
  9.7078289e-01   2.3995955e-01  -9.7078289e-01  -2.3995955e-01
  9.7083136e-01   2.3976336e-01  -9.7083136e-01  -2.3976336e-01
  9.7087979e-01   2.3956717e-01  -9.7087979e-01  -2.3956717e-01
  9.7092818e-01   2.3937098e-01  -9.7092818e-01  -2.3937098e-01
  9.7097653e-01   2.3917480e-01  -9.7097653e-01  -2.3917480e-01
  9.7102483e-01   2.3897861e-01  -9.7102483e-01  -2.3897861e-01
  9.7107309e-01   2.3878242e-01  -9.7107309e-01  -2.3878242e-01
  9.7112132e-01   2.3858623e-01  -9.7112132e-01  -2.3858623e-01
  9.7116949e-01   2.3839005e-01  -9.7116949e-01  -2.3839005e-01
  9.7121763e-01   2.3819386e-01  -9.7121763e-01  -2.3819386e-01
  9.7126572e-01   2.3799767e-01  -9.7126572e-01  -2.3799767e-01
  9.7131378e-01   2.3780148e-01  -9.7131378e-01  -2.3780148e-01
  9.7136179e-01   2.3760530e-01  -9.7136179e-01  -2.3760530e-01
  9.7140976e-01   2.3740911e-01  -9.7140976e-01  -2.3740911e-01
  9.7145768e-01   2.3721292e-01  -9.7145768e-01  -2.3721292e-01
  9.7150557e-01   2.3701673e-01  -9.7150557e-01  -2.3701673e-01
  9.7155341e-01   2.3682055e-01  -9.7155341e-01  -2.3682055e-01
  9.7160121e-01   2.3662436e-01  -9.7160121e-01  -2.3662436e-01
  9.7164897e-01   2.3642817e-01  -9.7164897e-01  -2.3642817e-01
  9.7169669e-01   2.3623199e-01  -9.7169669e-01  -2.3623199e-01
  9.7174436e-01   2.3603580e-01  -9.7174436e-01  -2.3603580e-01
  9.7179199e-01   2.3583961e-01  -9.7179199e-01  -2.3583961e-01
  9.7183958e-01   2.3564342e-01  -9.7183958e-01  -2.3564342e-01
  9.7188713e-01   2.3544724e-01  -9.7188713e-01  -2.3544724e-01
  9.7193464e-01   2.3525105e-01  -9.7193464e-01  -2.3525105e-01
  9.7198211e-01   2.3505486e-01  -9.7198211e-01  -2.3505486e-01
  9.7202953e-01   2.3485867e-01  -9.7202953e-01  -2.3485867e-01
  9.7207691e-01   2.3466249e-01  -9.7207691e-01  -2.3466249e-01
  9.7212425e-01   2.3446630e-01  -9.7212425e-01  -2.3446630e-01
  9.7217155e-01   2.3427011e-01  -9.7217155e-01  -2.3427011e-01
  9.7221880e-01   2.3407392e-01  -9.7221880e-01  -2.3407392e-01
  9.7226602e-01   2.3387774e-01  -9.7226602e-01  -2.3387774e-01
  9.7231319e-01   2.3368155e-01  -9.7231319e-01  -2.3368155e-01
  9.7236032e-01   2.3348536e-01  -9.7236032e-01  -2.3348536e-01
  9.7240741e-01   2.3328917e-01  -9.7240741e-01  -2.3328917e-01
  9.7245445e-01   2.3309299e-01  -9.7245445e-01  -2.3309299e-01
  9.7250146e-01   2.3289680e-01  -9.7250146e-01  -2.3289680e-01
  9.7254842e-01   2.3270061e-01  -9.7254842e-01  -2.3270061e-01
  9.7259534e-01   2.3250442e-01  -9.7259534e-01  -2.3250442e-01
  9.7264222e-01   2.3230824e-01  -9.7264222e-01  -2.3230824e-01
  9.7268905e-01   2.3211205e-01  -9.7268905e-01  -2.3211205e-01
  9.7273585e-01   2.3191586e-01  -9.7273585e-01  -2.3191586e-01
  9.7278260e-01   2.3171967e-01  -9.7278260e-01  -2.3171967e-01
  9.7282931e-01   2.3152349e-01  -9.7282931e-01  -2.3152349e-01
  9.7287598e-01   2.3132730e-01  -9.7287598e-01  -2.3132730e-01
  9.7292261e-01   2.3113111e-01  -9.7292261e-01  -2.3113111e-01
  9.7296920e-01   2.3093492e-01  -9.7296920e-01  -2.3093492e-01
  9.7301574e-01   2.3073874e-01  -9.7301574e-01  -2.3073874e-01
  9.7306225e-01   2.3054255e-01  -9.7306225e-01  -2.3054255e-01
  9.7310871e-01   2.3034636e-01  -9.7310871e-01  -2.3034636e-01
  9.7315512e-01   2.3015017e-01  -9.7315512e-01  -2.3015017e-01
  9.7320150e-01   2.2995399e-01  -9.7320150e-01  -2.2995399e-01
  9.7324784e-01   2.2975780e-01  -9.7324784e-01  -2.2975780e-01
  9.7329413e-01   2.2956161e-01  -9.7329413e-01  -2.2956161e-01
  9.7334038e-01   2.2936543e-01  -9.7334038e-01  -2.2936543e-01
  9.7338659e-01   2.2916924e-01  -9.7338659e-01  -2.2916924e-01
  9.7343276e-01   2.2897305e-01  -9.7343276e-01  -2.2897305e-01
  9.7347889e-01   2.2877686e-01  -9.7347889e-01  -2.2877686e-01
  9.7352497e-01   2.2858068e-01  -9.7352497e-01  -2.2858068e-01
  9.7357102e-01   2.2838449e-01  -9.7357102e-01  -2.2838449e-01
  9.7361702e-01   2.2818830e-01  -9.7361702e-01  -2.2818830e-01
  9.7366298e-01   2.2799211e-01  -9.7366298e-01  -2.2799211e-01
  9.7370890e-01   2.2779593e-01  -9.7370890e-01  -2.2779593e-01
  9.7375477e-01   2.2759974e-01  -9.7375477e-01  -2.2759974e-01
  9.7380061e-01   2.2740355e-01  -9.7380061e-01  -2.2740355e-01
  9.7384640e-01   2.2720736e-01  -9.7384640e-01  -2.2720736e-01
  9.7389215e-01   2.2701118e-01  -9.7389215e-01  -2.2701118e-01
  9.7393786e-01   2.2681499e-01  -9.7393786e-01  -2.2681499e-01
  9.7398353e-01   2.2661880e-01  -9.7398353e-01  -2.2661880e-01
  9.7402916e-01   2.2642261e-01  -9.7402916e-01  -2.2642261e-01
  9.7407474e-01   2.2622643e-01  -9.7407474e-01  -2.2622643e-01
  9.7412029e-01   2.2603024e-01  -9.7412029e-01  -2.2603024e-01
  9.7416579e-01   2.2583405e-01  -9.7416579e-01  -2.2583405e-01
  9.7421125e-01   2.2563786e-01  -9.7421125e-01  -2.2563786e-01
  9.7425667e-01   2.2544168e-01  -9.7425667e-01  -2.2544168e-01
  9.7430204e-01   2.2524549e-01  -9.7430204e-01  -2.2524549e-01
  9.7434738e-01   2.2504930e-01  -9.7434738e-01  -2.2504930e-01
  9.7439267e-01   2.2485311e-01  -9.7439267e-01  -2.2485311e-01
  9.7443792e-01   2.2465693e-01  -9.7443792e-01  -2.2465693e-01
  9.7448313e-01   2.2446074e-01  -9.7448313e-01  -2.2446074e-01
  9.7452830e-01   2.2426455e-01  -9.7452830e-01  -2.2426455e-01
  9.7457343e-01   2.2406836e-01  -9.7457343e-01  -2.2406836e-01
  9.7461851e-01   2.2387218e-01  -9.7461851e-01  -2.2387218e-01
  9.7466356e-01   2.2367599e-01  -9.7466356e-01  -2.2367599e-01
  9.7470856e-01   2.2347980e-01  -9.7470856e-01  -2.2347980e-01
  9.7475352e-01   2.2328361e-01  -9.7475352e-01  -2.2328361e-01
  9.7479844e-01   2.2308743e-01  -9.7479844e-01  -2.2308743e-01
  9.7484332e-01   2.2289124e-01  -9.7484332e-01  -2.2289124e-01
  9.7488815e-01   2.2269505e-01  -9.7488815e-01  -2.2269505e-01
  9.7493295e-01   2.2249886e-01  -9.7493295e-01  -2.2249886e-01
  9.7497770e-01   2.2230268e-01  -9.7497770e-01  -2.2230268e-01
  9.7502241e-01   2.2210649e-01  -9.7502241e-01  -2.2210649e-01
  9.7506708e-01   2.2191030e-01  -9.7506708e-01  -2.2191030e-01
  9.7511171e-01   2.2171412e-01  -9.7511171e-01  -2.2171412e-01
  9.7515630e-01   2.2151793e-01  -9.7515630e-01  -2.2151793e-01
  9.7520084e-01   2.2132174e-01  -9.7520084e-01  -2.2132174e-01
  9.7524535e-01   2.2112555e-01  -9.7524535e-01  -2.2112555e-01
  9.7528981e-01   2.2092937e-01  -9.7528981e-01  -2.2092937e-01
  9.7533423e-01   2.2073318e-01  -9.7533423e-01  -2.2073318e-01
  9.7537861e-01   2.2053699e-01  -9.7537861e-01  -2.2053699e-01
  9.7542295e-01   2.2034080e-01  -9.7542295e-01  -2.2034080e-01
  9.7546725e-01   2.2014462e-01  -9.7546725e-01  -2.2014462e-01
  9.7551150e-01   2.1994843e-01  -9.7551150e-01  -2.1994843e-01
  9.7555571e-01   2.1975224e-01  -9.7555571e-01  -2.1975224e-01
  9.7559989e-01   2.1955605e-01  -9.7559989e-01  -2.1955605e-01
  9.7564402e-01   2.1935987e-01  -9.7564402e-01  -2.1935987e-01
  9.7568811e-01   2.1916368e-01  -9.7568811e-01  -2.1916368e-01
  9.7573215e-01   2.1896749e-01  -9.7573215e-01  -2.1896749e-01
  9.7577616e-01   2.1877130e-01  -9.7577616e-01  -2.1877130e-01
  9.7582013e-01   2.1857512e-01  -9.7582013e-01  -2.1857512e-01
  9.7586405e-01   2.1837893e-01  -9.7586405e-01  -2.1837893e-01
  9.7590793e-01   2.1818274e-01  -9.7590793e-01  -2.1818274e-01
  9.7595177e-01   2.1798655e-01  -9.7595177e-01  -2.1798655e-01
  9.7599557e-01   2.1779037e-01  -9.7599557e-01  -2.1779037e-01
  9.7603933e-01   2.1759418e-01  -9.7603933e-01  -2.1759418e-01
  9.7608305e-01   2.1739799e-01  -9.7608305e-01  -2.1739799e-01
  9.7612672e-01   2.1720180e-01  -9.7612672e-01  -2.1720180e-01
  9.7617036e-01   2.1700562e-01  -9.7617036e-01  -2.1700562e-01
  9.7621395e-01   2.1680943e-01  -9.7621395e-01  -2.1680943e-01
  9.7625750e-01   2.1661324e-01  -9.7625750e-01  -2.1661324e-01
  9.7630101e-01   2.1641705e-01  -9.7630101e-01  -2.1641705e-01
  9.7634448e-01   2.1622087e-01  -9.7634448e-01  -2.1622087e-01
  9.7638790e-01   2.1602468e-01  -9.7638790e-01  -2.1602468e-01
  9.7643129e-01   2.1582849e-01  -9.7643129e-01  -2.1582849e-01
  9.7647463e-01   2.1563230e-01  -9.7647463e-01  -2.1563230e-01
  9.7651794e-01   2.1543612e-01  -9.7651794e-01  -2.1543612e-01
  9.7656120e-01   2.1523993e-01  -9.7656120e-01  -2.1523993e-01
  9.7660442e-01   2.1504374e-01  -9.7660442e-01  -2.1504374e-01
  9.7664760e-01   2.1484756e-01  -9.7664760e-01  -2.1484756e-01
  9.7669073e-01   2.1465137e-01  -9.7669073e-01  -2.1465137e-01
  9.7673383e-01   2.1445518e-01  -9.7673383e-01  -2.1445518e-01
  9.7677689e-01   2.1425899e-01  -9.7677689e-01  -2.1425899e-01
  9.7681990e-01   2.1406281e-01  -9.7681990e-01  -2.1406281e-01
  9.7686287e-01   2.1386662e-01  -9.7686287e-01  -2.1386662e-01
  9.7690580e-01   2.1367043e-01  -9.7690580e-01  -2.1367043e-01
  9.7694869e-01   2.1347424e-01  -9.7694869e-01  -2.1347424e-01
  9.7699154e-01   2.1327806e-01  -9.7699154e-01  -2.1327806e-01
  9.7703435e-01   2.1308187e-01  -9.7703435e-01  -2.1308187e-01
  9.7707711e-01   2.1288568e-01  -9.7707711e-01  -2.1288568e-01
  9.7711984e-01   2.1268949e-01  -9.7711984e-01  -2.1268949e-01
  9.7716252e-01   2.1249331e-01  -9.7716252e-01  -2.1249331e-01
  9.7720516e-01   2.1229712e-01  -9.7720516e-01  -2.1229712e-01
  9.7724777e-01   2.1210093e-01  -9.7724777e-01  -2.1210093e-01
  9.7729033e-01   2.1190474e-01  -9.7729033e-01  -2.1190474e-01
  9.7733284e-01   2.1170856e-01  -9.7733284e-01  -2.1170856e-01
  9.7737532e-01   2.1151237e-01  -9.7737532e-01  -2.1151237e-01
  9.7741776e-01   2.1131618e-01  -9.7741776e-01  -2.1131618e-01
  9.7746015e-01   2.1111999e-01  -9.7746015e-01  -2.1111999e-01
  9.7750251e-01   2.1092381e-01  -9.7750251e-01  -2.1092381e-01
  9.7754482e-01   2.1072762e-01  -9.7754482e-01  -2.1072762e-01
  9.7758709e-01   2.1053143e-01  -9.7758709e-01  -2.1053143e-01
  9.7762932e-01   2.1033524e-01  -9.7762932e-01  -2.1033524e-01
  9.7767151e-01   2.1013906e-01  -9.7767151e-01  -2.1013906e-01
  9.7771366e-01   2.0994287e-01  -9.7771366e-01  -2.0994287e-01
  9.7775576e-01   2.0974668e-01  -9.7775576e-01  -2.0974668e-01
  9.7779783e-01   2.0955049e-01  -9.7779783e-01  -2.0955049e-01
  9.7783985e-01   2.0935431e-01  -9.7783985e-01  -2.0935431e-01
  9.7788183e-01   2.0915812e-01  -9.7788183e-01  -2.0915812e-01
  9.7792378e-01   2.0896193e-01  -9.7792378e-01  -2.0896193e-01
  9.7796568e-01   2.0876574e-01  -9.7796568e-01  -2.0876574e-01
  9.7800754e-01   2.0856956e-01  -9.7800754e-01  -2.0856956e-01
  9.7804935e-01   2.0837337e-01  -9.7804935e-01  -2.0837337e-01
  9.7809113e-01   2.0817718e-01  -9.7809113e-01  -2.0817718e-01
  9.7813287e-01   2.0798099e-01  -9.7813287e-01  -2.0798099e-01
  9.7817456e-01   2.0778481e-01  -9.7817456e-01  -2.0778481e-01
  9.7821622e-01   2.0758862e-01  -9.7821622e-01  -2.0758862e-01
  9.7825783e-01   2.0739243e-01  -9.7825783e-01  -2.0739243e-01
  9.7829940e-01   2.0719625e-01  -9.7829940e-01  -2.0719625e-01
  9.7834093e-01   2.0700006e-01  -9.7834093e-01  -2.0700006e-01
  9.7838242e-01   2.0680387e-01  -9.7838242e-01  -2.0680387e-01
  9.7842387e-01   2.0660768e-01  -9.7842387e-01  -2.0660768e-01
  9.7846528e-01   2.0641150e-01  -9.7846528e-01  -2.0641150e-01
  9.7850664e-01   2.0621531e-01  -9.7850664e-01  -2.0621531e-01
  9.7854797e-01   2.0601912e-01  -9.7854797e-01  -2.0601912e-01
  9.7858925e-01   2.0582293e-01  -9.7858925e-01  -2.0582293e-01
  9.7863049e-01   2.0562675e-01  -9.7863049e-01  -2.0562675e-01
  9.7867169e-01   2.0543056e-01  -9.7867169e-01  -2.0543056e-01
  9.7871286e-01   2.0523437e-01  -9.7871286e-01  -2.0523437e-01
  9.7875397e-01   2.0503818e-01  -9.7875397e-01  -2.0503818e-01
  9.7879505e-01   2.0484200e-01  -9.7879505e-01  -2.0484200e-01
  9.7883609e-01   2.0464581e-01  -9.7883609e-01  -2.0464581e-01
  9.7887709e-01   2.0444962e-01  -9.7887709e-01  -2.0444962e-01
  9.7891804e-01   2.0425343e-01  -9.7891804e-01  -2.0425343e-01
  9.7895896e-01   2.0405725e-01  -9.7895896e-01  -2.0405725e-01
  9.7899983e-01   2.0386106e-01  -9.7899983e-01  -2.0386106e-01
  9.7904066e-01   2.0366487e-01  -9.7904066e-01  -2.0366487e-01
  9.7908145e-01   2.0346868e-01  -9.7908145e-01  -2.0346868e-01
  9.7912220e-01   2.0327250e-01  -9.7912220e-01  -2.0327250e-01
  9.7916291e-01   2.0307631e-01  -9.7916291e-01  -2.0307631e-01
  9.7920358e-01   2.0288012e-01  -9.7920358e-01  -2.0288012e-01
  9.7924421e-01   2.0268393e-01  -9.7924421e-01  -2.0268393e-01
  9.7928480e-01   2.0248775e-01  -9.7928480e-01  -2.0248775e-01
  9.7932534e-01   2.0229156e-01  -9.7932534e-01  -2.0229156e-01
  9.7936585e-01   2.0209537e-01  -9.7936585e-01  -2.0209537e-01
  9.7940631e-01   2.0189918e-01  -9.7940631e-01  -2.0189918e-01
  9.7944673e-01   2.0170300e-01  -9.7944673e-01  -2.0170300e-01
  9.7948711e-01   2.0150681e-01  -9.7948711e-01  -2.0150681e-01
  9.7952745e-01   2.0131062e-01  -9.7952745e-01  -2.0131062e-01
  9.7956775e-01   2.0111443e-01  -9.7956775e-01  -2.0111443e-01
  9.7960801e-01   2.0091825e-01  -9.7960801e-01  -2.0091825e-01
  9.7964823e-01   2.0072206e-01  -9.7964823e-01  -2.0072206e-01
  9.7968841e-01   2.0052587e-01  -9.7968841e-01  -2.0052587e-01
  9.7972854e-01   2.0032969e-01  -9.7972854e-01  -2.0032969e-01
  9.7976864e-01   2.0013350e-01  -9.7976864e-01  -2.0013350e-01
  9.7980869e-01   1.9993731e-01  -9.7980869e-01  -1.9993731e-01
  9.7984870e-01   1.9974112e-01  -9.7984870e-01  -1.9974112e-01
  9.7988868e-01   1.9954494e-01  -9.7988868e-01  -1.9954494e-01
  9.7992861e-01   1.9934875e-01  -9.7992861e-01  -1.9934875e-01
  9.7996850e-01   1.9915256e-01  -9.7996850e-01  -1.9915256e-01
  9.8000835e-01   1.9895637e-01  -9.8000835e-01  -1.9895637e-01
  9.8004816e-01   1.9876019e-01  -9.8004816e-01  -1.9876019e-01
  9.8008792e-01   1.9856400e-01  -9.8008792e-01  -1.9856400e-01
  9.8012765e-01   1.9836781e-01  -9.8012765e-01  -1.9836781e-01
  9.8016734e-01   1.9817162e-01  -9.8016734e-01  -1.9817162e-01
  9.8020698e-01   1.9797544e-01  -9.8020698e-01  -1.9797544e-01
  9.8024659e-01   1.9777925e-01  -9.8024659e-01  -1.9777925e-01
  9.8028615e-01   1.9758306e-01  -9.8028615e-01  -1.9758306e-01
  9.8032567e-01   1.9738687e-01  -9.8032567e-01  -1.9738687e-01
  9.8036515e-01   1.9719069e-01  -9.8036515e-01  -1.9719069e-01
  9.8040459e-01   1.9699450e-01  -9.8040459e-01  -1.9699450e-01
  9.8044399e-01   1.9679831e-01  -9.8044399e-01  -1.9679831e-01
  9.8048335e-01   1.9660212e-01  -9.8048335e-01  -1.9660212e-01
  9.8052267e-01   1.9640594e-01  -9.8052267e-01  -1.9640594e-01
  9.8056195e-01   1.9620975e-01  -9.8056195e-01  -1.9620975e-01
  9.8060118e-01   1.9601356e-01  -9.8060118e-01  -1.9601356e-01
  9.8064038e-01   1.9581737e-01  -9.8064038e-01  -1.9581737e-01
  9.8067954e-01   1.9562119e-01  -9.8067954e-01  -1.9562119e-01
  9.8071865e-01   1.9542500e-01  -9.8071865e-01  -1.9542500e-01
  9.8075772e-01   1.9522881e-01  -9.8075772e-01  -1.9522881e-01
  9.8079676e-01   1.9503262e-01  -9.8079676e-01  -1.9503262e-01
  9.8083575e-01   1.9483644e-01  -9.8083575e-01  -1.9483644e-01
  9.8087470e-01   1.9464025e-01  -9.8087470e-01  -1.9464025e-01
  9.8091361e-01   1.9444406e-01  -9.8091361e-01  -1.9444406e-01
  9.8095248e-01   1.9424787e-01  -9.8095248e-01  -1.9424787e-01
  9.8099131e-01   1.9405169e-01  -9.8099131e-01  -1.9405169e-01
  9.8103009e-01   1.9385550e-01  -9.8103009e-01  -1.9385550e-01
  9.8106884e-01   1.9365931e-01  -9.8106884e-01  -1.9365931e-01
  9.8110755e-01   1.9346312e-01  -9.8110755e-01  -1.9346312e-01
  9.8114621e-01   1.9326694e-01  -9.8114621e-01  -1.9326694e-01
  9.8118484e-01   1.9307075e-01  -9.8118484e-01  -1.9307075e-01
  9.8122342e-01   1.9287456e-01  -9.8122342e-01  -1.9287456e-01
  9.8126196e-01   1.9267838e-01  -9.8126196e-01  -1.9267838e-01
  9.8130047e-01   1.9248219e-01  -9.8130047e-01  -1.9248219e-01
  9.8133893e-01   1.9228600e-01  -9.8133893e-01  -1.9228600e-01
  9.8137735e-01   1.9208981e-01  -9.8137735e-01  -1.9208981e-01
  9.8141573e-01   1.9189363e-01  -9.8141573e-01  -1.9189363e-01
  9.8145407e-01   1.9169744e-01  -9.8145407e-01  -1.9169744e-01
  9.8149237e-01   1.9150125e-01  -9.8149237e-01  -1.9150125e-01
  9.8153063e-01   1.9130506e-01  -9.8153063e-01  -1.9130506e-01
  9.8156885e-01   1.9110888e-01  -9.8156885e-01  -1.9110888e-01
  9.8160702e-01   1.9091269e-01  -9.8160702e-01  -1.9091269e-01
  9.8164516e-01   1.9071650e-01  -9.8164516e-01  -1.9071650e-01
  9.8168325e-01   1.9052031e-01  -9.8168325e-01  -1.9052031e-01
  9.8172131e-01   1.9032413e-01  -9.8172131e-01  -1.9032413e-01
  9.8175932e-01   1.9012794e-01  -9.8175932e-01  -1.9012794e-01
  9.8179730e-01   1.8993175e-01  -9.8179730e-01  -1.8993175e-01
  9.8183523e-01   1.8973556e-01  -9.8183523e-01  -1.8973556e-01
  9.8187312e-01   1.8953938e-01  -9.8187312e-01  -1.8953938e-01
  9.8191097e-01   1.8934319e-01  -9.8191097e-01  -1.8934319e-01
  9.8194878e-01   1.8914700e-01  -9.8194878e-01  -1.8914700e-01
  9.8198655e-01   1.8895081e-01  -9.8198655e-01  -1.8895081e-01
  9.8202428e-01   1.8875463e-01  -9.8202428e-01  -1.8875463e-01
  9.8206197e-01   1.8855844e-01  -9.8206197e-01  -1.8855844e-01
  9.8209962e-01   1.8836225e-01  -9.8209962e-01  -1.8836225e-01
  9.8213723e-01   1.8816606e-01  -9.8213723e-01  -1.8816606e-01
  9.8217479e-01   1.8796988e-01  -9.8217479e-01  -1.8796988e-01
  9.8221232e-01   1.8777369e-01  -9.8221232e-01  -1.8777369e-01
  9.8224981e-01   1.8757750e-01  -9.8224981e-01  -1.8757750e-01
  9.8228725e-01   1.8738131e-01  -9.8228725e-01  -1.8738131e-01
  9.8230606e-01   1.8728267e-01  -9.8230606e-01  -1.8728267e-01
  9.8234366e-01   1.8708538e-01  -9.8234366e-01  -1.8708538e-01
  9.8238121e-01   1.8688809e-01  -9.8238121e-01  -1.8688809e-01
  9.8241872e-01   1.8669080e-01  -9.8241872e-01  -1.8669080e-01
  9.8245619e-01   1.8649350e-01  -9.8245619e-01  -1.8649350e-01
  9.8249362e-01   1.8629621e-01  -9.8249362e-01  -1.8629621e-01
  9.8253101e-01   1.8609892e-01  -9.8253101e-01  -1.8609892e-01
  9.8256836e-01   1.8590163e-01  -9.8256836e-01  -1.8590163e-01
  9.8260567e-01   1.8570434e-01  -9.8260567e-01  -1.8570434e-01
  9.8264293e-01   1.8550705e-01  -9.8264293e-01  -1.8550705e-01
  9.8268016e-01   1.8530976e-01  -9.8268016e-01  -1.8530976e-01
  9.8271734e-01   1.8511247e-01  -9.8271734e-01  -1.8511247e-01
  9.8275449e-01   1.8491517e-01  -9.8275449e-01  -1.8491517e-01
  9.8279159e-01   1.8471788e-01  -9.8279159e-01  -1.8471788e-01
  9.8282865e-01   1.8452059e-01  -9.8282865e-01  -1.8452059e-01
  9.8286567e-01   1.8432330e-01  -9.8286567e-01  -1.8432330e-01
  9.8290265e-01   1.8412601e-01  -9.8290265e-01  -1.8412601e-01
  9.8293958e-01   1.8392872e-01  -9.8293958e-01  -1.8392872e-01
  9.8297648e-01   1.8373143e-01  -9.8297648e-01  -1.8373143e-01
  9.8301334e-01   1.8353414e-01  -9.8301334e-01  -1.8353414e-01
  9.8305015e-01   1.8333685e-01  -9.8305015e-01  -1.8333685e-01
  9.8308693e-01   1.8313955e-01  -9.8308693e-01  -1.8313955e-01
  9.8312366e-01   1.8294226e-01  -9.8312366e-01  -1.8294226e-01
  9.8316035e-01   1.8274497e-01  -9.8316035e-01  -1.8274497e-01
  9.8319700e-01   1.8254768e-01  -9.8319700e-01  -1.8254768e-01
  9.8323361e-01   1.8235039e-01  -9.8323361e-01  -1.8235039e-01
  9.8327018e-01   1.8215310e-01  -9.8327018e-01  -1.8215310e-01
  9.8330671e-01   1.8195581e-01  -9.8330671e-01  -1.8195581e-01
  9.8334320e-01   1.8175852e-01  -9.8334320e-01  -1.8175852e-01
  9.8337964e-01   1.8156122e-01  -9.8337964e-01  -1.8156122e-01
  9.8341605e-01   1.8136393e-01  -9.8341605e-01  -1.8136393e-01
  9.8345241e-01   1.8116664e-01  -9.8345241e-01  -1.8116664e-01
  9.8348874e-01   1.8096935e-01  -9.8348874e-01  -1.8096935e-01
  9.8352502e-01   1.8077206e-01  -9.8352502e-01  -1.8077206e-01
  9.8356126e-01   1.8057477e-01  -9.8356126e-01  -1.8057477e-01
  9.8359746e-01   1.8037748e-01  -9.8359746e-01  -1.8037748e-01
  9.8363362e-01   1.8018019e-01  -9.8363362e-01  -1.8018019e-01
  9.8366974e-01   1.7998289e-01  -9.8366974e-01  -1.7998289e-01
  9.8370582e-01   1.7978560e-01  -9.8370582e-01  -1.7978560e-01
  9.8374186e-01   1.7958831e-01  -9.8374186e-01  -1.7958831e-01
  9.8377785e-01   1.7939102e-01  -9.8377785e-01  -1.7939102e-01
  9.8381381e-01   1.7919373e-01  -9.8381381e-01  -1.7919373e-01
  9.8384972e-01   1.7899644e-01  -9.8384972e-01  -1.7899644e-01
  9.8388560e-01   1.7879915e-01  -9.8388560e-01  -1.7879915e-01
  9.8392143e-01   1.7860186e-01  -9.8392143e-01  -1.7860186e-01
  9.8395722e-01   1.7840457e-01  -9.8395722e-01  -1.7840457e-01
  9.8399297e-01   1.7820727e-01  -9.8399297e-01  -1.7820727e-01
  9.8402868e-01   1.7800998e-01  -9.8402868e-01  -1.7800998e-01
  9.8406435e-01   1.7781269e-01  -9.8406435e-01  -1.7781269e-01
  9.8409998e-01   1.7761540e-01  -9.8409998e-01  -1.7761540e-01
  9.8413557e-01   1.7741811e-01  -9.8413557e-01  -1.7741811e-01
  9.8417111e-01   1.7722082e-01  -9.8417111e-01  -1.7722082e-01
  9.8420662e-01   1.7702353e-01  -9.8420662e-01  -1.7702353e-01
  9.8424209e-01   1.7682624e-01  -9.8424209e-01  -1.7682624e-01
  9.8427751e-01   1.7662894e-01  -9.8427751e-01  -1.7662894e-01
  9.8431289e-01   1.7643165e-01  -9.8431289e-01  -1.7643165e-01
  9.8434824e-01   1.7623436e-01  -9.8434824e-01  -1.7623436e-01
  9.8438354e-01   1.7603707e-01  -9.8438354e-01  -1.7603707e-01
  9.8441880e-01   1.7583978e-01  -9.8441880e-01  -1.7583978e-01
  9.8445402e-01   1.7564249e-01  -9.8445402e-01  -1.7564249e-01
  9.8448920e-01   1.7544520e-01  -9.8448920e-01  -1.7544520e-01
  9.8452434e-01   1.7524791e-01  -9.8452434e-01  -1.7524791e-01
  9.8455944e-01   1.7505061e-01  -9.8455944e-01  -1.7505061e-01
  9.8459449e-01   1.7485332e-01  -9.8459449e-01  -1.7485332e-01
  9.8462951e-01   1.7465603e-01  -9.8462951e-01  -1.7465603e-01
  9.8466448e-01   1.7445874e-01  -9.8466448e-01  -1.7445874e-01
  9.8469942e-01   1.7426145e-01  -9.8469942e-01  -1.7426145e-01
  9.8473431e-01   1.7406416e-01  -9.8473431e-01  -1.7406416e-01
  9.8476917e-01   1.7386687e-01  -9.8476917e-01  -1.7386687e-01
  9.8480398e-01   1.7366958e-01  -9.8480398e-01  -1.7366958e-01
  9.8483875e-01   1.7347229e-01  -9.8483875e-01  -1.7347229e-01
  9.8487348e-01   1.7327499e-01  -9.8487348e-01  -1.7327499e-01
  9.8490817e-01   1.7307770e-01  -9.8490817e-01  -1.7307770e-01
  9.8494282e-01   1.7288041e-01  -9.8494282e-01  -1.7288041e-01
  9.8497743e-01   1.7268312e-01  -9.8497743e-01  -1.7268312e-01
  9.8501200e-01   1.7248583e-01  -9.8501200e-01  -1.7248583e-01
  9.8504653e-01   1.7228854e-01  -9.8504653e-01  -1.7228854e-01
  9.8508101e-01   1.7209125e-01  -9.8508101e-01  -1.7209125e-01
  9.8511546e-01   1.7189396e-01  -9.8511546e-01  -1.7189396e-01
  9.8514986e-01   1.7169666e-01  -9.8514986e-01  -1.7169666e-01
  9.8518423e-01   1.7149937e-01  -9.8518423e-01  -1.7149937e-01
  9.8521855e-01   1.7130208e-01  -9.8521855e-01  -1.7130208e-01
  9.8525284e-01   1.7110479e-01  -9.8525284e-01  -1.7110479e-01
  9.8528708e-01   1.7090750e-01  -9.8528708e-01  -1.7090750e-01
  9.8532128e-01   1.7071021e-01  -9.8532128e-01  -1.7071021e-01
  9.8535544e-01   1.7051292e-01  -9.8535544e-01  -1.7051292e-01
  9.8538956e-01   1.7031563e-01  -9.8538956e-01  -1.7031563e-01
  9.8542364e-01   1.7011833e-01  -9.8542364e-01  -1.7011833e-01
  9.8545768e-01   1.6992104e-01  -9.8545768e-01  -1.6992104e-01
  9.8549168e-01   1.6972375e-01  -9.8549168e-01  -1.6972375e-01
  9.8552564e-01   1.6952646e-01  -9.8552564e-01  -1.6952646e-01
  9.8555955e-01   1.6932917e-01  -9.8555955e-01  -1.6932917e-01
  9.8559343e-01   1.6913188e-01  -9.8559343e-01  -1.6913188e-01
  9.8562726e-01   1.6893459e-01  -9.8562726e-01  -1.6893459e-01
  9.8566106e-01   1.6873730e-01  -9.8566106e-01  -1.6873730e-01
  9.8569481e-01   1.6854001e-01  -9.8569481e-01  -1.6854001e-01
  9.8572853e-01   1.6834271e-01  -9.8572853e-01  -1.6834271e-01
  9.8576220e-01   1.6814542e-01  -9.8576220e-01  -1.6814542e-01
  9.8579583e-01   1.6794813e-01  -9.8579583e-01  -1.6794813e-01
  9.8582943e-01   1.6775084e-01  -9.8582943e-01  -1.6775084e-01
  9.8586298e-01   1.6755355e-01  -9.8586298e-01  -1.6755355e-01
  9.8589649e-01   1.6735626e-01  -9.8589649e-01  -1.6735626e-01
  9.8592996e-01   1.6715897e-01  -9.8592996e-01  -1.6715897e-01
  9.8596339e-01   1.6696168e-01  -9.8596339e-01  -1.6696168e-01
  9.8599677e-01   1.6676438e-01  -9.8599677e-01  -1.6676438e-01
  9.8603012e-01   1.6656709e-01  -9.8603012e-01  -1.6656709e-01
  9.8606343e-01   1.6636980e-01  -9.8606343e-01  -1.6636980e-01
  9.8609670e-01   1.6617251e-01  -9.8609670e-01  -1.6617251e-01
  9.8612992e-01   1.6597522e-01  -9.8612992e-01  -1.6597522e-01
  9.8616311e-01   1.6577793e-01  -9.8616311e-01  -1.6577793e-01
  9.8619625e-01   1.6558064e-01  -9.8619625e-01  -1.6558064e-01
  9.8622936e-01   1.6538335e-01  -9.8622936e-01  -1.6538335e-01
  9.8626242e-01   1.6518606e-01  -9.8626242e-01  -1.6518606e-01
  9.8629545e-01   1.6498876e-01  -9.8629545e-01  -1.6498876e-01
  9.8632843e-01   1.6479147e-01  -9.8632843e-01  -1.6479147e-01
  9.8636137e-01   1.6459418e-01  -9.8636137e-01  -1.6459418e-01
  9.8639427e-01   1.6439689e-01  -9.8639427e-01  -1.6439689e-01
  9.8642713e-01   1.6419960e-01  -9.8642713e-01  -1.6419960e-01
  9.8645996e-01   1.6400231e-01  -9.8645996e-01  -1.6400231e-01
  9.8649274e-01   1.6380502e-01  -9.8649274e-01  -1.6380502e-01
  9.8652547e-01   1.6360773e-01  -9.8652547e-01  -1.6360773e-01
  9.8655817e-01   1.6341043e-01  -9.8655817e-01  -1.6341043e-01
  9.8659083e-01   1.6321314e-01  -9.8659083e-01  -1.6321314e-01
  9.8662345e-01   1.6301585e-01  -9.8662345e-01  -1.6301585e-01
  9.8665603e-01   1.6281856e-01  -9.8665603e-01  -1.6281856e-01
  9.8668856e-01   1.6262127e-01  -9.8668856e-01  -1.6262127e-01
  9.8672106e-01   1.6242398e-01  -9.8672106e-01  -1.6242398e-01
  9.8675352e-01   1.6222669e-01  -9.8675352e-01  -1.6222669e-01
  9.8678593e-01   1.6202940e-01  -9.8678593e-01  -1.6202940e-01
  9.8681831e-01   1.6183210e-01  -9.8681831e-01  -1.6183210e-01
  9.8685064e-01   1.6163481e-01  -9.8685064e-01  -1.6163481e-01
  9.8688293e-01   1.6143752e-01  -9.8688293e-01  -1.6143752e-01
  9.8691519e-01   1.6124023e-01  -9.8691519e-01  -1.6124023e-01
  9.8694740e-01   1.6104294e-01  -9.8694740e-01  -1.6104294e-01
  9.8697957e-01   1.6084565e-01  -9.8697957e-01  -1.6084565e-01
  9.8701170e-01   1.6064836e-01  -9.8701170e-01  -1.6064836e-01
  9.8704380e-01   1.6045107e-01  -9.8704380e-01  -1.6045107e-01
  9.8707585e-01   1.6025378e-01  -9.8707585e-01  -1.6025378e-01
  9.8710786e-01   1.6005648e-01  -9.8710786e-01  -1.6005648e-01
  9.8713983e-01   1.5985919e-01  -9.8713983e-01  -1.5985919e-01
  9.8717176e-01   1.5966190e-01  -9.8717176e-01  -1.5966190e-01
  9.8720365e-01   1.5946461e-01  -9.8720365e-01  -1.5946461e-01
  9.8723549e-01   1.5926732e-01  -9.8723549e-01  -1.5926732e-01
  9.8726730e-01   1.5907003e-01  -9.8726730e-01  -1.5907003e-01
  9.8729907e-01   1.5887274e-01  -9.8729907e-01  -1.5887274e-01
  9.8733080e-01   1.5867545e-01  -9.8733080e-01  -1.5867545e-01
  9.8736248e-01   1.5847815e-01  -9.8736248e-01  -1.5847815e-01
  9.8739413e-01   1.5828086e-01  -9.8739413e-01  -1.5828086e-01
  9.8742574e-01   1.5808357e-01  -9.8742574e-01  -1.5808357e-01
  9.8745730e-01   1.5788628e-01  -9.8745730e-01  -1.5788628e-01
  9.8748883e-01   1.5768899e-01  -9.8748883e-01  -1.5768899e-01
  9.8752031e-01   1.5749170e-01  -9.8752031e-01  -1.5749170e-01
  9.8755176e-01   1.5729441e-01  -9.8755176e-01  -1.5729441e-01
  9.8758316e-01   1.5709712e-01  -9.8758316e-01  -1.5709712e-01
  9.8761452e-01   1.5689982e-01  -9.8761452e-01  -1.5689982e-01
  9.8764585e-01   1.5670253e-01  -9.8764585e-01  -1.5670253e-01
  9.8767713e-01   1.5650524e-01  -9.8767713e-01  -1.5650524e-01
  9.8770837e-01   1.5630795e-01  -9.8770837e-01  -1.5630795e-01
  9.8773957e-01   1.5611066e-01  -9.8773957e-01  -1.5611066e-01
  9.8777073e-01   1.5591337e-01  -9.8777073e-01  -1.5591337e-01
  9.8780185e-01   1.5571608e-01  -9.8780185e-01  -1.5571608e-01
  9.8783293e-01   1.5551879e-01  -9.8783293e-01  -1.5551879e-01
  9.8786397e-01   1.5532150e-01  -9.8786397e-01  -1.5532150e-01
  9.8789497e-01   1.5512420e-01  -9.8789497e-01  -1.5512420e-01
  9.8792593e-01   1.5492691e-01  -9.8792593e-01  -1.5492691e-01
  9.8795685e-01   1.5472962e-01  -9.8795685e-01  -1.5472962e-01
  9.8798773e-01   1.5453233e-01  -9.8798773e-01  -1.5453233e-01
  9.8801857e-01   1.5433504e-01  -9.8801857e-01  -1.5433504e-01
  9.8804937e-01   1.5413775e-01  -9.8804937e-01  -1.5413775e-01
  9.8808013e-01   1.5394046e-01  -9.8808013e-01  -1.5394046e-01
  9.8811084e-01   1.5374317e-01  -9.8811084e-01  -1.5374317e-01
  9.8814152e-01   1.5354587e-01  -9.8814152e-01  -1.5354587e-01
  9.8817216e-01   1.5334858e-01  -9.8817216e-01  -1.5334858e-01
  9.8820275e-01   1.5315129e-01  -9.8820275e-01  -1.5315129e-01
  9.8823331e-01   1.5295400e-01  -9.8823331e-01  -1.5295400e-01
  9.8826382e-01   1.5275671e-01  -9.8826382e-01  -1.5275671e-01
  9.8829430e-01   1.5255942e-01  -9.8829430e-01  -1.5255942e-01
  9.8832474e-01   1.5236213e-01  -9.8832474e-01  -1.5236213e-01
  9.8835513e-01   1.5216484e-01  -9.8835513e-01  -1.5216484e-01
  9.8838548e-01   1.5196754e-01  -9.8838548e-01  -1.5196754e-01
  9.8841580e-01   1.5177025e-01  -9.8841580e-01  -1.5177025e-01
  9.8844607e-01   1.5157296e-01  -9.8844607e-01  -1.5157296e-01
  9.8847631e-01   1.5137567e-01  -9.8847631e-01  -1.5137567e-01
  9.8850650e-01   1.5117838e-01  -9.8850650e-01  -1.5117838e-01
  9.8853665e-01   1.5098109e-01  -9.8853665e-01  -1.5098109e-01
  9.8856676e-01   1.5078380e-01  -9.8856676e-01  -1.5078380e-01
  9.8859684e-01   1.5058651e-01  -9.8859684e-01  -1.5058651e-01
  9.8862687e-01   1.5038922e-01  -9.8862687e-01  -1.5038922e-01
  9.8865686e-01   1.5019192e-01  -9.8865686e-01  -1.5019192e-01
  9.8868681e-01   1.4999463e-01  -9.8868681e-01  -1.4999463e-01
  9.8871672e-01   1.4979734e-01  -9.8871672e-01  -1.4979734e-01
  9.8874659e-01   1.4960005e-01  -9.8874659e-01  -1.4960005e-01
  9.8877642e-01   1.4940276e-01  -9.8877642e-01  -1.4940276e-01
  9.8880621e-01   1.4920547e-01  -9.8880621e-01  -1.4920547e-01
  9.8883596e-01   1.4900818e-01  -9.8883596e-01  -1.4900818e-01
  9.8886567e-01   1.4881089e-01  -9.8886567e-01  -1.4881089e-01
  9.8889534e-01   1.4861359e-01  -9.8889534e-01  -1.4861359e-01
  9.8892497e-01   1.4841630e-01  -9.8892497e-01  -1.4841630e-01
  9.8895456e-01   1.4821901e-01  -9.8895456e-01  -1.4821901e-01
  9.8898411e-01   1.4802172e-01  -9.8898411e-01  -1.4802172e-01
  9.8901362e-01   1.4782443e-01  -9.8901362e-01  -1.4782443e-01
  9.8904309e-01   1.4762714e-01  -9.8904309e-01  -1.4762714e-01
  9.8907252e-01   1.4742985e-01  -9.8907252e-01  -1.4742985e-01
  9.8910190e-01   1.4723256e-01  -9.8910190e-01  -1.4723256e-01
  9.8913125e-01   1.4703527e-01  -9.8913125e-01  -1.4703527e-01
  9.8916056e-01   1.4683797e-01  -9.8916056e-01  -1.4683797e-01
  9.8918983e-01   1.4664068e-01  -9.8918983e-01  -1.4664068e-01
  9.8921905e-01   1.4644339e-01  -9.8921905e-01  -1.4644339e-01
  9.8924824e-01   1.4624610e-01  -9.8924824e-01  -1.4624610e-01
  9.8927739e-01   1.4604881e-01  -9.8927739e-01  -1.4604881e-01
  9.8930649e-01   1.4585152e-01  -9.8930649e-01  -1.4585152e-01
  9.8933556e-01   1.4565423e-01  -9.8933556e-01  -1.4565423e-01
  9.8936458e-01   1.4545694e-01  -9.8936458e-01  -1.4545694e-01
  9.8939357e-01   1.4525964e-01  -9.8939357e-01  -1.4525964e-01
  9.8942252e-01   1.4506235e-01  -9.8942252e-01  -1.4506235e-01
  9.8945142e-01   1.4486506e-01  -9.8945142e-01  -1.4486506e-01
  9.8948029e-01   1.4466777e-01  -9.8948029e-01  -1.4466777e-01
  9.8950911e-01   1.4447048e-01  -9.8950911e-01  -1.4447048e-01
  9.8953790e-01   1.4427319e-01  -9.8953790e-01  -1.4427319e-01
  9.8956664e-01   1.4407590e-01  -9.8956664e-01  -1.4407590e-01
  9.8959534e-01   1.4387861e-01  -9.8959534e-01  -1.4387861e-01
  9.8962401e-01   1.4368131e-01  -9.8962401e-01  -1.4368131e-01
  9.8965263e-01   1.4348402e-01  -9.8965263e-01  -1.4348402e-01
  9.8968122e-01   1.4328673e-01  -9.8968122e-01  -1.4328673e-01
  9.8970976e-01   1.4308944e-01  -9.8970976e-01  -1.4308944e-01
  9.8973827e-01   1.4289215e-01  -9.8973827e-01  -1.4289215e-01
  9.8976673e-01   1.4269486e-01  -9.8976673e-01  -1.4269486e-01
  9.8979515e-01   1.4249757e-01  -9.8979515e-01  -1.4249757e-01
  9.8982354e-01   1.4230028e-01  -9.8982354e-01  -1.4230028e-01
  9.8985188e-01   1.4210299e-01  -9.8985188e-01  -1.4210299e-01
  9.8988018e-01   1.4190569e-01  -9.8988018e-01  -1.4190569e-01
  9.8990844e-01   1.4170840e-01  -9.8990844e-01  -1.4170840e-01
  9.8993667e-01   1.4151111e-01  -9.8993667e-01  -1.4151111e-01
  9.8996485e-01   1.4131382e-01  -9.8996485e-01  -1.4131382e-01
  9.8999299e-01   1.4111653e-01  -9.8999299e-01  -1.4111653e-01
  9.9002109e-01   1.4091924e-01  -9.9002109e-01  -1.4091924e-01
  9.9004916e-01   1.4072195e-01  -9.9004916e-01  -1.4072195e-01
  9.9007718e-01   1.4052466e-01  -9.9007718e-01  -1.4052466e-01
  9.9010516e-01   1.4032736e-01  -9.9010516e-01  -1.4032736e-01
  9.9013310e-01   1.4013007e-01  -9.9013310e-01  -1.4013007e-01
  9.9016101e-01   1.3993278e-01  -9.9016101e-01  -1.3993278e-01
  9.9018887e-01   1.3973549e-01  -9.9018887e-01  -1.3973549e-01
  9.9021669e-01   1.3953820e-01  -9.9021669e-01  -1.3953820e-01
  9.9024447e-01   1.3934091e-01  -9.9024447e-01  -1.3934091e-01
  9.9027221e-01   1.3914362e-01  -9.9027221e-01  -1.3914362e-01
  9.9029991e-01   1.3894633e-01  -9.9029991e-01  -1.3894633e-01
  9.9032757e-01   1.3874903e-01  -9.9032757e-01  -1.3874903e-01
  9.9035520e-01   1.3855174e-01  -9.9035520e-01  -1.3855174e-01
  9.9038278e-01   1.3835445e-01  -9.9038278e-01  -1.3835445e-01
  9.9041032e-01   1.3815716e-01  -9.9041032e-01  -1.3815716e-01
  9.9043782e-01   1.3795987e-01  -9.9043782e-01  -1.3795987e-01
  9.9046528e-01   1.3776258e-01  -9.9046528e-01  -1.3776258e-01
  9.9049270e-01   1.3756529e-01  -9.9049270e-01  -1.3756529e-01
  9.9052008e-01   1.3736800e-01  -9.9052008e-01  -1.3736800e-01
  9.9054742e-01   1.3717071e-01  -9.9054742e-01  -1.3717071e-01
  9.9057472e-01   1.3697341e-01  -9.9057472e-01  -1.3697341e-01
  9.9060198e-01   1.3677612e-01  -9.9060198e-01  -1.3677612e-01
  9.9062921e-01   1.3657883e-01  -9.9062921e-01  -1.3657883e-01
  9.9065639e-01   1.3638154e-01  -9.9065639e-01  -1.3638154e-01
  9.9068353e-01   1.3618425e-01  -9.9068353e-01  -1.3618425e-01
  9.9071063e-01   1.3598696e-01  -9.9071063e-01  -1.3598696e-01
  9.9073769e-01   1.3578967e-01  -9.9073769e-01  -1.3578967e-01
  9.9076471e-01   1.3559238e-01  -9.9076471e-01  -1.3559238e-01
  9.9079169e-01   1.3539508e-01  -9.9079169e-01  -1.3539508e-01
  9.9081863e-01   1.3519779e-01  -9.9081863e-01  -1.3519779e-01
  9.9084553e-01   1.3500050e-01  -9.9084553e-01  -1.3500050e-01
  9.9087239e-01   1.3480321e-01  -9.9087239e-01  -1.3480321e-01
  9.9089921e-01   1.3460592e-01  -9.9089921e-01  -1.3460592e-01
  9.9092599e-01   1.3440863e-01  -9.9092599e-01  -1.3440863e-01
  9.9095273e-01   1.3421134e-01  -9.9095273e-01  -1.3421134e-01
  9.9097943e-01   1.3401405e-01  -9.9097943e-01  -1.3401405e-01
  9.9100609e-01   1.3381675e-01  -9.9100609e-01  -1.3381675e-01
  9.9103271e-01   1.3361946e-01  -9.9103271e-01  -1.3361946e-01
  9.9105929e-01   1.3342217e-01  -9.9105929e-01  -1.3342217e-01
  9.9108583e-01   1.3322488e-01  -9.9108583e-01  -1.3322488e-01
  9.9111233e-01   1.3302759e-01  -9.9111233e-01  -1.3302759e-01
  9.9113880e-01   1.3283030e-01  -9.9113880e-01  -1.3283030e-01
  9.9116522e-01   1.3263301e-01  -9.9116522e-01  -1.3263301e-01
  9.9119160e-01   1.3243572e-01  -9.9119160e-01  -1.3243572e-01
  9.9121794e-01   1.3223843e-01  -9.9121794e-01  -1.3223843e-01
  9.9124424e-01   1.3204113e-01  -9.9124424e-01  -1.3204113e-01
  9.9127050e-01   1.3184384e-01  -9.9127050e-01  -1.3184384e-01
  9.9129672e-01   1.3164655e-01  -9.9129672e-01  -1.3164655e-01
  9.9132290e-01   1.3144926e-01  -9.9132290e-01  -1.3144926e-01
  9.9134904e-01   1.3125197e-01  -9.9134904e-01  -1.3125197e-01
  9.9137514e-01   1.3105468e-01  -9.9137514e-01  -1.3105468e-01
  9.9140120e-01   1.3085739e-01  -9.9140120e-01  -1.3085739e-01
  9.9142722e-01   1.3066010e-01  -9.9142722e-01  -1.3066010e-01
  9.9145320e-01   1.3046280e-01  -9.9145320e-01  -1.3046280e-01
  9.9147915e-01   1.3026551e-01  -9.9147915e-01  -1.3026551e-01
  9.9150505e-01   1.3006822e-01  -9.9150505e-01  -1.3006822e-01
  9.9153091e-01   1.2987093e-01  -9.9153091e-01  -1.2987093e-01
  9.9155673e-01   1.2967364e-01  -9.9155673e-01  -1.2967364e-01
  9.9158251e-01   1.2947635e-01  -9.9158251e-01  -1.2947635e-01
  9.9160825e-01   1.2927906e-01  -9.9160825e-01  -1.2927906e-01
  9.9163395e-01   1.2908177e-01  -9.9163395e-01  -1.2908177e-01
  9.9165962e-01   1.2888448e-01  -9.9165962e-01  -1.2888448e-01
  9.9168524e-01   1.2868718e-01  -9.9168524e-01  -1.2868718e-01
  9.9171082e-01   1.2848989e-01  -9.9171082e-01  -1.2848989e-01
  9.9173636e-01   1.2829260e-01  -9.9173636e-01  -1.2829260e-01
  9.9176186e-01   1.2809531e-01  -9.9176186e-01  -1.2809531e-01
  9.9178732e-01   1.2789802e-01  -9.9178732e-01  -1.2789802e-01
  9.9181275e-01   1.2770073e-01  -9.9181275e-01  -1.2770073e-01
  9.9183813e-01   1.2750344e-01  -9.9183813e-01  -1.2750344e-01
  9.9186347e-01   1.2730615e-01  -9.9186347e-01  -1.2730615e-01
  9.9188877e-01   1.2710885e-01  -9.9188877e-01  -1.2710885e-01
  9.9191404e-01   1.2691156e-01  -9.9191404e-01  -1.2691156e-01
  9.9193926e-01   1.2671427e-01  -9.9193926e-01  -1.2671427e-01
  9.9196444e-01   1.2651698e-01  -9.9196444e-01  -1.2651698e-01
  9.9198958e-01   1.2631969e-01  -9.9198958e-01  -1.2631969e-01
  9.9201469e-01   1.2612240e-01  -9.9201469e-01  -1.2612240e-01
  9.9203975e-01   1.2592511e-01  -9.9203975e-01  -1.2592511e-01
  9.9206477e-01   1.2572782e-01  -9.9206477e-01  -1.2572782e-01
  9.9208976e-01   1.2553052e-01  -9.9208976e-01  -1.2553052e-01
  9.9211470e-01   1.2533323e-01  -9.9211470e-01  -1.2533323e-01
  9.9212742e-01   1.2523252e-01  -9.9212742e-01  -1.2523252e-01
  9.9215282e-01   1.2503109e-01  -9.9215282e-01  -1.2503109e-01
  9.9217819e-01   1.2482967e-01  -9.9217819e-01  -1.2482967e-01
  9.9220351e-01   1.2462824e-01  -9.9220351e-01  -1.2462824e-01
  9.9222879e-01   1.2442682e-01  -9.9222879e-01  -1.2442682e-01
  9.9225403e-01   1.2422539e-01  -9.9225403e-01  -1.2422539e-01
  9.9227922e-01   1.2402397e-01  -9.9227922e-01  -1.2402397e-01
  9.9230438e-01   1.2382254e-01  -9.9230438e-01  -1.2382254e-01
  9.9232949e-01   1.2362111e-01  -9.9232949e-01  -1.2362111e-01
  9.9235456e-01   1.2341969e-01  -9.9235456e-01  -1.2341969e-01
  9.9237959e-01   1.2321826e-01  -9.9237959e-01  -1.2321826e-01
  9.9240458e-01   1.2301684e-01  -9.9240458e-01  -1.2301684e-01
  9.9242953e-01   1.2281541e-01  -9.9242953e-01  -1.2281541e-01
  9.9245444e-01   1.2261399e-01  -9.9245444e-01  -1.2261399e-01
  9.9247930e-01   1.2241256e-01  -9.9247930e-01  -1.2241256e-01
  9.9250413e-01   1.2221113e-01  -9.9250413e-01  -1.2221113e-01
  9.9252891e-01   1.2200971e-01  -9.9252891e-01  -1.2200971e-01
  9.9255365e-01   1.2180828e-01  -9.9255365e-01  -1.2180828e-01
  9.9257835e-01   1.2160686e-01  -9.9257835e-01  -1.2160686e-01
  9.9260300e-01   1.2140543e-01  -9.9260300e-01  -1.2140543e-01
  9.9262762e-01   1.2120400e-01  -9.9262762e-01  -1.2120400e-01
  9.9265219e-01   1.2100258e-01  -9.9265219e-01  -1.2100258e-01
  9.9267673e-01   1.2080115e-01  -9.9267673e-01  -1.2080115e-01
  9.9270122e-01   1.2059973e-01  -9.9270122e-01  -1.2059973e-01
  9.9272567e-01   1.2039830e-01  -9.9272567e-01  -1.2039830e-01
  9.9275007e-01   1.2019688e-01  -9.9275007e-01  -1.2019688e-01
  9.9277444e-01   1.1999545e-01  -9.9277444e-01  -1.1999545e-01
  9.9279877e-01   1.1979402e-01  -9.9279877e-01  -1.1979402e-01
  9.9282305e-01   1.1959260e-01  -9.9282305e-01  -1.1959260e-01
  9.9284729e-01   1.1939117e-01  -9.9284729e-01  -1.1939117e-01
  9.9287149e-01   1.1918975e-01  -9.9287149e-01  -1.1918975e-01
  9.9289565e-01   1.1898832e-01  -9.9289565e-01  -1.1898832e-01
  9.9291977e-01   1.1878689e-01  -9.9291977e-01  -1.1878689e-01
  9.9294385e-01   1.1858547e-01  -9.9294385e-01  -1.1858547e-01
  9.9296788e-01   1.1838404e-01  -9.9296788e-01  -1.1838404e-01
  9.9299188e-01   1.1818262e-01  -9.9299188e-01  -1.1818262e-01
  9.9301583e-01   1.1798119e-01  -9.9301583e-01  -1.1798119e-01
  9.9303974e-01   1.1777977e-01  -9.9303974e-01  -1.1777977e-01
  9.9306361e-01   1.1757834e-01  -9.9306361e-01  -1.1757834e-01
  9.9308744e-01   1.1737691e-01  -9.9308744e-01  -1.1737691e-01
  9.9311122e-01   1.1717549e-01  -9.9311122e-01  -1.1717549e-01
  9.9313497e-01   1.1697406e-01  -9.9313497e-01  -1.1697406e-01
  9.9315867e-01   1.1677264e-01  -9.9315867e-01  -1.1677264e-01
  9.9318234e-01   1.1657121e-01  -9.9318234e-01  -1.1657121e-01
  9.9320596e-01   1.1636979e-01  -9.9320596e-01  -1.1636979e-01
  9.9322954e-01   1.1616836e-01  -9.9322954e-01  -1.1616836e-01
  9.9325307e-01   1.1596693e-01  -9.9325307e-01  -1.1596693e-01
  9.9327657e-01   1.1576551e-01  -9.9327657e-01  -1.1576551e-01
  9.9330003e-01   1.1556408e-01  -9.9330003e-01  -1.1556408e-01
  9.9332344e-01   1.1536266e-01  -9.9332344e-01  -1.1536266e-01
  9.9334681e-01   1.1516123e-01  -9.9334681e-01  -1.1516123e-01
  9.9337014e-01   1.1495980e-01  -9.9337014e-01  -1.1495980e-01
  9.9339343e-01   1.1475838e-01  -9.9339343e-01  -1.1475838e-01
  9.9341668e-01   1.1455695e-01  -9.9341668e-01  -1.1455695e-01
  9.9343989e-01   1.1435553e-01  -9.9343989e-01  -1.1435553e-01
  9.9346305e-01   1.1415410e-01  -9.9346305e-01  -1.1415410e-01
  9.9348618e-01   1.1395268e-01  -9.9348618e-01  -1.1395268e-01
  9.9350926e-01   1.1375125e-01  -9.9350926e-01  -1.1375125e-01
  9.9353230e-01   1.1354982e-01  -9.9353230e-01  -1.1354982e-01
  9.9355530e-01   1.1334840e-01  -9.9355530e-01  -1.1334840e-01
  9.9357826e-01   1.1314697e-01  -9.9357826e-01  -1.1314697e-01
  9.9360118e-01   1.1294555e-01  -9.9360118e-01  -1.1294555e-01
  9.9362406e-01   1.1274412e-01  -9.9362406e-01  -1.1274412e-01
  9.9364689e-01   1.1254269e-01  -9.9364689e-01  -1.1254269e-01
  9.9366968e-01   1.1234127e-01  -9.9366968e-01  -1.1234127e-01
  9.9369244e-01   1.1213984e-01  -9.9369244e-01  -1.1213984e-01
  9.9371515e-01   1.1193842e-01  -9.9371515e-01  -1.1193842e-01
  9.9373781e-01   1.1173699e-01  -9.9373781e-01  -1.1173699e-01
  9.9376044e-01   1.1153557e-01  -9.9376044e-01  -1.1153557e-01
  9.9378303e-01   1.1133414e-01  -9.9378303e-01  -1.1133414e-01
  9.9380557e-01   1.1113271e-01  -9.9380557e-01  -1.1113271e-01
  9.9382808e-01   1.1093129e-01  -9.9382808e-01  -1.1093129e-01
  9.9385054e-01   1.1072986e-01  -9.9385054e-01  -1.1072986e-01
  9.9387296e-01   1.1052844e-01  -9.9387296e-01  -1.1052844e-01
  9.9389534e-01   1.1032701e-01  -9.9389534e-01  -1.1032701e-01
  9.9391768e-01   1.1012558e-01  -9.9391768e-01  -1.1012558e-01
  9.9393998e-01   1.0992416e-01  -9.9393998e-01  -1.0992416e-01
  9.9396223e-01   1.0972273e-01  -9.9396223e-01  -1.0972273e-01
  9.9398445e-01   1.0952131e-01  -9.9398445e-01  -1.0952131e-01
  9.9400662e-01   1.0931988e-01  -9.9400662e-01  -1.0931988e-01
  9.9402875e-01   1.0911846e-01  -9.9402875e-01  -1.0911846e-01
  9.9405084e-01   1.0891703e-01  -9.9405084e-01  -1.0891703e-01
  9.9407289e-01   1.0871560e-01  -9.9407289e-01  -1.0871560e-01
  9.9409490e-01   1.0851418e-01  -9.9409490e-01  -1.0851418e-01
  9.9411687e-01   1.0831275e-01  -9.9411687e-01  -1.0831275e-01
  9.9413879e-01   1.0811133e-01  -9.9413879e-01  -1.0811133e-01
  9.9416068e-01   1.0790990e-01  -9.9416068e-01  -1.0790990e-01
  9.9418252e-01   1.0770848e-01  -9.9418252e-01  -1.0770848e-01
  9.9420432e-01   1.0750705e-01  -9.9420432e-01  -1.0750705e-01
  9.9422608e-01   1.0730562e-01  -9.9422608e-01  -1.0730562e-01
  9.9424780e-01   1.0710420e-01  -9.9424780e-01  -1.0710420e-01
  9.9426948e-01   1.0690277e-01  -9.9426948e-01  -1.0690277e-01
  9.9429112e-01   1.0670135e-01  -9.9429112e-01  -1.0670135e-01
  9.9431271e-01   1.0649992e-01  -9.9431271e-01  -1.0649992e-01
  9.9433426e-01   1.0629849e-01  -9.9433426e-01  -1.0629849e-01
  9.9435578e-01   1.0609707e-01  -9.9435578e-01  -1.0609707e-01
  9.9437725e-01   1.0589564e-01  -9.9437725e-01  -1.0589564e-01
  9.9439868e-01   1.0569422e-01  -9.9439868e-01  -1.0569422e-01
  9.9442007e-01   1.0549279e-01  -9.9442007e-01  -1.0549279e-01
  9.9444142e-01   1.0529137e-01  -9.9444142e-01  -1.0529137e-01
  9.9446272e-01   1.0508994e-01  -9.9446272e-01  -1.0508994e-01
  9.9448399e-01   1.0488851e-01  -9.9448399e-01  -1.0488851e-01
  9.9450521e-01   1.0468709e-01  -9.9450521e-01  -1.0468709e-01
  9.9452639e-01   1.0448566e-01  -9.9452639e-01  -1.0448566e-01
  9.9454753e-01   1.0428424e-01  -9.9454753e-01  -1.0428424e-01
  9.9456863e-01   1.0408281e-01  -9.9456863e-01  -1.0408281e-01
  9.9458969e-01   1.0388138e-01  -9.9458969e-01  -1.0388138e-01
  9.9461071e-01   1.0367996e-01  -9.9461071e-01  -1.0367996e-01
  9.9463169e-01   1.0347853e-01  -9.9463169e-01  -1.0347853e-01
  9.9465262e-01   1.0327711e-01  -9.9465262e-01  -1.0327711e-01
  9.9467352e-01   1.0307568e-01  -9.9467352e-01  -1.0307568e-01
  9.9469437e-01   1.0287426e-01  -9.9469437e-01  -1.0287426e-01
  9.9471518e-01   1.0267283e-01  -9.9471518e-01  -1.0267283e-01
  9.9473595e-01   1.0247140e-01  -9.9473595e-01  -1.0247140e-01
  9.9475668e-01   1.0226998e-01  -9.9475668e-01  -1.0226998e-01
  9.9477737e-01   1.0206855e-01  -9.9477737e-01  -1.0206855e-01
  9.9479801e-01   1.0186713e-01  -9.9479801e-01  -1.0186713e-01
  9.9481862e-01   1.0166570e-01  -9.9481862e-01  -1.0166570e-01
  9.9483918e-01   1.0146428e-01  -9.9483918e-01  -1.0146428e-01
  9.9485971e-01   1.0126285e-01  -9.9485971e-01  -1.0126285e-01
  9.9488019e-01   1.0106142e-01  -9.9488019e-01  -1.0106142e-01
  9.9490063e-01   1.0086000e-01  -9.9490063e-01  -1.0086000e-01
  9.9492103e-01   1.0065857e-01  -9.9492103e-01  -1.0065857e-01
  9.9494139e-01   1.0045715e-01  -9.9494139e-01  -1.0045715e-01
  9.9496170e-01   1.0025572e-01  -9.9496170e-01  -1.0025572e-01
  9.9498198e-01   1.0005429e-01  -9.9498198e-01  -1.0005429e-01
  9.9500221e-01   9.9852869e-02  -9.9500221e-01  -9.9852869e-02
  9.9502241e-01   9.9651443e-02  -9.9502241e-01  -9.9651443e-02
  9.9504256e-01   9.9450017e-02  -9.9504256e-01  -9.9450017e-02
  9.9506267e-01   9.9248591e-02  -9.9506267e-01  -9.9248591e-02
  9.9508274e-01   9.9047165e-02  -9.9508274e-01  -9.9047165e-02
  9.9510277e-01   9.8845740e-02  -9.9510277e-01  -9.8845740e-02
  9.9512276e-01   9.8644314e-02  -9.9512276e-01  -9.8644314e-02
  9.9514270e-01   9.8442888e-02  -9.9514270e-01  -9.8442888e-02
  9.9516261e-01   9.8241462e-02  -9.9516261e-01  -9.8241462e-02
  9.9518247e-01   9.8040036e-02  -9.9518247e-01  -9.8040036e-02
  9.9520229e-01   9.7838610e-02  -9.9520229e-01  -9.7838610e-02
  9.9522208e-01   9.7637185e-02  -9.9522208e-01  -9.7637185e-02
  9.9524182e-01   9.7435759e-02  -9.9524182e-01  -9.7435759e-02
  9.9526152e-01   9.7234333e-02  -9.9526152e-01  -9.7234333e-02
  9.9528117e-01   9.7032907e-02  -9.9528117e-01  -9.7032907e-02
  9.9530079e-01   9.6831481e-02  -9.9530079e-01  -9.6831481e-02
  9.9532037e-01   9.6630056e-02  -9.9532037e-01  -9.6630056e-02
  9.9533990e-01   9.6428630e-02  -9.9533990e-01  -9.6428630e-02
  9.9535939e-01   9.6227204e-02  -9.9535939e-01  -9.6227204e-02
  9.9537885e-01   9.6025778e-02  -9.9537885e-01  -9.6025778e-02
  9.9539826e-01   9.5824352e-02  -9.9539826e-01  -9.5824352e-02
  9.9541763e-01   9.5622927e-02  -9.9541763e-01  -9.5622927e-02
  9.9543696e-01   9.5421501e-02  -9.9543696e-01  -9.5421501e-02
  9.9545625e-01   9.5220075e-02  -9.9545625e-01  -9.5220075e-02
  9.9547549e-01   9.5018649e-02  -9.9547549e-01  -9.5018649e-02
  9.9549470e-01   9.4817223e-02  -9.9549470e-01  -9.4817223e-02
  9.9551386e-01   9.4615798e-02  -9.9551386e-01  -9.4615798e-02
  9.9553299e-01   9.4414372e-02  -9.9553299e-01  -9.4414372e-02
  9.9555207e-01   9.4212946e-02  -9.9555207e-01  -9.4212946e-02
  9.9557111e-01   9.4011520e-02  -9.9557111e-01  -9.4011520e-02
  9.9559011e-01   9.3810094e-02  -9.9559011e-01  -9.3810094e-02
  9.9560907e-01   9.3608668e-02  -9.9560907e-01  -9.3608668e-02
  9.9562799e-01   9.3407243e-02  -9.9562799e-01  -9.3407243e-02
  9.9564686e-01   9.3205817e-02  -9.9564686e-01  -9.3205817e-02
  9.9566570e-01   9.3004391e-02  -9.9566570e-01  -9.3004391e-02
  9.9568449e-01   9.2802965e-02  -9.9568449e-01  -9.2802965e-02
  9.9570325e-01   9.2601539e-02  -9.9570325e-01  -9.2601539e-02
  9.9572196e-01   9.2400114e-02  -9.9572196e-01  -9.2400114e-02
  9.9574063e-01   9.2198688e-02  -9.9574063e-01  -9.2198688e-02
  9.9575926e-01   9.1997262e-02  -9.9575926e-01  -9.1997262e-02
  9.9577785e-01   9.1795836e-02  -9.9577785e-01  -9.1795836e-02
  9.9579640e-01   9.1594410e-02  -9.9579640e-01  -9.1594410e-02
  9.9581490e-01   9.1392985e-02  -9.9581490e-01  -9.1392985e-02
  9.9583337e-01   9.1191559e-02  -9.9583337e-01  -9.1191559e-02
  9.9585179e-01   9.0990133e-02  -9.9585179e-01  -9.0990133e-02
  9.9587018e-01   9.0788707e-02  -9.9587018e-01  -9.0788707e-02
  9.9588852e-01   9.0587281e-02  -9.9588852e-01  -9.0587281e-02
  9.9590682e-01   9.0385856e-02  -9.9590682e-01  -9.0385856e-02
  9.9592508e-01   9.0184430e-02  -9.9592508e-01  -9.0184430e-02
  9.9594330e-01   8.9983004e-02  -9.9594330e-01  -8.9983004e-02
  9.9596148e-01   8.9781578e-02  -9.9596148e-01  -8.9781578e-02
  9.9597962e-01   8.9580152e-02  -9.9597962e-01  -8.9580152e-02
  9.9599771e-01   8.9378726e-02  -9.9599771e-01  -8.9378726e-02
  9.9601577e-01   8.9177301e-02  -9.9601577e-01  -8.9177301e-02
  9.9603378e-01   8.8975875e-02  -9.9603378e-01  -8.8975875e-02
  9.9605175e-01   8.8774449e-02  -9.9605175e-01  -8.8774449e-02
  9.9606969e-01   8.8573023e-02  -9.9606969e-01  -8.8573023e-02
  9.9608758e-01   8.8371597e-02  -9.9608758e-01  -8.8371597e-02
  9.9610543e-01   8.8170172e-02  -9.9610543e-01  -8.8170172e-02
  9.9612324e-01   8.7968746e-02  -9.9612324e-01  -8.7968746e-02
  9.9614100e-01   8.7767320e-02  -9.9614100e-01  -8.7767320e-02
  9.9615873e-01   8.7565894e-02  -9.9615873e-01  -8.7565894e-02
  9.9617641e-01   8.7364468e-02  -9.9617641e-01  -8.7364468e-02
  9.9619406e-01   8.7163043e-02  -9.9619406e-01  -8.7163043e-02
  9.9621166e-01   8.6961617e-02  -9.9621166e-01  -8.6961617e-02
  9.9622923e-01   8.6760191e-02  -9.9622923e-01  -8.6760191e-02
  9.9624675e-01   8.6558765e-02  -9.9624675e-01  -8.6558765e-02
  9.9626423e-01   8.6357339e-02  -9.9626423e-01  -8.6357339e-02
  9.9628167e-01   8.6155914e-02  -9.9628167e-01  -8.6155914e-02
  9.9629906e-01   8.5954488e-02  -9.9629906e-01  -8.5954488e-02
  9.9631642e-01   8.5753062e-02  -9.9631642e-01  -8.5753062e-02
  9.9633374e-01   8.5551636e-02  -9.9633374e-01  -8.5551636e-02
  9.9635101e-01   8.5350210e-02  -9.9635101e-01  -8.5350210e-02
  9.9636825e-01   8.5148784e-02  -9.9636825e-01  -8.5148784e-02
  9.9638544e-01   8.4947359e-02  -9.9638544e-01  -8.4947359e-02
  9.9640259e-01   8.4745933e-02  -9.9640259e-01  -8.4745933e-02
  9.9641970e-01   8.4544507e-02  -9.9641970e-01  -8.4544507e-02
  9.9643677e-01   8.4343081e-02  -9.9643677e-01  -8.4343081e-02
  9.9645380e-01   8.4141655e-02  -9.9645380e-01  -8.4141655e-02
  9.9647079e-01   8.3940230e-02  -9.9647079e-01  -8.3940230e-02
  9.9648774e-01   8.3738804e-02  -9.9648774e-01  -8.3738804e-02
  9.9650464e-01   8.3537378e-02  -9.9650464e-01  -8.3537378e-02
  9.9652151e-01   8.3335952e-02  -9.9652151e-01  -8.3335952e-02
  9.9653833e-01   8.3134526e-02  -9.9653833e-01  -8.3134526e-02
  9.9655512e-01   8.2933101e-02  -9.9655512e-01  -8.2933101e-02
  9.9657186e-01   8.2731675e-02  -9.9657186e-01  -8.2731675e-02
  9.9658856e-01   8.2530249e-02  -9.9658856e-01  -8.2530249e-02
  9.9660522e-01   8.2328823e-02  -9.9660522e-01  -8.2328823e-02
  9.9662184e-01   8.2127397e-02  -9.9662184e-01  -8.2127397e-02
  9.9663842e-01   8.1925971e-02  -9.9663842e-01  -8.1925971e-02
  9.9665495e-01   8.1724546e-02  -9.9665495e-01  -8.1724546e-02
  9.9667145e-01   8.1523120e-02  -9.9667145e-01  -8.1523120e-02
  9.9668791e-01   8.1321694e-02  -9.9668791e-01  -8.1321694e-02
  9.9670432e-01   8.1120268e-02  -9.9670432e-01  -8.1120268e-02
  9.9672069e-01   8.0918842e-02  -9.9672069e-01  -8.0918842e-02
  9.9673703e-01   8.0717417e-02  -9.9673703e-01  -8.0717417e-02
  9.9675332e-01   8.0515991e-02  -9.9675332e-01  -8.0515991e-02
  9.9676957e-01   8.0314565e-02  -9.9676957e-01  -8.0314565e-02
  9.9678578e-01   8.0113139e-02  -9.9678578e-01  -8.0113139e-02
  9.9680195e-01   7.9911713e-02  -9.9680195e-01  -7.9911713e-02
  9.9681807e-01   7.9710288e-02  -9.9681807e-01  -7.9710288e-02
  9.9683416e-01   7.9508862e-02  -9.9683416e-01  -7.9508862e-02
  9.9685020e-01   7.9307436e-02  -9.9685020e-01  -7.9307436e-02
  9.9686621e-01   7.9106010e-02  -9.9686621e-01  -7.9106010e-02
  9.9688217e-01   7.8904584e-02  -9.9688217e-01  -7.8904584e-02
  9.9689810e-01   7.8703159e-02  -9.9689810e-01  -7.8703159e-02
  9.9691398e-01   7.8501733e-02  -9.9691398e-01  -7.8501733e-02
  9.9692982e-01   7.8300307e-02  -9.9692982e-01  -7.8300307e-02
  9.9694562e-01   7.8098881e-02  -9.9694562e-01  -7.8098881e-02
  9.9696138e-01   7.7897455e-02  -9.9696138e-01  -7.7897455e-02
  9.9697709e-01   7.7696029e-02  -9.9697709e-01  -7.7696029e-02
  9.9699277e-01   7.7494604e-02  -9.9699277e-01  -7.7494604e-02
  9.9700841e-01   7.7293178e-02  -9.9700841e-01  -7.7293178e-02
  9.9702400e-01   7.7091752e-02  -9.9702400e-01  -7.7091752e-02
  9.9703956e-01   7.6890326e-02  -9.9703956e-01  -7.6890326e-02
  9.9705507e-01   7.6688900e-02  -9.9705507e-01  -7.6688900e-02
  9.9707054e-01   7.6487475e-02  -9.9707054e-01  -7.6487475e-02
  9.9708597e-01   7.6286049e-02  -9.9708597e-01  -7.6286049e-02
  9.9710136e-01   7.6084623e-02  -9.9710136e-01  -7.6084623e-02
  9.9711671e-01   7.5883197e-02  -9.9711671e-01  -7.5883197e-02
  9.9713202e-01   7.5681771e-02  -9.9713202e-01  -7.5681771e-02
  9.9714729e-01   7.5480346e-02  -9.9714729e-01  -7.5480346e-02
  9.9716252e-01   7.5278920e-02  -9.9716252e-01  -7.5278920e-02
  9.9717770e-01   7.5077494e-02  -9.9717770e-01  -7.5077494e-02
  9.9719285e-01   7.4876068e-02  -9.9719285e-01  -7.4876068e-02
  9.9720795e-01   7.4674642e-02  -9.9720795e-01  -7.4674642e-02
  9.9722301e-01   7.4473217e-02  -9.9722301e-01  -7.4473217e-02
  9.9723804e-01   7.4271791e-02  -9.9723804e-01  -7.4271791e-02
  9.9725302e-01   7.4070365e-02  -9.9725302e-01  -7.4070365e-02
  9.9726796e-01   7.3868939e-02  -9.9726796e-01  -7.3868939e-02
  9.9728286e-01   7.3667513e-02  -9.9728286e-01  -7.3667513e-02
  9.9729772e-01   7.3466087e-02  -9.9729772e-01  -7.3466087e-02
  9.9731253e-01   7.3264662e-02  -9.9731253e-01  -7.3264662e-02
  9.9732731e-01   7.3063236e-02  -9.9732731e-01  -7.3063236e-02
  9.9734205e-01   7.2861810e-02  -9.9734205e-01  -7.2861810e-02
  9.9735674e-01   7.2660384e-02  -9.9735674e-01  -7.2660384e-02
  9.9737139e-01   7.2458958e-02  -9.9737139e-01  -7.2458958e-02
  9.9738601e-01   7.2257533e-02  -9.9738601e-01  -7.2257533e-02
  9.9740058e-01   7.2056107e-02  -9.9740058e-01  -7.2056107e-02
  9.9741511e-01   7.1854681e-02  -9.9741511e-01  -7.1854681e-02
  9.9742960e-01   7.1653255e-02  -9.9742960e-01  -7.1653255e-02
  9.9744405e-01   7.1451829e-02  -9.9744405e-01  -7.1451829e-02
  9.9745846e-01   7.1250404e-02  -9.9745846e-01  -7.1250404e-02
  9.9747283e-01   7.1048978e-02  -9.9747283e-01  -7.1048978e-02
  9.9748715e-01   7.0847552e-02  -9.9748715e-01  -7.0847552e-02
  9.9750144e-01   7.0646126e-02  -9.9750144e-01  -7.0646126e-02
  9.9751569e-01   7.0444700e-02  -9.9751569e-01  -7.0444700e-02
  9.9752989e-01   7.0243275e-02  -9.9752989e-01  -7.0243275e-02
  9.9754405e-01   7.0041849e-02  -9.9754405e-01  -7.0041849e-02
  9.9755818e-01   6.9840423e-02  -9.9755818e-01  -6.9840423e-02
  9.9757226e-01   6.9638997e-02  -9.9757226e-01  -6.9638997e-02
  9.9758630e-01   6.9437571e-02  -9.9758630e-01  -6.9437571e-02
  9.9760030e-01   6.9236145e-02  -9.9760030e-01  -6.9236145e-02
  9.9761426e-01   6.9034720e-02  -9.9761426e-01  -6.9034720e-02
  9.9762818e-01   6.8833294e-02  -9.9762818e-01  -6.8833294e-02
  9.9764205e-01   6.8631868e-02  -9.9764205e-01  -6.8631868e-02
  9.9765589e-01   6.8430442e-02  -9.9765589e-01  -6.8430442e-02
  9.9766969e-01   6.8229016e-02  -9.9766969e-01  -6.8229016e-02
  9.9768344e-01   6.8027591e-02  -9.9768344e-01  -6.8027591e-02
  9.9769715e-01   6.7826165e-02  -9.9769715e-01  -6.7826165e-02
  9.9771083e-01   6.7624739e-02  -9.9771083e-01  -6.7624739e-02
  9.9772446e-01   6.7423313e-02  -9.9772446e-01  -6.7423313e-02
  9.9773805e-01   6.7221887e-02  -9.9773805e-01  -6.7221887e-02
  9.9775160e-01   6.7020462e-02  -9.9775160e-01  -6.7020462e-02
  9.9776511e-01   6.6819036e-02  -9.9776511e-01  -6.6819036e-02
  9.9777858e-01   6.6617610e-02  -9.9777858e-01  -6.6617610e-02
  9.9779201e-01   6.6416184e-02  -9.9779201e-01  -6.6416184e-02
  9.9780539e-01   6.6214758e-02  -9.9780539e-01  -6.6214758e-02
  9.9781874e-01   6.6013332e-02  -9.9781874e-01  -6.6013332e-02
  9.9783205e-01   6.5811907e-02  -9.9783205e-01  -6.5811907e-02
  9.9784531e-01   6.5610481e-02  -9.9784531e-01  -6.5610481e-02
  9.9785853e-01   6.5409055e-02  -9.9785853e-01  -6.5409055e-02
  9.9787172e-01   6.5207629e-02  -9.9787172e-01  -6.5207629e-02
  9.9788486e-01   6.5006203e-02  -9.9788486e-01  -6.5006203e-02
  9.9789796e-01   6.4804778e-02  -9.9789796e-01  -6.4804778e-02
  9.9791102e-01   6.4603352e-02  -9.9791102e-01  -6.4603352e-02
  9.9792404e-01   6.4401926e-02  -9.9792404e-01  -6.4401926e-02
  9.9793702e-01   6.4200500e-02  -9.9793702e-01  -6.4200500e-02
  9.9794996e-01   6.3999074e-02  -9.9794996e-01  -6.3999074e-02
  9.9796286e-01   6.3797649e-02  -9.9796286e-01  -6.3797649e-02
  9.9797571e-01   6.3596223e-02  -9.9797571e-01  -6.3596223e-02
  9.9798853e-01   6.3394797e-02  -9.9798853e-01  -6.3394797e-02
  9.9800130e-01   6.3193371e-02  -9.9800130e-01  -6.3193371e-02
  9.9801404e-01   6.2991945e-02  -9.9801404e-01  -6.2991945e-02
  9.9802673e-01   6.2790520e-02  -9.9802673e-01  -6.2790520e-02
  9.9803298e-01   6.2691010e-02  -9.9803298e-01  -6.2691010e-02
  9.9804547e-01   6.2491991e-02  -9.9804547e-01  -6.2491991e-02
  9.9805791e-01   6.2292972e-02  -9.9805791e-01  -6.2292972e-02
  9.9807031e-01   6.2093953e-02  -9.9807031e-01  -6.2093953e-02
  9.9808267e-01   6.1894934e-02  -9.9808267e-01  -6.1894934e-02
  9.9809499e-01   6.1695915e-02  -9.9809499e-01  -6.1695915e-02
  9.9810727e-01   6.1496896e-02  -9.9810727e-01  -6.1496896e-02
  9.9811952e-01   6.1297876e-02  -9.9811952e-01  -6.1297876e-02
  9.9813172e-01   6.1098857e-02  -9.9813172e-01  -6.1098857e-02
  9.9814388e-01   6.0899838e-02  -9.9814388e-01  -6.0899838e-02
  9.9815601e-01   6.0700819e-02  -9.9815601e-01  -6.0700819e-02
  9.9816809e-01   6.0501800e-02  -9.9816809e-01  -6.0501800e-02
  9.9818013e-01   6.0302781e-02  -9.9818013e-01  -6.0302781e-02
  9.9819213e-01   6.0103762e-02  -9.9819213e-01  -6.0103762e-02
  9.9820410e-01   5.9904743e-02  -9.9820410e-01  -5.9904743e-02
  9.9821602e-01   5.9705724e-02  -9.9821602e-01  -5.9705724e-02
  9.9822791e-01   5.9506705e-02  -9.9822791e-01  -5.9506705e-02
  9.9823975e-01   5.9307686e-02  -9.9823975e-01  -5.9307686e-02
  9.9825155e-01   5.9108667e-02  -9.9825155e-01  -5.9108667e-02
  9.9826332e-01   5.8909647e-02  -9.9826332e-01  -5.8909647e-02
  9.9827504e-01   5.8710628e-02  -9.9827504e-01  -5.8710628e-02
  9.9828673e-01   5.8511609e-02  -9.9828673e-01  -5.8511609e-02
  9.9829837e-01   5.8312590e-02  -9.9829837e-01  -5.8312590e-02
  9.9830998e-01   5.8113571e-02  -9.9830998e-01  -5.8113571e-02
  9.9832154e-01   5.7914552e-02  -9.9832154e-01  -5.7914552e-02
  9.9833307e-01   5.7715533e-02  -9.9833307e-01  -5.7715533e-02
  9.9834456e-01   5.7516514e-02  -9.9834456e-01  -5.7516514e-02
  9.9835600e-01   5.7317495e-02  -9.9835600e-01  -5.7317495e-02
  9.9836741e-01   5.7118476e-02  -9.9836741e-01  -5.7118476e-02
  9.9837877e-01   5.6919457e-02  -9.9837877e-01  -5.6919457e-02
  9.9839010e-01   5.6720438e-02  -9.9839010e-01  -5.6720438e-02
  9.9840139e-01   5.6521419e-02  -9.9840139e-01  -5.6521419e-02
  9.9841263e-01   5.6322399e-02  -9.9841263e-01  -5.6322399e-02
  9.9842384e-01   5.6123380e-02  -9.9842384e-01  -5.6123380e-02
  9.9843501e-01   5.5924361e-02  -9.9843501e-01  -5.5924361e-02
  9.9844614e-01   5.5725342e-02  -9.9844614e-01  -5.5725342e-02
  9.9845722e-01   5.5526323e-02  -9.9845722e-01  -5.5526323e-02
  9.9846827e-01   5.5327304e-02  -9.9846827e-01  -5.5327304e-02
  9.9847928e-01   5.5128285e-02  -9.9847928e-01  -5.5128285e-02
  9.9849025e-01   5.4929266e-02  -9.9849025e-01  -5.4929266e-02
  9.9850118e-01   5.4730247e-02  -9.9850118e-01  -5.4730247e-02
  9.9851207e-01   5.4531228e-02  -9.9851207e-01  -5.4531228e-02
  9.9852291e-01   5.4332209e-02  -9.9852291e-01  -5.4332209e-02
  9.9853372e-01   5.4133190e-02  -9.9853372e-01  -5.4133190e-02
  9.9854449e-01   5.3934170e-02  -9.9854449e-01  -5.3934170e-02
  9.9855522e-01   5.3735151e-02  -9.9855522e-01  -5.3735151e-02
  9.9856591e-01   5.3536132e-02  -9.9856591e-01  -5.3536132e-02
  9.9857656e-01   5.3337113e-02  -9.9857656e-01  -5.3337113e-02
  9.9858717e-01   5.3138094e-02  -9.9858717e-01  -5.3138094e-02
  9.9859774e-01   5.2939075e-02  -9.9859774e-01  -5.2939075e-02
  9.9860827e-01   5.2740056e-02  -9.9860827e-01  -5.2740056e-02
  9.9861877e-01   5.2541037e-02  -9.9861877e-01  -5.2541037e-02
  9.9862922e-01   5.2342018e-02  -9.9862922e-01  -5.2342018e-02
  9.9863963e-01   5.2142999e-02  -9.9863963e-01  -5.2142999e-02
  9.9865000e-01   5.1943980e-02  -9.9865000e-01  -5.1943980e-02
  9.9866033e-01   5.1744961e-02  -9.9866033e-01  -5.1744961e-02
  9.9867062e-01   5.1545942e-02  -9.9867062e-01  -5.1545942e-02
  9.9868088e-01   5.1346922e-02  -9.9868088e-01  -5.1346922e-02
  9.9869109e-01   5.1147903e-02  -9.9869109e-01  -5.1147903e-02
  9.9870126e-01   5.0948884e-02  -9.9870126e-01  -5.0948884e-02
  9.9871140e-01   5.0749865e-02  -9.9871140e-01  -5.0749865e-02
  9.9872149e-01   5.0550846e-02  -9.9872149e-01  -5.0550846e-02
  9.9873154e-01   5.0351827e-02  -9.9873154e-01  -5.0351827e-02
  9.9874156e-01   5.0152808e-02  -9.9874156e-01  -5.0152808e-02
  9.9875153e-01   4.9953789e-02  -9.9875153e-01  -4.9953789e-02
  9.9876146e-01   4.9754770e-02  -9.9876146e-01  -4.9754770e-02
  9.9877136e-01   4.9555751e-02  -9.9877136e-01  -4.9555751e-02
  9.9878121e-01   4.9356732e-02  -9.9878121e-01  -4.9356732e-02
  9.9879103e-01   4.9157713e-02  -9.9879103e-01  -4.9157713e-02
  9.9880080e-01   4.8958694e-02  -9.9880080e-01  -4.8958694e-02
  9.9881054e-01   4.8759674e-02  -9.9881054e-01  -4.8759674e-02
  9.9882024e-01   4.8560655e-02  -9.9882024e-01  -4.8560655e-02
  9.9882989e-01   4.8361636e-02  -9.9882989e-01  -4.8361636e-02
  9.9883951e-01   4.8162617e-02  -9.9883951e-01  -4.8162617e-02
  9.9884908e-01   4.7963598e-02  -9.9884908e-01  -4.7963598e-02
  9.9885862e-01   4.7764579e-02  -9.9885862e-01  -4.7764579e-02
  9.9886812e-01   4.7565560e-02  -9.9886812e-01  -4.7565560e-02
  9.9887758e-01   4.7366541e-02  -9.9887758e-01  -4.7366541e-02
  9.9888699e-01   4.7167522e-02  -9.9888699e-01  -4.7167522e-02
  9.9889637e-01   4.6968503e-02  -9.9889637e-01  -4.6968503e-02
  9.9890571e-01   4.6769484e-02  -9.9890571e-01  -4.6769484e-02
  9.9891501e-01   4.6570465e-02  -9.9891501e-01  -4.6570465e-02
  9.9892427e-01   4.6371445e-02  -9.9892427e-01  -4.6371445e-02
  9.9893348e-01   4.6172426e-02  -9.9893348e-01  -4.6172426e-02
  9.9894266e-01   4.5973407e-02  -9.9894266e-01  -4.5973407e-02
  9.9895180e-01   4.5774388e-02  -9.9895180e-01  -4.5774388e-02
  9.9896090e-01   4.5575369e-02  -9.9896090e-01  -4.5575369e-02
  9.9896996e-01   4.5376350e-02  -9.9896996e-01  -4.5376350e-02
  9.9897898e-01   4.5177331e-02  -9.9897898e-01  -4.5177331e-02
  9.9898796e-01   4.4978312e-02  -9.9898796e-01  -4.4978312e-02
  9.9899690e-01   4.4779293e-02  -9.9899690e-01  -4.4779293e-02
  9.9900581e-01   4.4580274e-02  -9.9900581e-01  -4.4580274e-02
  9.9901467e-01   4.4381255e-02  -9.9901467e-01  -4.4381255e-02
  9.9902349e-01   4.4182236e-02  -9.9902349e-01  -4.4182236e-02
  9.9903227e-01   4.3983217e-02  -9.9903227e-01  -4.3983217e-02
  9.9904101e-01   4.3784197e-02  -9.9904101e-01  -4.3784197e-02
  9.9904971e-01   4.3585178e-02  -9.9904971e-01  -4.3585178e-02
  9.9905838e-01   4.3386159e-02  -9.9905838e-01  -4.3386159e-02
  9.9906700e-01   4.3187140e-02  -9.9906700e-01  -4.3187140e-02
  9.9907558e-01   4.2988121e-02  -9.9907558e-01  -4.2988121e-02
  9.9908413e-01   4.2789102e-02  -9.9908413e-01  -4.2789102e-02
  9.9909263e-01   4.2590083e-02  -9.9909263e-01  -4.2590083e-02
  9.9910109e-01   4.2391064e-02  -9.9910109e-01  -4.2391064e-02
  9.9910952e-01   4.2192045e-02  -9.9910952e-01  -4.2192045e-02
  9.9911790e-01   4.1993026e-02  -9.9911790e-01  -4.1993026e-02
  9.9912625e-01   4.1794007e-02  -9.9912625e-01  -4.1794007e-02
  9.9913455e-01   4.1594988e-02  -9.9913455e-01  -4.1594988e-02
  9.9914282e-01   4.1395969e-02  -9.9914282e-01  -4.1395969e-02
  9.9915105e-01   4.1196949e-02  -9.9915105e-01  -4.1196949e-02
  9.9915923e-01   4.0997930e-02  -9.9915923e-01  -4.0997930e-02
  9.9916738e-01   4.0798911e-02  -9.9916738e-01  -4.0798911e-02
  9.9917548e-01   4.0599892e-02  -9.9917548e-01  -4.0599892e-02
  9.9918355e-01   4.0400873e-02  -9.9918355e-01  -4.0400873e-02
  9.9919158e-01   4.0201854e-02  -9.9919158e-01  -4.0201854e-02
  9.9919957e-01   4.0002835e-02  -9.9919957e-01  -4.0002835e-02
  9.9920751e-01   3.9803816e-02  -9.9920751e-01  -3.9803816e-02
  9.9921542e-01   3.9604797e-02  -9.9921542e-01  -3.9604797e-02
  9.9922329e-01   3.9405778e-02  -9.9922329e-01  -3.9405778e-02
  9.9923112e-01   3.9206759e-02  -9.9923112e-01  -3.9206759e-02
  9.9923891e-01   3.9007740e-02  -9.9923891e-01  -3.9007740e-02
  9.9924666e-01   3.8808720e-02  -9.9924666e-01  -3.8808720e-02
  9.9925437e-01   3.8609701e-02  -9.9925437e-01  -3.8609701e-02
  9.9926204e-01   3.8410682e-02  -9.9926204e-01  -3.8410682e-02
  9.9926967e-01   3.8211663e-02  -9.9926967e-01  -3.8211663e-02
  9.9927726e-01   3.8012644e-02  -9.9927726e-01  -3.8012644e-02
  9.9928481e-01   3.7813625e-02  -9.9928481e-01  -3.7813625e-02
  9.9929232e-01   3.7614606e-02  -9.9929232e-01  -3.7614606e-02
  9.9929979e-01   3.7415587e-02  -9.9929979e-01  -3.7415587e-02
  9.9930722e-01   3.7216568e-02  -9.9930722e-01  -3.7216568e-02
  9.9931462e-01   3.7017549e-02  -9.9931462e-01  -3.7017549e-02
  9.9932197e-01   3.6818530e-02  -9.9932197e-01  -3.6818530e-02
  9.9932928e-01   3.6619511e-02  -9.9932928e-01  -3.6619511e-02
  9.9933655e-01   3.6420492e-02  -9.9933655e-01  -3.6420492e-02
  9.9934379e-01   3.6221472e-02  -9.9934379e-01  -3.6221472e-02
  9.9935098e-01   3.6022453e-02  -9.9935098e-01  -3.6022453e-02
  9.9935813e-01   3.5823434e-02  -9.9935813e-01  -3.5823434e-02
  9.9936525e-01   3.5624415e-02  -9.9936525e-01  -3.5624415e-02
  9.9937232e-01   3.5425396e-02  -9.9937232e-01  -3.5425396e-02
  9.9937936e-01   3.5226377e-02  -9.9937936e-01  -3.5226377e-02
  9.9938635e-01   3.5027358e-02  -9.9938635e-01  -3.5027358e-02
  9.9939331e-01   3.4828339e-02  -9.9939331e-01  -3.4828339e-02
  9.9940023e-01   3.4629320e-02  -9.9940023e-01  -3.4629320e-02
  9.9940710e-01   3.4430301e-02  -9.9940710e-01  -3.4430301e-02
  9.9941394e-01   3.4231282e-02  -9.9941394e-01  -3.4231282e-02
  9.9942073e-01   3.4032263e-02  -9.9942073e-01  -3.4032263e-02
  9.9942749e-01   3.3833243e-02  -9.9942749e-01  -3.3833243e-02
  9.9943421e-01   3.3634224e-02  -9.9943421e-01  -3.3634224e-02
  9.9944089e-01   3.3435205e-02  -9.9944089e-01  -3.3435205e-02
  9.9944753e-01   3.3236186e-02  -9.9944753e-01  -3.3236186e-02
  9.9945412e-01   3.3037167e-02  -9.9945412e-01  -3.3037167e-02
  9.9946068e-01   3.2838148e-02  -9.9946068e-01  -3.2838148e-02
  9.9946720e-01   3.2639129e-02  -9.9946720e-01  -3.2639129e-02
  9.9947368e-01   3.2440110e-02  -9.9947368e-01  -3.2440110e-02
  9.9948012e-01   3.2241091e-02  -9.9948012e-01  -3.2241091e-02
  9.9948652e-01   3.2042072e-02  -9.9948652e-01  -3.2042072e-02
  9.9949288e-01   3.1843053e-02  -9.9949288e-01  -3.1843053e-02
  9.9949920e-01   3.1644034e-02  -9.9949920e-01  -3.1644034e-02
  9.9950548e-01   3.1445015e-02  -9.9950548e-01  -3.1445015e-02
  9.9951172e-01   3.1245995e-02  -9.9951172e-01  -3.1245995e-02
  9.9951793e-01   3.1046976e-02  -9.9951793e-01  -3.1046976e-02
  9.9952409e-01   3.0847957e-02  -9.9952409e-01  -3.0847957e-02
  9.9953021e-01   3.0648938e-02  -9.9953021e-01  -3.0648938e-02
  9.9953629e-01   3.0449919e-02  -9.9953629e-01  -3.0449919e-02
  9.9954234e-01   3.0250900e-02  -9.9954234e-01  -3.0250900e-02
  9.9954834e-01   3.0051881e-02  -9.9954834e-01  -3.0051881e-02
  9.9955430e-01   2.9852862e-02  -9.9955430e-01  -2.9852862e-02
  9.9956023e-01   2.9653843e-02  -9.9956023e-01  -2.9653843e-02
  9.9956611e-01   2.9454824e-02  -9.9956611e-01  -2.9454824e-02
  9.9957196e-01   2.9255805e-02  -9.9957196e-01  -2.9255805e-02
  9.9957776e-01   2.9056786e-02  -9.9957776e-01  -2.9056786e-02
  9.9958353e-01   2.8857767e-02  -9.9958353e-01  -2.8857767e-02
  9.9958925e-01   2.8658747e-02  -9.9958925e-01  -2.8658747e-02
  9.9959494e-01   2.8459728e-02  -9.9959494e-01  -2.8459728e-02
  9.9960059e-01   2.8260709e-02  -9.9960059e-01  -2.8260709e-02
  9.9960619e-01   2.8061690e-02  -9.9960619e-01  -2.8061690e-02
  9.9961176e-01   2.7862671e-02  -9.9961176e-01  -2.7862671e-02
  9.9961729e-01   2.7663652e-02  -9.9961729e-01  -2.7663652e-02
  9.9962278e-01   2.7464633e-02  -9.9962278e-01  -2.7464633e-02
  9.9962822e-01   2.7265614e-02  -9.9962822e-01  -2.7265614e-02
  9.9963363e-01   2.7066595e-02  -9.9963363e-01  -2.7066595e-02
  9.9963900e-01   2.6867576e-02  -9.9963900e-01  -2.6867576e-02
  9.9964433e-01   2.6668557e-02  -9.9964433e-01  -2.6668557e-02
  9.9964962e-01   2.6469538e-02  -9.9964962e-01  -2.6469538e-02
  9.9965487e-01   2.6270518e-02  -9.9965487e-01  -2.6270518e-02
  9.9966008e-01   2.6071499e-02  -9.9966008e-01  -2.6071499e-02
  9.9966525e-01   2.5872480e-02  -9.9966525e-01  -2.5872480e-02
  9.9967038e-01   2.5673461e-02  -9.9967038e-01  -2.5673461e-02
  9.9967547e-01   2.5474442e-02  -9.9967547e-01  -2.5474442e-02
  9.9968053e-01   2.5275423e-02  -9.9968053e-01  -2.5275423e-02
  9.9968554e-01   2.5076404e-02  -9.9968554e-01  -2.5076404e-02
  9.9969051e-01   2.4877385e-02  -9.9969051e-01  -2.4877385e-02
  9.9969544e-01   2.4678366e-02  -9.9969544e-01  -2.4678366e-02
  9.9970034e-01   2.4479347e-02  -9.9970034e-01  -2.4479347e-02
  9.9970519e-01   2.4280328e-02  -9.9970519e-01  -2.4280328e-02
  9.9971000e-01   2.4081309e-02  -9.9971000e-01  -2.4081309e-02
  9.9971478e-01   2.3882290e-02  -9.9971478e-01  -2.3882290e-02
  9.9971951e-01   2.3683270e-02  -9.9971951e-01  -2.3683270e-02
  9.9972421e-01   2.3484251e-02  -9.9972421e-01  -2.3484251e-02
  9.9972886e-01   2.3285232e-02  -9.9972886e-01  -2.3285232e-02
  9.9973348e-01   2.3086213e-02  -9.9973348e-01  -2.3086213e-02
  9.9973805e-01   2.2887194e-02  -9.9973805e-01  -2.2887194e-02
  9.9974259e-01   2.2688175e-02  -9.9974259e-01  -2.2688175e-02
  9.9974709e-01   2.2489156e-02  -9.9974709e-01  -2.2489156e-02
  9.9975154e-01   2.2290137e-02  -9.9975154e-01  -2.2290137e-02
  9.9975596e-01   2.2091118e-02  -9.9975596e-01  -2.2091118e-02
  9.9976034e-01   2.1892099e-02  -9.9976034e-01  -2.1892099e-02
  9.9976468e-01   2.1693080e-02  -9.9976468e-01  -2.1693080e-02
  9.9976898e-01   2.1494061e-02  -9.9976898e-01  -2.1494061e-02
  9.9977323e-01   2.1295041e-02  -9.9977323e-01  -2.1295041e-02
  9.9977745e-01   2.1096022e-02  -9.9977745e-01  -2.1096022e-02
  9.9978163e-01   2.0897003e-02  -9.9978163e-01  -2.0897003e-02
  9.9978577e-01   2.0697984e-02  -9.9978577e-01  -2.0697984e-02
  9.9978987e-01   2.0498965e-02  -9.9978987e-01  -2.0498965e-02
  9.9979393e-01   2.0299946e-02  -9.9979393e-01  -2.0299946e-02
  9.9979796e-01   2.0100927e-02  -9.9979796e-01  -2.0100927e-02
  9.9980194e-01   1.9901908e-02  -9.9980194e-01  -1.9901908e-02
  9.9980588e-01   1.9702889e-02  -9.9980588e-01  -1.9702889e-02
  9.9980978e-01   1.9503870e-02  -9.9980978e-01  -1.9503870e-02
  9.9981364e-01   1.9304851e-02  -9.9981364e-01  -1.9304851e-02
  9.9981747e-01   1.9105832e-02  -9.9981747e-01  -1.9105832e-02
  9.9982125e-01   1.8906813e-02  -9.9982125e-01  -1.8906813e-02
  9.9982499e-01   1.8707793e-02  -9.9982499e-01  -1.8707793e-02
  9.9982870e-01   1.8508774e-02  -9.9982870e-01  -1.8508774e-02
  9.9983236e-01   1.8309755e-02  -9.9983236e-01  -1.8309755e-02
  9.9983599e-01   1.8110736e-02  -9.9983599e-01  -1.8110736e-02
  9.9983957e-01   1.7911717e-02  -9.9983957e-01  -1.7911717e-02
  9.9984312e-01   1.7712698e-02  -9.9984312e-01  -1.7712698e-02
  9.9984662e-01   1.7513679e-02  -9.9984662e-01  -1.7513679e-02
  9.9985009e-01   1.7314660e-02  -9.9985009e-01  -1.7314660e-02
  9.9985352e-01   1.7115641e-02  -9.9985352e-01  -1.7115641e-02
  9.9985690e-01   1.6916622e-02  -9.9985690e-01  -1.6916622e-02
  9.9986025e-01   1.6717603e-02  -9.9986025e-01  -1.6717603e-02
  9.9986356e-01   1.6518584e-02  -9.9986356e-01  -1.6518584e-02
  9.9986683e-01   1.6319565e-02  -9.9986683e-01  -1.6319565e-02
  9.9987006e-01   1.6120545e-02  -9.9987006e-01  -1.6120545e-02
  9.9987324e-01   1.5921526e-02  -9.9987324e-01  -1.5921526e-02
  9.9987639e-01   1.5722507e-02  -9.9987639e-01  -1.5722507e-02
  9.9987950e-01   1.5523488e-02  -9.9987950e-01  -1.5523488e-02
  9.9988257e-01   1.5324469e-02  -9.9988257e-01  -1.5324469e-02
  9.9988560e-01   1.5125450e-02  -9.9988560e-01  -1.5125450e-02
  9.9988859e-01   1.4926431e-02  -9.9988859e-01  -1.4926431e-02
  9.9989155e-01   1.4727412e-02  -9.9989155e-01  -1.4727412e-02
  9.9989446e-01   1.4528393e-02  -9.9989446e-01  -1.4528393e-02
  9.9989733e-01   1.4329374e-02  -9.9989733e-01  -1.4329374e-02
  9.9990016e-01   1.4130355e-02  -9.9990016e-01  -1.4130355e-02
  9.9990295e-01   1.3931336e-02  -9.9990295e-01  -1.3931336e-02
  9.9990571e-01   1.3732316e-02  -9.9990571e-01  -1.3732316e-02
  9.9990842e-01   1.3533297e-02  -9.9990842e-01  -1.3533297e-02
  9.9991109e-01   1.3334278e-02  -9.9991109e-01  -1.3334278e-02
  9.9991373e-01   1.3135259e-02  -9.9991373e-01  -1.3135259e-02
  9.9991632e-01   1.2936240e-02  -9.9991632e-01  -1.2936240e-02
  9.9991888e-01   1.2737221e-02  -9.9991888e-01  -1.2737221e-02
  9.9992139e-01   1.2538202e-02  -9.9992139e-01  -1.2538202e-02
  9.9992387e-01   1.2339183e-02  -9.9992387e-01  -1.2339183e-02
  9.9992631e-01   1.2140164e-02  -9.9992631e-01  -1.2140164e-02
  9.9992870e-01   1.1941145e-02  -9.9992870e-01  -1.1941145e-02
  9.9993106e-01   1.1742126e-02  -9.9993106e-01  -1.1742126e-02
  9.9993338e-01   1.1543107e-02  -9.9993338e-01  -1.1543107e-02
  9.9993565e-01   1.1344088e-02  -9.9993565e-01  -1.1344088e-02
  9.9993789e-01   1.1145068e-02  -9.9993789e-01  -1.1145068e-02
  9.9994009e-01   1.0946049e-02  -9.9994009e-01  -1.0946049e-02
  9.9994225e-01   1.0747030e-02  -9.9994225e-01  -1.0747030e-02
  9.9994437e-01   1.0548011e-02  -9.9994437e-01  -1.0548011e-02
  9.9994645e-01   1.0348992e-02  -9.9994645e-01  -1.0348992e-02
  9.9994849e-01   1.0149973e-02  -9.9994849e-01  -1.0149973e-02
  9.9995049e-01   9.9509540e-03  -9.9995049e-01  -9.9509540e-03
  9.9995245e-01   9.7519349e-03  -9.9995245e-01  -9.7519349e-03
  9.9995437e-01   9.5529158e-03  -9.9995437e-01  -9.5529158e-03
  9.9995625e-01   9.3538967e-03  -9.9995625e-01  -9.3538967e-03
  9.9995809e-01   9.1548776e-03  -9.9995809e-01  -9.1548776e-03
  9.9995990e-01   8.9558586e-03  -9.9995990e-01  -8.9558586e-03
  9.9996166e-01   8.7568395e-03  -9.9996166e-01  -8.7568395e-03
  9.9996338e-01   8.5578204e-03  -9.9996338e-01  -8.5578204e-03
  9.9996506e-01   8.3588013e-03  -9.9996506e-01  -8.3588013e-03
  9.9996671e-01   8.1597823e-03  -9.9996671e-01  -8.1597823e-03
  9.9996831e-01   7.9607632e-03  -9.9996831e-01  -7.9607632e-03
  9.9996988e-01   7.7617441e-03  -9.9996988e-01  -7.7617441e-03
  9.9997140e-01   7.5627250e-03  -9.9997140e-01  -7.5627250e-03
  9.9997289e-01   7.3637059e-03  -9.9997289e-01  -7.3637059e-03
  9.9997433e-01   7.1646869e-03  -9.9997433e-01  -7.1646869e-03
  9.9997574e-01   6.9656678e-03  -9.9997574e-01  -6.9656678e-03
  9.9997711e-01   6.7666487e-03  -9.9997711e-01  -6.7666487e-03
  9.9997843e-01   6.5676296e-03  -9.9997843e-01  -6.5676296e-03
  9.9997972e-01   6.3686105e-03  -9.9997972e-01  -6.3686105e-03
  9.9998097e-01   6.1695915e-03  -9.9998097e-01  -6.1695915e-03
  9.9998218e-01   5.9705724e-03  -9.9998218e-01  -5.9705724e-03
  9.9998334e-01   5.7715533e-03  -9.9998334e-01  -5.7715533e-03
  9.9998447e-01   5.5725342e-03  -9.9998447e-01  -5.5725342e-03
  9.9998556e-01   5.3735151e-03  -9.9998556e-01  -5.3735151e-03
  9.9998661e-01   5.1744961e-03  -9.9998661e-01  -5.1744961e-03
  9.9998762e-01   4.9754770e-03  -9.9998762e-01  -4.9754770e-03
  9.9998859e-01   4.7764579e-03  -9.9998859e-01  -4.7764579e-03
  9.9998952e-01   4.5774388e-03  -9.9998952e-01  -4.5774388e-03
  9.9999041e-01   4.3784197e-03  -9.9999041e-01  -4.3784197e-03
  9.9999127e-01   4.1794007e-03  -9.9999127e-01  -4.1794007e-03
  9.9999208e-01   3.9803816e-03  -9.9999208e-01  -3.9803816e-03
  9.9999285e-01   3.7813625e-03  -9.9999285e-01  -3.7813625e-03
  9.9999358e-01   3.5823434e-03  -9.9999358e-01  -3.5823434e-03
  9.9999428e-01   3.3833243e-03  -9.9999428e-01  -3.3833243e-03
  9.9999493e-01   3.1843053e-03  -9.9999493e-01  -3.1843053e-03
  9.9999554e-01   2.9852862e-03  -9.9999554e-01  -2.9852862e-03
  9.9999612e-01   2.7862671e-03  -9.9999612e-01  -2.7862671e-03
  9.9999665e-01   2.5872480e-03  -9.9999665e-01  -2.5872480e-03
  9.9999715e-01   2.3882290e-03  -9.9999715e-01  -2.3882290e-03
  9.9999760e-01   2.1892099e-03  -9.9999760e-01  -2.1892099e-03
  9.9999802e-01   1.9901908e-03  -9.9999802e-01  -1.9901908e-03
  9.9999840e-01   1.7911717e-03  -9.9999840e-01  -1.7911717e-03
  9.9999873e-01   1.5921526e-03  -9.9999873e-01  -1.5921526e-03
  9.9999903e-01   1.3931336e-03  -9.9999903e-01  -1.3931336e-03
  9.9999929e-01   1.1941145e-03  -9.9999929e-01  -1.1941145e-03
  9.9999950e-01   9.9509540e-04  -9.9999950e-01  -9.9509540e-04
  9.9999968e-01   7.9607632e-04  -9.9999968e-01  -7.9607632e-04
  9.9999982e-01   5.9705724e-04  -9.9999982e-01  -5.9705724e-04
  9.9999992e-01   3.9803816e-04  -9.9999992e-01  -3.9803816e-04
  9.9999998e-01   1.9901908e-04  -9.9999998e-01  -1.9901908e-04
