  1.4312948e-01   9.8970397e-01  -1.4313242e-01  -9.8970355e-01   3.3333333e+00
  1.4998326e-01   9.8868854e-01  -1.4998586e-01  -9.8868814e-01   3.3333333e+00
  1.5367698e-01   9.8812114e-01  -1.5367939e-01  -9.8812076e-01   3.3333333e+00
  1.5634312e-01   9.8770280e-01  -1.5634540e-01  -9.8770244e-01   3.3333333e+00
  1.5847991e-01   9.8736220e-01  -1.5848209e-01  -9.8736185e-01   3.3333333e+00
  1.6028943e-01   9.8707006e-01  -1.6029151e-01  -9.8706972e-01   3.3333333e+00
  1.6187494e-01   9.8681128e-01  -1.6187695e-01  -9.8681095e-01   3.3333333e+00
  1.6329680e-01   9.8657699e-01  -1.6329873e-01  -9.8657667e-01   3.3333333e+00
  1.6459348e-01   9.8636149e-01  -1.6459534e-01  -9.8636118e-01   3.3333333e+00
  1.6579114e-01   9.8616089e-01  -1.6579294e-01  -9.8616059e-01   3.3333333e+00
  1.6690841e-01   9.8597240e-01  -1.6691016e-01  -9.8597211e-01   3.3333333e+00
  1.6795907e-01   9.8579397e-01  -1.6796076e-01  -9.8579368e-01   3.3333333e+00
  1.6895359e-01   9.8562401e-01  -1.6895524e-01  -9.8562373e-01   3.3333333e+00
  1.6990017e-01   9.8546128e-01  -1.6990177e-01  -9.8546100e-01   3.3333333e+00
  1.7080531e-01   9.8530480e-01  -1.7080686e-01  -9.8530453e-01   3.3333333e+00
  1.7167429e-01   9.8515376e-01  -1.7167580e-01  -9.8515350e-01   3.3333333e+00
  1.7251145e-01   9.8500751e-01  -1.7251291e-01  -9.8500726e-01   3.3333333e+00
  1.7332040e-01   9.8486549e-01  -1.7332182e-01  -9.8486524e-01   3.3333333e+00
  1.7410418e-01   9.8472724e-01  -1.7410557e-01  -9.8472699e-01   3.3333333e+00
  1.7486539e-01   9.8459235e-01  -1.7486674e-01  -9.8459211e-01   3.3333333e+00
  1.7560624e-01   9.8446049e-01  -1.7560755e-01  -9.8446025e-01   3.3333333e+00
  1.7632867e-01   9.8433135e-01  -1.7632994e-01  -9.8433112e-01   3.3333333e+00
  1.7703434e-01   9.8420468e-01  -1.7703558e-01  -9.8420445e-01   3.3333333e+00
  1.7772472e-01   9.8408024e-01  -1.7772593e-01  -9.8408002e-01   3.3333333e+00
  1.7840113e-01   9.8395784e-01  -1.7840230e-01  -9.8395763e-01   3.3333333e+00
  1.7906469e-01   9.8383730e-01  -1.7906583e-01  -9.8383709e-01   3.3333333e+00
  1.7971645e-01   9.8371845e-01  -1.7971756e-01  -9.8371825e-01   3.3333333e+00
  1.8035732e-01   9.8360116e-01  -1.8035839e-01  -9.8360096e-01   3.3333333e+00
  1.8098812e-01   9.8348528e-01  -1.8098917e-01  -9.8348509e-01   3.3333333e+00
  1.8160961e-01   9.8337071e-01  -1.8161062e-01  -9.8337052e-01   3.3333333e+00
  1.8222246e-01   9.8325733e-01  -1.8222344e-01  -9.8325715e-01   3.3333333e+00
  1.8282728e-01   9.8314505e-01  -1.8282823e-01  -9.8314487e-01   3.3333333e+00
  1.8342463e-01   9.8303378e-01  -1.8342555e-01  -9.8303360e-01   3.3333333e+00
  1.8401503e-01   9.8292343e-01  -1.8401592e-01  -9.8292326e-01   3.3333333e+00
  1.8459893e-01   9.8281394e-01  -1.8459979e-01  -9.8281377e-01   3.3333333e+00
  1.8517679e-01   9.8270522e-01  -1.8517762e-01  -9.8270507e-01   3.3333333e+00
  1.8574898e-01   9.8259723e-01  -1.8574978e-01  -9.8259708e-01   3.3333333e+00
  1.8631587e-01   9.8248990e-01  -1.8631664e-01  -9.8248975e-01   3.3333333e+00
  1.8687781e-01   9.8238317e-01  -1.8687855e-01  -9.8238302e-01   3.3333333e+00
  1.8743510e-01   9.8227699e-01  -1.8743581e-01  -9.8227685e-01   3.3333333e+00
  1.8798803e-01   9.8217132e-01  -1.8798872e-01  -9.8217119e-01   3.3333333e+00
  1.8853687e-01   9.8206611e-01  -1.8853753e-01  -9.8206599e-01   3.3333333e+00
  1.8908187e-01   9.8196133e-01  -1.8908250e-01  -9.8196120e-01   3.3333333e+00
  1.8962326e-01   9.8185692e-01  -1.8962386e-01  -9.8185681e-01   3.3333333e+00
  1.9016125e-01   9.8175287e-01  -1.9016183e-01  -9.8175276e-01   3.3333333e+00
  1.9069604e-01   9.8164913e-01  -1.9069660e-01  -9.8164902e-01   3.3333333e+00
  1.9122783e-01   9.8154568e-01  -1.9122836e-01  -9.8154558e-01   3.3333333e+00
  1.9175677e-01   9.8144248e-01  -1.9175727e-01  -9.8144238e-01   3.3333333e+00
  1.9228304e-01   9.8133951e-01  -1.9228351e-01  -9.8133942e-01   3.3333333e+00
  1.9280677e-01   9.8123674e-01  -1.9280722e-01  -9.8123666e-01   3.3333333e+00
  1.9332811e-01   9.8113416e-01  -1.9332853e-01  -9.8113408e-01   3.3333333e+00
  1.9384719e-01   9.8103174e-01  -1.9384758e-01  -9.8103166e-01   3.3333333e+00
  1.9436412e-01   9.8092945e-01  -1.9436449e-01  -9.8092938e-01   3.3333333e+00
  1.9487901e-01   9.8082729e-01  -1.9487935e-01  -9.8082722e-01   3.3333333e+00
  1.9539196e-01   9.8072523e-01  -1.9539228e-01  -9.8072517e-01   3.3333333e+00
  1.9590307e-01   9.8062326e-01  -1.9590337e-01  -9.8062321e-01   3.3333333e+00
  1.9641243e-01   9.8052137e-01  -1.9641269e-01  -9.8052132e-01   3.3333333e+00
  1.9692010e-01   9.8041954e-01  -1.9692034e-01  -9.8041949e-01   3.3333333e+00
  1.9742615e-01   9.8031776e-01  -1.9742637e-01  -9.8031772e-01   3.3333333e+00
  1.9793066e-01   9.8021602e-01  -1.9793085e-01  -9.8021599e-01   3.3333333e+00
  1.9843368e-01   9.8011432e-01  -1.9843384e-01  -9.8011428e-01   3.3333333e+00
  1.9893525e-01   9.8001264e-01  -1.9893539e-01  -9.8001261e-01   3.3333333e+00
  1.9943542e-01   9.7991097e-01  -1.9943554e-01  -9.7991095e-01   3.3333333e+00
  1.9993424e-01   9.7980932e-01  -1.9993433e-01  -9.7980930e-01   3.3333333e+00
  2.0043172e-01   9.7970767e-01  -2.0043179e-01  -9.7970766e-01   3.3333333e+00
  2.0092790e-01   9.7960603e-01  -2.0092795e-01  -9.7960602e-01   3.3333333e+00
  2.0142281e-01   9.7950439e-01  -2.0142282e-01  -9.7950439e-01   3.3333333e+00
  2.0191644e-01   9.7940275e-01  -2.0191643e-01  -9.7940275e-01   3.3333333e+00
  2.0240882e-01   9.7930111e-01  -2.0240879e-01  -9.7930112e-01   3.3333333e+00
  2.0289996e-01   9.7919947e-01  -2.0289991e-01  -9.7919948e-01   3.3333333e+00
  2.0338988e-01   9.7909783e-01  -2.0338980e-01  -9.7909785e-01   3.3333333e+00
  2.0387859e-01   9.7899618e-01  -2.0387849e-01  -9.7899620e-01   3.3333333e+00
  2.0436613e-01   9.7889452e-01  -2.0436600e-01  -9.7889455e-01   3.3333333e+00
  2.0485253e-01   9.7879285e-01  -2.0485238e-01  -9.7879288e-01   3.3333333e+00
  2.0533782e-01   9.7869116e-01  -2.0533764e-01  -9.7869119e-01   3.3333333e+00
  2.0582204e-01   9.7858944e-01  -2.0582184e-01  -9.7858948e-01   3.3333333e+00
  2.0630524e-01   9.7848768e-01  -2.0630501e-01  -9.7848773e-01   3.3333333e+00
  2.0678746e-01   9.7838589e-01  -2.0678720e-01  -9.7838594e-01   3.3333333e+00
  2.0726875e-01   9.7828404e-01  -2.0726847e-01  -9.7828410e-01   3.3333333e+00
  2.0774917e-01   9.7818213e-01  -2.0774887e-01  -9.7818220e-01   3.3333333e+00
  2.0822878e-01   9.7808015e-01  -2.0822846e-01  -9.7808022e-01   3.3333333e+00
  2.0870764e-01   9.7797808e-01  -2.0870730e-01  -9.7797815e-01   3.3333333e+00
  2.0918582e-01   9.7787591e-01  -2.0918545e-01  -9.7787599e-01   3.3333333e+00
  2.0966339e-01   9.7777363e-01  -2.0966300e-01  -9.7777371e-01   3.3333333e+00
  2.1014042e-01   9.7767121e-01  -2.1014000e-01  -9.7767130e-01   3.3333333e+00
  2.1061700e-01   9.7756866e-01  -2.1061655e-01  -9.7756875e-01   3.3333333e+00
  2.1109319e-01   9.7746594e-01  -2.1109273e-01  -9.7746604e-01   3.3333333e+00
  2.1156910e-01   9.7736304e-01  -2.1156861e-01  -9.7736315e-01   3.3333333e+00
  2.1204480e-01   9.7725995e-01  -2.1204429e-01  -9.7726006e-01   3.3333333e+00
  2.1252040e-01   9.7715663e-01  -2.1251986e-01  -9.7715675e-01   3.3333333e+00
  2.1299599e-01   9.7705307e-01  -2.1299543e-01  -9.7705320e-01   3.3333333e+00
  2.1347167e-01   9.7694926e-01  -2.1347108e-01  -9.7694938e-01   3.3333333e+00
  2.1394755e-01   9.7684515e-01  -2.1394694e-01  -9.7684528e-01   3.3333333e+00
  2.1442374e-01   9.7674073e-01  -2.1442311e-01  -9.7674087e-01   3.3333333e+00
  2.1490037e-01   9.7663598e-01  -2.1489971e-01  -9.7663612e-01   3.3333333e+00
  2.1537754e-01   9.7653086e-01  -2.1537686e-01  -9.7653101e-01   3.3333333e+00
  2.1585539e-01   9.7642534e-01  -2.1585469e-01  -9.7642550e-01   3.3333333e+00
  2.1633405e-01   9.7631940e-01  -2.1633333e-01  -9.7631956e-01   3.3333333e+00
  2.1681367e-01   9.7621301e-01  -2.1681292e-01  -9.7621317e-01   3.3333333e+00
  2.1729437e-01   9.7610612e-01  -2.1729360e-01  -9.7610629e-01   3.3333333e+00
  2.1777633e-01   9.7599870e-01  -2.1777553e-01  -9.7599888e-01   3.3333333e+00
  2.1825969e-01   9.7589072e-01  -2.1825887e-01  -9.7589091e-01   3.3333333e+00
  2.1874463e-01   9.7578214e-01  -2.1874379e-01  -9.7578233e-01   3.3333333e+00
  2.1923132e-01   9.7567291e-01  -2.1923045e-01  -9.7567311e-01   3.3333333e+00
  2.1971995e-01   9.7556299e-01  -2.1971906e-01  -9.7556319e-01   3.3333333e+00
  2.2021071e-01   9.7545233e-01  -2.2020979e-01  -9.7545253e-01   3.3333333e+00
  2.2070381e-01   9.7534088e-01  -2.2070286e-01  -9.7534109e-01   3.3333333e+00
  2.2119946e-01   9.7522859e-01  -2.2119849e-01  -9.7522881e-01   3.3333333e+00
  2.2169790e-01   9.7511540e-01  -2.2169691e-01  -9.7511562e-01   3.3333333e+00
  2.2219938e-01   9.7500125e-01  -2.2219836e-01  -9.7500148e-01   3.3333333e+00
  2.2270414e-01   9.7488608e-01  -2.2270309e-01  -9.7488632e-01   3.3333333e+00
  2.2321247e-01   9.7476982e-01  -2.2321140e-01  -9.7477006e-01   3.3333333e+00
  2.2372466e-01   9.7465239e-01  -2.2372356e-01  -9.7465264e-01   3.3333333e+00
  2.2424102e-01   9.7453372e-01  -2.2423990e-01  -9.7453397e-01   3.3333333e+00
  2.2476190e-01   9.7441371e-01  -2.2476075e-01  -9.7441398e-01   3.3333333e+00
  2.2528766e-01   9.7429229e-01  -2.2528648e-01  -9.7429256e-01   3.3333333e+00
  2.2581868e-01   9.7416935e-01  -2.2581748e-01  -9.7416963e-01   3.3333333e+00
  2.2635538e-01   9.7404478e-01  -2.2635416e-01  -9.7404507e-01   3.3333333e+00
  2.2689823e-01   9.7391847e-01  -2.2689698e-01  -9.7391877e-01   3.3333333e+00
  2.2744771e-01   9.7379029e-01  -2.2744643e-01  -9.7379059e-01   3.3333333e+00
  2.2800437e-01   9.7366011e-01  -2.2800306e-01  -9.7366042e-01   3.3333333e+00
  2.2856878e-01   9.7352777e-01  -2.2856745e-01  -9.7352808e-01   3.3333333e+00
  2.2914160e-01   9.7339310e-01  -2.2914024e-01  -9.7339342e-01   3.3333333e+00
  2.2972354e-01   9.7325593e-01  -2.2972214e-01  -9.7325625e-01   3.3333333e+00
  2.3031536e-01   9.7311604e-01  -2.3031394e-01  -9.7311638e-01   3.3333333e+00
  2.3091795e-01   9.7297323e-01  -2.3091650e-01  -9.7297357e-01   3.3333333e+00
  2.3153227e-01   9.7282722e-01  -2.3153079e-01  -9.7282758e-01   3.3333333e+00
  2.3215939e-01   9.7267776e-01  -2.3215788e-01  -9.7267812e-01   3.3333333e+00
  2.3280055e-01   9.7252450e-01  -2.3279900e-01  -9.7252487e-01   3.3333333e+00
  2.3345710e-01   9.7236710e-01  -2.3345552e-01  -9.7236748e-01   3.3333333e+00
  2.3413062e-01   9.7220515e-01  -2.3412901e-01  -9.7220554e-01   3.3333333e+00
  2.3482291e-01   9.7203817e-01  -2.3482126e-01  -9.7203857e-01   3.3333333e+00
  2.3553604e-01   9.7186562e-01  -2.3553435e-01  -9.7186602e-01   3.3333333e+00
  2.3627241e-01   9.7168686e-01  -2.3627070e-01  -9.7168727e-01   3.3333333e+00
  2.3703488e-01   9.7150114e-01  -2.3703313e-01  -9.7150157e-01   3.3333333e+00
  2.3782680e-01   9.7130758e-01  -2.3782500e-01  -9.7130802e-01   3.3333333e+00
  2.3865220e-01   9.7110511e-01  -2.3865037e-01  -9.7110556e-01   3.3333333e+00
  2.3951601e-01   9.7089241e-01  -2.3951413e-01  -9.7089288e-01   3.3333333e+00
  2.4042427e-01   9.7066790e-01  -2.4042235e-01  -9.7066838e-01   3.3333333e+00
  2.4138460e-01   9.7042953e-01  -2.4138263e-01  -9.7043002e-01   3.3333333e+00
  2.4240674e-01   9.7017471e-01  -2.4240472e-01  -9.7017522e-01   3.3333333e+00
  2.4350351e-01   9.6990002e-01  -2.4350144e-01  -9.6990054e-01   3.3333333e+00
  2.4469224e-01   9.6960080e-01  -2.4469011e-01  -9.6960134e-01   3.3333333e+00
  2.4599726e-01   9.6927052e-01  -2.4599506e-01  -9.6927108e-01   3.3333333e+00
  2.4745438e-01   9.6889954e-01  -2.4745211e-01  -9.6890012e-01   3.3333333e+00
  2.4911977e-01   9.6847268e-01  -2.4911742e-01  -9.6847329e-01   3.3333333e+00
  2.5108959e-01   9.6796385e-01  -2.5108714e-01  -9.6796449e-01   3.3333333e+00
  2.5355202e-01   9.6732175e-01  -2.5354945e-01  -9.6732243e-01   3.3333333e+00
  2.5697117e-01   9.6641907e-01  -2.5696843e-01  -9.6641980e-01   3.3333333e+00
  2.6333247e-01   9.6470514e-01  -2.6332942e-01  -9.6470597e-01   3.3333333e+00
  1.4312948e-01   9.8970397e-01  -1.4313242e-01  -9.8970355e-01   3.3333333e+00
  1.4998326e-01   9.8868854e-01  -1.4998586e-01  -9.8868814e-01   3.3333333e+00
  1.5367698e-01   9.8812114e-01  -1.5367939e-01  -9.8812076e-01   3.3333333e+00
  1.5634312e-01   9.8770280e-01  -1.5634540e-01  -9.8770244e-01   3.3333333e+00
  1.5847991e-01   9.8736220e-01  -1.5848209e-01  -9.8736185e-01   3.3333333e+00
  1.6028943e-01   9.8707006e-01  -1.6029151e-01  -9.8706972e-01   3.3333333e+00
  1.6187494e-01   9.8681128e-01  -1.6187695e-01  -9.8681095e-01   3.3333333e+00
  1.6329680e-01   9.8657699e-01  -1.6329873e-01  -9.8657667e-01   3.3333333e+00
  1.6459348e-01   9.8636149e-01  -1.6459534e-01  -9.8636118e-01   3.3333333e+00
  1.6579114e-01   9.8616089e-01  -1.6579294e-01  -9.8616059e-01   3.3333333e+00
  1.6690841e-01   9.8597240e-01  -1.6691016e-01  -9.8597211e-01   3.3333333e+00
  1.6795907e-01   9.8579397e-01  -1.6796076e-01  -9.8579368e-01   3.3333333e+00
  1.6895359e-01   9.8562401e-01  -1.6895524e-01  -9.8562373e-01   3.3333333e+00
  1.6990017e-01   9.8546128e-01  -1.6990177e-01  -9.8546100e-01   3.3333333e+00
  1.7080531e-01   9.8530480e-01  -1.7080686e-01  -9.8530453e-01   3.3333333e+00
  1.7167429e-01   9.8515376e-01  -1.7167580e-01  -9.8515350e-01   3.3333333e+00
  1.7251145e-01   9.8500751e-01  -1.7251291e-01  -9.8500726e-01   3.3333333e+00
  1.7332040e-01   9.8486549e-01  -1.7332182e-01  -9.8486524e-01   3.3333333e+00
  1.7410418e-01   9.8472724e-01  -1.7410557e-01  -9.8472699e-01   3.3333333e+00
  1.7486539e-01   9.8459235e-01  -1.7486674e-01  -9.8459211e-01   3.3333333e+00
  1.7560624e-01   9.8446049e-01  -1.7560755e-01  -9.8446025e-01   3.3333333e+00
  1.7632867e-01   9.8433135e-01  -1.7632994e-01  -9.8433112e-01   3.3333333e+00
  1.7703434e-01   9.8420468e-01  -1.7703558e-01  -9.8420445e-01   3.3333333e+00
  1.7772472e-01   9.8408024e-01  -1.7772593e-01  -9.8408002e-01   3.3333333e+00
  1.7840113e-01   9.8395784e-01  -1.7840230e-01  -9.8395763e-01   3.3333333e+00
  1.7906469e-01   9.8383730e-01  -1.7906583e-01  -9.8383709e-01   3.3333333e+00
  1.7971645e-01   9.8371845e-01  -1.7971756e-01  -9.8371825e-01   3.3333333e+00
  1.8035732e-01   9.8360116e-01  -1.8035839e-01  -9.8360096e-01   3.3333333e+00
  1.8098812e-01   9.8348528e-01  -1.8098917e-01  -9.8348509e-01   3.3333333e+00
  1.8160961e-01   9.8337071e-01  -1.8161062e-01  -9.8337052e-01   3.3333333e+00
  1.8222246e-01   9.8325733e-01  -1.8222344e-01  -9.8325715e-01   3.3333333e+00
  1.8282728e-01   9.8314505e-01  -1.8282823e-01  -9.8314487e-01   3.3333333e+00
  1.8342463e-01   9.8303378e-01  -1.8342555e-01  -9.8303360e-01   3.3333333e+00
  1.8401503e-01   9.8292343e-01  -1.8401592e-01  -9.8292326e-01   3.3333333e+00
  1.8459893e-01   9.8281394e-01  -1.8459979e-01  -9.8281377e-01   3.3333333e+00
  1.8517679e-01   9.8270522e-01  -1.8517762e-01  -9.8270507e-01   3.3333333e+00
  1.8574898e-01   9.8259723e-01  -1.8574978e-01  -9.8259708e-01   3.3333333e+00
  1.8631587e-01   9.8248990e-01  -1.8631664e-01  -9.8248975e-01   3.3333333e+00
  1.8687781e-01   9.8238317e-01  -1.8687855e-01  -9.8238302e-01   3.3333333e+00
  1.8743510e-01   9.8227699e-01  -1.8743581e-01  -9.8227685e-01   3.3333333e+00
  1.8798803e-01   9.8217132e-01  -1.8798872e-01  -9.8217119e-01   3.3333333e+00
  1.8853687e-01   9.8206611e-01  -1.8853753e-01  -9.8206599e-01   3.3333333e+00
  1.8908187e-01   9.8196133e-01  -1.8908250e-01  -9.8196120e-01   3.3333333e+00
  1.8962326e-01   9.8185692e-01  -1.8962386e-01  -9.8185681e-01   3.3333333e+00
  1.9016125e-01   9.8175287e-01  -1.9016183e-01  -9.8175276e-01   3.3333333e+00
  1.9069604e-01   9.8164913e-01  -1.9069660e-01  -9.8164902e-01   3.3333333e+00
  1.9122783e-01   9.8154568e-01  -1.9122836e-01  -9.8154558e-01   3.3333333e+00
  1.9175677e-01   9.8144248e-01  -1.9175727e-01  -9.8144238e-01   3.3333333e+00
  1.9228304e-01   9.8133951e-01  -1.9228351e-01  -9.8133942e-01   3.3333333e+00
  1.9280677e-01   9.8123674e-01  -1.9280722e-01  -9.8123666e-01   3.3333333e+00
  1.9332811e-01   9.8113416e-01  -1.9332853e-01  -9.8113408e-01   3.3333333e+00
  1.9384719e-01   9.8103174e-01  -1.9384758e-01  -9.8103166e-01   3.3333333e+00
  1.9436412e-01   9.8092945e-01  -1.9436449e-01  -9.8092938e-01   3.3333333e+00
  1.9487901e-01   9.8082729e-01  -1.9487935e-01  -9.8082722e-01   3.3333333e+00
  1.9539196e-01   9.8072523e-01  -1.9539228e-01  -9.8072517e-01   3.3333333e+00
  1.9590307e-01   9.8062326e-01  -1.9590337e-01  -9.8062321e-01   3.3333333e+00
  1.9641243e-01   9.8052137e-01  -1.9641269e-01  -9.8052132e-01   3.3333333e+00
  1.9692010e-01   9.8041954e-01  -1.9692034e-01  -9.8041949e-01   3.3333333e+00
  1.9742615e-01   9.8031776e-01  -1.9742637e-01  -9.8031772e-01   3.3333333e+00
  1.9793066e-01   9.8021602e-01  -1.9793085e-01  -9.8021599e-01   3.3333333e+00
  1.9843368e-01   9.8011432e-01  -1.9843384e-01  -9.8011428e-01   3.3333333e+00
  1.9893525e-01   9.8001264e-01  -1.9893539e-01  -9.8001261e-01   3.3333333e+00
  1.9943542e-01   9.7991097e-01  -1.9943554e-01  -9.7991095e-01   3.3333333e+00
  1.9993424e-01   9.7980932e-01  -1.9993433e-01  -9.7980930e-01   3.3333333e+00
  2.0043172e-01   9.7970767e-01  -2.0043179e-01  -9.7970766e-01   3.3333333e+00
  2.0092790e-01   9.7960603e-01  -2.0092795e-01  -9.7960602e-01   3.3333333e+00
  2.0142281e-01   9.7950439e-01  -2.0142282e-01  -9.7950439e-01   3.3333333e+00
  2.0191644e-01   9.7940275e-01  -2.0191643e-01  -9.7940275e-01   3.3333333e+00
  2.0240882e-01   9.7930111e-01  -2.0240879e-01  -9.7930112e-01   3.3333333e+00
  2.0289996e-01   9.7919947e-01  -2.0289991e-01  -9.7919948e-01   3.3333333e+00
  2.0338988e-01   9.7909783e-01  -2.0338980e-01  -9.7909785e-01   3.3333333e+00
  2.0387859e-01   9.7899618e-01  -2.0387849e-01  -9.7899620e-01   3.3333333e+00
  2.0436613e-01   9.7889452e-01  -2.0436600e-01  -9.7889455e-01   3.3333333e+00
  2.0485253e-01   9.7879285e-01  -2.0485238e-01  -9.7879288e-01   3.3333333e+00
  2.0533782e-01   9.7869116e-01  -2.0533764e-01  -9.7869119e-01   3.3333333e+00
  2.0582204e-01   9.7858944e-01  -2.0582184e-01  -9.7858948e-01   3.3333333e+00
  2.0630524e-01   9.7848768e-01  -2.0630501e-01  -9.7848773e-01   3.3333333e+00
  2.0678746e-01   9.7838589e-01  -2.0678720e-01  -9.7838594e-01   3.3333333e+00
  2.0726875e-01   9.7828404e-01  -2.0726847e-01  -9.7828410e-01   3.3333333e+00
  2.0774917e-01   9.7818213e-01  -2.0774887e-01  -9.7818220e-01   3.3333333e+00
  2.0822878e-01   9.7808015e-01  -2.0822846e-01  -9.7808022e-01   3.3333333e+00
  2.0870764e-01   9.7797808e-01  -2.0870730e-01  -9.7797815e-01   3.3333333e+00
  2.0918582e-01   9.7787591e-01  -2.0918545e-01  -9.7787599e-01   3.3333333e+00
  2.0966339e-01   9.7777363e-01  -2.0966300e-01  -9.7777371e-01   3.3333333e+00
  2.1014042e-01   9.7767121e-01  -2.1014000e-01  -9.7767130e-01   3.3333333e+00
  2.1061700e-01   9.7756866e-01  -2.1061655e-01  -9.7756875e-01   3.3333333e+00
  2.1109319e-01   9.7746594e-01  -2.1109273e-01  -9.7746604e-01   3.3333333e+00
  2.1156910e-01   9.7736304e-01  -2.1156861e-01  -9.7736315e-01   3.3333333e+00
  2.1204480e-01   9.7725995e-01  -2.1204429e-01  -9.7726006e-01   3.3333333e+00
  2.1252040e-01   9.7715663e-01  -2.1251986e-01  -9.7715675e-01   3.3333333e+00
  2.1299599e-01   9.7705307e-01  -2.1299543e-01  -9.7705320e-01   3.3333333e+00
  2.1347167e-01   9.7694926e-01  -2.1347108e-01  -9.7694938e-01   3.3333333e+00
  2.1394755e-01   9.7684515e-01  -2.1394694e-01  -9.7684528e-01   3.3333333e+00
  2.1442374e-01   9.7674073e-01  -2.1442311e-01  -9.7674087e-01   3.3333333e+00
  2.1490037e-01   9.7663598e-01  -2.1489971e-01  -9.7663612e-01   3.3333333e+00
  2.1537754e-01   9.7653086e-01  -2.1537686e-01  -9.7653101e-01   3.3333333e+00
  2.1585539e-01   9.7642534e-01  -2.1585469e-01  -9.7642550e-01   3.3333333e+00
  2.1633405e-01   9.7631940e-01  -2.1633333e-01  -9.7631956e-01   3.3333333e+00
  2.1681367e-01   9.7621301e-01  -2.1681292e-01  -9.7621317e-01   3.3333333e+00
  2.1729437e-01   9.7610612e-01  -2.1729360e-01  -9.7610629e-01   3.3333333e+00
  2.1777633e-01   9.7599870e-01  -2.1777553e-01  -9.7599888e-01   3.3333333e+00
  2.1825969e-01   9.7589072e-01  -2.1825887e-01  -9.7589091e-01   3.3333333e+00
  2.1874463e-01   9.7578214e-01  -2.1874379e-01  -9.7578233e-01   3.3333333e+00
  2.1923132e-01   9.7567291e-01  -2.1923045e-01  -9.7567311e-01   3.3333333e+00
  2.1971995e-01   9.7556299e-01  -2.1971906e-01  -9.7556319e-01   3.3333333e+00
  2.2021071e-01   9.7545233e-01  -2.2020979e-01  -9.7545253e-01   3.3333333e+00
  2.2070381e-01   9.7534088e-01  -2.2070286e-01  -9.7534109e-01   3.3333333e+00
  2.2119946e-01   9.7522859e-01  -2.2119849e-01  -9.7522881e-01   3.3333333e+00
  2.2169790e-01   9.7511540e-01  -2.2169691e-01  -9.7511562e-01   3.3333333e+00
  2.2219938e-01   9.7500125e-01  -2.2219836e-01  -9.7500148e-01   3.3333333e+00
  2.2270414e-01   9.7488608e-01  -2.2270309e-01  -9.7488632e-01   3.3333333e+00
  2.2321247e-01   9.7476982e-01  -2.2321140e-01  -9.7477006e-01   3.3333333e+00
  2.2372466e-01   9.7465239e-01  -2.2372356e-01  -9.7465264e-01   3.3333333e+00
  2.2424102e-01   9.7453372e-01  -2.2423990e-01  -9.7453397e-01   3.3333333e+00
  2.2476190e-01   9.7441371e-01  -2.2476075e-01  -9.7441398e-01   3.3333333e+00
  2.2528766e-01   9.7429229e-01  -2.2528648e-01  -9.7429256e-01   3.3333333e+00
  2.2581868e-01   9.7416935e-01  -2.2581748e-01  -9.7416963e-01   3.3333333e+00
  2.2635538e-01   9.7404478e-01  -2.2635416e-01  -9.7404507e-01   3.3333333e+00
  2.2689823e-01   9.7391847e-01  -2.2689698e-01  -9.7391877e-01   3.3333333e+00
  2.2744771e-01   9.7379029e-01  -2.2744643e-01  -9.7379059e-01   3.3333333e+00
  2.2800437e-01   9.7366011e-01  -2.2800306e-01  -9.7366042e-01   3.3333333e+00
  2.2856878e-01   9.7352777e-01  -2.2856745e-01  -9.7352808e-01   3.3333333e+00
  2.2914160e-01   9.7339310e-01  -2.2914024e-01  -9.7339342e-01   3.3333333e+00
  2.2972354e-01   9.7325593e-01  -2.2972214e-01  -9.7325625e-01   3.3333333e+00
  2.3031536e-01   9.7311604e-01  -2.3031394e-01  -9.7311638e-01   3.3333333e+00
  2.3091795e-01   9.7297323e-01  -2.3091650e-01  -9.7297357e-01   3.3333333e+00
  2.3153227e-01   9.7282722e-01  -2.3153079e-01  -9.7282758e-01   3.3333333e+00
  2.3215939e-01   9.7267776e-01  -2.3215788e-01  -9.7267812e-01   3.3333333e+00
  2.3280055e-01   9.7252450e-01  -2.3279900e-01  -9.7252487e-01   3.3333333e+00
  2.3345710e-01   9.7236710e-01  -2.3345552e-01  -9.7236748e-01   3.3333333e+00
  2.3413062e-01   9.7220515e-01  -2.3412901e-01  -9.7220554e-01   3.3333333e+00
  2.3482291e-01   9.7203817e-01  -2.3482126e-01  -9.7203857e-01   3.3333333e+00
  2.3553604e-01   9.7186562e-01  -2.3553435e-01  -9.7186602e-01   3.3333333e+00
  2.3627241e-01   9.7168686e-01  -2.3627070e-01  -9.7168727e-01   3.3333333e+00
  2.3703488e-01   9.7150114e-01  -2.3703313e-01  -9.7150157e-01   3.3333333e+00
  2.3782680e-01   9.7130758e-01  -2.3782500e-01  -9.7130802e-01   3.3333333e+00
  2.3865220e-01   9.7110511e-01  -2.3865037e-01  -9.7110556e-01   3.3333333e+00
  2.3951601e-01   9.7089241e-01  -2.3951413e-01  -9.7089288e-01   3.3333333e+00
  2.4042427e-01   9.7066790e-01  -2.4042235e-01  -9.7066838e-01   3.3333333e+00
  2.4138460e-01   9.7042953e-01  -2.4138263e-01  -9.7043002e-01   3.3333333e+00
  2.4240674e-01   9.7017471e-01  -2.4240472e-01  -9.7017522e-01   3.3333333e+00
  2.4350351e-01   9.6990002e-01  -2.4350144e-01  -9.6990054e-01   3.3333333e+00
  2.4469224e-01   9.6960080e-01  -2.4469011e-01  -9.6960134e-01   3.3333333e+00
  2.4599726e-01   9.6927052e-01  -2.4599506e-01  -9.6927108e-01   3.3333333e+00
  2.4745438e-01   9.6889954e-01  -2.4745211e-01  -9.6890012e-01   3.3333333e+00
  2.4911977e-01   9.6847268e-01  -2.4911742e-01  -9.6847329e-01   3.3333333e+00
  2.5108959e-01   9.6796385e-01  -2.5108714e-01  -9.6796449e-01   3.3333333e+00
  2.5355202e-01   9.6732175e-01  -2.5354945e-01  -9.6732243e-01   3.3333333e+00
  2.5697117e-01   9.6641907e-01  -2.5696843e-01  -9.6641980e-01   3.3333333e+00
  2.6333247e-01   9.6470514e-01  -2.6332942e-01  -9.6470597e-01   3.3333333e+00
  4.6593273e-01   8.8482015e-01  -4.6593543e-01  -8.8481873e-01   3.3333333e+00
  4.7195903e-01   8.8162048e-01  -4.7196142e-01  -8.8161920e-01   3.3333333e+00
  4.7519549e-01   8.7988025e-01  -4.7519771e-01  -8.7987905e-01   3.3333333e+00
  4.7752627e-01   8.7861747e-01  -4.7752838e-01  -8.7861633e-01   3.3333333e+00
  4.7939101e-01   8.7760143e-01  -4.7939302e-01  -8.7760033e-01   3.3333333e+00
  4.8096784e-01   8.7673824e-01  -4.8096977e-01  -8.7673718e-01   3.3333333e+00
  4.8234775e-01   8.7597982e-01  -4.8234960e-01  -8.7597880e-01   3.3333333e+00
  4.8358385e-01   8.7529804e-01  -4.8358565e-01  -8.7529705e-01   3.3333333e+00
  4.8471002e-01   8.7467491e-01  -4.8471176e-01  -8.7467394e-01   3.3333333e+00
  4.8574927e-01   8.7409819e-01  -4.8575095e-01  -8.7409726e-01   3.3333333e+00
  4.8671797e-01   8.7355917e-01  -4.8671960e-01  -8.7355826e-01   3.3333333e+00
  4.8762823e-01   8.7305138e-01  -4.8762982e-01  -8.7305049e-01   3.3333333e+00
  4.8848926e-01   8.7256991e-01  -4.8849081e-01  -8.7256904e-01   3.3333333e+00
  4.8930826e-01   8.7211090e-01  -4.8930976e-01  -8.7211006e-01   3.3333333e+00
  4.9009094e-01   8.7167131e-01  -4.9009240e-01  -8.7167049e-01   3.3333333e+00
  4.9084193e-01   8.7124864e-01  -4.9084336e-01  -8.7124784e-01   3.3333333e+00
  4.9156506e-01   8.7084085e-01  -4.9156645e-01  -8.7084007e-01   3.3333333e+00
  4.9226348e-01   8.7044624e-01  -4.9226484e-01  -8.7044548e-01   3.3333333e+00
  4.9293989e-01   8.7006337e-01  -4.9294120e-01  -8.7006262e-01   3.3333333e+00
  4.9359654e-01   8.6969101e-01  -4.9359782e-01  -8.6969028e-01   3.3333333e+00
  4.9423539e-01   8.6932812e-01  -4.9423664e-01  -8.6932741e-01   3.3333333e+00
  4.9485814e-01   8.6897378e-01  -4.9485936e-01  -8.6897308e-01   3.3333333e+00
  4.9546625e-01   8.6862719e-01  -4.9546744e-01  -8.6862651e-01   3.3333333e+00
  4.9606102e-01   8.6828766e-01  -4.9606218e-01  -8.6828700e-01   3.3333333e+00
  4.9664359e-01   8.6795457e-01  -4.9664472e-01  -8.6795393e-01   3.3333333e+00
  4.9721498e-01   8.6762738e-01  -4.9721608e-01  -8.6762674e-01   3.3333333e+00
  4.9777609e-01   8.6730558e-01  -4.9777716e-01  -8.6730496e-01   3.3333333e+00
  4.9832772e-01   8.6698874e-01  -4.9832877e-01  -8.6698814e-01   3.3333333e+00
  4.9887062e-01   8.6667647e-01  -4.9887164e-01  -8.6667589e-01   3.3333333e+00
  4.9940543e-01   8.6636841e-01  -4.9940642e-01  -8.6636783e-01   3.3333333e+00
  4.9993276e-01   8.6606422e-01  -4.9993373e-01  -8.6606366e-01   3.3333333e+00
  5.0045315e-01   8.6576362e-01  -5.0045409e-01  -8.6576308e-01   3.3333333e+00
  5.0096710e-01   8.6546633e-01  -5.0096801e-01  -8.6546580e-01   3.3333333e+00
  5.0147506e-01   8.6517210e-01  -5.0147594e-01  -8.6517159e-01   3.3333333e+00
  5.0197745e-01   8.6488071e-01  -5.0197831e-01  -8.6488021e-01   3.3333333e+00
  5.0247465e-01   8.6459194e-01  -5.0247549e-01  -8.6459146e-01   3.3333333e+00
  5.0296702e-01   8.6430560e-01  -5.0296783e-01  -8.6430513e-01   3.3333333e+00
  5.0345489e-01   8.6402151e-01  -5.0345568e-01  -8.6402105e-01   3.3333333e+00
  5.0393857e-01   8.6373950e-01  -5.0393933e-01  -8.6373906e-01   3.3333333e+00
  5.0441832e-01   8.6345941e-01  -5.0441906e-01  -8.6345898e-01   3.3333333e+00
  5.0489442e-01   8.6318111e-01  -5.0489513e-01  -8.6318069e-01   3.3333333e+00
  5.0536711e-01   8.6290445e-01  -5.0536779e-01  -8.6290405e-01   3.3333333e+00
  5.0583661e-01   8.6262931e-01  -5.0583728e-01  -8.6262892e-01   3.3333333e+00
  5.0630314e-01   8.6235557e-01  -5.0630379e-01  -8.6235519e-01   3.3333333e+00
  5.0676691e-01   8.6208312e-01  -5.0676752e-01  -8.6208275e-01   3.3333333e+00
  5.0722808e-01   8.6181186e-01  -5.0722868e-01  -8.6181151e-01   3.3333333e+00
  5.0768684e-01   8.6154168e-01  -5.0768741e-01  -8.6154135e-01   3.3333333e+00
  5.0814335e-01   8.6127251e-01  -5.0814390e-01  -8.6127218e-01   3.3333333e+00
  5.0859777e-01   8.6100425e-01  -5.0859829e-01  -8.6100394e-01   3.3333333e+00
  5.0905022e-01   8.6073682e-01  -5.0905073e-01  -8.6073652e-01   3.3333333e+00
  5.0950086e-01   8.6047015e-01  -5.0950134e-01  -8.6046986e-01   3.3333333e+00
  5.0994980e-01   8.6020416e-01  -5.0995026e-01  -8.6020389e-01   3.3333333e+00
  5.1039716e-01   8.5993880e-01  -5.1039760e-01  -8.5993854e-01   3.3333333e+00
  5.1084305e-01   8.5967399e-01  -5.1084347e-01  -8.5967375e-01   3.3333333e+00
  5.1128758e-01   8.5940969e-01  -5.1128797e-01  -8.5940946e-01   3.3333333e+00
  5.1173083e-01   8.5914583e-01  -5.1173120e-01  -8.5914561e-01   3.3333333e+00
  5.1217290e-01   8.5888237e-01  -5.1217325e-01  -8.5888216e-01   3.3333333e+00
  5.1261387e-01   8.5861925e-01  -5.1261420e-01  -8.5861906e-01   3.3333333e+00
  5.1305382e-01   8.5835644e-01  -5.1305413e-01  -8.5835626e-01   3.3333333e+00
  5.1349282e-01   8.5809389e-01  -5.1349310e-01  -8.5809372e-01   3.3333333e+00
  5.1393094e-01   8.5783157e-01  -5.1393119e-01  -8.5783141e-01   3.3333333e+00
  5.1436822e-01   8.5756943e-01  -5.1436846e-01  -8.5756929e-01   3.3333333e+00
  5.1480474e-01   8.5730746e-01  -5.1480495e-01  -8.5730733e-01   3.3333333e+00
  5.1524053e-01   8.5704562e-01  -5.1524072e-01  -8.5704550e-01   3.3333333e+00
  5.1567565e-01   8.5678389e-01  -5.1567582e-01  -8.5678378e-01   3.3333333e+00
  5.1611013e-01   8.5652223e-01  -5.1611027e-01  -8.5652214e-01   3.3333333e+00
  5.1654400e-01   8.5626065e-01  -5.1654413e-01  -8.5626057e-01   3.3333333e+00
  5.1697731e-01   8.5599910e-01  -5.1697741e-01  -8.5599904e-01   3.3333333e+00
  5.1741006e-01   8.5573759e-01  -5.1741015e-01  -8.5573754e-01   3.3333333e+00
  5.1784229e-01   8.5547610e-01  -5.1784235e-01  -8.5547606e-01   3.3333333e+00
  5.1827401e-01   8.5521462e-01  -5.1827405e-01  -8.5521460e-01   3.3333333e+00
  5.1870523e-01   8.5495315e-01  -5.1870525e-01  -8.5495314e-01   3.3333333e+00
  5.1913596e-01   8.5469167e-01  -5.1913595e-01  -8.5469168e-01   3.3333333e+00
  5.1956620e-01   8.5443020e-01  -5.1956617e-01  -8.5443022e-01   3.3333333e+00
  5.1999595e-01   8.5416873e-01  -5.1999590e-01  -8.5416875e-01   3.3333333e+00
  5.2042523e-01   8.5390724e-01  -5.2042516e-01  -8.5390729e-01   3.3333333e+00
  5.2085404e-01   8.5364575e-01  -5.2085396e-01  -8.5364580e-01   3.3333333e+00
  5.2128241e-01   8.5338423e-01  -5.2128230e-01  -8.5338430e-01   3.3333333e+00
  5.2171036e-01   8.5312268e-01  -5.2171022e-01  -8.5312276e-01   3.3333333e+00
  5.2213790e-01   8.5286108e-01  -5.2213775e-01  -8.5286117e-01   3.3333333e+00
  5.2256507e-01   8.5259941e-01  -5.2256489e-01  -8.5259951e-01   3.3333333e+00
  5.2299190e-01   8.5233765e-01  -5.2299171e-01  -8.5233777e-01   3.3333333e+00
  5.2341843e-01   8.5207578e-01  -5.2341822e-01  -8.5207592e-01   3.3333333e+00
  5.2384471e-01   8.5181378e-01  -5.2384447e-01  -8.5181393e-01   3.3333333e+00
  5.2427076e-01   8.5155162e-01  -5.2427051e-01  -8.5155178e-01   3.3333333e+00
  5.2469666e-01   8.5128927e-01  -5.2469638e-01  -8.5128944e-01   3.3333333e+00
  5.2512244e-01   8.5102669e-01  -5.2512214e-01  -8.5102687e-01   3.3333333e+00
  5.2554818e-01   8.5076384e-01  -5.2554785e-01  -8.5076404e-01   3.3333333e+00
  5.2597392e-01   8.5050070e-01  -5.2597357e-01  -8.5050091e-01   3.3333333e+00
  5.2639973e-01   8.5023721e-01  -5.2639937e-01  -8.5023744e-01   3.3333333e+00
  5.2682570e-01   8.4997334e-01  -5.2682531e-01  -8.4997358e-01   3.3333333e+00
  5.2725189e-01   8.4970904e-01  -5.2725148e-01  -8.4970929e-01   3.3333333e+00
  5.2767838e-01   8.4944425e-01  -5.2767795e-01  -8.4944452e-01   3.3333333e+00
  5.2810525e-01   8.4917892e-01  -5.2810480e-01  -8.4917920e-01   3.3333333e+00
  5.2853260e-01   8.4891300e-01  -5.2853213e-01  -8.4891330e-01   3.3333333e+00
  5.2896053e-01   8.4864643e-01  -5.2896003e-01  -8.4864674e-01   3.3333333e+00
  5.2938912e-01   8.4837914e-01  -5.2938861e-01  -8.4837946e-01   3.3333333e+00
  5.2981849e-01   8.4811106e-01  -5.2981796e-01  -8.4811139e-01   3.3333333e+00
  5.3024875e-01   8.4784212e-01  -5.3024820e-01  -8.4784247e-01   3.3333333e+00
  5.3068002e-01   8.4757225e-01  -5.3067944e-01  -8.4757261e-01   3.3333333e+00
  5.3111241e-01   8.4730136e-01  -5.3111182e-01  -8.4730174e-01   3.3333333e+00
  5.3154607e-01   8.4702938e-01  -5.3154545e-01  -8.4702977e-01   3.3333333e+00
  5.3198113e-01   8.4675621e-01  -5.3198048e-01  -8.4675661e-01   3.3333333e+00
  5.3241773e-01   8.4648176e-01  -5.3241706e-01  -8.4648217e-01   3.3333333e+00
  5.3285603e-01   8.4620592e-01  -5.3285534e-01  -8.4620635e-01   3.3333333e+00
  5.3329619e-01   8.4592858e-01  -5.3329549e-01  -8.4592903e-01   3.3333333e+00
  5.3373840e-01   8.4564965e-01  -5.3373767e-01  -8.4565011e-01   3.3333333e+00
  5.3418282e-01   8.4536898e-01  -5.3418207e-01  -8.4536946e-01   3.3333333e+00
  5.3462966e-01   8.4508646e-01  -5.3462889e-01  -8.4508695e-01   3.3333333e+00
  5.3507913e-01   8.4480195e-01  -5.3507833e-01  -8.4480245e-01   3.3333333e+00
  5.3553144e-01   8.4451529e-01  -5.3553062e-01  -8.4451581e-01   3.3333333e+00
  5.3598683e-01   8.4422634e-01  -5.3598599e-01  -8.4422687e-01   3.3333333e+00
  5.3644556e-01   8.4393493e-01  -5.3644470e-01  -8.4393547e-01   3.3333333e+00
  5.3690790e-01   8.4364087e-01  -5.3690701e-01  -8.4364143e-01   3.3333333e+00
  5.3737413e-01   8.4334397e-01  -5.3737322e-01  -8.4334455e-01   3.3333333e+00
  5.3784457e-01   8.4304402e-01  -5.3784363e-01  -8.4304462e-01   3.3333333e+00
  5.3831955e-01   8.4274081e-01  -5.3831859e-01  -8.4274142e-01   3.3333333e+00
  5.3879944e-01   8.4243407e-01  -5.3879846e-01  -8.4243470e-01   3.3333333e+00
  5.3928463e-01   8.4212356e-01  -5.3928363e-01  -8.4212420e-01   3.3333333e+00
  5.3977555e-01   8.4180898e-01  -5.3977452e-01  -8.4180964e-01   3.3333333e+00
  5.4027267e-01   8.4149002e-01  -5.4027161e-01  -8.4149069e-01   3.3333333e+00
  5.4077649e-01   8.4116633e-01  -5.4077541e-01  -8.4116702e-01   3.3333333e+00
  5.4128757e-01   8.4083754e-01  -5.4128647e-01  -8.4083825e-01   3.3333333e+00
  5.4180653e-01   8.4050323e-01  -5.4180541e-01  -8.4050396e-01   3.3333333e+00
  5.4233405e-01   8.4016295e-01  -5.4233290e-01  -8.4016369e-01   3.3333333e+00
  5.4287088e-01   8.3981618e-01  -5.4286970e-01  -8.3981694e-01   3.3333333e+00
  5.4341786e-01   8.3946235e-01  -5.4341665e-01  -8.3946313e-01   3.3333333e+00
  5.4397592e-01   8.3910082e-01  -5.4397469e-01  -8.3910162e-01   3.3333333e+00
  5.4454614e-01   8.3873089e-01  -5.4454488e-01  -8.3873171e-01   3.3333333e+00
  5.4512969e-01   8.3835173e-01  -5.4512840e-01  -8.3835257e-01   3.3333333e+00
  5.4572795e-01   8.3796241e-01  -5.4572663e-01  -8.3796327e-01   3.3333333e+00
  5.4634247e-01   8.3756188e-01  -5.4634112e-01  -8.3756276e-01   3.3333333e+00
  5.4697506e-01   8.3714890e-01  -5.4697368e-01  -8.3714980e-01   3.3333333e+00
  5.4762781e-01   8.3672204e-01  -5.4762640e-01  -8.3672297e-01   3.3333333e+00
  5.4830319e-01   8.3627962e-01  -5.4830175e-01  -8.3628057e-01   3.3333333e+00
  5.4900412e-01   8.3581965e-01  -5.4900264e-01  -8.3582062e-01   3.3333333e+00
  5.4973409e-01   8.3533971e-01  -5.4973258e-01  -8.3534070e-01   3.3333333e+00
  5.5049739e-01   8.3483689e-01  -5.5049584e-01  -8.3483791e-01   3.3333333e+00
  5.5129925e-01   8.3430758e-01  -5.5129766e-01  -8.3430863e-01   3.3333333e+00
  5.5214630e-01   8.3374724e-01  -5.5214466e-01  -8.3374833e-01   3.3333333e+00
  5.5304697e-01   8.3315007e-01  -5.5304530e-01  -8.3315119e-01   3.3333333e+00
  5.5401239e-01   8.3250842e-01  -5.5401067e-01  -8.3250957e-01   3.3333333e+00
  5.5505757e-01   8.3181193e-01  -5.5505580e-01  -8.3181312e-01   3.3333333e+00
  5.5620360e-01   8.3104606e-01  -5.5620177e-01  -8.3104729e-01   3.3333333e+00
  5.5748149e-01   8.3018937e-01  -5.5747959e-01  -8.3019064e-01   3.3333333e+00
  5.5893983e-01   8.2920821e-01  -5.5893787e-01  -8.2920954e-01   3.3333333e+00
  5.6066181e-01   8.2804488e-01  -5.6065977e-01  -8.2804627e-01   3.3333333e+00
  5.6281007e-01   8.2658625e-01  -5.6280792e-01  -8.2658771e-01   3.3333333e+00
  5.6578527e-01   8.2455262e-01  -5.6578298e-01  -8.2455419e-01   3.3333333e+00
  5.7129909e-01   8.2074195e-01  -5.7129653e-01  -8.2074373e-01   3.3333333e+00
  4.6593273e-01   8.8482015e-01  -4.6593543e-01  -8.8481873e-01   3.3333333e+00
  4.7195903e-01   8.8162048e-01  -4.7196142e-01  -8.8161920e-01   3.3333333e+00
  4.7519549e-01   8.7988025e-01  -4.7519771e-01  -8.7987905e-01   3.3333333e+00
  4.7752627e-01   8.7861747e-01  -4.7752838e-01  -8.7861633e-01   3.3333333e+00
  4.7939101e-01   8.7760143e-01  -4.7939302e-01  -8.7760033e-01   3.3333333e+00
  4.8096784e-01   8.7673824e-01  -4.8096977e-01  -8.7673718e-01   3.3333333e+00
  4.8234775e-01   8.7597982e-01  -4.8234960e-01  -8.7597880e-01   3.3333333e+00
  4.8358385e-01   8.7529804e-01  -4.8358565e-01  -8.7529705e-01   3.3333333e+00
  4.8471002e-01   8.7467491e-01  -4.8471176e-01  -8.7467394e-01   3.3333333e+00
  4.8574927e-01   8.7409819e-01  -4.8575095e-01  -8.7409726e-01   3.3333333e+00
  4.8671797e-01   8.7355917e-01  -4.8671960e-01  -8.7355826e-01   3.3333333e+00
  4.8762823e-01   8.7305138e-01  -4.8762982e-01  -8.7305049e-01   3.3333333e+00
  4.8848926e-01   8.7256991e-01  -4.8849081e-01  -8.7256904e-01   3.3333333e+00
  4.8930826e-01   8.7211090e-01  -4.8930976e-01  -8.7211006e-01   3.3333333e+00
  4.9009094e-01   8.7167131e-01  -4.9009240e-01  -8.7167049e-01   3.3333333e+00
  4.9084193e-01   8.7124864e-01  -4.9084336e-01  -8.7124784e-01   3.3333333e+00
  4.9156506e-01   8.7084085e-01  -4.9156645e-01  -8.7084007e-01   3.3333333e+00
  4.9226348e-01   8.7044624e-01  -4.9226484e-01  -8.7044548e-01   3.3333333e+00
  4.9293989e-01   8.7006337e-01  -4.9294120e-01  -8.7006262e-01   3.3333333e+00
  4.9359654e-01   8.6969101e-01  -4.9359782e-01  -8.6969028e-01   3.3333333e+00
  4.9423539e-01   8.6932812e-01  -4.9423664e-01  -8.6932741e-01   3.3333333e+00
  4.9485814e-01   8.6897378e-01  -4.9485936e-01  -8.6897308e-01   3.3333333e+00
  4.9546625e-01   8.6862719e-01  -4.9546744e-01  -8.6862651e-01   3.3333333e+00
  4.9606102e-01   8.6828766e-01  -4.9606218e-01  -8.6828700e-01   3.3333333e+00
  4.9664359e-01   8.6795457e-01  -4.9664472e-01  -8.6795393e-01   3.3333333e+00
  4.9721498e-01   8.6762738e-01  -4.9721608e-01  -8.6762674e-01   3.3333333e+00
  4.9777609e-01   8.6730558e-01  -4.9777716e-01  -8.6730496e-01   3.3333333e+00
  4.9832772e-01   8.6698874e-01  -4.9832877e-01  -8.6698814e-01   3.3333333e+00
  4.9887062e-01   8.6667647e-01  -4.9887164e-01  -8.6667589e-01   3.3333333e+00
  4.9940543e-01   8.6636841e-01  -4.9940642e-01  -8.6636783e-01   3.3333333e+00
  4.9993276e-01   8.6606422e-01  -4.9993373e-01  -8.6606366e-01   3.3333333e+00
  5.0045315e-01   8.6576362e-01  -5.0045409e-01  -8.6576308e-01   3.3333333e+00
  5.0096710e-01   8.6546633e-01  -5.0096801e-01  -8.6546580e-01   3.3333333e+00
  5.0147506e-01   8.6517210e-01  -5.0147594e-01  -8.6517159e-01   3.3333333e+00
  5.0197745e-01   8.6488071e-01  -5.0197831e-01  -8.6488021e-01   3.3333333e+00
  5.0247465e-01   8.6459194e-01  -5.0247549e-01  -8.6459146e-01   3.3333333e+00
  5.0296702e-01   8.6430560e-01  -5.0296783e-01  -8.6430513e-01   3.3333333e+00
  5.0345489e-01   8.6402151e-01  -5.0345568e-01  -8.6402105e-01   3.3333333e+00
  5.0393857e-01   8.6373950e-01  -5.0393933e-01  -8.6373906e-01   3.3333333e+00
  5.0441832e-01   8.6345941e-01  -5.0441906e-01  -8.6345898e-01   3.3333333e+00
  5.0489442e-01   8.6318111e-01  -5.0489513e-01  -8.6318069e-01   3.3333333e+00
  5.0536711e-01   8.6290445e-01  -5.0536779e-01  -8.6290405e-01   3.3333333e+00
  5.0583661e-01   8.6262931e-01  -5.0583728e-01  -8.6262892e-01   3.3333333e+00
  5.0630314e-01   8.6235557e-01  -5.0630379e-01  -8.6235519e-01   3.3333333e+00
  5.0676691e-01   8.6208312e-01  -5.0676752e-01  -8.6208275e-01   3.3333333e+00
  5.0722808e-01   8.6181186e-01  -5.0722868e-01  -8.6181151e-01   3.3333333e+00
  5.0768684e-01   8.6154168e-01  -5.0768741e-01  -8.6154135e-01   3.3333333e+00
  5.0814335e-01   8.6127251e-01  -5.0814390e-01  -8.6127218e-01   3.3333333e+00
  5.0859777e-01   8.6100425e-01  -5.0859829e-01  -8.6100394e-01   3.3333333e+00
  5.0905022e-01   8.6073682e-01  -5.0905073e-01  -8.6073652e-01   3.3333333e+00
  5.0950086e-01   8.6047015e-01  -5.0950134e-01  -8.6046986e-01   3.3333333e+00
  5.0994980e-01   8.6020416e-01  -5.0995026e-01  -8.6020389e-01   3.3333333e+00
  5.1039716e-01   8.5993880e-01  -5.1039760e-01  -8.5993854e-01   3.3333333e+00
  5.1084305e-01   8.5967399e-01  -5.1084347e-01  -8.5967375e-01   3.3333333e+00
  5.1128758e-01   8.5940969e-01  -5.1128797e-01  -8.5940946e-01   3.3333333e+00
  5.1173083e-01   8.5914583e-01  -5.1173120e-01  -8.5914561e-01   3.3333333e+00
  5.1217290e-01   8.5888237e-01  -5.1217325e-01  -8.5888216e-01   3.3333333e+00
  5.1261387e-01   8.5861925e-01  -5.1261420e-01  -8.5861906e-01   3.3333333e+00
  5.1305382e-01   8.5835644e-01  -5.1305413e-01  -8.5835626e-01   3.3333333e+00
  5.1349282e-01   8.5809389e-01  -5.1349310e-01  -8.5809372e-01   3.3333333e+00
  5.1393094e-01   8.5783157e-01  -5.1393119e-01  -8.5783141e-01   3.3333333e+00
  5.1436822e-01   8.5756943e-01  -5.1436846e-01  -8.5756929e-01   3.3333333e+00
  5.1480474e-01   8.5730746e-01  -5.1480495e-01  -8.5730733e-01   3.3333333e+00
  5.1524053e-01   8.5704562e-01  -5.1524072e-01  -8.5704550e-01   3.3333333e+00
  5.1567565e-01   8.5678389e-01  -5.1567582e-01  -8.5678378e-01   3.3333333e+00
  5.1611013e-01   8.5652223e-01  -5.1611027e-01  -8.5652214e-01   3.3333333e+00
  5.1654400e-01   8.5626065e-01  -5.1654413e-01  -8.5626057e-01   3.3333333e+00
  5.1697731e-01   8.5599910e-01  -5.1697741e-01  -8.5599904e-01   3.3333333e+00
  5.1741006e-01   8.5573759e-01  -5.1741015e-01  -8.5573754e-01   3.3333333e+00
  5.1784229e-01   8.5547610e-01  -5.1784235e-01  -8.5547606e-01   3.3333333e+00
  5.1827401e-01   8.5521462e-01  -5.1827405e-01  -8.5521460e-01   3.3333333e+00
  5.1870523e-01   8.5495315e-01  -5.1870525e-01  -8.5495314e-01   3.3333333e+00
  5.1913596e-01   8.5469167e-01  -5.1913595e-01  -8.5469168e-01   3.3333333e+00
  5.1956620e-01   8.5443020e-01  -5.1956617e-01  -8.5443022e-01   3.3333333e+00
  5.1999595e-01   8.5416873e-01  -5.1999590e-01  -8.5416875e-01   3.3333333e+00
  5.2042523e-01   8.5390724e-01  -5.2042516e-01  -8.5390729e-01   3.3333333e+00
  5.2085404e-01   8.5364575e-01  -5.2085396e-01  -8.5364580e-01   3.3333333e+00
  5.2128241e-01   8.5338423e-01  -5.2128230e-01  -8.5338430e-01   3.3333333e+00
  5.2171036e-01   8.5312268e-01  -5.2171022e-01  -8.5312276e-01   3.3333333e+00
  5.2213790e-01   8.5286108e-01  -5.2213775e-01  -8.5286117e-01   3.3333333e+00
  5.2256507e-01   8.5259941e-01  -5.2256489e-01  -8.5259951e-01   3.3333333e+00
  5.2299190e-01   8.5233765e-01  -5.2299171e-01  -8.5233777e-01   3.3333333e+00
  5.2341843e-01   8.5207578e-01  -5.2341822e-01  -8.5207592e-01   3.3333333e+00
  5.2384471e-01   8.5181378e-01  -5.2384447e-01  -8.5181393e-01   3.3333333e+00
  5.2427076e-01   8.5155162e-01  -5.2427051e-01  -8.5155178e-01   3.3333333e+00
  5.2469666e-01   8.5128927e-01  -5.2469638e-01  -8.5128944e-01   3.3333333e+00
  5.2512244e-01   8.5102669e-01  -5.2512214e-01  -8.5102687e-01   3.3333333e+00
  5.2554818e-01   8.5076384e-01  -5.2554785e-01  -8.5076404e-01   3.3333333e+00
  5.2597392e-01   8.5050070e-01  -5.2597357e-01  -8.5050091e-01   3.3333333e+00
  5.2639973e-01   8.5023721e-01  -5.2639937e-01  -8.5023744e-01   3.3333333e+00
  5.2682570e-01   8.4997334e-01  -5.2682531e-01  -8.4997358e-01   3.3333333e+00
  5.2725189e-01   8.4970904e-01  -5.2725148e-01  -8.4970929e-01   3.3333333e+00
  5.2767838e-01   8.4944425e-01  -5.2767795e-01  -8.4944452e-01   3.3333333e+00
  5.2810525e-01   8.4917892e-01  -5.2810480e-01  -8.4917920e-01   3.3333333e+00
  5.2853260e-01   8.4891300e-01  -5.2853213e-01  -8.4891330e-01   3.3333333e+00
  5.2896053e-01   8.4864643e-01  -5.2896003e-01  -8.4864674e-01   3.3333333e+00
  5.2938912e-01   8.4837914e-01  -5.2938861e-01  -8.4837946e-01   3.3333333e+00
  5.2981849e-01   8.4811106e-01  -5.2981796e-01  -8.4811139e-01   3.3333333e+00
  5.3024875e-01   8.4784212e-01  -5.3024820e-01  -8.4784247e-01   3.3333333e+00
  5.3068002e-01   8.4757225e-01  -5.3067944e-01  -8.4757261e-01   3.3333333e+00
  5.3111241e-01   8.4730136e-01  -5.3111182e-01  -8.4730174e-01   3.3333333e+00
  5.3154607e-01   8.4702938e-01  -5.3154545e-01  -8.4702977e-01   3.3333333e+00
  5.3198113e-01   8.4675621e-01  -5.3198048e-01  -8.4675661e-01   3.3333333e+00
  5.3241773e-01   8.4648176e-01  -5.3241706e-01  -8.4648217e-01   3.3333333e+00
  5.3285603e-01   8.4620592e-01  -5.3285534e-01  -8.4620635e-01   3.3333333e+00
  5.3329619e-01   8.4592858e-01  -5.3329549e-01  -8.4592903e-01   3.3333333e+00
  5.3373840e-01   8.4564965e-01  -5.3373767e-01  -8.4565011e-01   3.3333333e+00
  5.3418282e-01   8.4536898e-01  -5.3418207e-01  -8.4536946e-01   3.3333333e+00
  5.3462966e-01   8.4508646e-01  -5.3462889e-01  -8.4508695e-01   3.3333333e+00
  5.3507913e-01   8.4480195e-01  -5.3507833e-01  -8.4480245e-01   3.3333333e+00
  5.3553144e-01   8.4451529e-01  -5.3553062e-01  -8.4451581e-01   3.3333333e+00
  5.3598683e-01   8.4422634e-01  -5.3598599e-01  -8.4422687e-01   3.3333333e+00
  5.3644556e-01   8.4393493e-01  -5.3644470e-01  -8.4393547e-01   3.3333333e+00
  5.3690790e-01   8.4364087e-01  -5.3690701e-01  -8.4364143e-01   3.3333333e+00
  5.3737413e-01   8.4334397e-01  -5.3737322e-01  -8.4334455e-01   3.3333333e+00
  5.3784457e-01   8.4304402e-01  -5.3784363e-01  -8.4304462e-01   3.3333333e+00
  5.3831955e-01   8.4274081e-01  -5.3831859e-01  -8.4274142e-01   3.3333333e+00
  5.3879944e-01   8.4243407e-01  -5.3879846e-01  -8.4243470e-01   3.3333333e+00
  5.3928463e-01   8.4212356e-01  -5.3928363e-01  -8.4212420e-01   3.3333333e+00
  5.3977555e-01   8.4180898e-01  -5.3977452e-01  -8.4180964e-01   3.3333333e+00
  5.4027267e-01   8.4149002e-01  -5.4027161e-01  -8.4149069e-01   3.3333333e+00
  5.4077649e-01   8.4116633e-01  -5.4077541e-01  -8.4116702e-01   3.3333333e+00
  5.4128757e-01   8.4083754e-01  -5.4128647e-01  -8.4083825e-01   3.3333333e+00
  5.4180653e-01   8.4050323e-01  -5.4180541e-01  -8.4050396e-01   3.3333333e+00
  5.4233405e-01   8.4016295e-01  -5.4233290e-01  -8.4016369e-01   3.3333333e+00
  5.4287088e-01   8.3981618e-01  -5.4286970e-01  -8.3981694e-01   3.3333333e+00
  5.4341786e-01   8.3946235e-01  -5.4341665e-01  -8.3946313e-01   3.3333333e+00
  5.4397592e-01   8.3910082e-01  -5.4397469e-01  -8.3910162e-01   3.3333333e+00
  5.4454614e-01   8.3873089e-01  -5.4454488e-01  -8.3873171e-01   3.3333333e+00
  5.4512969e-01   8.3835173e-01  -5.4512840e-01  -8.3835257e-01   3.3333333e+00
  5.4572795e-01   8.3796241e-01  -5.4572663e-01  -8.3796327e-01   3.3333333e+00
  5.4634247e-01   8.3756188e-01  -5.4634112e-01  -8.3756276e-01   3.3333333e+00
  5.4697506e-01   8.3714890e-01  -5.4697368e-01  -8.3714980e-01   3.3333333e+00
  5.4762781e-01   8.3672204e-01  -5.4762640e-01  -8.3672297e-01   3.3333333e+00
  5.4830319e-01   8.3627962e-01  -5.4830175e-01  -8.3628057e-01   3.3333333e+00
  5.4900412e-01   8.3581965e-01  -5.4900264e-01  -8.3582062e-01   3.3333333e+00
  5.4973409e-01   8.3533971e-01  -5.4973258e-01  -8.3534070e-01   3.3333333e+00
  5.5049739e-01   8.3483689e-01  -5.5049584e-01  -8.3483791e-01   3.3333333e+00
  5.5129925e-01   8.3430758e-01  -5.5129766e-01  -8.3430863e-01   3.3333333e+00
  5.5214630e-01   8.3374724e-01  -5.5214466e-01  -8.3374833e-01   3.3333333e+00
  5.5304697e-01   8.3315007e-01  -5.5304530e-01  -8.3315119e-01   3.3333333e+00
  5.5401239e-01   8.3250842e-01  -5.5401067e-01  -8.3250957e-01   3.3333333e+00
  5.5505757e-01   8.3181193e-01  -5.5505580e-01  -8.3181312e-01   3.3333333e+00
  5.5620360e-01   8.3104606e-01  -5.5620177e-01  -8.3104729e-01   3.3333333e+00
  5.5748149e-01   8.3018937e-01  -5.5747959e-01  -8.3019064e-01   3.3333333e+00
  5.5893983e-01   8.2920821e-01  -5.5893787e-01  -8.2920954e-01   3.3333333e+00
  5.6066181e-01   8.2804488e-01  -5.6065977e-01  -8.2804627e-01   3.3333333e+00
  5.6281007e-01   8.2658625e-01  -5.6280792e-01  -8.2658771e-01   3.3333333e+00
  5.6578527e-01   8.2455262e-01  -5.6578298e-01  -8.2455419e-01   3.3333333e+00
  5.7129909e-01   8.2074195e-01  -5.7129653e-01  -8.2074373e-01   3.3333333e+00
  4.6593273e-01   8.8482015e-01  -4.6593543e-01  -8.8481873e-01   3.3333333e+00
  4.7195903e-01   8.8162048e-01  -4.7196142e-01  -8.8161920e-01   3.3333333e+00
  4.7519549e-01   8.7988025e-01  -4.7519771e-01  -8.7987905e-01   3.3333333e+00
  4.7752627e-01   8.7861747e-01  -4.7752838e-01  -8.7861633e-01   3.3333333e+00
  4.7939101e-01   8.7760143e-01  -4.7939302e-01  -8.7760033e-01   3.3333333e+00
  4.8096784e-01   8.7673824e-01  -4.8096977e-01  -8.7673718e-01   3.3333333e+00
  4.8234775e-01   8.7597982e-01  -4.8234960e-01  -8.7597880e-01   3.3333333e+00
  4.8358385e-01   8.7529804e-01  -4.8358565e-01  -8.7529705e-01   3.3333333e+00
  4.8471002e-01   8.7467491e-01  -4.8471176e-01  -8.7467394e-01   3.3333333e+00
  4.8574927e-01   8.7409819e-01  -4.8575095e-01  -8.7409726e-01   3.3333333e+00
  4.8671797e-01   8.7355917e-01  -4.8671960e-01  -8.7355826e-01   3.3333333e+00
  4.8762823e-01   8.7305138e-01  -4.8762982e-01  -8.7305049e-01   3.3333333e+00
  4.8848926e-01   8.7256991e-01  -4.8849081e-01  -8.7256904e-01   3.3333333e+00
  4.8930826e-01   8.7211090e-01  -4.8930976e-01  -8.7211006e-01   3.3333333e+00
  4.9009094e-01   8.7167131e-01  -4.9009240e-01  -8.7167049e-01   3.3333333e+00
  4.9084193e-01   8.7124864e-01  -4.9084336e-01  -8.7124784e-01   3.3333333e+00
  4.9156506e-01   8.7084085e-01  -4.9156645e-01  -8.7084007e-01   3.3333333e+00
  4.9226348e-01   8.7044624e-01  -4.9226484e-01  -8.7044548e-01   3.3333333e+00
  4.9293989e-01   8.7006337e-01  -4.9294120e-01  -8.7006262e-01   3.3333333e+00
  4.9359654e-01   8.6969101e-01  -4.9359782e-01  -8.6969028e-01   3.3333333e+00
  4.9423539e-01   8.6932812e-01  -4.9423664e-01  -8.6932741e-01   3.3333333e+00
  4.9485814e-01   8.6897378e-01  -4.9485936e-01  -8.6897308e-01   3.3333333e+00
  4.9546625e-01   8.6862719e-01  -4.9546744e-01  -8.6862651e-01   3.3333333e+00
  4.9606102e-01   8.6828766e-01  -4.9606218e-01  -8.6828700e-01   3.3333333e+00
  4.9664359e-01   8.6795457e-01  -4.9664472e-01  -8.6795393e-01   3.3333333e+00
  4.9721498e-01   8.6762738e-01  -4.9721608e-01  -8.6762674e-01   3.3333333e+00
  4.9777609e-01   8.6730558e-01  -4.9777716e-01  -8.6730496e-01   3.3333333e+00
  4.9832772e-01   8.6698874e-01  -4.9832877e-01  -8.6698814e-01   3.3333333e+00
  4.9887062e-01   8.6667647e-01  -4.9887164e-01  -8.6667589e-01   3.3333333e+00
  4.9940543e-01   8.6636841e-01  -4.9940642e-01  -8.6636783e-01   3.3333333e+00
  4.9993276e-01   8.6606422e-01  -4.9993373e-01  -8.6606366e-01   3.3333333e+00
  5.0045315e-01   8.6576362e-01  -5.0045409e-01  -8.6576308e-01   3.3333333e+00
  5.0096710e-01   8.6546633e-01  -5.0096801e-01  -8.6546580e-01   3.3333333e+00
  5.0147506e-01   8.6517210e-01  -5.0147594e-01  -8.6517159e-01   3.3333333e+00
  5.0197745e-01   8.6488071e-01  -5.0197831e-01  -8.6488021e-01   3.3333333e+00
  5.0247465e-01   8.6459194e-01  -5.0247549e-01  -8.6459146e-01   3.3333333e+00
  5.0296702e-01   8.6430560e-01  -5.0296783e-01  -8.6430513e-01   3.3333333e+00
  5.0345489e-01   8.6402151e-01  -5.0345568e-01  -8.6402105e-01   3.3333333e+00
  5.0393857e-01   8.6373950e-01  -5.0393933e-01  -8.6373906e-01   3.3333333e+00
  5.0441832e-01   8.6345941e-01  -5.0441906e-01  -8.6345898e-01   3.3333333e+00
  5.0489442e-01   8.6318111e-01  -5.0489513e-01  -8.6318069e-01   3.3333333e+00
  5.0536711e-01   8.6290445e-01  -5.0536779e-01  -8.6290405e-01   3.3333333e+00
  5.0583661e-01   8.6262931e-01  -5.0583728e-01  -8.6262892e-01   3.3333333e+00
  5.0630314e-01   8.6235557e-01  -5.0630379e-01  -8.6235519e-01   3.3333333e+00
  5.0676691e-01   8.6208312e-01  -5.0676752e-01  -8.6208275e-01   3.3333333e+00
  5.0722808e-01   8.6181186e-01  -5.0722868e-01  -8.6181151e-01   3.3333333e+00
  5.0768684e-01   8.6154168e-01  -5.0768741e-01  -8.6154135e-01   3.3333333e+00
  5.0814335e-01   8.6127251e-01  -5.0814390e-01  -8.6127218e-01   3.3333333e+00
  5.0859777e-01   8.6100425e-01  -5.0859829e-01  -8.6100394e-01   3.3333333e+00
  5.0905022e-01   8.6073682e-01  -5.0905073e-01  -8.6073652e-01   3.3333333e+00
  5.0950086e-01   8.6047015e-01  -5.0950134e-01  -8.6046986e-01   3.3333333e+00
  5.0994980e-01   8.6020416e-01  -5.0995026e-01  -8.6020389e-01   3.3333333e+00
  5.1039716e-01   8.5993880e-01  -5.1039760e-01  -8.5993854e-01   3.3333333e+00
  5.1084305e-01   8.5967399e-01  -5.1084347e-01  -8.5967375e-01   3.3333333e+00
  5.1128758e-01   8.5940969e-01  -5.1128797e-01  -8.5940946e-01   3.3333333e+00
  5.1173083e-01   8.5914583e-01  -5.1173120e-01  -8.5914561e-01   3.3333333e+00
  5.1217290e-01   8.5888237e-01  -5.1217325e-01  -8.5888216e-01   3.3333333e+00
  5.1261387e-01   8.5861925e-01  -5.1261420e-01  -8.5861906e-01   3.3333333e+00
  5.1305382e-01   8.5835644e-01  -5.1305413e-01  -8.5835626e-01   3.3333333e+00
  5.1349282e-01   8.5809389e-01  -5.1349310e-01  -8.5809372e-01   3.3333333e+00
  5.1393094e-01   8.5783157e-01  -5.1393119e-01  -8.5783141e-01   3.3333333e+00
  5.1436822e-01   8.5756943e-01  -5.1436846e-01  -8.5756929e-01   3.3333333e+00
  5.1480474e-01   8.5730746e-01  -5.1480495e-01  -8.5730733e-01   3.3333333e+00
  5.1524053e-01   8.5704562e-01  -5.1524072e-01  -8.5704550e-01   3.3333333e+00
  5.1567565e-01   8.5678389e-01  -5.1567582e-01  -8.5678378e-01   3.3333333e+00
  5.1611013e-01   8.5652223e-01  -5.1611027e-01  -8.5652214e-01   3.3333333e+00
  5.1654400e-01   8.5626065e-01  -5.1654413e-01  -8.5626057e-01   3.3333333e+00
  5.1697731e-01   8.5599910e-01  -5.1697741e-01  -8.5599904e-01   3.3333333e+00
  5.1741006e-01   8.5573759e-01  -5.1741015e-01  -8.5573754e-01   3.3333333e+00
  5.1784229e-01   8.5547610e-01  -5.1784235e-01  -8.5547606e-01   3.3333333e+00
  5.1827401e-01   8.5521462e-01  -5.1827405e-01  -8.5521460e-01   3.3333333e+00
  5.1870523e-01   8.5495315e-01  -5.1870525e-01  -8.5495314e-01   3.3333333e+00
  5.1913596e-01   8.5469167e-01  -5.1913595e-01  -8.5469168e-01   3.3333333e+00
  5.1956620e-01   8.5443020e-01  -5.1956617e-01  -8.5443022e-01   3.3333333e+00
  5.1999595e-01   8.5416873e-01  -5.1999590e-01  -8.5416875e-01   3.3333333e+00
  5.2042523e-01   8.5390724e-01  -5.2042516e-01  -8.5390729e-01   3.3333333e+00
  5.2085404e-01   8.5364575e-01  -5.2085396e-01  -8.5364580e-01   3.3333333e+00
  5.2128241e-01   8.5338423e-01  -5.2128230e-01  -8.5338430e-01   3.3333333e+00
  5.2171036e-01   8.5312268e-01  -5.2171022e-01  -8.5312276e-01   3.3333333e+00
  5.2213790e-01   8.5286108e-01  -5.2213775e-01  -8.5286117e-01   3.3333333e+00
  5.2256507e-01   8.5259941e-01  -5.2256489e-01  -8.5259951e-01   3.3333333e+00
  5.2299190e-01   8.5233765e-01  -5.2299171e-01  -8.5233777e-01   3.3333333e+00
  5.2341843e-01   8.5207578e-01  -5.2341822e-01  -8.5207592e-01   3.3333333e+00
  5.2384471e-01   8.5181378e-01  -5.2384447e-01  -8.5181393e-01   3.3333333e+00
  5.2427076e-01   8.5155162e-01  -5.2427051e-01  -8.5155178e-01   3.3333333e+00
  5.2469666e-01   8.5128927e-01  -5.2469638e-01  -8.5128944e-01   3.3333333e+00
  5.2512244e-01   8.5102669e-01  -5.2512214e-01  -8.5102687e-01   3.3333333e+00
  5.2554818e-01   8.5076384e-01  -5.2554785e-01  -8.5076404e-01   3.3333333e+00
  5.2597392e-01   8.5050070e-01  -5.2597357e-01  -8.5050091e-01   3.3333333e+00
  5.2639973e-01   8.5023721e-01  -5.2639937e-01  -8.5023744e-01   3.3333333e+00
  5.2682570e-01   8.4997334e-01  -5.2682531e-01  -8.4997358e-01   3.3333333e+00
  5.2725189e-01   8.4970904e-01  -5.2725148e-01  -8.4970929e-01   3.3333333e+00
  5.2767838e-01   8.4944425e-01  -5.2767795e-01  -8.4944452e-01   3.3333333e+00
  5.2810525e-01   8.4917892e-01  -5.2810480e-01  -8.4917920e-01   3.3333333e+00
  5.2853260e-01   8.4891300e-01  -5.2853213e-01  -8.4891330e-01   3.3333333e+00
  5.2896053e-01   8.4864643e-01  -5.2896003e-01  -8.4864674e-01   3.3333333e+00
  5.2938912e-01   8.4837914e-01  -5.2938861e-01  -8.4837946e-01   3.3333333e+00
  5.2981849e-01   8.4811106e-01  -5.2981796e-01  -8.4811139e-01   3.3333333e+00
  5.3024875e-01   8.4784212e-01  -5.3024820e-01  -8.4784247e-01   3.3333333e+00
  5.3068002e-01   8.4757225e-01  -5.3067944e-01  -8.4757261e-01   3.3333333e+00
  5.3111241e-01   8.4730136e-01  -5.3111182e-01  -8.4730174e-01   3.3333333e+00
  5.3154607e-01   8.4702938e-01  -5.3154545e-01  -8.4702977e-01   3.3333333e+00
  5.3198113e-01   8.4675621e-01  -5.3198048e-01  -8.4675661e-01   3.3333333e+00
  5.3241773e-01   8.4648176e-01  -5.3241706e-01  -8.4648217e-01   3.3333333e+00
  5.3285603e-01   8.4620592e-01  -5.3285534e-01  -8.4620635e-01   3.3333333e+00
  5.3329619e-01   8.4592858e-01  -5.3329549e-01  -8.4592903e-01   3.3333333e+00
  5.3373840e-01   8.4564965e-01  -5.3373767e-01  -8.4565011e-01   3.3333333e+00
  5.3418282e-01   8.4536898e-01  -5.3418207e-01  -8.4536946e-01   3.3333333e+00
  5.3462966e-01   8.4508646e-01  -5.3462889e-01  -8.4508695e-01   3.3333333e+00
  5.3507913e-01   8.4480195e-01  -5.3507833e-01  -8.4480245e-01   3.3333333e+00
  5.3553144e-01   8.4451529e-01  -5.3553062e-01  -8.4451581e-01   3.3333333e+00
  5.3598683e-01   8.4422634e-01  -5.3598599e-01  -8.4422687e-01   3.3333333e+00
  5.3644556e-01   8.4393493e-01  -5.3644470e-01  -8.4393547e-01   3.3333333e+00
  5.3690790e-01   8.4364087e-01  -5.3690701e-01  -8.4364143e-01   3.3333333e+00
  5.3737413e-01   8.4334397e-01  -5.3737322e-01  -8.4334455e-01   3.3333333e+00
  5.3784457e-01   8.4304402e-01  -5.3784363e-01  -8.4304462e-01   3.3333333e+00
  5.3831955e-01   8.4274081e-01  -5.3831859e-01  -8.4274142e-01   3.3333333e+00
  5.3879944e-01   8.4243407e-01  -5.3879846e-01  -8.4243470e-01   3.3333333e+00
  5.3928463e-01   8.4212356e-01  -5.3928363e-01  -8.4212420e-01   3.3333333e+00
  5.3977555e-01   8.4180898e-01  -5.3977452e-01  -8.4180964e-01   3.3333333e+00
  5.4027267e-01   8.4149002e-01  -5.4027161e-01  -8.4149069e-01   3.3333333e+00
  5.4077649e-01   8.4116633e-01  -5.4077541e-01  -8.4116702e-01   3.3333333e+00
  5.4128757e-01   8.4083754e-01  -5.4128647e-01  -8.4083825e-01   3.3333333e+00
  5.4180653e-01   8.4050323e-01  -5.4180541e-01  -8.4050396e-01   3.3333333e+00
  5.4233405e-01   8.4016295e-01  -5.4233290e-01  -8.4016369e-01   3.3333333e+00
  5.4287088e-01   8.3981618e-01  -5.4286970e-01  -8.3981694e-01   3.3333333e+00
  5.4341786e-01   8.3946235e-01  -5.4341665e-01  -8.3946313e-01   3.3333333e+00
  5.4397592e-01   8.3910082e-01  -5.4397469e-01  -8.3910162e-01   3.3333333e+00
  5.4454614e-01   8.3873089e-01  -5.4454488e-01  -8.3873171e-01   3.3333333e+00
  5.4512969e-01   8.3835173e-01  -5.4512840e-01  -8.3835257e-01   3.3333333e+00
  5.4572795e-01   8.3796241e-01  -5.4572663e-01  -8.3796327e-01   3.3333333e+00
  5.4634247e-01   8.3756188e-01  -5.4634112e-01  -8.3756276e-01   3.3333333e+00
  5.4697506e-01   8.3714890e-01  -5.4697368e-01  -8.3714980e-01   3.3333333e+00
  5.4762781e-01   8.3672204e-01  -5.4762640e-01  -8.3672297e-01   3.3333333e+00
  5.4830319e-01   8.3627962e-01  -5.4830175e-01  -8.3628057e-01   3.3333333e+00
  5.4900412e-01   8.3581965e-01  -5.4900264e-01  -8.3582062e-01   3.3333333e+00
  5.4973409e-01   8.3533971e-01  -5.4973258e-01  -8.3534070e-01   3.3333333e+00
  5.5049739e-01   8.3483689e-01  -5.5049584e-01  -8.3483791e-01   3.3333333e+00
  5.5129925e-01   8.3430758e-01  -5.5129766e-01  -8.3430863e-01   3.3333333e+00
  5.5214630e-01   8.3374724e-01  -5.5214466e-01  -8.3374833e-01   3.3333333e+00
  5.5304697e-01   8.3315007e-01  -5.5304530e-01  -8.3315119e-01   3.3333333e+00
  5.5401239e-01   8.3250842e-01  -5.5401067e-01  -8.3250957e-01   3.3333333e+00
  5.5505757e-01   8.3181193e-01  -5.5505580e-01  -8.3181312e-01   3.3333333e+00
  5.5620360e-01   8.3104606e-01  -5.5620177e-01  -8.3104729e-01   3.3333333e+00
  5.5748149e-01   8.3018937e-01  -5.5747959e-01  -8.3019064e-01   3.3333333e+00
  5.5893983e-01   8.2920821e-01  -5.5893787e-01  -8.2920954e-01   3.3333333e+00
  5.6066181e-01   8.2804488e-01  -5.6065977e-01  -8.2804627e-01   3.3333333e+00
  5.6281007e-01   8.2658625e-01  -5.6280792e-01  -8.2658771e-01   3.3333333e+00
  5.6578527e-01   8.2455262e-01  -5.6578298e-01  -8.2455419e-01   3.3333333e+00
  5.7129909e-01   8.2074195e-01  -5.7129653e-01  -8.2074373e-01   3.3333333e+00
  4.6593273e-01   8.8482015e-01  -4.6593543e-01  -8.8481873e-01   3.3333333e+00
  4.7195903e-01   8.8162048e-01  -4.7196142e-01  -8.8161920e-01   3.3333333e+00
  4.7519549e-01   8.7988025e-01  -4.7519771e-01  -8.7987905e-01   3.3333333e+00
  4.7752627e-01   8.7861747e-01  -4.7752838e-01  -8.7861633e-01   3.3333333e+00
  4.7939101e-01   8.7760143e-01  -4.7939302e-01  -8.7760033e-01   3.3333333e+00
  4.8096784e-01   8.7673824e-01  -4.8096977e-01  -8.7673718e-01   3.3333333e+00
  4.8234775e-01   8.7597982e-01  -4.8234960e-01  -8.7597880e-01   3.3333333e+00
  4.8358385e-01   8.7529804e-01  -4.8358565e-01  -8.7529705e-01   3.3333333e+00
  4.8471002e-01   8.7467491e-01  -4.8471176e-01  -8.7467394e-01   3.3333333e+00
  4.8574927e-01   8.7409819e-01  -4.8575095e-01  -8.7409726e-01   3.3333333e+00
  4.8671797e-01   8.7355917e-01  -4.8671960e-01  -8.7355826e-01   3.3333333e+00
  4.8762823e-01   8.7305138e-01  -4.8762982e-01  -8.7305049e-01   3.3333333e+00
  4.8848926e-01   8.7256991e-01  -4.8849081e-01  -8.7256904e-01   3.3333333e+00
  4.8930826e-01   8.7211090e-01  -4.8930976e-01  -8.7211006e-01   3.3333333e+00
  4.9009094e-01   8.7167131e-01  -4.9009240e-01  -8.7167049e-01   3.3333333e+00
  4.9084193e-01   8.7124864e-01  -4.9084336e-01  -8.7124784e-01   3.3333333e+00
  4.9156506e-01   8.7084085e-01  -4.9156645e-01  -8.7084007e-01   3.3333333e+00
  4.9226348e-01   8.7044624e-01  -4.9226484e-01  -8.7044548e-01   3.3333333e+00
  4.9293989e-01   8.7006337e-01  -4.9294120e-01  -8.7006262e-01   3.3333333e+00
  4.9359654e-01   8.6969101e-01  -4.9359782e-01  -8.6969028e-01   3.3333333e+00
  4.9423539e-01   8.6932812e-01  -4.9423664e-01  -8.6932741e-01   3.3333333e+00
  4.9485814e-01   8.6897378e-01  -4.9485936e-01  -8.6897308e-01   3.3333333e+00
  4.9546625e-01   8.6862719e-01  -4.9546744e-01  -8.6862651e-01   3.3333333e+00
  4.9606102e-01   8.6828766e-01  -4.9606218e-01  -8.6828700e-01   3.3333333e+00
  4.9664359e-01   8.6795457e-01  -4.9664472e-01  -8.6795393e-01   3.3333333e+00
  4.9721498e-01   8.6762738e-01  -4.9721608e-01  -8.6762674e-01   3.3333333e+00
  4.9777609e-01   8.6730558e-01  -4.9777716e-01  -8.6730496e-01   3.3333333e+00
  4.9832772e-01   8.6698874e-01  -4.9832877e-01  -8.6698814e-01   3.3333333e+00
  4.9887062e-01   8.6667647e-01  -4.9887164e-01  -8.6667589e-01   3.3333333e+00
  4.9940543e-01   8.6636841e-01  -4.9940642e-01  -8.6636783e-01   3.3333333e+00
  4.9993276e-01   8.6606422e-01  -4.9993373e-01  -8.6606366e-01   3.3333333e+00
  5.0045315e-01   8.6576362e-01  -5.0045409e-01  -8.6576308e-01   3.3333333e+00
  5.0096710e-01   8.6546633e-01  -5.0096801e-01  -8.6546580e-01   3.3333333e+00
  5.0147506e-01   8.6517210e-01  -5.0147594e-01  -8.6517159e-01   3.3333333e+00
  5.0197745e-01   8.6488071e-01  -5.0197831e-01  -8.6488021e-01   3.3333333e+00
  5.0247465e-01   8.6459194e-01  -5.0247549e-01  -8.6459146e-01   3.3333333e+00
  5.0296702e-01   8.6430560e-01  -5.0296783e-01  -8.6430513e-01   3.3333333e+00
  5.0345489e-01   8.6402151e-01  -5.0345568e-01  -8.6402105e-01   3.3333333e+00
  5.0393857e-01   8.6373950e-01  -5.0393933e-01  -8.6373906e-01   3.3333333e+00
  5.0441832e-01   8.6345941e-01  -5.0441906e-01  -8.6345898e-01   3.3333333e+00
  5.0489442e-01   8.6318111e-01  -5.0489513e-01  -8.6318069e-01   3.3333333e+00
  5.0536711e-01   8.6290445e-01  -5.0536779e-01  -8.6290405e-01   3.3333333e+00
  5.0583661e-01   8.6262931e-01  -5.0583728e-01  -8.6262892e-01   3.3333333e+00
  5.0630314e-01   8.6235557e-01  -5.0630379e-01  -8.6235519e-01   3.3333333e+00
  5.0676691e-01   8.6208312e-01  -5.0676752e-01  -8.6208275e-01   3.3333333e+00
  5.0722808e-01   8.6181186e-01  -5.0722868e-01  -8.6181151e-01   3.3333333e+00
  5.0768684e-01   8.6154168e-01  -5.0768741e-01  -8.6154135e-01   3.3333333e+00
  5.0814335e-01   8.6127251e-01  -5.0814390e-01  -8.6127218e-01   3.3333333e+00
  5.0859777e-01   8.6100425e-01  -5.0859829e-01  -8.6100394e-01   3.3333333e+00
  5.0905022e-01   8.6073682e-01  -5.0905073e-01  -8.6073652e-01   3.3333333e+00
  5.0950086e-01   8.6047015e-01  -5.0950134e-01  -8.6046986e-01   3.3333333e+00
  5.0994980e-01   8.6020416e-01  -5.0995026e-01  -8.6020389e-01   3.3333333e+00
  5.1039716e-01   8.5993880e-01  -5.1039760e-01  -8.5993854e-01   3.3333333e+00
  5.1084305e-01   8.5967399e-01  -5.1084347e-01  -8.5967375e-01   3.3333333e+00
  5.1128758e-01   8.5940969e-01  -5.1128797e-01  -8.5940946e-01   3.3333333e+00
  5.1173083e-01   8.5914583e-01  -5.1173120e-01  -8.5914561e-01   3.3333333e+00
  5.1217290e-01   8.5888237e-01  -5.1217325e-01  -8.5888216e-01   3.3333333e+00
  5.1261387e-01   8.5861925e-01  -5.1261420e-01  -8.5861906e-01   3.3333333e+00
  5.1305382e-01   8.5835644e-01  -5.1305413e-01  -8.5835626e-01   3.3333333e+00
  5.1349282e-01   8.5809389e-01  -5.1349310e-01  -8.5809372e-01   3.3333333e+00
  5.1393094e-01   8.5783157e-01  -5.1393119e-01  -8.5783141e-01   3.3333333e+00
  5.1436822e-01   8.5756943e-01  -5.1436846e-01  -8.5756929e-01   3.3333333e+00
  5.1480474e-01   8.5730746e-01  -5.1480495e-01  -8.5730733e-01   3.3333333e+00
  5.1524053e-01   8.5704562e-01  -5.1524072e-01  -8.5704550e-01   3.3333333e+00
  5.1567565e-01   8.5678389e-01  -5.1567582e-01  -8.5678378e-01   3.3333333e+00
  5.1611013e-01   8.5652223e-01  -5.1611027e-01  -8.5652214e-01   3.3333333e+00
  5.1654400e-01   8.5626065e-01  -5.1654413e-01  -8.5626057e-01   3.3333333e+00
  5.1697731e-01   8.5599910e-01  -5.1697741e-01  -8.5599904e-01   3.3333333e+00
  5.1741006e-01   8.5573759e-01  -5.1741015e-01  -8.5573754e-01   3.3333333e+00
  5.1784229e-01   8.5547610e-01  -5.1784235e-01  -8.5547606e-01   3.3333333e+00
  5.1827401e-01   8.5521462e-01  -5.1827405e-01  -8.5521460e-01   3.3333333e+00
  5.1870523e-01   8.5495315e-01  -5.1870525e-01  -8.5495314e-01   3.3333333e+00
  5.1913596e-01   8.5469167e-01  -5.1913595e-01  -8.5469168e-01   3.3333333e+00
  5.1956620e-01   8.5443020e-01  -5.1956617e-01  -8.5443022e-01   3.3333333e+00
  5.1999595e-01   8.5416873e-01  -5.1999590e-01  -8.5416875e-01   3.3333333e+00
  5.2042523e-01   8.5390724e-01  -5.2042516e-01  -8.5390729e-01   3.3333333e+00
  5.2085404e-01   8.5364575e-01  -5.2085396e-01  -8.5364580e-01   3.3333333e+00
  5.2128241e-01   8.5338423e-01  -5.2128230e-01  -8.5338430e-01   3.3333333e+00
  5.2171036e-01   8.5312268e-01  -5.2171022e-01  -8.5312276e-01   3.3333333e+00
  5.2213790e-01   8.5286108e-01  -5.2213775e-01  -8.5286117e-01   3.3333333e+00
  5.2256507e-01   8.5259941e-01  -5.2256489e-01  -8.5259951e-01   3.3333333e+00
  5.2299190e-01   8.5233765e-01  -5.2299171e-01  -8.5233777e-01   3.3333333e+00
  5.2341843e-01   8.5207578e-01  -5.2341822e-01  -8.5207592e-01   3.3333333e+00
  5.2384471e-01   8.5181378e-01  -5.2384447e-01  -8.5181393e-01   3.3333333e+00
  5.2427076e-01   8.5155162e-01  -5.2427051e-01  -8.5155178e-01   3.3333333e+00
  5.2469666e-01   8.5128927e-01  -5.2469638e-01  -8.5128944e-01   3.3333333e+00
  5.2512244e-01   8.5102669e-01  -5.2512214e-01  -8.5102687e-01   3.3333333e+00
  5.2554818e-01   8.5076384e-01  -5.2554785e-01  -8.5076404e-01   3.3333333e+00
  5.2597392e-01   8.5050070e-01  -5.2597357e-01  -8.5050091e-01   3.3333333e+00
  5.2639973e-01   8.5023721e-01  -5.2639937e-01  -8.5023744e-01   3.3333333e+00
  5.2682570e-01   8.4997334e-01  -5.2682531e-01  -8.4997358e-01   3.3333333e+00
  5.2725189e-01   8.4970904e-01  -5.2725148e-01  -8.4970929e-01   3.3333333e+00
  5.2767838e-01   8.4944425e-01  -5.2767795e-01  -8.4944452e-01   3.3333333e+00
  5.2810525e-01   8.4917892e-01  -5.2810480e-01  -8.4917920e-01   3.3333333e+00
  5.2853260e-01   8.4891300e-01  -5.2853213e-01  -8.4891330e-01   3.3333333e+00
  5.2896053e-01   8.4864643e-01  -5.2896003e-01  -8.4864674e-01   3.3333333e+00
  5.2938912e-01   8.4837914e-01  -5.2938861e-01  -8.4837946e-01   3.3333333e+00
  5.2981849e-01   8.4811106e-01  -5.2981796e-01  -8.4811139e-01   3.3333333e+00
  5.3024875e-01   8.4784212e-01  -5.3024820e-01  -8.4784247e-01   3.3333333e+00
  5.3068002e-01   8.4757225e-01  -5.3067944e-01  -8.4757261e-01   3.3333333e+00
  5.3111241e-01   8.4730136e-01  -5.3111182e-01  -8.4730174e-01   3.3333333e+00
  5.3154607e-01   8.4702938e-01  -5.3154545e-01  -8.4702977e-01   3.3333333e+00
  5.3198113e-01   8.4675621e-01  -5.3198048e-01  -8.4675661e-01   3.3333333e+00
  5.3241773e-01   8.4648176e-01  -5.3241706e-01  -8.4648217e-01   3.3333333e+00
  5.3285603e-01   8.4620592e-01  -5.3285534e-01  -8.4620635e-01   3.3333333e+00
  5.3329619e-01   8.4592858e-01  -5.3329549e-01  -8.4592903e-01   3.3333333e+00
  5.3373840e-01   8.4564965e-01  -5.3373767e-01  -8.4565011e-01   3.3333333e+00
  5.3418282e-01   8.4536898e-01  -5.3418207e-01  -8.4536946e-01   3.3333333e+00
  5.3462966e-01   8.4508646e-01  -5.3462889e-01  -8.4508695e-01   3.3333333e+00
  5.3507913e-01   8.4480195e-01  -5.3507833e-01  -8.4480245e-01   3.3333333e+00
  5.3553144e-01   8.4451529e-01  -5.3553062e-01  -8.4451581e-01   3.3333333e+00
  5.3598683e-01   8.4422634e-01  -5.3598599e-01  -8.4422687e-01   3.3333333e+00
  5.3644556e-01   8.4393493e-01  -5.3644470e-01  -8.4393547e-01   3.3333333e+00
  5.3690790e-01   8.4364087e-01  -5.3690701e-01  -8.4364143e-01   3.3333333e+00
  5.3737413e-01   8.4334397e-01  -5.3737322e-01  -8.4334455e-01   3.3333333e+00
  5.3784457e-01   8.4304402e-01  -5.3784363e-01  -8.4304462e-01   3.3333333e+00
  5.3831955e-01   8.4274081e-01  -5.3831859e-01  -8.4274142e-01   3.3333333e+00
  5.3879944e-01   8.4243407e-01  -5.3879846e-01  -8.4243470e-01   3.3333333e+00
  5.3928463e-01   8.4212356e-01  -5.3928363e-01  -8.4212420e-01   3.3333333e+00
  5.3977555e-01   8.4180898e-01  -5.3977452e-01  -8.4180964e-01   3.3333333e+00
  5.4027267e-01   8.4149002e-01  -5.4027161e-01  -8.4149069e-01   3.3333333e+00
  5.4077649e-01   8.4116633e-01  -5.4077541e-01  -8.4116702e-01   3.3333333e+00
  5.4128757e-01   8.4083754e-01  -5.4128647e-01  -8.4083825e-01   3.3333333e+00
  5.4180653e-01   8.4050323e-01  -5.4180541e-01  -8.4050396e-01   3.3333333e+00
  5.4233405e-01   8.4016295e-01  -5.4233290e-01  -8.4016369e-01   3.3333333e+00
  5.4287088e-01   8.3981618e-01  -5.4286970e-01  -8.3981694e-01   3.3333333e+00
  5.4341786e-01   8.3946235e-01  -5.4341665e-01  -8.3946313e-01   3.3333333e+00
  5.4397592e-01   8.3910082e-01  -5.4397469e-01  -8.3910162e-01   3.3333333e+00
  5.4454614e-01   8.3873089e-01  -5.4454488e-01  -8.3873171e-01   3.3333333e+00
  5.4512969e-01   8.3835173e-01  -5.4512840e-01  -8.3835257e-01   3.3333333e+00
  5.4572795e-01   8.3796241e-01  -5.4572663e-01  -8.3796327e-01   3.3333333e+00
  5.4634247e-01   8.3756188e-01  -5.4634112e-01  -8.3756276e-01   3.3333333e+00
  5.4697506e-01   8.3714890e-01  -5.4697368e-01  -8.3714980e-01   3.3333333e+00
  5.4762781e-01   8.3672204e-01  -5.4762640e-01  -8.3672297e-01   3.3333333e+00
  5.4830319e-01   8.3627962e-01  -5.4830175e-01  -8.3628057e-01   3.3333333e+00
  5.4900412e-01   8.3581965e-01  -5.4900264e-01  -8.3582062e-01   3.3333333e+00
  5.4973409e-01   8.3533971e-01  -5.4973258e-01  -8.3534070e-01   3.3333333e+00
  5.5049739e-01   8.3483689e-01  -5.5049584e-01  -8.3483791e-01   3.3333333e+00
  5.5129925e-01   8.3430758e-01  -5.5129766e-01  -8.3430863e-01   3.3333333e+00
  5.5214630e-01   8.3374724e-01  -5.5214466e-01  -8.3374833e-01   3.3333333e+00
  5.5304697e-01   8.3315007e-01  -5.5304530e-01  -8.3315119e-01   3.3333333e+00
  5.5401239e-01   8.3250842e-01  -5.5401067e-01  -8.3250957e-01   3.3333333e+00
  5.5505757e-01   8.3181193e-01  -5.5505580e-01  -8.3181312e-01   3.3333333e+00
  5.5620360e-01   8.3104606e-01  -5.5620177e-01  -8.3104729e-01   3.3333333e+00
  5.5748149e-01   8.3018937e-01  -5.5747959e-01  -8.3019064e-01   3.3333333e+00
  5.5893983e-01   8.2920821e-01  -5.5893787e-01  -8.2920954e-01   3.3333333e+00
  5.6066181e-01   8.2804488e-01  -5.6065977e-01  -8.2804627e-01   3.3333333e+00
  5.6281007e-01   8.2658625e-01  -5.6280792e-01  -8.2658771e-01   3.3333333e+00
  5.6578527e-01   8.2455262e-01  -5.6578298e-01  -8.2455419e-01   3.3333333e+00
  5.7129909e-01   8.2074195e-01  -5.7129653e-01  -8.2074373e-01   3.3333333e+00
  6.3739965e-01   7.7053338e-01  -6.3740201e-01  -7.7053143e-01   3.3333333e+00
  6.4262613e-01   7.6617991e-01  -6.4262822e-01  -7.6617816e-01   3.3333333e+00
  6.4542784e-01   7.6382125e-01  -6.4542979e-01  -7.6381961e-01   3.3333333e+00
  6.4744321e-01   7.6211370e-01  -6.4744505e-01  -7.6211214e-01   3.3333333e+00
  6.4905417e-01   7.6074219e-01  -6.4905592e-01  -7.6074070e-01   3.3333333e+00
  6.5041540e-01   7.5957870e-01  -6.5041709e-01  -7.5957726e-01   3.3333333e+00
  6.5160589e-01   7.5855769e-01  -6.5160751e-01  -7.5855629e-01   3.3333333e+00
  6.5267172e-01   7.5764083e-01  -6.5267328e-01  -7.5763948e-01   3.3333333e+00
  6.5364226e-01   7.5680367e-01  -6.5364377e-01  -7.5680236e-01   3.3333333e+00
  6.5453747e-01   7.5602956e-01  -6.5453894e-01  -7.5602829e-01   3.3333333e+00
  6.5537155e-01   7.5530665e-01  -6.5537298e-01  -7.5530541e-01   3.3333333e+00
  6.5615500e-01   7.5462614e-01  -6.5615638e-01  -7.5462494e-01   3.3333333e+00
  6.5689580e-01   7.5398137e-01  -6.5689715e-01  -7.5398020e-01   3.3333333e+00
  6.5760018e-01   7.5336711e-01  -6.5760149e-01  -7.5336597e-01   3.3333333e+00
  6.5827310e-01   7.5277920e-01  -6.5827437e-01  -7.5277809e-01   3.3333333e+00
  6.5891857e-01   7.5221428e-01  -6.5891981e-01  -7.5221319e-01   3.3333333e+00
  6.5953989e-01   7.5166956e-01  -6.5954110e-01  -7.5166850e-01   3.3333333e+00
  6.6013981e-01   7.5114275e-01  -6.6014099e-01  -7.5114171e-01   3.3333333e+00
  6.6072065e-01   7.5063188e-01  -6.6072180e-01  -7.5063087e-01   3.3333333e+00
  6.6128438e-01   7.5013530e-01  -6.6128550e-01  -7.5013431e-01   3.3333333e+00
  6.6183269e-01   7.4965158e-01  -6.6183378e-01  -7.4965062e-01   3.3333333e+00
  6.6236703e-01   7.4917950e-01  -6.6236810e-01  -7.4917855e-01   3.3333333e+00
  6.6288869e-01   7.4871796e-01  -6.6288973e-01  -7.4871704e-01   3.3333333e+00
  6.6339879e-01   7.4826603e-01  -6.6339980e-01  -7.4826513e-01   3.3333333e+00
  6.6389831e-01   7.4782286e-01  -6.6389930e-01  -7.4782199e-01   3.3333333e+00
  6.6438813e-01   7.4738772e-01  -6.6438910e-01  -7.4738687e-01   3.3333333e+00
  6.6486904e-01   7.4695994e-01  -6.6486998e-01  -7.4695911e-01   3.3333333e+00
  6.6534174e-01   7.4653893e-01  -6.6534265e-01  -7.4653811e-01   3.3333333e+00
  6.6580685e-01   7.4612415e-01  -6.6580774e-01  -7.4612335e-01   3.3333333e+00
  6.6626495e-01   7.4571510e-01  -6.6626582e-01  -7.4571433e-01   3.3333333e+00
  6.6671656e-01   7.4531137e-01  -6.6671740e-01  -7.4531061e-01   3.3333333e+00
  6.6716214e-01   7.4491253e-01  -6.6716296e-01  -7.4491180e-01   3.3333333e+00
  6.6760213e-01   7.4451823e-01  -6.6760293e-01  -7.4451751e-01   3.3333333e+00
  6.6803692e-01   7.4412813e-01  -6.6803770e-01  -7.4412743e-01   3.3333333e+00
  6.6846688e-01   7.4374191e-01  -6.6846764e-01  -7.4374123e-01   3.3333333e+00
  6.6889233e-01   7.4335930e-01  -6.6889307e-01  -7.4335864e-01   3.3333333e+00
  6.6931359e-01   7.4298002e-01  -6.6931430e-01  -7.4297938e-01   3.3333333e+00
  6.6973094e-01   7.4260385e-01  -6.6973163e-01  -7.4260322e-01   3.3333333e+00
  6.7014463e-01   7.4223054e-01  -6.7014530e-01  -7.4222993e-01   3.3333333e+00
  6.7055493e-01   7.4185988e-01  -6.7055558e-01  -7.4185930e-01   3.3333333e+00
  6.7096205e-01   7.4149169e-01  -6.7096267e-01  -7.4149113e-01   3.3333333e+00
  6.7136620e-01   7.4112578e-01  -6.7136681e-01  -7.4112523e-01   3.3333333e+00
  6.7176759e-01   7.4076198e-01  -6.7176817e-01  -7.4076145e-01   3.3333333e+00
  6.7216639e-01   7.4040012e-01  -6.7216696e-01  -7.4039961e-01   3.3333333e+00
  6.7256279e-01   7.4004006e-01  -6.7256334e-01  -7.4003957e-01   3.3333333e+00
  6.7295694e-01   7.3968166e-01  -6.7295747e-01  -7.3968118e-01   3.3333333e+00
  6.7334899e-01   7.3932478e-01  -6.7334950e-01  -7.3932432e-01   3.3333333e+00
  6.7373909e-01   7.3896931e-01  -6.7373958e-01  -7.3896886e-01   3.3333333e+00
  6.7412737e-01   7.3861512e-01  -6.7412784e-01  -7.3861469e-01   3.3333333e+00
  6.7451395e-01   7.3826210e-01  -6.7451440e-01  -7.3826169e-01   3.3333333e+00
  6.7489895e-01   7.3791016e-01  -6.7489938e-01  -7.3790977e-01   3.3333333e+00
  6.7528248e-01   7.3755920e-01  -6.7528289e-01  -7.3755882e-01   3.3333333e+00
  6.7566465e-01   7.3720912e-01  -6.7566504e-01  -7.3720876e-01   3.3333333e+00
  6.7604555e-01   7.3685984e-01  -6.7604592e-01  -7.3685950e-01   3.3333333e+00
  6.7642526e-01   7.3651128e-01  -6.7642561e-01  -7.3651096e-01   3.3333333e+00
  6.7680388e-01   7.3616337e-01  -6.7680421e-01  -7.3616306e-01   3.3333333e+00
  6.7718149e-01   7.3581603e-01  -6.7718180e-01  -7.3581574e-01   3.3333333e+00
  6.7755815e-01   7.3546921e-01  -6.7755844e-01  -7.3546894e-01   3.3333333e+00
  6.7793394e-01   7.3512283e-01  -6.7793421e-01  -7.3512258e-01   3.3333333e+00
  6.7830892e-01   7.3477685e-01  -6.7830917e-01  -7.3477661e-01   3.3333333e+00
  6.7868314e-01   7.3443120e-01  -6.7868338e-01  -7.3443098e-01   3.3333333e+00
  6.7905667e-01   7.3408585e-01  -6.7905689e-01  -7.3408565e-01   3.3333333e+00
  6.7942955e-01   7.3374074e-01  -6.7942975e-01  -7.3374056e-01   3.3333333e+00
  6.7980183e-01   7.3339585e-01  -6.7980202e-01  -7.3339568e-01   3.3333333e+00
  6.8017355e-01   7.3305112e-01  -6.8017371e-01  -7.3305097e-01   3.3333333e+00
  6.8054475e-01   7.3270652e-01  -6.8054489e-01  -7.3270639e-01   3.3333333e+00
  6.8091545e-01   7.3236204e-01  -6.8091557e-01  -7.3236192e-01   3.3333333e+00
  6.8128569e-01   7.3201763e-01  -6.8128579e-01  -7.3201753e-01   3.3333333e+00
  6.8165549e-01   7.3167329e-01  -6.8165557e-01  -7.3167320e-01   3.3333333e+00
  6.8202487e-01   7.3132898e-01  -6.8202494e-01  -7.3132892e-01   3.3333333e+00
  6.8239385e-01   7.3098470e-01  -6.8239390e-01  -7.3098465e-01   3.3333333e+00
  6.8276244e-01   7.3064044e-01  -6.8276248e-01  -7.3064040e-01   3.3333333e+00
  6.8313066e-01   7.3029617e-01  -6.8313067e-01  -7.3029616e-01   3.3333333e+00
  6.8349850e-01   7.2995192e-01  -6.8349850e-01  -7.2995192e-01   3.3333333e+00
  6.8386597e-01   7.2960766e-01  -6.8386595e-01  -7.2960768e-01   3.3333333e+00
  6.8423308e-01   7.2926339e-01  -6.8423303e-01  -7.2926343e-01   3.3333333e+00
  6.8459982e-01   7.2891912e-01  -6.8459976e-01  -7.2891918e-01   3.3333333e+00
  6.8496621e-01   7.2857483e-01  -6.8496613e-01  -7.2857491e-01   3.3333333e+00
  6.8533227e-01   7.2823051e-01  -6.8533217e-01  -7.2823060e-01   3.3333333e+00
  6.8569801e-01   7.2788615e-01  -6.8569789e-01  -7.2788625e-01   3.3333333e+00
  6.8606345e-01   7.2754171e-01  -6.8606332e-01  -7.2754184e-01   3.3333333e+00
  6.8642862e-01   7.2719719e-01  -6.8642847e-01  -7.2719733e-01   3.3333333e+00
  6.8679355e-01   7.2685255e-01  -6.8679338e-01  -7.2685270e-01   3.3333333e+00
  6.8715826e-01   7.2650776e-01  -6.8715808e-01  -7.2650793e-01   3.3333333e+00
  6.8752281e-01   7.2616279e-01  -6.8752260e-01  -7.2616298e-01   3.3333333e+00
  6.8788721e-01   7.2581760e-01  -6.8788699e-01  -7.2581781e-01   3.3333333e+00
  6.8825152e-01   7.2547215e-01  -6.8825128e-01  -7.2547238e-01   3.3333333e+00
  6.8861579e-01   7.2512640e-01  -6.8861553e-01  -7.2512665e-01   3.3333333e+00
  6.8898005e-01   7.2478030e-01  -6.8897978e-01  -7.2478056e-01   3.3333333e+00
  6.8934438e-01   7.2443380e-01  -6.8934408e-01  -7.2443408e-01   3.3333333e+00
  6.8970882e-01   7.2408684e-01  -6.8970850e-01  -7.2408713e-01   3.3333333e+00
  6.9007343e-01   7.2373936e-01  -6.9007310e-01  -7.2373967e-01   3.3333333e+00
  6.9043829e-01   7.2339130e-01  -6.9043794e-01  -7.2339163e-01   3.3333333e+00
  6.9080346e-01   7.2304259e-01  -6.9080309e-01  -7.2304294e-01   3.3333333e+00
  6.9116901e-01   7.2269315e-01  -6.9116863e-01  -7.2269352e-01   3.3333333e+00
  6.9153503e-01   7.2234293e-01  -6.9153463e-01  -7.2234331e-01   3.3333333e+00
  6.9190159e-01   7.2199182e-01  -6.9190117e-01  -7.2199222e-01   3.3333333e+00
  6.9226879e-01   7.2163974e-01  -6.9226835e-01  -7.2164016e-01   3.3333333e+00
  6.9263672e-01   7.2128661e-01  -6.9263626e-01  -7.2128705e-01   3.3333333e+00
  6.9300547e-01   7.2093233e-01  -6.9300499e-01  -7.2093279e-01   3.3333333e+00
  6.9337514e-01   7.2057679e-01  -6.9337465e-01  -7.2057726e-01   3.3333333e+00
  6.9374586e-01   7.2021988e-01  -6.9374535e-01  -7.2022038e-01   3.3333333e+00
  6.9411773e-01   7.1986150e-01  -6.9411720e-01  -7.1986201e-01   3.3333333e+00
  6.9449087e-01   7.1950151e-01  -6.9449032e-01  -7.1950204e-01   3.3333333e+00
  6.9486542e-01   7.1913979e-01  -6.9486485e-01  -7.1914034e-01   3.3333333e+00
  6.9524152e-01   7.1877621e-01  -6.9524093e-01  -7.1877677e-01   3.3333333e+00
  6.9561930e-01   7.1841060e-01  -6.9561869e-01  -7.1841119e-01   3.3333333e+00
  6.9599892e-01   7.1804283e-01  -6.9599829e-01  -7.1804343e-01   3.3333333e+00
  6.9638055e-01   7.1767272e-01  -6.9637991e-01  -7.1767334e-01   3.3333333e+00
  6.9676436e-01   7.1730010e-01  -6.9676370e-01  -7.1730074e-01   3.3333333e+00
  6.9715054e-01   7.1692477e-01  -6.9714986e-01  -7.1692543e-01   3.3333333e+00
  6.9753928e-01   7.1654654e-01  -6.9753858e-01  -7.1654722e-01   3.3333333e+00
  6.9793081e-01   7.1616520e-01  -6.9793009e-01  -7.1616590e-01   3.3333333e+00
  6.9832534e-01   7.1578050e-01  -6.9832460e-01  -7.1578122e-01   3.3333333e+00
  6.9872312e-01   7.1539220e-01  -6.9872236e-01  -7.1539294e-01   3.3333333e+00
  6.9912441e-01   7.1500004e-01  -6.9912364e-01  -7.1500080e-01   3.3333333e+00
  6.9952951e-01   7.1460372e-01  -6.9952871e-01  -7.1460450e-01   3.3333333e+00
  6.9993870e-01   7.1420292e-01  -6.9993788e-01  -7.1420372e-01   3.3333333e+00
  7.0035233e-01   7.1379732e-01  -7.0035149e-01  -7.1379814e-01   3.3333333e+00
  7.0077075e-01   7.1338654e-01  -7.0076989e-01  -7.1338738e-01   3.3333333e+00
  7.0119436e-01   7.1297017e-01  -7.0119348e-01  -7.1297104e-01   3.3333333e+00
  7.0162359e-01   7.1254778e-01  -7.0162269e-01  -7.1254867e-01   3.3333333e+00
  7.0205890e-01   7.1211888e-01  -7.0205798e-01  -7.1211979e-01   3.3333333e+00
  7.0250081e-01   7.1168294e-01  -7.0249987e-01  -7.1168387e-01   3.3333333e+00
  7.0294991e-01   7.1123936e-01  -7.0294894e-01  -7.1124031e-01   3.3333333e+00
  7.0340681e-01   7.1078749e-01  -7.0340582e-01  -7.1078847e-01   3.3333333e+00
  7.0387223e-01   7.1032661e-01  -7.0387122e-01  -7.1032761e-01   3.3333333e+00
  7.0434695e-01   7.0985588e-01  -7.0434592e-01  -7.0985690e-01   3.3333333e+00
  7.0483188e-01   7.0937439e-01  -7.0483082e-01  -7.0937544e-01   3.3333333e+00
  7.0532800e-01   7.0888110e-01  -7.0532692e-01  -7.0888217e-01   3.3333333e+00
  7.0583648e-01   7.0837480e-01  -7.0583538e-01  -7.0837590e-01   3.3333333e+00
  7.0635862e-01   7.0785415e-01  -7.0635749e-01  -7.0785527e-01   3.3333333e+00
  7.0689595e-01   7.0731755e-01  -7.0689479e-01  -7.0731871e-01   3.3333333e+00
  7.0745021e-01   7.0676318e-01  -7.0744903e-01  -7.0676437e-01   3.3333333e+00
  7.0802349e-01   7.0618888e-01  -7.0802229e-01  -7.0619009e-01   3.3333333e+00
  7.0861825e-01   7.0559207e-01  -7.0861701e-01  -7.0559332e-01   3.3333333e+00
  7.0923743e-01   7.0496969e-01  -7.0923616e-01  -7.0497097e-01   3.3333333e+00
  7.0988461e-01   7.0431799e-01  -7.0988331e-01  -7.0431930e-01   3.3333333e+00
  7.1056422e-01   7.0363235e-01  -7.1056289e-01  -7.0363370e-01   3.3333333e+00
  7.1128181e-01   7.0290695e-01  -7.1128044e-01  -7.0290834e-01   3.3333333e+00
  7.1204448e-01   7.0213436e-01  -7.1204308e-01  -7.0213578e-01   3.3333333e+00
  7.1286157e-01   7.0130477e-01  -7.1286013e-01  -7.0130623e-01   3.3333333e+00
  7.1374570e-01   7.0040494e-01  -7.1374422e-01  -7.0040645e-01   3.3333333e+00
  7.1471457e-01   6.9941624e-01  -7.1471304e-01  -6.9941781e-01   3.3333333e+00
  7.1579422e-01   6.9831127e-01  -7.1579264e-01  -6.9831289e-01   3.3333333e+00
  7.1702545e-01   6.9704699e-01  -7.1702381e-01  -6.9704868e-01   3.3333333e+00
  7.1847802e-01   6.9554966e-01  -7.1847631e-01  -6.9555143e-01   3.3333333e+00
  7.2028833e-01   6.9367479e-01  -7.2028654e-01  -6.9367666e-01   3.3333333e+00
  7.2279215e-01   6.9106549e-01  -7.2279023e-01  -6.9106749e-01   3.3333333e+00
  7.2742228e-01   6.8619008e-01  -7.2742015e-01  -6.8619234e-01   3.3333333e+00
  6.3739965e-01   7.7053338e-01  -6.3740201e-01  -7.7053143e-01   3.3333333e+00
  6.4262613e-01   7.6617991e-01  -6.4262822e-01  -7.6617816e-01   3.3333333e+00
  6.4542784e-01   7.6382125e-01  -6.4542979e-01  -7.6381961e-01   3.3333333e+00
  6.4744321e-01   7.6211370e-01  -6.4744505e-01  -7.6211214e-01   3.3333333e+00
  6.4905417e-01   7.6074219e-01  -6.4905592e-01  -7.6074070e-01   3.3333333e+00
  6.5041540e-01   7.5957870e-01  -6.5041709e-01  -7.5957726e-01   3.3333333e+00
  6.5160589e-01   7.5855769e-01  -6.5160751e-01  -7.5855629e-01   3.3333333e+00
  6.5267172e-01   7.5764083e-01  -6.5267328e-01  -7.5763948e-01   3.3333333e+00
  6.5364226e-01   7.5680367e-01  -6.5364377e-01  -7.5680236e-01   3.3333333e+00
  6.5453747e-01   7.5602956e-01  -6.5453894e-01  -7.5602829e-01   3.3333333e+00
  6.5537155e-01   7.5530665e-01  -6.5537298e-01  -7.5530541e-01   3.3333333e+00
  6.5615500e-01   7.5462614e-01  -6.5615638e-01  -7.5462494e-01   3.3333333e+00
  6.5689580e-01   7.5398137e-01  -6.5689715e-01  -7.5398020e-01   3.3333333e+00
  6.5760018e-01   7.5336711e-01  -6.5760149e-01  -7.5336597e-01   3.3333333e+00
  6.5827310e-01   7.5277920e-01  -6.5827437e-01  -7.5277809e-01   3.3333333e+00
  6.5891857e-01   7.5221428e-01  -6.5891981e-01  -7.5221319e-01   3.3333333e+00
  6.5953989e-01   7.5166956e-01  -6.5954110e-01  -7.5166850e-01   3.3333333e+00
  6.6013981e-01   7.5114275e-01  -6.6014099e-01  -7.5114171e-01   3.3333333e+00
  6.6072065e-01   7.5063188e-01  -6.6072180e-01  -7.5063087e-01   3.3333333e+00
  6.6128438e-01   7.5013530e-01  -6.6128550e-01  -7.5013431e-01   3.3333333e+00
  6.6183269e-01   7.4965158e-01  -6.6183378e-01  -7.4965062e-01   3.3333333e+00
  6.6236703e-01   7.4917950e-01  -6.6236810e-01  -7.4917855e-01   3.3333333e+00
  6.6288869e-01   7.4871796e-01  -6.6288973e-01  -7.4871704e-01   3.3333333e+00
  6.6339879e-01   7.4826603e-01  -6.6339980e-01  -7.4826513e-01   3.3333333e+00
  6.6389831e-01   7.4782286e-01  -6.6389930e-01  -7.4782199e-01   3.3333333e+00
  6.6438813e-01   7.4738772e-01  -6.6438910e-01  -7.4738687e-01   3.3333333e+00
  6.6486904e-01   7.4695994e-01  -6.6486998e-01  -7.4695911e-01   3.3333333e+00
  6.6534174e-01   7.4653893e-01  -6.6534265e-01  -7.4653811e-01   3.3333333e+00
  6.6580685e-01   7.4612415e-01  -6.6580774e-01  -7.4612335e-01   3.3333333e+00
  6.6626495e-01   7.4571510e-01  -6.6626582e-01  -7.4571433e-01   3.3333333e+00
  6.6671656e-01   7.4531137e-01  -6.6671740e-01  -7.4531061e-01   3.3333333e+00
  6.6716214e-01   7.4491253e-01  -6.6716296e-01  -7.4491180e-01   3.3333333e+00
  6.6760213e-01   7.4451823e-01  -6.6760293e-01  -7.4451751e-01   3.3333333e+00
  6.6803692e-01   7.4412813e-01  -6.6803770e-01  -7.4412743e-01   3.3333333e+00
  6.6846688e-01   7.4374191e-01  -6.6846764e-01  -7.4374123e-01   3.3333333e+00
  6.6889233e-01   7.4335930e-01  -6.6889307e-01  -7.4335864e-01   3.3333333e+00
  6.6931359e-01   7.4298002e-01  -6.6931430e-01  -7.4297938e-01   3.3333333e+00
  6.6973094e-01   7.4260385e-01  -6.6973163e-01  -7.4260322e-01   3.3333333e+00
  6.7014463e-01   7.4223054e-01  -6.7014530e-01  -7.4222993e-01   3.3333333e+00
  6.7055493e-01   7.4185988e-01  -6.7055558e-01  -7.4185930e-01   3.3333333e+00
  6.7096205e-01   7.4149169e-01  -6.7096267e-01  -7.4149113e-01   3.3333333e+00
  6.7136620e-01   7.4112578e-01  -6.7136681e-01  -7.4112523e-01   3.3333333e+00
  6.7176759e-01   7.4076198e-01  -6.7176817e-01  -7.4076145e-01   3.3333333e+00
  6.7216639e-01   7.4040012e-01  -6.7216696e-01  -7.4039961e-01   3.3333333e+00
  6.7256279e-01   7.4004006e-01  -6.7256334e-01  -7.4003957e-01   3.3333333e+00
  6.7295694e-01   7.3968166e-01  -6.7295747e-01  -7.3968118e-01   3.3333333e+00
  6.7334899e-01   7.3932478e-01  -6.7334950e-01  -7.3932432e-01   3.3333333e+00
  6.7373909e-01   7.3896931e-01  -6.7373958e-01  -7.3896886e-01   3.3333333e+00
  6.7412737e-01   7.3861512e-01  -6.7412784e-01  -7.3861469e-01   3.3333333e+00
  6.7451395e-01   7.3826210e-01  -6.7451440e-01  -7.3826169e-01   3.3333333e+00
  6.7489895e-01   7.3791016e-01  -6.7489938e-01  -7.3790977e-01   3.3333333e+00
  6.7528248e-01   7.3755920e-01  -6.7528289e-01  -7.3755882e-01   3.3333333e+00
  6.7566465e-01   7.3720912e-01  -6.7566504e-01  -7.3720876e-01   3.3333333e+00
  6.7604555e-01   7.3685984e-01  -6.7604592e-01  -7.3685950e-01   3.3333333e+00
  6.7642526e-01   7.3651128e-01  -6.7642561e-01  -7.3651096e-01   3.3333333e+00
  6.7680388e-01   7.3616337e-01  -6.7680421e-01  -7.3616306e-01   3.3333333e+00
  6.7718149e-01   7.3581603e-01  -6.7718180e-01  -7.3581574e-01   3.3333333e+00
  6.7755815e-01   7.3546921e-01  -6.7755844e-01  -7.3546894e-01   3.3333333e+00
  6.7793394e-01   7.3512283e-01  -6.7793421e-01  -7.3512258e-01   3.3333333e+00
  6.7830892e-01   7.3477685e-01  -6.7830917e-01  -7.3477661e-01   3.3333333e+00
  6.7868314e-01   7.3443120e-01  -6.7868338e-01  -7.3443098e-01   3.3333333e+00
  6.7905667e-01   7.3408585e-01  -6.7905689e-01  -7.3408565e-01   3.3333333e+00
  6.7942955e-01   7.3374074e-01  -6.7942975e-01  -7.3374056e-01   3.3333333e+00
  6.7980183e-01   7.3339585e-01  -6.7980202e-01  -7.3339568e-01   3.3333333e+00
  6.8017355e-01   7.3305112e-01  -6.8017371e-01  -7.3305097e-01   3.3333333e+00
  6.8054475e-01   7.3270652e-01  -6.8054489e-01  -7.3270639e-01   3.3333333e+00
  6.8091545e-01   7.3236204e-01  -6.8091557e-01  -7.3236192e-01   3.3333333e+00
  6.8128569e-01   7.3201763e-01  -6.8128579e-01  -7.3201753e-01   3.3333333e+00
  6.8165549e-01   7.3167329e-01  -6.8165557e-01  -7.3167320e-01   3.3333333e+00
  6.8202487e-01   7.3132898e-01  -6.8202494e-01  -7.3132892e-01   3.3333333e+00
  6.8239385e-01   7.3098470e-01  -6.8239390e-01  -7.3098465e-01   3.3333333e+00
  6.8276244e-01   7.3064044e-01  -6.8276248e-01  -7.3064040e-01   3.3333333e+00
  6.8313066e-01   7.3029617e-01  -6.8313067e-01  -7.3029616e-01   3.3333333e+00
  6.8349850e-01   7.2995192e-01  -6.8349850e-01  -7.2995192e-01   3.3333333e+00
  6.8386597e-01   7.2960766e-01  -6.8386595e-01  -7.2960768e-01   3.3333333e+00
  6.8423308e-01   7.2926339e-01  -6.8423303e-01  -7.2926343e-01   3.3333333e+00
  6.8459982e-01   7.2891912e-01  -6.8459976e-01  -7.2891918e-01   3.3333333e+00
  6.8496621e-01   7.2857483e-01  -6.8496613e-01  -7.2857491e-01   3.3333333e+00
  6.8533227e-01   7.2823051e-01  -6.8533217e-01  -7.2823060e-01   3.3333333e+00
  6.8569801e-01   7.2788615e-01  -6.8569789e-01  -7.2788625e-01   3.3333333e+00
  6.8606345e-01   7.2754171e-01  -6.8606332e-01  -7.2754184e-01   3.3333333e+00
  6.8642862e-01   7.2719719e-01  -6.8642847e-01  -7.2719733e-01   3.3333333e+00
  6.8679355e-01   7.2685255e-01  -6.8679338e-01  -7.2685270e-01   3.3333333e+00
  6.8715826e-01   7.2650776e-01  -6.8715808e-01  -7.2650793e-01   3.3333333e+00
  6.8752281e-01   7.2616279e-01  -6.8752260e-01  -7.2616298e-01   3.3333333e+00
  6.8788721e-01   7.2581760e-01  -6.8788699e-01  -7.2581781e-01   3.3333333e+00
  6.8825152e-01   7.2547215e-01  -6.8825128e-01  -7.2547238e-01   3.3333333e+00
  6.8861579e-01   7.2512640e-01  -6.8861553e-01  -7.2512665e-01   3.3333333e+00
  6.8898005e-01   7.2478030e-01  -6.8897978e-01  -7.2478056e-01   3.3333333e+00
  6.8934438e-01   7.2443380e-01  -6.8934408e-01  -7.2443408e-01   3.3333333e+00
  6.8970882e-01   7.2408684e-01  -6.8970850e-01  -7.2408713e-01   3.3333333e+00
  6.9007343e-01   7.2373936e-01  -6.9007310e-01  -7.2373967e-01   3.3333333e+00
  6.9043829e-01   7.2339130e-01  -6.9043794e-01  -7.2339163e-01   3.3333333e+00
  6.9080346e-01   7.2304259e-01  -6.9080309e-01  -7.2304294e-01   3.3333333e+00
  6.9116901e-01   7.2269315e-01  -6.9116863e-01  -7.2269352e-01   3.3333333e+00
  6.9153503e-01   7.2234293e-01  -6.9153463e-01  -7.2234331e-01   3.3333333e+00
  6.9190159e-01   7.2199182e-01  -6.9190117e-01  -7.2199222e-01   3.3333333e+00
  6.9226879e-01   7.2163974e-01  -6.9226835e-01  -7.2164016e-01   3.3333333e+00
  6.9263672e-01   7.2128661e-01  -6.9263626e-01  -7.2128705e-01   3.3333333e+00
  6.9300547e-01   7.2093233e-01  -6.9300499e-01  -7.2093279e-01   3.3333333e+00
  6.9337514e-01   7.2057679e-01  -6.9337465e-01  -7.2057726e-01   3.3333333e+00
  6.9374586e-01   7.2021988e-01  -6.9374535e-01  -7.2022038e-01   3.3333333e+00
  6.9411773e-01   7.1986150e-01  -6.9411720e-01  -7.1986201e-01   3.3333333e+00
  6.9449087e-01   7.1950151e-01  -6.9449032e-01  -7.1950204e-01   3.3333333e+00
  6.9486542e-01   7.1913979e-01  -6.9486485e-01  -7.1914034e-01   3.3333333e+00
  6.9524152e-01   7.1877621e-01  -6.9524093e-01  -7.1877677e-01   3.3333333e+00
  6.9561930e-01   7.1841060e-01  -6.9561869e-01  -7.1841119e-01   3.3333333e+00
  6.9599892e-01   7.1804283e-01  -6.9599829e-01  -7.1804343e-01   3.3333333e+00
  6.9638055e-01   7.1767272e-01  -6.9637991e-01  -7.1767334e-01   3.3333333e+00
  6.9676436e-01   7.1730010e-01  -6.9676370e-01  -7.1730074e-01   3.3333333e+00
  6.9715054e-01   7.1692477e-01  -6.9714986e-01  -7.1692543e-01   3.3333333e+00
  6.9753928e-01   7.1654654e-01  -6.9753858e-01  -7.1654722e-01   3.3333333e+00
  6.9793081e-01   7.1616520e-01  -6.9793009e-01  -7.1616590e-01   3.3333333e+00
  6.9832534e-01   7.1578050e-01  -6.9832460e-01  -7.1578122e-01   3.3333333e+00
  6.9872312e-01   7.1539220e-01  -6.9872236e-01  -7.1539294e-01   3.3333333e+00
  6.9912441e-01   7.1500004e-01  -6.9912364e-01  -7.1500080e-01   3.3333333e+00
  6.9952951e-01   7.1460372e-01  -6.9952871e-01  -7.1460450e-01   3.3333333e+00
  6.9993870e-01   7.1420292e-01  -6.9993788e-01  -7.1420372e-01   3.3333333e+00
  7.0035233e-01   7.1379732e-01  -7.0035149e-01  -7.1379814e-01   3.3333333e+00
  7.0077075e-01   7.1338654e-01  -7.0076989e-01  -7.1338738e-01   3.3333333e+00
  7.0119436e-01   7.1297017e-01  -7.0119348e-01  -7.1297104e-01   3.3333333e+00
  7.0162359e-01   7.1254778e-01  -7.0162269e-01  -7.1254867e-01   3.3333333e+00
  7.0205890e-01   7.1211888e-01  -7.0205798e-01  -7.1211979e-01   3.3333333e+00
  7.0250081e-01   7.1168294e-01  -7.0249987e-01  -7.1168387e-01   3.3333333e+00
  7.0294991e-01   7.1123936e-01  -7.0294894e-01  -7.1124031e-01   3.3333333e+00
  7.0340681e-01   7.1078749e-01  -7.0340582e-01  -7.1078847e-01   3.3333333e+00
  7.0387223e-01   7.1032661e-01  -7.0387122e-01  -7.1032761e-01   3.3333333e+00
  7.0434695e-01   7.0985588e-01  -7.0434592e-01  -7.0985690e-01   3.3333333e+00
  7.0483188e-01   7.0937439e-01  -7.0483082e-01  -7.0937544e-01   3.3333333e+00
  7.0532800e-01   7.0888110e-01  -7.0532692e-01  -7.0888217e-01   3.3333333e+00
  7.0583648e-01   7.0837480e-01  -7.0583538e-01  -7.0837590e-01   3.3333333e+00
  7.0635862e-01   7.0785415e-01  -7.0635749e-01  -7.0785527e-01   3.3333333e+00
  7.0689595e-01   7.0731755e-01  -7.0689479e-01  -7.0731871e-01   3.3333333e+00
  7.0745021e-01   7.0676318e-01  -7.0744903e-01  -7.0676437e-01   3.3333333e+00
  7.0802349e-01   7.0618888e-01  -7.0802229e-01  -7.0619009e-01   3.3333333e+00
  7.0861825e-01   7.0559207e-01  -7.0861701e-01  -7.0559332e-01   3.3333333e+00
  7.0923743e-01   7.0496969e-01  -7.0923616e-01  -7.0497097e-01   3.3333333e+00
  7.0988461e-01   7.0431799e-01  -7.0988331e-01  -7.0431930e-01   3.3333333e+00
  7.1056422e-01   7.0363235e-01  -7.1056289e-01  -7.0363370e-01   3.3333333e+00
  7.1128181e-01   7.0290695e-01  -7.1128044e-01  -7.0290834e-01   3.3333333e+00
  7.1204448e-01   7.0213436e-01  -7.1204308e-01  -7.0213578e-01   3.3333333e+00
  7.1286157e-01   7.0130477e-01  -7.1286013e-01  -7.0130623e-01   3.3333333e+00
  7.1374570e-01   7.0040494e-01  -7.1374422e-01  -7.0040645e-01   3.3333333e+00
  7.1471457e-01   6.9941624e-01  -7.1471304e-01  -6.9941781e-01   3.3333333e+00
  7.1579422e-01   6.9831127e-01  -7.1579264e-01  -6.9831289e-01   3.3333333e+00
  7.1702545e-01   6.9704699e-01  -7.1702381e-01  -6.9704868e-01   3.3333333e+00
  7.1847802e-01   6.9554966e-01  -7.1847631e-01  -6.9555143e-01   3.3333333e+00
  7.2028833e-01   6.9367479e-01  -7.2028654e-01  -6.9367666e-01   3.3333333e+00
  7.2279215e-01   6.9106549e-01  -7.2279023e-01  -6.9106749e-01   3.3333333e+00
  7.2742228e-01   6.8619008e-01  -7.2742015e-01  -6.8619234e-01   3.3333333e+00
  6.3739965e-01   7.7053338e-01  -6.3740201e-01  -7.7053143e-01   3.3333333e+00
  6.4262613e-01   7.6617991e-01  -6.4262822e-01  -7.6617816e-01   3.3333333e+00
  6.4542784e-01   7.6382125e-01  -6.4542979e-01  -7.6381961e-01   3.3333333e+00
  6.4744321e-01   7.6211370e-01  -6.4744505e-01  -7.6211214e-01   3.3333333e+00
  6.4905417e-01   7.6074219e-01  -6.4905592e-01  -7.6074070e-01   3.3333333e+00
  6.5041540e-01   7.5957870e-01  -6.5041709e-01  -7.5957726e-01   3.3333333e+00
  6.5160589e-01   7.5855769e-01  -6.5160751e-01  -7.5855629e-01   3.3333333e+00
  6.5267172e-01   7.5764083e-01  -6.5267328e-01  -7.5763948e-01   3.3333333e+00
  6.5364226e-01   7.5680367e-01  -6.5364377e-01  -7.5680236e-01   3.3333333e+00
  6.5453747e-01   7.5602956e-01  -6.5453894e-01  -7.5602829e-01   3.3333333e+00
  6.5537155e-01   7.5530665e-01  -6.5537298e-01  -7.5530541e-01   3.3333333e+00
  6.5615500e-01   7.5462614e-01  -6.5615638e-01  -7.5462494e-01   3.3333333e+00
  6.5689580e-01   7.5398137e-01  -6.5689715e-01  -7.5398020e-01   3.3333333e+00
  6.5760018e-01   7.5336711e-01  -6.5760149e-01  -7.5336597e-01   3.3333333e+00
  6.5827310e-01   7.5277920e-01  -6.5827437e-01  -7.5277809e-01   3.3333333e+00
  6.5891857e-01   7.5221428e-01  -6.5891981e-01  -7.5221319e-01   3.3333333e+00
  6.5953989e-01   7.5166956e-01  -6.5954110e-01  -7.5166850e-01   3.3333333e+00
  6.6013981e-01   7.5114275e-01  -6.6014099e-01  -7.5114171e-01   3.3333333e+00
  6.6072065e-01   7.5063188e-01  -6.6072180e-01  -7.5063087e-01   3.3333333e+00
  6.6128438e-01   7.5013530e-01  -6.6128550e-01  -7.5013431e-01   3.3333333e+00
  6.6183269e-01   7.4965158e-01  -6.6183378e-01  -7.4965062e-01   3.3333333e+00
  6.6236703e-01   7.4917950e-01  -6.6236810e-01  -7.4917855e-01   3.3333333e+00
  6.6288869e-01   7.4871796e-01  -6.6288973e-01  -7.4871704e-01   3.3333333e+00
  6.6339879e-01   7.4826603e-01  -6.6339980e-01  -7.4826513e-01   3.3333333e+00
  6.6389831e-01   7.4782286e-01  -6.6389930e-01  -7.4782199e-01   3.3333333e+00
  6.6438813e-01   7.4738772e-01  -6.6438910e-01  -7.4738687e-01   3.3333333e+00
  6.6486904e-01   7.4695994e-01  -6.6486998e-01  -7.4695911e-01   3.3333333e+00
  6.6534174e-01   7.4653893e-01  -6.6534265e-01  -7.4653811e-01   3.3333333e+00
  6.6580685e-01   7.4612415e-01  -6.6580774e-01  -7.4612335e-01   3.3333333e+00
  6.6626495e-01   7.4571510e-01  -6.6626582e-01  -7.4571433e-01   3.3333333e+00
  6.6671656e-01   7.4531137e-01  -6.6671740e-01  -7.4531061e-01   3.3333333e+00
  6.6716214e-01   7.4491253e-01  -6.6716296e-01  -7.4491180e-01   3.3333333e+00
  6.6760213e-01   7.4451823e-01  -6.6760293e-01  -7.4451751e-01   3.3333333e+00
  6.6803692e-01   7.4412813e-01  -6.6803770e-01  -7.4412743e-01   3.3333333e+00
  6.6846688e-01   7.4374191e-01  -6.6846764e-01  -7.4374123e-01   3.3333333e+00
  6.6889233e-01   7.4335930e-01  -6.6889307e-01  -7.4335864e-01   3.3333333e+00
  6.6931359e-01   7.4298002e-01  -6.6931430e-01  -7.4297938e-01   3.3333333e+00
  6.6973094e-01   7.4260385e-01  -6.6973163e-01  -7.4260322e-01   3.3333333e+00
  6.7014463e-01   7.4223054e-01  -6.7014530e-01  -7.4222993e-01   3.3333333e+00
  6.7055493e-01   7.4185988e-01  -6.7055558e-01  -7.4185930e-01   3.3333333e+00
  6.7096205e-01   7.4149169e-01  -6.7096267e-01  -7.4149113e-01   3.3333333e+00
  6.7136620e-01   7.4112578e-01  -6.7136681e-01  -7.4112523e-01   3.3333333e+00
  6.7176759e-01   7.4076198e-01  -6.7176817e-01  -7.4076145e-01   3.3333333e+00
  6.7216639e-01   7.4040012e-01  -6.7216696e-01  -7.4039961e-01   3.3333333e+00
  6.7256279e-01   7.4004006e-01  -6.7256334e-01  -7.4003957e-01   3.3333333e+00
  6.7295694e-01   7.3968166e-01  -6.7295747e-01  -7.3968118e-01   3.3333333e+00
  6.7334899e-01   7.3932478e-01  -6.7334950e-01  -7.3932432e-01   3.3333333e+00
  6.7373909e-01   7.3896931e-01  -6.7373958e-01  -7.3896886e-01   3.3333333e+00
  6.7412737e-01   7.3861512e-01  -6.7412784e-01  -7.3861469e-01   3.3333333e+00
  6.7451395e-01   7.3826210e-01  -6.7451440e-01  -7.3826169e-01   3.3333333e+00
  6.7489895e-01   7.3791016e-01  -6.7489938e-01  -7.3790977e-01   3.3333333e+00
  6.7528248e-01   7.3755920e-01  -6.7528289e-01  -7.3755882e-01   3.3333333e+00
  6.7566465e-01   7.3720912e-01  -6.7566504e-01  -7.3720876e-01   3.3333333e+00
  6.7604555e-01   7.3685984e-01  -6.7604592e-01  -7.3685950e-01   3.3333333e+00
  6.7642526e-01   7.3651128e-01  -6.7642561e-01  -7.3651096e-01   3.3333333e+00
  6.7680388e-01   7.3616337e-01  -6.7680421e-01  -7.3616306e-01   3.3333333e+00
  6.7718149e-01   7.3581603e-01  -6.7718180e-01  -7.3581574e-01   3.3333333e+00
  6.7755815e-01   7.3546921e-01  -6.7755844e-01  -7.3546894e-01   3.3333333e+00
  6.7793394e-01   7.3512283e-01  -6.7793421e-01  -7.3512258e-01   3.3333333e+00
  6.7830892e-01   7.3477685e-01  -6.7830917e-01  -7.3477661e-01   3.3333333e+00
  6.7868314e-01   7.3443120e-01  -6.7868338e-01  -7.3443098e-01   3.3333333e+00
  6.7905667e-01   7.3408585e-01  -6.7905689e-01  -7.3408565e-01   3.3333333e+00
  6.7942955e-01   7.3374074e-01  -6.7942975e-01  -7.3374056e-01   3.3333333e+00
  6.7980183e-01   7.3339585e-01  -6.7980202e-01  -7.3339568e-01   3.3333333e+00
  6.8017355e-01   7.3305112e-01  -6.8017371e-01  -7.3305097e-01   3.3333333e+00
  6.8054475e-01   7.3270652e-01  -6.8054489e-01  -7.3270639e-01   3.3333333e+00
  6.8091545e-01   7.3236204e-01  -6.8091557e-01  -7.3236192e-01   3.3333333e+00
  6.8128569e-01   7.3201763e-01  -6.8128579e-01  -7.3201753e-01   3.3333333e+00
  6.8165549e-01   7.3167329e-01  -6.8165557e-01  -7.3167320e-01   3.3333333e+00
  6.8202487e-01   7.3132898e-01  -6.8202494e-01  -7.3132892e-01   3.3333333e+00
  6.8239385e-01   7.3098470e-01  -6.8239390e-01  -7.3098465e-01   3.3333333e+00
  6.8276244e-01   7.3064044e-01  -6.8276248e-01  -7.3064040e-01   3.3333333e+00
  6.8313066e-01   7.3029617e-01  -6.8313067e-01  -7.3029616e-01   3.3333333e+00
  6.8349850e-01   7.2995192e-01  -6.8349850e-01  -7.2995192e-01   3.3333333e+00
  6.8386597e-01   7.2960766e-01  -6.8386595e-01  -7.2960768e-01   3.3333333e+00
  6.8423308e-01   7.2926339e-01  -6.8423303e-01  -7.2926343e-01   3.3333333e+00
  6.8459982e-01   7.2891912e-01  -6.8459976e-01  -7.2891918e-01   3.3333333e+00
  6.8496621e-01   7.2857483e-01  -6.8496613e-01  -7.2857491e-01   3.3333333e+00
  6.8533227e-01   7.2823051e-01  -6.8533217e-01  -7.2823060e-01   3.3333333e+00
  6.8569801e-01   7.2788615e-01  -6.8569789e-01  -7.2788625e-01   3.3333333e+00
  6.8606345e-01   7.2754171e-01  -6.8606332e-01  -7.2754184e-01   3.3333333e+00
  6.8642862e-01   7.2719719e-01  -6.8642847e-01  -7.2719733e-01   3.3333333e+00
  6.8679355e-01   7.2685255e-01  -6.8679338e-01  -7.2685270e-01   3.3333333e+00
  6.8715826e-01   7.2650776e-01  -6.8715808e-01  -7.2650793e-01   3.3333333e+00
  6.8752281e-01   7.2616279e-01  -6.8752260e-01  -7.2616298e-01   3.3333333e+00
  6.8788721e-01   7.2581760e-01  -6.8788699e-01  -7.2581781e-01   3.3333333e+00
  6.8825152e-01   7.2547215e-01  -6.8825128e-01  -7.2547238e-01   3.3333333e+00
  6.8861579e-01   7.2512640e-01  -6.8861553e-01  -7.2512665e-01   3.3333333e+00
  6.8898005e-01   7.2478030e-01  -6.8897978e-01  -7.2478056e-01   3.3333333e+00
  6.8934438e-01   7.2443380e-01  -6.8934408e-01  -7.2443408e-01   3.3333333e+00
  6.8970882e-01   7.2408684e-01  -6.8970850e-01  -7.2408713e-01   3.3333333e+00
  6.9007343e-01   7.2373936e-01  -6.9007310e-01  -7.2373967e-01   3.3333333e+00
  6.9043829e-01   7.2339130e-01  -6.9043794e-01  -7.2339163e-01   3.3333333e+00
  6.9080346e-01   7.2304259e-01  -6.9080309e-01  -7.2304294e-01   3.3333333e+00
  6.9116901e-01   7.2269315e-01  -6.9116863e-01  -7.2269352e-01   3.3333333e+00
  6.9153503e-01   7.2234293e-01  -6.9153463e-01  -7.2234331e-01   3.3333333e+00
  6.9190159e-01   7.2199182e-01  -6.9190117e-01  -7.2199222e-01   3.3333333e+00
  6.9226879e-01   7.2163974e-01  -6.9226835e-01  -7.2164016e-01   3.3333333e+00
  6.9263672e-01   7.2128661e-01  -6.9263626e-01  -7.2128705e-01   3.3333333e+00
  6.9300547e-01   7.2093233e-01  -6.9300499e-01  -7.2093279e-01   3.3333333e+00
  6.9337514e-01   7.2057679e-01  -6.9337465e-01  -7.2057726e-01   3.3333333e+00
  6.9374586e-01   7.2021988e-01  -6.9374535e-01  -7.2022038e-01   3.3333333e+00
  6.9411773e-01   7.1986150e-01  -6.9411720e-01  -7.1986201e-01   3.3333333e+00
  6.9449087e-01   7.1950151e-01  -6.9449032e-01  -7.1950204e-01   3.3333333e+00
  6.9486542e-01   7.1913979e-01  -6.9486485e-01  -7.1914034e-01   3.3333333e+00
  6.9524152e-01   7.1877621e-01  -6.9524093e-01  -7.1877677e-01   3.3333333e+00
  6.9561930e-01   7.1841060e-01  -6.9561869e-01  -7.1841119e-01   3.3333333e+00
  6.9599892e-01   7.1804283e-01  -6.9599829e-01  -7.1804343e-01   3.3333333e+00
  6.9638055e-01   7.1767272e-01  -6.9637991e-01  -7.1767334e-01   3.3333333e+00
  6.9676436e-01   7.1730010e-01  -6.9676370e-01  -7.1730074e-01   3.3333333e+00
  6.9715054e-01   7.1692477e-01  -6.9714986e-01  -7.1692543e-01   3.3333333e+00
  6.9753928e-01   7.1654654e-01  -6.9753858e-01  -7.1654722e-01   3.3333333e+00
  6.9793081e-01   7.1616520e-01  -6.9793009e-01  -7.1616590e-01   3.3333333e+00
  6.9832534e-01   7.1578050e-01  -6.9832460e-01  -7.1578122e-01   3.3333333e+00
  6.9872312e-01   7.1539220e-01  -6.9872236e-01  -7.1539294e-01   3.3333333e+00
  6.9912441e-01   7.1500004e-01  -6.9912364e-01  -7.1500080e-01   3.3333333e+00
  6.9952951e-01   7.1460372e-01  -6.9952871e-01  -7.1460450e-01   3.3333333e+00
  6.9993870e-01   7.1420292e-01  -6.9993788e-01  -7.1420372e-01   3.3333333e+00
  7.0035233e-01   7.1379732e-01  -7.0035149e-01  -7.1379814e-01   3.3333333e+00
  7.0077075e-01   7.1338654e-01  -7.0076989e-01  -7.1338738e-01   3.3333333e+00
  7.0119436e-01   7.1297017e-01  -7.0119348e-01  -7.1297104e-01   3.3333333e+00
  7.0162359e-01   7.1254778e-01  -7.0162269e-01  -7.1254867e-01   3.3333333e+00
  7.0205890e-01   7.1211888e-01  -7.0205798e-01  -7.1211979e-01   3.3333333e+00
  7.0250081e-01   7.1168294e-01  -7.0249987e-01  -7.1168387e-01   3.3333333e+00
  7.0294991e-01   7.1123936e-01  -7.0294894e-01  -7.1124031e-01   3.3333333e+00
  7.0340681e-01   7.1078749e-01  -7.0340582e-01  -7.1078847e-01   3.3333333e+00
  7.0387223e-01   7.1032661e-01  -7.0387122e-01  -7.1032761e-01   3.3333333e+00
  7.0434695e-01   7.0985588e-01  -7.0434592e-01  -7.0985690e-01   3.3333333e+00
  7.0483188e-01   7.0937439e-01  -7.0483082e-01  -7.0937544e-01   3.3333333e+00
  7.0532800e-01   7.0888110e-01  -7.0532692e-01  -7.0888217e-01   3.3333333e+00
  7.0583648e-01   7.0837480e-01  -7.0583538e-01  -7.0837590e-01   3.3333333e+00
  7.0635862e-01   7.0785415e-01  -7.0635749e-01  -7.0785527e-01   3.3333333e+00
  7.0689595e-01   7.0731755e-01  -7.0689479e-01  -7.0731871e-01   3.3333333e+00
  7.0745021e-01   7.0676318e-01  -7.0744903e-01  -7.0676437e-01   3.3333333e+00
  7.0802349e-01   7.0618888e-01  -7.0802229e-01  -7.0619009e-01   3.3333333e+00
  7.0861825e-01   7.0559207e-01  -7.0861701e-01  -7.0559332e-01   3.3333333e+00
  7.0923743e-01   7.0496969e-01  -7.0923616e-01  -7.0497097e-01   3.3333333e+00
  7.0988461e-01   7.0431799e-01  -7.0988331e-01  -7.0431930e-01   3.3333333e+00
  7.1056422e-01   7.0363235e-01  -7.1056289e-01  -7.0363370e-01   3.3333333e+00
  7.1128181e-01   7.0290695e-01  -7.1128044e-01  -7.0290834e-01   3.3333333e+00
  7.1204448e-01   7.0213436e-01  -7.1204308e-01  -7.0213578e-01   3.3333333e+00
  7.1286157e-01   7.0130477e-01  -7.1286013e-01  -7.0130623e-01   3.3333333e+00
  7.1374570e-01   7.0040494e-01  -7.1374422e-01  -7.0040645e-01   3.3333333e+00
  7.1471457e-01   6.9941624e-01  -7.1471304e-01  -6.9941781e-01   3.3333333e+00
  7.1579422e-01   6.9831127e-01  -7.1579264e-01  -6.9831289e-01   3.3333333e+00
  7.1702545e-01   6.9704699e-01  -7.1702381e-01  -6.9704868e-01   3.3333333e+00
  7.1847802e-01   6.9554966e-01  -7.1847631e-01  -6.9555143e-01   3.3333333e+00
  7.2028833e-01   6.9367479e-01  -7.2028654e-01  -6.9367666e-01   3.3333333e+00
  7.2279215e-01   6.9106549e-01  -7.2279023e-01  -6.9106749e-01   3.3333333e+00
  7.2742228e-01   6.8619008e-01  -7.2742015e-01  -6.8619234e-01   3.3333333e+00
  6.3739965e-01   7.7053338e-01  -6.3740201e-01  -7.7053143e-01   3.3333333e+00
  6.4262613e-01   7.6617991e-01  -6.4262822e-01  -7.6617816e-01   3.3333333e+00
  6.4542784e-01   7.6382125e-01  -6.4542979e-01  -7.6381961e-01   3.3333333e+00
  6.4744321e-01   7.6211370e-01  -6.4744505e-01  -7.6211214e-01   3.3333333e+00
  6.4905417e-01   7.6074219e-01  -6.4905592e-01  -7.6074070e-01   3.3333333e+00
  6.5041540e-01   7.5957870e-01  -6.5041709e-01  -7.5957726e-01   3.3333333e+00
  6.5160589e-01   7.5855769e-01  -6.5160751e-01  -7.5855629e-01   3.3333333e+00
  6.5267172e-01   7.5764083e-01  -6.5267328e-01  -7.5763948e-01   3.3333333e+00
  6.5364226e-01   7.5680367e-01  -6.5364377e-01  -7.5680236e-01   3.3333333e+00
  6.5453747e-01   7.5602956e-01  -6.5453894e-01  -7.5602829e-01   3.3333333e+00
  6.5537155e-01   7.5530665e-01  -6.5537298e-01  -7.5530541e-01   3.3333333e+00
  6.5615500e-01   7.5462614e-01  -6.5615638e-01  -7.5462494e-01   3.3333333e+00
  6.5689580e-01   7.5398137e-01  -6.5689715e-01  -7.5398020e-01   3.3333333e+00
  6.5760018e-01   7.5336711e-01  -6.5760149e-01  -7.5336597e-01   3.3333333e+00
  6.5827310e-01   7.5277920e-01  -6.5827437e-01  -7.5277809e-01   3.3333333e+00
  6.5891857e-01   7.5221428e-01  -6.5891981e-01  -7.5221319e-01   3.3333333e+00
  6.5953989e-01   7.5166956e-01  -6.5954110e-01  -7.5166850e-01   3.3333333e+00
  6.6013981e-01   7.5114275e-01  -6.6014099e-01  -7.5114171e-01   3.3333333e+00
  6.6072065e-01   7.5063188e-01  -6.6072180e-01  -7.5063087e-01   3.3333333e+00
  6.6128438e-01   7.5013530e-01  -6.6128550e-01  -7.5013431e-01   3.3333333e+00
  6.6183269e-01   7.4965158e-01  -6.6183378e-01  -7.4965062e-01   3.3333333e+00
  6.6236703e-01   7.4917950e-01  -6.6236810e-01  -7.4917855e-01   3.3333333e+00
  6.6288869e-01   7.4871796e-01  -6.6288973e-01  -7.4871704e-01   3.3333333e+00
  6.6339879e-01   7.4826603e-01  -6.6339980e-01  -7.4826513e-01   3.3333333e+00
  6.6389831e-01   7.4782286e-01  -6.6389930e-01  -7.4782199e-01   3.3333333e+00
  6.6438813e-01   7.4738772e-01  -6.6438910e-01  -7.4738687e-01   3.3333333e+00
  6.6486904e-01   7.4695994e-01  -6.6486998e-01  -7.4695911e-01   3.3333333e+00
  6.6534174e-01   7.4653893e-01  -6.6534265e-01  -7.4653811e-01   3.3333333e+00
  6.6580685e-01   7.4612415e-01  -6.6580774e-01  -7.4612335e-01   3.3333333e+00
  6.6626495e-01   7.4571510e-01  -6.6626582e-01  -7.4571433e-01   3.3333333e+00
  6.6671656e-01   7.4531137e-01  -6.6671740e-01  -7.4531061e-01   3.3333333e+00
  6.6716214e-01   7.4491253e-01  -6.6716296e-01  -7.4491180e-01   3.3333333e+00
  6.6760213e-01   7.4451823e-01  -6.6760293e-01  -7.4451751e-01   3.3333333e+00
  6.6803692e-01   7.4412813e-01  -6.6803770e-01  -7.4412743e-01   3.3333333e+00
  6.6846688e-01   7.4374191e-01  -6.6846764e-01  -7.4374123e-01   3.3333333e+00
  6.6889233e-01   7.4335930e-01  -6.6889307e-01  -7.4335864e-01   3.3333333e+00
  6.6931359e-01   7.4298002e-01  -6.6931430e-01  -7.4297938e-01   3.3333333e+00
  6.6973094e-01   7.4260385e-01  -6.6973163e-01  -7.4260322e-01   3.3333333e+00
  6.7014463e-01   7.4223054e-01  -6.7014530e-01  -7.4222993e-01   3.3333333e+00
  6.7055493e-01   7.4185988e-01  -6.7055558e-01  -7.4185930e-01   3.3333333e+00
  6.7096205e-01   7.4149169e-01  -6.7096267e-01  -7.4149113e-01   3.3333333e+00
  6.7136620e-01   7.4112578e-01  -6.7136681e-01  -7.4112523e-01   3.3333333e+00
  6.7176759e-01   7.4076198e-01  -6.7176817e-01  -7.4076145e-01   3.3333333e+00
  6.7216639e-01   7.4040012e-01  -6.7216696e-01  -7.4039961e-01   3.3333333e+00
  6.7256279e-01   7.4004006e-01  -6.7256334e-01  -7.4003957e-01   3.3333333e+00
  6.7295694e-01   7.3968166e-01  -6.7295747e-01  -7.3968118e-01   3.3333333e+00
  6.7334899e-01   7.3932478e-01  -6.7334950e-01  -7.3932432e-01   3.3333333e+00
  6.7373909e-01   7.3896931e-01  -6.7373958e-01  -7.3896886e-01   3.3333333e+00
  6.7412737e-01   7.3861512e-01  -6.7412784e-01  -7.3861469e-01   3.3333333e+00
  6.7451395e-01   7.3826210e-01  -6.7451440e-01  -7.3826169e-01   3.3333333e+00
  6.7489895e-01   7.3791016e-01  -6.7489938e-01  -7.3790977e-01   3.3333333e+00
  6.7528248e-01   7.3755920e-01  -6.7528289e-01  -7.3755882e-01   3.3333333e+00
  6.7566465e-01   7.3720912e-01  -6.7566504e-01  -7.3720876e-01   3.3333333e+00
  6.7604555e-01   7.3685984e-01  -6.7604592e-01  -7.3685950e-01   3.3333333e+00
  6.7642526e-01   7.3651128e-01  -6.7642561e-01  -7.3651096e-01   3.3333333e+00
  6.7680388e-01   7.3616337e-01  -6.7680421e-01  -7.3616306e-01   3.3333333e+00
  6.7718149e-01   7.3581603e-01  -6.7718180e-01  -7.3581574e-01   3.3333333e+00
  6.7755815e-01   7.3546921e-01  -6.7755844e-01  -7.3546894e-01   3.3333333e+00
  6.7793394e-01   7.3512283e-01  -6.7793421e-01  -7.3512258e-01   3.3333333e+00
  6.7830892e-01   7.3477685e-01  -6.7830917e-01  -7.3477661e-01   3.3333333e+00
  6.7868314e-01   7.3443120e-01  -6.7868338e-01  -7.3443098e-01   3.3333333e+00
  6.7905667e-01   7.3408585e-01  -6.7905689e-01  -7.3408565e-01   3.3333333e+00
  6.7942955e-01   7.3374074e-01  -6.7942975e-01  -7.3374056e-01   3.3333333e+00
  6.7980183e-01   7.3339585e-01  -6.7980202e-01  -7.3339568e-01   3.3333333e+00
  6.8017355e-01   7.3305112e-01  -6.8017371e-01  -7.3305097e-01   3.3333333e+00
  6.8054475e-01   7.3270652e-01  -6.8054489e-01  -7.3270639e-01   3.3333333e+00
  6.8091545e-01   7.3236204e-01  -6.8091557e-01  -7.3236192e-01   3.3333333e+00
  6.8128569e-01   7.3201763e-01  -6.8128579e-01  -7.3201753e-01   3.3333333e+00
  6.8165549e-01   7.3167329e-01  -6.8165557e-01  -7.3167320e-01   3.3333333e+00
  6.8202487e-01   7.3132898e-01  -6.8202494e-01  -7.3132892e-01   3.3333333e+00
  6.8239385e-01   7.3098470e-01  -6.8239390e-01  -7.3098465e-01   3.3333333e+00
  6.8276244e-01   7.3064044e-01  -6.8276248e-01  -7.3064040e-01   3.3333333e+00
  6.8313066e-01   7.3029617e-01  -6.8313067e-01  -7.3029616e-01   3.3333333e+00
  6.8349850e-01   7.2995192e-01  -6.8349850e-01  -7.2995192e-01   3.3333333e+00
  6.8386597e-01   7.2960766e-01  -6.8386595e-01  -7.2960768e-01   3.3333333e+00
  6.8423308e-01   7.2926339e-01  -6.8423303e-01  -7.2926343e-01   3.3333333e+00
  6.8459982e-01   7.2891912e-01  -6.8459976e-01  -7.2891918e-01   3.3333333e+00
  6.8496621e-01   7.2857483e-01  -6.8496613e-01  -7.2857491e-01   3.3333333e+00
  6.8533227e-01   7.2823051e-01  -6.8533217e-01  -7.2823060e-01   3.3333333e+00
  6.8569801e-01   7.2788615e-01  -6.8569789e-01  -7.2788625e-01   3.3333333e+00
  6.8606345e-01   7.2754171e-01  -6.8606332e-01  -7.2754184e-01   3.3333333e+00
  6.8642862e-01   7.2719719e-01  -6.8642847e-01  -7.2719733e-01   3.3333333e+00
  6.8679355e-01   7.2685255e-01  -6.8679338e-01  -7.2685270e-01   3.3333333e+00
  6.8715826e-01   7.2650776e-01  -6.8715808e-01  -7.2650793e-01   3.3333333e+00
  6.8752281e-01   7.2616279e-01  -6.8752260e-01  -7.2616298e-01   3.3333333e+00
  6.8788721e-01   7.2581760e-01  -6.8788699e-01  -7.2581781e-01   3.3333333e+00
  6.8825152e-01   7.2547215e-01  -6.8825128e-01  -7.2547238e-01   3.3333333e+00
  6.8861579e-01   7.2512640e-01  -6.8861553e-01  -7.2512665e-01   3.3333333e+00
  6.8898005e-01   7.2478030e-01  -6.8897978e-01  -7.2478056e-01   3.3333333e+00
  6.8934438e-01   7.2443380e-01  -6.8934408e-01  -7.2443408e-01   3.3333333e+00
  6.8970882e-01   7.2408684e-01  -6.8970850e-01  -7.2408713e-01   3.3333333e+00
  6.9007343e-01   7.2373936e-01  -6.9007310e-01  -7.2373967e-01   3.3333333e+00
  6.9043829e-01   7.2339130e-01  -6.9043794e-01  -7.2339163e-01   3.3333333e+00
  6.9080346e-01   7.2304259e-01  -6.9080309e-01  -7.2304294e-01   3.3333333e+00
  6.9116901e-01   7.2269315e-01  -6.9116863e-01  -7.2269352e-01   3.3333333e+00
  6.9153503e-01   7.2234293e-01  -6.9153463e-01  -7.2234331e-01   3.3333333e+00
  6.9190159e-01   7.2199182e-01  -6.9190117e-01  -7.2199222e-01   3.3333333e+00
  6.9226879e-01   7.2163974e-01  -6.9226835e-01  -7.2164016e-01   3.3333333e+00
  6.9263672e-01   7.2128661e-01  -6.9263626e-01  -7.2128705e-01   3.3333333e+00
  6.9300547e-01   7.2093233e-01  -6.9300499e-01  -7.2093279e-01   3.3333333e+00
  6.9337514e-01   7.2057679e-01  -6.9337465e-01  -7.2057726e-01   3.3333333e+00
  6.9374586e-01   7.2021988e-01  -6.9374535e-01  -7.2022038e-01   3.3333333e+00
  6.9411773e-01   7.1986150e-01  -6.9411720e-01  -7.1986201e-01   3.3333333e+00
  6.9449087e-01   7.1950151e-01  -6.9449032e-01  -7.1950204e-01   3.3333333e+00
  6.9486542e-01   7.1913979e-01  -6.9486485e-01  -7.1914034e-01   3.3333333e+00
  6.9524152e-01   7.1877621e-01  -6.9524093e-01  -7.1877677e-01   3.3333333e+00
  6.9561930e-01   7.1841060e-01  -6.9561869e-01  -7.1841119e-01   3.3333333e+00
  6.9599892e-01   7.1804283e-01  -6.9599829e-01  -7.1804343e-01   3.3333333e+00
  6.9638055e-01   7.1767272e-01  -6.9637991e-01  -7.1767334e-01   3.3333333e+00
  6.9676436e-01   7.1730010e-01  -6.9676370e-01  -7.1730074e-01   3.3333333e+00
  6.9715054e-01   7.1692477e-01  -6.9714986e-01  -7.1692543e-01   3.3333333e+00
  6.9753928e-01   7.1654654e-01  -6.9753858e-01  -7.1654722e-01   3.3333333e+00
  6.9793081e-01   7.1616520e-01  -6.9793009e-01  -7.1616590e-01   3.3333333e+00
  6.9832534e-01   7.1578050e-01  -6.9832460e-01  -7.1578122e-01   3.3333333e+00
  6.9872312e-01   7.1539220e-01  -6.9872236e-01  -7.1539294e-01   3.3333333e+00
  6.9912441e-01   7.1500004e-01  -6.9912364e-01  -7.1500080e-01   3.3333333e+00
  6.9952951e-01   7.1460372e-01  -6.9952871e-01  -7.1460450e-01   3.3333333e+00
  6.9993870e-01   7.1420292e-01  -6.9993788e-01  -7.1420372e-01   3.3333333e+00
  7.0035233e-01   7.1379732e-01  -7.0035149e-01  -7.1379814e-01   3.3333333e+00
  7.0077075e-01   7.1338654e-01  -7.0076989e-01  -7.1338738e-01   3.3333333e+00
  7.0119436e-01   7.1297017e-01  -7.0119348e-01  -7.1297104e-01   3.3333333e+00
  7.0162359e-01   7.1254778e-01  -7.0162269e-01  -7.1254867e-01   3.3333333e+00
  7.0205890e-01   7.1211888e-01  -7.0205798e-01  -7.1211979e-01   3.3333333e+00
  7.0250081e-01   7.1168294e-01  -7.0249987e-01  -7.1168387e-01   3.3333333e+00
  7.0294991e-01   7.1123936e-01  -7.0294894e-01  -7.1124031e-01   3.3333333e+00
  7.0340681e-01   7.1078749e-01  -7.0340582e-01  -7.1078847e-01   3.3333333e+00
  7.0387223e-01   7.1032661e-01  -7.0387122e-01  -7.1032761e-01   3.3333333e+00
  7.0434695e-01   7.0985588e-01  -7.0434592e-01  -7.0985690e-01   3.3333333e+00
  7.0483188e-01   7.0937439e-01  -7.0483082e-01  -7.0937544e-01   3.3333333e+00
  7.0532800e-01   7.0888110e-01  -7.0532692e-01  -7.0888217e-01   3.3333333e+00
  7.0583648e-01   7.0837480e-01  -7.0583538e-01  -7.0837590e-01   3.3333333e+00
  7.0635862e-01   7.0785415e-01  -7.0635749e-01  -7.0785527e-01   3.3333333e+00
  7.0689595e-01   7.0731755e-01  -7.0689479e-01  -7.0731871e-01   3.3333333e+00
  7.0745021e-01   7.0676318e-01  -7.0744903e-01  -7.0676437e-01   3.3333333e+00
  7.0802349e-01   7.0618888e-01  -7.0802229e-01  -7.0619009e-01   3.3333333e+00
  7.0861825e-01   7.0559207e-01  -7.0861701e-01  -7.0559332e-01   3.3333333e+00
  7.0923743e-01   7.0496969e-01  -7.0923616e-01  -7.0497097e-01   3.3333333e+00
  7.0988461e-01   7.0431799e-01  -7.0988331e-01  -7.0431930e-01   3.3333333e+00
  7.1056422e-01   7.0363235e-01  -7.1056289e-01  -7.0363370e-01   3.3333333e+00
  7.1128181e-01   7.0290695e-01  -7.1128044e-01  -7.0290834e-01   3.3333333e+00
  7.1204448e-01   7.0213436e-01  -7.1204308e-01  -7.0213578e-01   3.3333333e+00
  7.1286157e-01   7.0130477e-01  -7.1286013e-01  -7.0130623e-01   3.3333333e+00
  7.1374570e-01   7.0040494e-01  -7.1374422e-01  -7.0040645e-01   3.3333333e+00
  7.1471457e-01   6.9941624e-01  -7.1471304e-01  -6.9941781e-01   3.3333333e+00
  7.1579422e-01   6.9831127e-01  -7.1579264e-01  -6.9831289e-01   3.3333333e+00
  7.1702545e-01   6.9704699e-01  -7.1702381e-01  -6.9704868e-01   3.3333333e+00
  7.1847802e-01   6.9554966e-01  -7.1847631e-01  -6.9555143e-01   3.3333333e+00
  7.2028833e-01   6.9367479e-01  -7.2028654e-01  -6.9367666e-01   3.3333333e+00
  7.2279215e-01   6.9106549e-01  -7.2279023e-01  -6.9106749e-01   3.3333333e+00
  7.2742228e-01   6.8619008e-01  -7.2742015e-01  -6.8619234e-01   3.3333333e+00
  7.1590293e-01   6.9819983e-01  -7.1590507e-01  -6.9819763e-01   3.3333333e+00
  7.2063036e-01   6.9331946e-01  -7.2063225e-01  -6.9331750e-01   3.3333333e+00
  7.2316167e-01   6.9067880e-01  -7.2316342e-01  -6.9067696e-01   3.3333333e+00
  7.2498123e-01   6.8876862e-01  -7.2498290e-01  -6.8876687e-01   3.3333333e+00
  7.2643490e-01   6.8723529e-01  -7.2643649e-01  -6.8723361e-01   3.3333333e+00
  7.2766268e-01   6.8593515e-01  -7.2766420e-01  -6.8593353e-01   3.3333333e+00
  7.2873604e-01   6.8479471e-01  -7.2873750e-01  -6.8479315e-01   3.3333333e+00
  7.2969667e-01   6.8377099e-01  -7.2969808e-01  -6.8376948e-01   3.3333333e+00
  7.3057115e-01   6.8283658e-01  -7.3057252e-01  -6.8283511e-01   3.3333333e+00
  7.3137753e-01   6.8197281e-01  -7.3137886e-01  -6.8197138e-01   3.3333333e+00
  7.3212865e-01   6.8116638e-01  -7.3212994e-01  -6.8116500e-01   3.3333333e+00
  7.3283399e-01   6.8040748e-01  -7.3283525e-01  -6.8040613e-01   3.3333333e+00
  7.3350079e-01   6.7968860e-01  -7.3350201e-01  -6.7968728e-01   3.3333333e+00
  7.3413466e-01   6.7900390e-01  -7.3413585e-01  -6.7900262e-01   3.3333333e+00
  7.3474009e-01   6.7834873e-01  -7.3474125e-01  -6.7834748e-01   3.3333333e+00
  7.3532072e-01   6.7771930e-01  -7.3532184e-01  -6.7771808e-01   3.3333333e+00
  7.3587951e-01   6.7711251e-01  -7.3588060e-01  -6.7711132e-01   3.3333333e+00
  7.3641896e-01   6.7652577e-01  -7.3642002e-01  -6.7652461e-01   3.3333333e+00
  7.3694115e-01   6.7595691e-01  -7.3694219e-01  -6.7595577e-01   3.3333333e+00
  7.3744787e-01   6.7540405e-01  -7.3744889e-01  -6.7540295e-01   3.3333333e+00
  7.3794065e-01   6.7486561e-01  -7.3794164e-01  -6.7486453e-01   3.3333333e+00
  7.3842080e-01   6.7434021e-01  -7.3842177e-01  -6.7433915e-01   3.3333333e+00
  7.3888948e-01   6.7382663e-01  -7.3889042e-01  -6.7382560e-01   3.3333333e+00
  7.3934771e-01   6.7332382e-01  -7.3934862e-01  -6.7332281e-01   3.3333333e+00
  7.3979636e-01   6.7283084e-01  -7.3979726e-01  -6.7282986e-01   3.3333333e+00
  7.4023625e-01   6.7234686e-01  -7.4023712e-01  -6.7234590e-01   3.3333333e+00
  7.4066806e-01   6.7187114e-01  -7.4066891e-01  -6.7187020e-01   3.3333333e+00
  7.4109244e-01   6.7140300e-01  -7.4109327e-01  -6.7140209e-01   3.3333333e+00
  7.4150996e-01   6.7094186e-01  -7.4151076e-01  -6.7094097e-01   3.3333333e+00
  7.4192113e-01   6.7048717e-01  -7.4192191e-01  -6.7048630e-01   3.3333333e+00
  7.4232642e-01   6.7003842e-01  -7.4232718e-01  -6.7003758e-01   3.3333333e+00
  7.4272625e-01   6.6959519e-01  -7.4272699e-01  -6.6959436e-01   3.3333333e+00
  7.4312102e-01   6.6915704e-01  -7.4312174e-01  -6.6915624e-01   3.3333333e+00
  7.4351108e-01   6.6872362e-01  -7.4351178e-01  -6.6872284e-01   3.3333333e+00
  7.4389675e-01   6.6829456e-01  -7.4389743e-01  -6.6829380e-01   3.3333333e+00
  7.4427834e-01   6.6786956e-01  -7.4427901e-01  -6.6786882e-01   3.3333333e+00
  7.4465613e-01   6.6744831e-01  -7.4465677e-01  -6.6744760e-01   3.3333333e+00
  7.4503036e-01   6.6703055e-01  -7.4503099e-01  -6.6702985e-01   3.3333333e+00
  7.4540129e-01   6.6661602e-01  -7.4540190e-01  -6.6661534e-01   3.3333333e+00
  7.4576913e-01   6.6620448e-01  -7.4576971e-01  -6.6620382e-01   3.3333333e+00
  7.4613408e-01   6.6579572e-01  -7.4613465e-01  -6.6579508e-01   3.3333333e+00
  7.4649634e-01   6.6538952e-01  -7.4649689e-01  -6.6538891e-01   3.3333333e+00
  7.4685608e-01   6.6498571e-01  -7.4685661e-01  -6.6498511e-01   3.3333333e+00
  7.4721348e-01   6.6458409e-01  -7.4721399e-01  -6.6458352e-01   3.3333333e+00
  7.4756868e-01   6.6418451e-01  -7.4756918e-01  -6.6418395e-01   3.3333333e+00
  7.4792184e-01   6.6378680e-01  -7.4792232e-01  -6.6378626e-01   3.3333333e+00
  7.4827309e-01   6.6339082e-01  -7.4827355e-01  -6.6339030e-01   3.3333333e+00
  7.4862257e-01   6.6299642e-01  -7.4862301e-01  -6.6299592e-01   3.3333333e+00
  7.4897038e-01   6.6260348e-01  -7.4897080e-01  -6.6260300e-01   3.3333333e+00
  7.4931664e-01   6.6221188e-01  -7.4931705e-01  -6.6221142e-01   3.3333333e+00
  7.4966146e-01   6.6182149e-01  -7.4966185e-01  -6.6182105e-01   3.3333333e+00
  7.5000494e-01   6.6143222e-01  -7.5000532e-01  -6.6143180e-01   3.3333333e+00
  7.5034718e-01   6.6104396e-01  -7.5034753e-01  -6.6104355e-01   3.3333333e+00
  7.5068825e-01   6.6065661e-01  -7.5068859e-01  -6.6065622e-01   3.3333333e+00
  7.5102824e-01   6.6027008e-01  -7.5102856e-01  -6.6026972e-01   3.3333333e+00
  7.5136723e-01   6.5988429e-01  -7.5136754e-01  -6.5988395e-01   3.3333333e+00
  7.5170529e-01   6.5949917e-01  -7.5170558e-01  -6.5949884e-01   3.3333333e+00
  7.5204249e-01   6.5911463e-01  -7.5204276e-01  -6.5911432e-01   3.3333333e+00
  7.5237889e-01   6.5873061e-01  -7.5237914e-01  -6.5873032e-01   3.3333333e+00
  7.5271454e-01   6.5834704e-01  -7.5271477e-01  -6.5834677e-01   3.3333333e+00
  7.5304950e-01   6.5796386e-01  -7.5304972e-01  -6.5796362e-01   3.3333333e+00
  7.5338382e-01   6.5758103e-01  -7.5338403e-01  -6.5758080e-01   3.3333333e+00
  7.5371755e-01   6.5719849e-01  -7.5371774e-01  -6.5719827e-01   3.3333333e+00
  7.5405073e-01   6.5681618e-01  -7.5405090e-01  -6.5681599e-01   3.3333333e+00
  7.5438339e-01   6.5643408e-01  -7.5438354e-01  -6.5643391e-01   3.3333333e+00
  7.5471557e-01   6.5605214e-01  -7.5471570e-01  -6.5605199e-01   3.3333333e+00
  7.5504729e-01   6.5567033e-01  -7.5504741e-01  -6.5567020e-01   3.3333333e+00
  7.5537860e-01   6.5528862e-01  -7.5537870e-01  -6.5528850e-01   3.3333333e+00
  7.5570950e-01   6.5490698e-01  -7.5570958e-01  -6.5490688e-01   3.3333333e+00
  7.5604002e-01   6.5452539e-01  -7.5604009e-01  -6.5452532e-01   3.3333333e+00
  7.5637017e-01   6.5414384e-01  -7.5637022e-01  -6.5414378e-01   3.3333333e+00
  7.5669997e-01   6.5376230e-01  -7.5670001e-01  -6.5376226e-01   3.3333333e+00
  7.5702943e-01   6.5338078e-01  -7.5702945e-01  -6.5338076e-01   3.3333333e+00
  7.5735855e-01   6.5299925e-01  -7.5735855e-01  -6.5299925e-01   3.3333333e+00
  7.5768733e-01   6.5261773e-01  -7.5768732e-01  -6.5261775e-01   3.3333333e+00
  7.5801579e-01   6.5223621e-01  -7.5801575e-01  -6.5223624e-01   3.3333333e+00
  7.5834391e-01   6.5185467e-01  -7.5834386e-01  -6.5185473e-01   3.3333333e+00
  7.5867171e-01   6.5147313e-01  -7.5867165e-01  -6.5147320e-01   3.3333333e+00
  7.5899921e-01   6.5109155e-01  -7.5899913e-01  -6.5109164e-01   3.3333333e+00
  7.5932641e-01   6.5070992e-01  -7.5932631e-01  -6.5071004e-01   3.3333333e+00
  7.5965334e-01   6.5032823e-01  -7.5965322e-01  -6.5032836e-01   3.3333333e+00
  7.5998001e-01   6.4994645e-01  -7.5997988e-01  -6.4994660e-01   3.3333333e+00
  7.6030645e-01   6.4956455e-01  -7.6030631e-01  -6.4956472e-01   3.3333333e+00
  7.6063269e-01   6.4918249e-01  -7.6063253e-01  -6.4918268e-01   3.3333333e+00
  7.6095876e-01   6.4880025e-01  -7.6095858e-01  -6.4880046e-01   3.3333333e+00
  7.6128469e-01   6.4841778e-01  -7.6128450e-01  -6.4841801e-01   3.3333333e+00
  7.6161052e-01   6.4803504e-01  -7.6161031e-01  -6.4803529e-01   3.3333333e+00
  7.6193629e-01   6.4765198e-01  -7.6193607e-01  -6.4765224e-01   3.3333333e+00
  7.6226205e-01   6.4726854e-01  -7.6226181e-01  -6.4726883e-01   3.3333333e+00
  7.6258784e-01   6.4688468e-01  -7.6258758e-01  -6.4688499e-01   3.3333333e+00
  7.6291371e-01   6.4650033e-01  -7.6291343e-01  -6.4650065e-01   3.3333333e+00
  7.6323971e-01   6.4611543e-01  -7.6323942e-01  -6.4611577e-01   3.3333333e+00
  7.6356591e-01   6.4572990e-01  -7.6356560e-01  -6.4573026e-01   3.3333333e+00
  7.6389236e-01   6.4534367e-01  -7.6389204e-01  -6.4534406e-01   3.3333333e+00
  7.6421914e-01   6.4495667e-01  -7.6421880e-01  -6.4495708e-01   3.3333333e+00
  7.6454630e-01   6.4456882e-01  -7.6454594e-01  -6.4456924e-01   3.3333333e+00
  7.6487392e-01   6.4418001e-01  -7.6487355e-01  -6.4418045e-01   3.3333333e+00
  7.6520209e-01   6.4379016e-01  -7.6520170e-01  -6.4379062e-01   3.3333333e+00
  7.6553087e-01   6.4339917e-01  -7.6553047e-01  -6.4339965e-01   3.3333333e+00
  7.6586036e-01   6.4300692e-01  -7.6585994e-01  -6.4300742e-01   3.3333333e+00
  7.6619065e-01   6.4261332e-01  -7.6619022e-01  -6.4261384e-01   3.3333333e+00
  7.6652184e-01   6.4221824e-01  -7.6652139e-01  -6.4221878e-01   3.3333333e+00
  7.6685403e-01   6.4182155e-01  -7.6685356e-01  -6.4182211e-01   3.3333333e+00
  7.6718732e-01   6.4142312e-01  -7.6718684e-01  -6.4142370e-01   3.3333333e+00
  7.6752184e-01   6.4102280e-01  -7.6752133e-01  -6.4102340e-01   3.3333333e+00
  7.6785769e-01   6.4062045e-01  -7.6785717e-01  -6.4062107e-01   3.3333333e+00
  7.6819502e-01   6.4021591e-01  -7.6819449e-01  -6.4021655e-01   3.3333333e+00
  7.6853396e-01   6.3980900e-01  -7.6853340e-01  -6.3980966e-01   3.3333333e+00
  7.6887465e-01   6.3939955e-01  -7.6887408e-01  -6.3940023e-01   3.3333333e+00
  7.6921724e-01   6.3898735e-01  -7.6921666e-01  -6.3898805e-01   3.3333333e+00
  7.6956192e-01   6.3857220e-01  -7.6956131e-01  -6.3857293e-01   3.3333333e+00
  7.6990884e-01   6.3815389e-01  -7.6990822e-01  -6.3815463e-01   3.3333333e+00
  7.7025819e-01   6.3773217e-01  -7.7025756e-01  -6.3773293e-01   3.3333333e+00
  7.7061019e-01   6.3730678e-01  -7.7060954e-01  -6.3730757e-01   3.3333333e+00
  7.7096504e-01   6.3687746e-01  -7.7096437e-01  -6.3687828e-01   3.3333333e+00
  7.7132298e-01   6.3644392e-01  -7.7132229e-01  -6.3644475e-01   3.3333333e+00
  7.7168426e-01   6.3600582e-01  -7.7168355e-01  -6.3600668e-01   3.3333333e+00
  7.7204915e-01   6.3556283e-01  -7.7204842e-01  -6.3556371e-01   3.3333333e+00
  7.7241794e-01   6.3511458e-01  -7.7241719e-01  -6.3511548e-01   3.3333333e+00
  7.7279095e-01   6.3466066e-01  -7.7279019e-01  -6.3466158e-01   3.3333333e+00
  7.7316853e-01   6.3420062e-01  -7.7316775e-01  -6.3420157e-01   3.3333333e+00
  7.7355106e-01   6.3373398e-01  -7.7355026e-01  -6.3373495e-01   3.3333333e+00
  7.7393895e-01   6.3326021e-01  -7.7393814e-01  -6.3326121e-01   3.3333333e+00
  7.7433267e-01   6.3277872e-01  -7.7433184e-01  -6.3277974e-01   3.3333333e+00
  7.7473272e-01   6.3228887e-01  -7.7473187e-01  -6.3228991e-01   3.3333333e+00
  7.7513966e-01   6.3178992e-01  -7.7513879e-01  -6.3179099e-01   3.3333333e+00
  7.7555411e-01   6.3128109e-01  -7.7555322e-01  -6.3128219e-01   3.3333333e+00
  7.7597679e-01   6.3076147e-01  -7.7597587e-01  -6.3076259e-01   3.3333333e+00
  7.7640846e-01   6.3023004e-01  -7.7640753e-01  -6.3023119e-01   3.3333333e+00
  7.7685003e-01   6.2968566e-01  -7.7684907e-01  -6.2968684e-01   3.3333333e+00
  7.7730250e-01   6.2912703e-01  -7.7730153e-01  -6.2912824e-01   3.3333333e+00
  7.7776705e-01   6.2855264e-01  -7.7776605e-01  -6.2855388e-01   3.3333333e+00
  7.7824500e-01   6.2796076e-01  -7.7824398e-01  -6.2796203e-01   3.3333333e+00
  7.7873792e-01   6.2734938e-01  -7.7873688e-01  -6.2735068e-01   3.3333333e+00
  7.7924765e-01   6.2671612e-01  -7.7924658e-01  -6.2671745e-01   3.3333333e+00
  7.7977635e-01   6.2605818e-01  -7.7977526e-01  -6.2605954e-01   3.3333333e+00
  7.8032663e-01   6.2537216e-01  -7.8032551e-01  -6.2537356e-01   3.3333333e+00
  7.8090166e-01   6.2465398e-01  -7.8090052e-01  -6.2465541e-01   3.3333333e+00
  7.8150535e-01   6.2389854e-01  -7.8150417e-01  -6.2390001e-01   3.3333333e+00
  7.8214260e-01   6.2309947e-01  -7.8214139e-01  -6.2310099e-01   3.3333333e+00
  7.8281969e-01   6.2224861e-01  -7.8281845e-01  -6.2225017e-01   3.3333333e+00
  7.8354486e-01   6.2133521e-01  -7.8354359e-01  -6.2133682e-01   3.3333333e+00
  7.8432927e-01   6.2034474e-01  -7.8432796e-01  -6.2034640e-01   3.3333333e+00
  7.8518855e-01   6.1925677e-01  -7.8518720e-01  -6.1925848e-01   3.3333333e+00
  7.8614569e-01   6.1804122e-01  -7.8614429e-01  -6.1804300e-01   3.3333333e+00
  7.8723670e-01   6.1665093e-01  -7.8723525e-01  -6.1665278e-01   3.3333333e+00
  7.8852317e-01   6.1500505e-01  -7.8852166e-01  -6.1500699e-01   3.3333333e+00
  7.9012541e-01   6.1294521e-01  -7.9012383e-01  -6.1294725e-01   3.3333333e+00
  7.9233955e-01   6.1008036e-01  -7.9233786e-01  -6.1008255e-01   3.3333333e+00
  7.9642817e-01   6.0473313e-01  -7.9642630e-01  -6.0473560e-01   3.3333333e+00
  7.1590293e-01   6.9819983e-01  -7.1590507e-01  -6.9819763e-01   3.3333333e+00
  7.2063036e-01   6.9331946e-01  -7.2063225e-01  -6.9331750e-01   3.3333333e+00
  7.2316167e-01   6.9067880e-01  -7.2316342e-01  -6.9067696e-01   3.3333333e+00
  7.2498123e-01   6.8876862e-01  -7.2498290e-01  -6.8876687e-01   3.3333333e+00
  7.2643490e-01   6.8723529e-01  -7.2643649e-01  -6.8723361e-01   3.3333333e+00
  7.2766268e-01   6.8593515e-01  -7.2766420e-01  -6.8593353e-01   3.3333333e+00
  7.2873604e-01   6.8479471e-01  -7.2873750e-01  -6.8479315e-01   3.3333333e+00
  7.2969667e-01   6.8377099e-01  -7.2969808e-01  -6.8376948e-01   3.3333333e+00
  7.3057115e-01   6.8283658e-01  -7.3057252e-01  -6.8283511e-01   3.3333333e+00
  7.3137753e-01   6.8197281e-01  -7.3137886e-01  -6.8197138e-01   3.3333333e+00
  7.3212865e-01   6.8116638e-01  -7.3212994e-01  -6.8116500e-01   3.3333333e+00
  7.3283399e-01   6.8040748e-01  -7.3283525e-01  -6.8040613e-01   3.3333333e+00
  7.3350079e-01   6.7968860e-01  -7.3350201e-01  -6.7968728e-01   3.3333333e+00
  7.3413466e-01   6.7900390e-01  -7.3413585e-01  -6.7900262e-01   3.3333333e+00
  7.3474009e-01   6.7834873e-01  -7.3474125e-01  -6.7834748e-01   3.3333333e+00
  7.3532072e-01   6.7771930e-01  -7.3532184e-01  -6.7771808e-01   3.3333333e+00
  7.3587951e-01   6.7711251e-01  -7.3588060e-01  -6.7711132e-01   3.3333333e+00
  7.3641896e-01   6.7652577e-01  -7.3642002e-01  -6.7652461e-01   3.3333333e+00
  7.3694115e-01   6.7595691e-01  -7.3694219e-01  -6.7595577e-01   3.3333333e+00
  7.3744787e-01   6.7540405e-01  -7.3744889e-01  -6.7540295e-01   3.3333333e+00
  7.3794065e-01   6.7486561e-01  -7.3794164e-01  -6.7486453e-01   3.3333333e+00
  7.3842080e-01   6.7434021e-01  -7.3842177e-01  -6.7433915e-01   3.3333333e+00
  7.3888948e-01   6.7382663e-01  -7.3889042e-01  -6.7382560e-01   3.3333333e+00
  7.3934771e-01   6.7332382e-01  -7.3934862e-01  -6.7332281e-01   3.3333333e+00
  7.3979636e-01   6.7283084e-01  -7.3979726e-01  -6.7282986e-01   3.3333333e+00
  7.4023625e-01   6.7234686e-01  -7.4023712e-01  -6.7234590e-01   3.3333333e+00
  7.4066806e-01   6.7187114e-01  -7.4066891e-01  -6.7187020e-01   3.3333333e+00
  7.4109244e-01   6.7140300e-01  -7.4109327e-01  -6.7140209e-01   3.3333333e+00
  7.4150996e-01   6.7094186e-01  -7.4151076e-01  -6.7094097e-01   3.3333333e+00
  7.4192113e-01   6.7048717e-01  -7.4192191e-01  -6.7048630e-01   3.3333333e+00
  7.4232642e-01   6.7003842e-01  -7.4232718e-01  -6.7003758e-01   3.3333333e+00
  7.4272625e-01   6.6959519e-01  -7.4272699e-01  -6.6959436e-01   3.3333333e+00
  7.4312102e-01   6.6915704e-01  -7.4312174e-01  -6.6915624e-01   3.3333333e+00
  7.4351108e-01   6.6872362e-01  -7.4351178e-01  -6.6872284e-01   3.3333333e+00
  7.4389675e-01   6.6829456e-01  -7.4389743e-01  -6.6829380e-01   3.3333333e+00
  7.4427834e-01   6.6786956e-01  -7.4427901e-01  -6.6786882e-01   3.3333333e+00
  7.4465613e-01   6.6744831e-01  -7.4465677e-01  -6.6744760e-01   3.3333333e+00
  7.4503036e-01   6.6703055e-01  -7.4503099e-01  -6.6702985e-01   3.3333333e+00
  7.4540129e-01   6.6661602e-01  -7.4540190e-01  -6.6661534e-01   3.3333333e+00
  7.4576913e-01   6.6620448e-01  -7.4576971e-01  -6.6620382e-01   3.3333333e+00
  7.4613408e-01   6.6579572e-01  -7.4613465e-01  -6.6579508e-01   3.3333333e+00
  7.4649634e-01   6.6538952e-01  -7.4649689e-01  -6.6538891e-01   3.3333333e+00
  7.4685608e-01   6.6498571e-01  -7.4685661e-01  -6.6498511e-01   3.3333333e+00
  7.4721348e-01   6.6458409e-01  -7.4721399e-01  -6.6458352e-01   3.3333333e+00
  7.4756868e-01   6.6418451e-01  -7.4756918e-01  -6.6418395e-01   3.3333333e+00
  7.4792184e-01   6.6378680e-01  -7.4792232e-01  -6.6378626e-01   3.3333333e+00
  7.4827309e-01   6.6339082e-01  -7.4827355e-01  -6.6339030e-01   3.3333333e+00
  7.4862257e-01   6.6299642e-01  -7.4862301e-01  -6.6299592e-01   3.3333333e+00
  7.4897038e-01   6.6260348e-01  -7.4897080e-01  -6.6260300e-01   3.3333333e+00
  7.4931664e-01   6.6221188e-01  -7.4931705e-01  -6.6221142e-01   3.3333333e+00
  7.4966146e-01   6.6182149e-01  -7.4966185e-01  -6.6182105e-01   3.3333333e+00
  7.5000494e-01   6.6143222e-01  -7.5000532e-01  -6.6143180e-01   3.3333333e+00
  7.5034718e-01   6.6104396e-01  -7.5034753e-01  -6.6104355e-01   3.3333333e+00
  7.5068825e-01   6.6065661e-01  -7.5068859e-01  -6.6065622e-01   3.3333333e+00
  7.5102824e-01   6.6027008e-01  -7.5102856e-01  -6.6026972e-01   3.3333333e+00
  7.5136723e-01   6.5988429e-01  -7.5136754e-01  -6.5988395e-01   3.3333333e+00
  7.5170529e-01   6.5949917e-01  -7.5170558e-01  -6.5949884e-01   3.3333333e+00
  7.5204249e-01   6.5911463e-01  -7.5204276e-01  -6.5911432e-01   3.3333333e+00
  7.5237889e-01   6.5873061e-01  -7.5237914e-01  -6.5873032e-01   3.3333333e+00
  7.5271454e-01   6.5834704e-01  -7.5271477e-01  -6.5834677e-01   3.3333333e+00
  7.5304950e-01   6.5796386e-01  -7.5304972e-01  -6.5796362e-01   3.3333333e+00
  7.5338382e-01   6.5758103e-01  -7.5338403e-01  -6.5758080e-01   3.3333333e+00
  7.5371755e-01   6.5719849e-01  -7.5371774e-01  -6.5719827e-01   3.3333333e+00
  7.5405073e-01   6.5681618e-01  -7.5405090e-01  -6.5681599e-01   3.3333333e+00
  7.5438339e-01   6.5643408e-01  -7.5438354e-01  -6.5643391e-01   3.3333333e+00
  7.5471557e-01   6.5605214e-01  -7.5471570e-01  -6.5605199e-01   3.3333333e+00
  7.5504729e-01   6.5567033e-01  -7.5504741e-01  -6.5567020e-01   3.3333333e+00
  7.5537860e-01   6.5528862e-01  -7.5537870e-01  -6.5528850e-01   3.3333333e+00
  7.5570950e-01   6.5490698e-01  -7.5570958e-01  -6.5490688e-01   3.3333333e+00
  7.5604002e-01   6.5452539e-01  -7.5604009e-01  -6.5452532e-01   3.3333333e+00
  7.5637017e-01   6.5414384e-01  -7.5637022e-01  -6.5414378e-01   3.3333333e+00
  7.5669997e-01   6.5376230e-01  -7.5670001e-01  -6.5376226e-01   3.3333333e+00
  7.5702943e-01   6.5338078e-01  -7.5702945e-01  -6.5338076e-01   3.3333333e+00
  7.5735855e-01   6.5299925e-01  -7.5735855e-01  -6.5299925e-01   3.3333333e+00
  7.5768733e-01   6.5261773e-01  -7.5768732e-01  -6.5261775e-01   3.3333333e+00
  7.5801579e-01   6.5223621e-01  -7.5801575e-01  -6.5223624e-01   3.3333333e+00
  7.5834391e-01   6.5185467e-01  -7.5834386e-01  -6.5185473e-01   3.3333333e+00
  7.5867171e-01   6.5147313e-01  -7.5867165e-01  -6.5147320e-01   3.3333333e+00
  7.5899921e-01   6.5109155e-01  -7.5899913e-01  -6.5109164e-01   3.3333333e+00
  7.5932641e-01   6.5070992e-01  -7.5932631e-01  -6.5071004e-01   3.3333333e+00
  7.5965334e-01   6.5032823e-01  -7.5965322e-01  -6.5032836e-01   3.3333333e+00
  7.5998001e-01   6.4994645e-01  -7.5997988e-01  -6.4994660e-01   3.3333333e+00
  7.6030645e-01   6.4956455e-01  -7.6030631e-01  -6.4956472e-01   3.3333333e+00
  7.6063269e-01   6.4918249e-01  -7.6063253e-01  -6.4918268e-01   3.3333333e+00
  7.6095876e-01   6.4880025e-01  -7.6095858e-01  -6.4880046e-01   3.3333333e+00
  7.6128469e-01   6.4841778e-01  -7.6128450e-01  -6.4841801e-01   3.3333333e+00
  7.6161052e-01   6.4803504e-01  -7.6161031e-01  -6.4803529e-01   3.3333333e+00
  7.6193629e-01   6.4765198e-01  -7.6193607e-01  -6.4765224e-01   3.3333333e+00
  7.6226205e-01   6.4726854e-01  -7.6226181e-01  -6.4726883e-01   3.3333333e+00
  7.6258784e-01   6.4688468e-01  -7.6258758e-01  -6.4688499e-01   3.3333333e+00
  7.6291371e-01   6.4650033e-01  -7.6291343e-01  -6.4650065e-01   3.3333333e+00
  7.6323971e-01   6.4611543e-01  -7.6323942e-01  -6.4611577e-01   3.3333333e+00
  7.6356591e-01   6.4572990e-01  -7.6356560e-01  -6.4573026e-01   3.3333333e+00
  7.6389236e-01   6.4534367e-01  -7.6389204e-01  -6.4534406e-01   3.3333333e+00
  7.6421914e-01   6.4495667e-01  -7.6421880e-01  -6.4495708e-01   3.3333333e+00
  7.6454630e-01   6.4456882e-01  -7.6454594e-01  -6.4456924e-01   3.3333333e+00
  7.6487392e-01   6.4418001e-01  -7.6487355e-01  -6.4418045e-01   3.3333333e+00
  7.6520209e-01   6.4379016e-01  -7.6520170e-01  -6.4379062e-01   3.3333333e+00
  7.6553087e-01   6.4339917e-01  -7.6553047e-01  -6.4339965e-01   3.3333333e+00
  7.6586036e-01   6.4300692e-01  -7.6585994e-01  -6.4300742e-01   3.3333333e+00
  7.6619065e-01   6.4261332e-01  -7.6619022e-01  -6.4261384e-01   3.3333333e+00
  7.6652184e-01   6.4221824e-01  -7.6652139e-01  -6.4221878e-01   3.3333333e+00
  7.6685403e-01   6.4182155e-01  -7.6685356e-01  -6.4182211e-01   3.3333333e+00
  7.6718732e-01   6.4142312e-01  -7.6718684e-01  -6.4142370e-01   3.3333333e+00
  7.6752184e-01   6.4102280e-01  -7.6752133e-01  -6.4102340e-01   3.3333333e+00
  7.6785769e-01   6.4062045e-01  -7.6785717e-01  -6.4062107e-01   3.3333333e+00
  7.6819502e-01   6.4021591e-01  -7.6819449e-01  -6.4021655e-01   3.3333333e+00
  7.6853396e-01   6.3980900e-01  -7.6853340e-01  -6.3980966e-01   3.3333333e+00
  7.6887465e-01   6.3939955e-01  -7.6887408e-01  -6.3940023e-01   3.3333333e+00
  7.6921724e-01   6.3898735e-01  -7.6921666e-01  -6.3898805e-01   3.3333333e+00
  7.6956192e-01   6.3857220e-01  -7.6956131e-01  -6.3857293e-01   3.3333333e+00
  7.6990884e-01   6.3815389e-01  -7.6990822e-01  -6.3815463e-01   3.3333333e+00
  7.7025819e-01   6.3773217e-01  -7.7025756e-01  -6.3773293e-01   3.3333333e+00
  7.7061019e-01   6.3730678e-01  -7.7060954e-01  -6.3730757e-01   3.3333333e+00
  7.7096504e-01   6.3687746e-01  -7.7096437e-01  -6.3687828e-01   3.3333333e+00
  7.7132298e-01   6.3644392e-01  -7.7132229e-01  -6.3644475e-01   3.3333333e+00
  7.7168426e-01   6.3600582e-01  -7.7168355e-01  -6.3600668e-01   3.3333333e+00
  7.7204915e-01   6.3556283e-01  -7.7204842e-01  -6.3556371e-01   3.3333333e+00
  7.7241794e-01   6.3511458e-01  -7.7241719e-01  -6.3511548e-01   3.3333333e+00
  7.7279095e-01   6.3466066e-01  -7.7279019e-01  -6.3466158e-01   3.3333333e+00
  7.7316853e-01   6.3420062e-01  -7.7316775e-01  -6.3420157e-01   3.3333333e+00
  7.7355106e-01   6.3373398e-01  -7.7355026e-01  -6.3373495e-01   3.3333333e+00
  7.7393895e-01   6.3326021e-01  -7.7393814e-01  -6.3326121e-01   3.3333333e+00
  7.7433267e-01   6.3277872e-01  -7.7433184e-01  -6.3277974e-01   3.3333333e+00
  7.7473272e-01   6.3228887e-01  -7.7473187e-01  -6.3228991e-01   3.3333333e+00
  7.7513966e-01   6.3178992e-01  -7.7513879e-01  -6.3179099e-01   3.3333333e+00
  7.7555411e-01   6.3128109e-01  -7.7555322e-01  -6.3128219e-01   3.3333333e+00
  7.7597679e-01   6.3076147e-01  -7.7597587e-01  -6.3076259e-01   3.3333333e+00
  7.7640846e-01   6.3023004e-01  -7.7640753e-01  -6.3023119e-01   3.3333333e+00
  7.7685003e-01   6.2968566e-01  -7.7684907e-01  -6.2968684e-01   3.3333333e+00
  7.7730250e-01   6.2912703e-01  -7.7730153e-01  -6.2912824e-01   3.3333333e+00
  7.7776705e-01   6.2855264e-01  -7.7776605e-01  -6.2855388e-01   3.3333333e+00
  7.7824500e-01   6.2796076e-01  -7.7824398e-01  -6.2796203e-01   3.3333333e+00
  7.7873792e-01   6.2734938e-01  -7.7873688e-01  -6.2735068e-01   3.3333333e+00
  7.7924765e-01   6.2671612e-01  -7.7924658e-01  -6.2671745e-01   3.3333333e+00
  7.7977635e-01   6.2605818e-01  -7.7977526e-01  -6.2605954e-01   3.3333333e+00
  7.8032663e-01   6.2537216e-01  -7.8032551e-01  -6.2537356e-01   3.3333333e+00
  7.8090166e-01   6.2465398e-01  -7.8090052e-01  -6.2465541e-01   3.3333333e+00
  7.8150535e-01   6.2389854e-01  -7.8150417e-01  -6.2390001e-01   3.3333333e+00
  7.8214260e-01   6.2309947e-01  -7.8214139e-01  -6.2310099e-01   3.3333333e+00
  7.8281969e-01   6.2224861e-01  -7.8281845e-01  -6.2225017e-01   3.3333333e+00
  7.8354486e-01   6.2133521e-01  -7.8354359e-01  -6.2133682e-01   3.3333333e+00
  7.8432927e-01   6.2034474e-01  -7.8432796e-01  -6.2034640e-01   3.3333333e+00
  7.8518855e-01   6.1925677e-01  -7.8518720e-01  -6.1925848e-01   3.3333333e+00
  7.8614569e-01   6.1804122e-01  -7.8614429e-01  -6.1804300e-01   3.3333333e+00
  7.8723670e-01   6.1665093e-01  -7.8723525e-01  -6.1665278e-01   3.3333333e+00
  7.8852317e-01   6.1500505e-01  -7.8852166e-01  -6.1500699e-01   3.3333333e+00
  7.9012541e-01   6.1294521e-01  -7.9012383e-01  -6.1294725e-01   3.3333333e+00
  7.9233955e-01   6.1008036e-01  -7.9233786e-01  -6.1008255e-01   3.3333333e+00
  7.9642817e-01   6.0473313e-01  -7.9642630e-01  -6.0473560e-01   3.3333333e+00
  7.1590293e-01   6.9819983e-01  -7.1590507e-01  -6.9819763e-01   3.3333333e+00
  7.2063036e-01   6.9331946e-01  -7.2063225e-01  -6.9331750e-01   3.3333333e+00
  7.2316167e-01   6.9067880e-01  -7.2316342e-01  -6.9067696e-01   3.3333333e+00
  7.2498123e-01   6.8876862e-01  -7.2498290e-01  -6.8876687e-01   3.3333333e+00
  7.2643490e-01   6.8723529e-01  -7.2643649e-01  -6.8723361e-01   3.3333333e+00
  7.2766268e-01   6.8593515e-01  -7.2766420e-01  -6.8593353e-01   3.3333333e+00
  7.2873604e-01   6.8479471e-01  -7.2873750e-01  -6.8479315e-01   3.3333333e+00
  7.2969667e-01   6.8377099e-01  -7.2969808e-01  -6.8376948e-01   3.3333333e+00
  7.3057115e-01   6.8283658e-01  -7.3057252e-01  -6.8283511e-01   3.3333333e+00
  7.3137753e-01   6.8197281e-01  -7.3137886e-01  -6.8197138e-01   3.3333333e+00
  7.3212865e-01   6.8116638e-01  -7.3212994e-01  -6.8116500e-01   3.3333333e+00
  7.3283399e-01   6.8040748e-01  -7.3283525e-01  -6.8040613e-01   3.3333333e+00
  7.3350079e-01   6.7968860e-01  -7.3350201e-01  -6.7968728e-01   3.3333333e+00
  7.3413466e-01   6.7900390e-01  -7.3413585e-01  -6.7900262e-01   3.3333333e+00
  7.3474009e-01   6.7834873e-01  -7.3474125e-01  -6.7834748e-01   3.3333333e+00
  7.3532072e-01   6.7771930e-01  -7.3532184e-01  -6.7771808e-01   3.3333333e+00
  7.3587951e-01   6.7711251e-01  -7.3588060e-01  -6.7711132e-01   3.3333333e+00
  7.3641896e-01   6.7652577e-01  -7.3642002e-01  -6.7652461e-01   3.3333333e+00
  7.3694115e-01   6.7595691e-01  -7.3694219e-01  -6.7595577e-01   3.3333333e+00
  7.3744787e-01   6.7540405e-01  -7.3744889e-01  -6.7540295e-01   3.3333333e+00
  7.3794065e-01   6.7486561e-01  -7.3794164e-01  -6.7486453e-01   3.3333333e+00
  7.3842080e-01   6.7434021e-01  -7.3842177e-01  -6.7433915e-01   3.3333333e+00
  7.3888948e-01   6.7382663e-01  -7.3889042e-01  -6.7382560e-01   3.3333333e+00
  7.3934771e-01   6.7332382e-01  -7.3934862e-01  -6.7332281e-01   3.3333333e+00
  7.3979636e-01   6.7283084e-01  -7.3979726e-01  -6.7282986e-01   3.3333333e+00
  7.4023625e-01   6.7234686e-01  -7.4023712e-01  -6.7234590e-01   3.3333333e+00
  7.4066806e-01   6.7187114e-01  -7.4066891e-01  -6.7187020e-01   3.3333333e+00
  7.4109244e-01   6.7140300e-01  -7.4109327e-01  -6.7140209e-01   3.3333333e+00
  7.4150996e-01   6.7094186e-01  -7.4151076e-01  -6.7094097e-01   3.3333333e+00
  7.4192113e-01   6.7048717e-01  -7.4192191e-01  -6.7048630e-01   3.3333333e+00
  7.4232642e-01   6.7003842e-01  -7.4232718e-01  -6.7003758e-01   3.3333333e+00
  7.4272625e-01   6.6959519e-01  -7.4272699e-01  -6.6959436e-01   3.3333333e+00
  7.4312102e-01   6.6915704e-01  -7.4312174e-01  -6.6915624e-01   3.3333333e+00
  7.4351108e-01   6.6872362e-01  -7.4351178e-01  -6.6872284e-01   3.3333333e+00
  7.4389675e-01   6.6829456e-01  -7.4389743e-01  -6.6829380e-01   3.3333333e+00
  7.4427834e-01   6.6786956e-01  -7.4427901e-01  -6.6786882e-01   3.3333333e+00
  7.4465613e-01   6.6744831e-01  -7.4465677e-01  -6.6744760e-01   3.3333333e+00
  7.4503036e-01   6.6703055e-01  -7.4503099e-01  -6.6702985e-01   3.3333333e+00
  7.4540129e-01   6.6661602e-01  -7.4540190e-01  -6.6661534e-01   3.3333333e+00
  7.4576913e-01   6.6620448e-01  -7.4576971e-01  -6.6620382e-01   3.3333333e+00
  7.4613408e-01   6.6579572e-01  -7.4613465e-01  -6.6579508e-01   3.3333333e+00
  7.4649634e-01   6.6538952e-01  -7.4649689e-01  -6.6538891e-01   3.3333333e+00
  7.4685608e-01   6.6498571e-01  -7.4685661e-01  -6.6498511e-01   3.3333333e+00
  7.4721348e-01   6.6458409e-01  -7.4721399e-01  -6.6458352e-01   3.3333333e+00
  7.4756868e-01   6.6418451e-01  -7.4756918e-01  -6.6418395e-01   3.3333333e+00
  7.4792184e-01   6.6378680e-01  -7.4792232e-01  -6.6378626e-01   3.3333333e+00
  7.4827309e-01   6.6339082e-01  -7.4827355e-01  -6.6339030e-01   3.3333333e+00
  7.4862257e-01   6.6299642e-01  -7.4862301e-01  -6.6299592e-01   3.3333333e+00
  7.4897038e-01   6.6260348e-01  -7.4897080e-01  -6.6260300e-01   3.3333333e+00
  7.4931664e-01   6.6221188e-01  -7.4931705e-01  -6.6221142e-01   3.3333333e+00
  7.4966146e-01   6.6182149e-01  -7.4966185e-01  -6.6182105e-01   3.3333333e+00
  7.5000494e-01   6.6143222e-01  -7.5000532e-01  -6.6143180e-01   3.3333333e+00
  7.5034718e-01   6.6104396e-01  -7.5034753e-01  -6.6104355e-01   3.3333333e+00
  7.5068825e-01   6.6065661e-01  -7.5068859e-01  -6.6065622e-01   3.3333333e+00
  7.5102824e-01   6.6027008e-01  -7.5102856e-01  -6.6026972e-01   3.3333333e+00
  7.5136723e-01   6.5988429e-01  -7.5136754e-01  -6.5988395e-01   3.3333333e+00
  7.5170529e-01   6.5949917e-01  -7.5170558e-01  -6.5949884e-01   3.3333333e+00
  7.5204249e-01   6.5911463e-01  -7.5204276e-01  -6.5911432e-01   3.3333333e+00
  7.5237889e-01   6.5873061e-01  -7.5237914e-01  -6.5873032e-01   3.3333333e+00
  7.5271454e-01   6.5834704e-01  -7.5271477e-01  -6.5834677e-01   3.3333333e+00
  7.5304950e-01   6.5796386e-01  -7.5304972e-01  -6.5796362e-01   3.3333333e+00
  7.5338382e-01   6.5758103e-01  -7.5338403e-01  -6.5758080e-01   3.3333333e+00
  7.5371755e-01   6.5719849e-01  -7.5371774e-01  -6.5719827e-01   3.3333333e+00
  7.5405073e-01   6.5681618e-01  -7.5405090e-01  -6.5681599e-01   3.3333333e+00
  7.5438339e-01   6.5643408e-01  -7.5438354e-01  -6.5643391e-01   3.3333333e+00
  7.5471557e-01   6.5605214e-01  -7.5471570e-01  -6.5605199e-01   3.3333333e+00
  7.5504729e-01   6.5567033e-01  -7.5504741e-01  -6.5567020e-01   3.3333333e+00
  7.5537860e-01   6.5528862e-01  -7.5537870e-01  -6.5528850e-01   3.3333333e+00
  7.5570950e-01   6.5490698e-01  -7.5570958e-01  -6.5490688e-01   3.3333333e+00
  7.5604002e-01   6.5452539e-01  -7.5604009e-01  -6.5452532e-01   3.3333333e+00
  7.5637017e-01   6.5414384e-01  -7.5637022e-01  -6.5414378e-01   3.3333333e+00
  7.5669997e-01   6.5376230e-01  -7.5670001e-01  -6.5376226e-01   3.3333333e+00
  7.5702943e-01   6.5338078e-01  -7.5702945e-01  -6.5338076e-01   3.3333333e+00
  7.5735855e-01   6.5299925e-01  -7.5735855e-01  -6.5299925e-01   3.3333333e+00
  7.5768733e-01   6.5261773e-01  -7.5768732e-01  -6.5261775e-01   3.3333333e+00
  7.5801579e-01   6.5223621e-01  -7.5801575e-01  -6.5223624e-01   3.3333333e+00
  7.5834391e-01   6.5185467e-01  -7.5834386e-01  -6.5185473e-01   3.3333333e+00
  7.5867171e-01   6.5147313e-01  -7.5867165e-01  -6.5147320e-01   3.3333333e+00
  7.5899921e-01   6.5109155e-01  -7.5899913e-01  -6.5109164e-01   3.3333333e+00
  7.5932641e-01   6.5070992e-01  -7.5932631e-01  -6.5071004e-01   3.3333333e+00
  7.5965334e-01   6.5032823e-01  -7.5965322e-01  -6.5032836e-01   3.3333333e+00
  7.5998001e-01   6.4994645e-01  -7.5997988e-01  -6.4994660e-01   3.3333333e+00
  7.6030645e-01   6.4956455e-01  -7.6030631e-01  -6.4956472e-01   3.3333333e+00
  7.6063269e-01   6.4918249e-01  -7.6063253e-01  -6.4918268e-01   3.3333333e+00
  7.6095876e-01   6.4880025e-01  -7.6095858e-01  -6.4880046e-01   3.3333333e+00
  7.6128469e-01   6.4841778e-01  -7.6128450e-01  -6.4841801e-01   3.3333333e+00
  7.6161052e-01   6.4803504e-01  -7.6161031e-01  -6.4803529e-01   3.3333333e+00
  7.6193629e-01   6.4765198e-01  -7.6193607e-01  -6.4765224e-01   3.3333333e+00
  7.6226205e-01   6.4726854e-01  -7.6226181e-01  -6.4726883e-01   3.3333333e+00
  7.6258784e-01   6.4688468e-01  -7.6258758e-01  -6.4688499e-01   3.3333333e+00
  7.6291371e-01   6.4650033e-01  -7.6291343e-01  -6.4650065e-01   3.3333333e+00
  7.6323971e-01   6.4611543e-01  -7.6323942e-01  -6.4611577e-01   3.3333333e+00
  7.6356591e-01   6.4572990e-01  -7.6356560e-01  -6.4573026e-01   3.3333333e+00
  7.6389236e-01   6.4534367e-01  -7.6389204e-01  -6.4534406e-01   3.3333333e+00
  7.6421914e-01   6.4495667e-01  -7.6421880e-01  -6.4495708e-01   3.3333333e+00
  7.6454630e-01   6.4456882e-01  -7.6454594e-01  -6.4456924e-01   3.3333333e+00
  7.6487392e-01   6.4418001e-01  -7.6487355e-01  -6.4418045e-01   3.3333333e+00
  7.6520209e-01   6.4379016e-01  -7.6520170e-01  -6.4379062e-01   3.3333333e+00
  7.6553087e-01   6.4339917e-01  -7.6553047e-01  -6.4339965e-01   3.3333333e+00
  7.6586036e-01   6.4300692e-01  -7.6585994e-01  -6.4300742e-01   3.3333333e+00
  7.6619065e-01   6.4261332e-01  -7.6619022e-01  -6.4261384e-01   3.3333333e+00
  7.6652184e-01   6.4221824e-01  -7.6652139e-01  -6.4221878e-01   3.3333333e+00
  7.6685403e-01   6.4182155e-01  -7.6685356e-01  -6.4182211e-01   3.3333333e+00
  7.6718732e-01   6.4142312e-01  -7.6718684e-01  -6.4142370e-01   3.3333333e+00
  7.6752184e-01   6.4102280e-01  -7.6752133e-01  -6.4102340e-01   3.3333333e+00
  7.6785769e-01   6.4062045e-01  -7.6785717e-01  -6.4062107e-01   3.3333333e+00
  7.6819502e-01   6.4021591e-01  -7.6819449e-01  -6.4021655e-01   3.3333333e+00
  7.6853396e-01   6.3980900e-01  -7.6853340e-01  -6.3980966e-01   3.3333333e+00
  7.6887465e-01   6.3939955e-01  -7.6887408e-01  -6.3940023e-01   3.3333333e+00
  7.6921724e-01   6.3898735e-01  -7.6921666e-01  -6.3898805e-01   3.3333333e+00
  7.6956192e-01   6.3857220e-01  -7.6956131e-01  -6.3857293e-01   3.3333333e+00
  7.6990884e-01   6.3815389e-01  -7.6990822e-01  -6.3815463e-01   3.3333333e+00
  7.7025819e-01   6.3773217e-01  -7.7025756e-01  -6.3773293e-01   3.3333333e+00
  7.7061019e-01   6.3730678e-01  -7.7060954e-01  -6.3730757e-01   3.3333333e+00
  7.7096504e-01   6.3687746e-01  -7.7096437e-01  -6.3687828e-01   3.3333333e+00
  7.7132298e-01   6.3644392e-01  -7.7132229e-01  -6.3644475e-01   3.3333333e+00
  7.7168426e-01   6.3600582e-01  -7.7168355e-01  -6.3600668e-01   3.3333333e+00
  7.7204915e-01   6.3556283e-01  -7.7204842e-01  -6.3556371e-01   3.3333333e+00
  7.7241794e-01   6.3511458e-01  -7.7241719e-01  -6.3511548e-01   3.3333333e+00
  7.7279095e-01   6.3466066e-01  -7.7279019e-01  -6.3466158e-01   3.3333333e+00
  7.7316853e-01   6.3420062e-01  -7.7316775e-01  -6.3420157e-01   3.3333333e+00
  7.7355106e-01   6.3373398e-01  -7.7355026e-01  -6.3373495e-01   3.3333333e+00
  7.7393895e-01   6.3326021e-01  -7.7393814e-01  -6.3326121e-01   3.3333333e+00
  7.7433267e-01   6.3277872e-01  -7.7433184e-01  -6.3277974e-01   3.3333333e+00
  7.7473272e-01   6.3228887e-01  -7.7473187e-01  -6.3228991e-01   3.3333333e+00
  7.7513966e-01   6.3178992e-01  -7.7513879e-01  -6.3179099e-01   3.3333333e+00
  7.7555411e-01   6.3128109e-01  -7.7555322e-01  -6.3128219e-01   3.3333333e+00
  7.7597679e-01   6.3076147e-01  -7.7597587e-01  -6.3076259e-01   3.3333333e+00
  7.7640846e-01   6.3023004e-01  -7.7640753e-01  -6.3023119e-01   3.3333333e+00
  7.7685003e-01   6.2968566e-01  -7.7684907e-01  -6.2968684e-01   3.3333333e+00
  7.7730250e-01   6.2912703e-01  -7.7730153e-01  -6.2912824e-01   3.3333333e+00
  7.7776705e-01   6.2855264e-01  -7.7776605e-01  -6.2855388e-01   3.3333333e+00
  7.7824500e-01   6.2796076e-01  -7.7824398e-01  -6.2796203e-01   3.3333333e+00
  7.7873792e-01   6.2734938e-01  -7.7873688e-01  -6.2735068e-01   3.3333333e+00
  7.7924765e-01   6.2671612e-01  -7.7924658e-01  -6.2671745e-01   3.3333333e+00
  7.7977635e-01   6.2605818e-01  -7.7977526e-01  -6.2605954e-01   3.3333333e+00
  7.8032663e-01   6.2537216e-01  -7.8032551e-01  -6.2537356e-01   3.3333333e+00
  7.8090166e-01   6.2465398e-01  -7.8090052e-01  -6.2465541e-01   3.3333333e+00
  7.8150535e-01   6.2389854e-01  -7.8150417e-01  -6.2390001e-01   3.3333333e+00
  7.8214260e-01   6.2309947e-01  -7.8214139e-01  -6.2310099e-01   3.3333333e+00
  7.8281969e-01   6.2224861e-01  -7.8281845e-01  -6.2225017e-01   3.3333333e+00
  7.8354486e-01   6.2133521e-01  -7.8354359e-01  -6.2133682e-01   3.3333333e+00
  7.8432927e-01   6.2034474e-01  -7.8432796e-01  -6.2034640e-01   3.3333333e+00
  7.8518855e-01   6.1925677e-01  -7.8518720e-01  -6.1925848e-01   3.3333333e+00
  7.8614569e-01   6.1804122e-01  -7.8614429e-01  -6.1804300e-01   3.3333333e+00
  7.8723670e-01   6.1665093e-01  -7.8723525e-01  -6.1665278e-01   3.3333333e+00
  7.8852317e-01   6.1500505e-01  -7.8852166e-01  -6.1500699e-01   3.3333333e+00
  7.9012541e-01   6.1294521e-01  -7.9012383e-01  -6.1294725e-01   3.3333333e+00
  7.9233955e-01   6.1008036e-01  -7.9233786e-01  -6.1008255e-01   3.3333333e+00
  7.9642817e-01   6.0473313e-01  -7.9642630e-01  -6.0473560e-01   3.3333333e+00
  7.1590293e-01   6.9819983e-01  -7.1590507e-01  -6.9819763e-01   3.3333333e+00
  7.2063036e-01   6.9331946e-01  -7.2063225e-01  -6.9331750e-01   3.3333333e+00
  7.2316167e-01   6.9067880e-01  -7.2316342e-01  -6.9067696e-01   3.3333333e+00
  7.2498123e-01   6.8876862e-01  -7.2498290e-01  -6.8876687e-01   3.3333333e+00
  7.2643490e-01   6.8723529e-01  -7.2643649e-01  -6.8723361e-01   3.3333333e+00
  7.2766268e-01   6.8593515e-01  -7.2766420e-01  -6.8593353e-01   3.3333333e+00
  7.2873604e-01   6.8479471e-01  -7.2873750e-01  -6.8479315e-01   3.3333333e+00
  7.2969667e-01   6.8377099e-01  -7.2969808e-01  -6.8376948e-01   3.3333333e+00
  7.3057115e-01   6.8283658e-01  -7.3057252e-01  -6.8283511e-01   3.3333333e+00
  7.3137753e-01   6.8197281e-01  -7.3137886e-01  -6.8197138e-01   3.3333333e+00
  7.3212865e-01   6.8116638e-01  -7.3212994e-01  -6.8116500e-01   3.3333333e+00
  7.3283399e-01   6.8040748e-01  -7.3283525e-01  -6.8040613e-01   3.3333333e+00
  7.3350079e-01   6.7968860e-01  -7.3350201e-01  -6.7968728e-01   3.3333333e+00
  7.3413466e-01   6.7900390e-01  -7.3413585e-01  -6.7900262e-01   3.3333333e+00
  7.3474009e-01   6.7834873e-01  -7.3474125e-01  -6.7834748e-01   3.3333333e+00
  7.3532072e-01   6.7771930e-01  -7.3532184e-01  -6.7771808e-01   3.3333333e+00
  7.3587951e-01   6.7711251e-01  -7.3588060e-01  -6.7711132e-01   3.3333333e+00
  7.3641896e-01   6.7652577e-01  -7.3642002e-01  -6.7652461e-01   3.3333333e+00
  7.3694115e-01   6.7595691e-01  -7.3694219e-01  -6.7595577e-01   3.3333333e+00
  7.3744787e-01   6.7540405e-01  -7.3744889e-01  -6.7540295e-01   3.3333333e+00
  7.3794065e-01   6.7486561e-01  -7.3794164e-01  -6.7486453e-01   3.3333333e+00
  7.3842080e-01   6.7434021e-01  -7.3842177e-01  -6.7433915e-01   3.3333333e+00
  7.3888948e-01   6.7382663e-01  -7.3889042e-01  -6.7382560e-01   3.3333333e+00
  7.3934771e-01   6.7332382e-01  -7.3934862e-01  -6.7332281e-01   3.3333333e+00
  7.3979636e-01   6.7283084e-01  -7.3979726e-01  -6.7282986e-01   3.3333333e+00
  7.4023625e-01   6.7234686e-01  -7.4023712e-01  -6.7234590e-01   3.3333333e+00
  7.4066806e-01   6.7187114e-01  -7.4066891e-01  -6.7187020e-01   3.3333333e+00
  7.4109244e-01   6.7140300e-01  -7.4109327e-01  -6.7140209e-01   3.3333333e+00
  7.4150996e-01   6.7094186e-01  -7.4151076e-01  -6.7094097e-01   3.3333333e+00
  7.4192113e-01   6.7048717e-01  -7.4192191e-01  -6.7048630e-01   3.3333333e+00
  7.4232642e-01   6.7003842e-01  -7.4232718e-01  -6.7003758e-01   3.3333333e+00
  7.4272625e-01   6.6959519e-01  -7.4272699e-01  -6.6959436e-01   3.3333333e+00
  7.4312102e-01   6.6915704e-01  -7.4312174e-01  -6.6915624e-01   3.3333333e+00
  7.4351108e-01   6.6872362e-01  -7.4351178e-01  -6.6872284e-01   3.3333333e+00
  7.4389675e-01   6.6829456e-01  -7.4389743e-01  -6.6829380e-01   3.3333333e+00
  7.4427834e-01   6.6786956e-01  -7.4427901e-01  -6.6786882e-01   3.3333333e+00
  7.4465613e-01   6.6744831e-01  -7.4465677e-01  -6.6744760e-01   3.3333333e+00
  7.4503036e-01   6.6703055e-01  -7.4503099e-01  -6.6702985e-01   3.3333333e+00
  7.4540129e-01   6.6661602e-01  -7.4540190e-01  -6.6661534e-01   3.3333333e+00
  7.4576913e-01   6.6620448e-01  -7.4576971e-01  -6.6620382e-01   3.3333333e+00
  7.4613408e-01   6.6579572e-01  -7.4613465e-01  -6.6579508e-01   3.3333333e+00
  7.4649634e-01   6.6538952e-01  -7.4649689e-01  -6.6538891e-01   3.3333333e+00
  7.4685608e-01   6.6498571e-01  -7.4685661e-01  -6.6498511e-01   3.3333333e+00
  7.4721348e-01   6.6458409e-01  -7.4721399e-01  -6.6458352e-01   3.3333333e+00
  7.4756868e-01   6.6418451e-01  -7.4756918e-01  -6.6418395e-01   3.3333333e+00
  7.4792184e-01   6.6378680e-01  -7.4792232e-01  -6.6378626e-01   3.3333333e+00
  7.4827309e-01   6.6339082e-01  -7.4827355e-01  -6.6339030e-01   3.3333333e+00
  7.4862257e-01   6.6299642e-01  -7.4862301e-01  -6.6299592e-01   3.3333333e+00
  7.4897038e-01   6.6260348e-01  -7.4897080e-01  -6.6260300e-01   3.3333333e+00
  7.4931664e-01   6.6221188e-01  -7.4931705e-01  -6.6221142e-01   3.3333333e+00
  7.4966146e-01   6.6182149e-01  -7.4966185e-01  -6.6182105e-01   3.3333333e+00
  7.5000494e-01   6.6143222e-01  -7.5000532e-01  -6.6143180e-01   3.3333333e+00
  7.5034718e-01   6.6104396e-01  -7.5034753e-01  -6.6104355e-01   3.3333333e+00
  7.5068825e-01   6.6065661e-01  -7.5068859e-01  -6.6065622e-01   3.3333333e+00
  7.5102824e-01   6.6027008e-01  -7.5102856e-01  -6.6026972e-01   3.3333333e+00
  7.5136723e-01   6.5988429e-01  -7.5136754e-01  -6.5988395e-01   3.3333333e+00
  7.5170529e-01   6.5949917e-01  -7.5170558e-01  -6.5949884e-01   3.3333333e+00
  7.5204249e-01   6.5911463e-01  -7.5204276e-01  -6.5911432e-01   3.3333333e+00
  7.5237889e-01   6.5873061e-01  -7.5237914e-01  -6.5873032e-01   3.3333333e+00
  7.5271454e-01   6.5834704e-01  -7.5271477e-01  -6.5834677e-01   3.3333333e+00
  7.5304950e-01   6.5796386e-01  -7.5304972e-01  -6.5796362e-01   3.3333333e+00
  7.5338382e-01   6.5758103e-01  -7.5338403e-01  -6.5758080e-01   3.3333333e+00
  7.5371755e-01   6.5719849e-01  -7.5371774e-01  -6.5719827e-01   3.3333333e+00
  7.5405073e-01   6.5681618e-01  -7.5405090e-01  -6.5681599e-01   3.3333333e+00
  7.5438339e-01   6.5643408e-01  -7.5438354e-01  -6.5643391e-01   3.3333333e+00
  7.5471557e-01   6.5605214e-01  -7.5471570e-01  -6.5605199e-01   3.3333333e+00
  7.5504729e-01   6.5567033e-01  -7.5504741e-01  -6.5567020e-01   3.3333333e+00
  7.5537860e-01   6.5528862e-01  -7.5537870e-01  -6.5528850e-01   3.3333333e+00
  7.5570950e-01   6.5490698e-01  -7.5570958e-01  -6.5490688e-01   3.3333333e+00
  7.5604002e-01   6.5452539e-01  -7.5604009e-01  -6.5452532e-01   3.3333333e+00
  7.5637017e-01   6.5414384e-01  -7.5637022e-01  -6.5414378e-01   3.3333333e+00
  7.5669997e-01   6.5376230e-01  -7.5670001e-01  -6.5376226e-01   3.3333333e+00
  7.5702943e-01   6.5338078e-01  -7.5702945e-01  -6.5338076e-01   3.3333333e+00
  7.5735855e-01   6.5299925e-01  -7.5735855e-01  -6.5299925e-01   3.3333333e+00
  7.5768733e-01   6.5261773e-01  -7.5768732e-01  -6.5261775e-01   3.3333333e+00
  7.5801579e-01   6.5223621e-01  -7.5801575e-01  -6.5223624e-01   3.3333333e+00
  7.5834391e-01   6.5185467e-01  -7.5834386e-01  -6.5185473e-01   3.3333333e+00
  7.5867171e-01   6.5147313e-01  -7.5867165e-01  -6.5147320e-01   3.3333333e+00
  7.5899921e-01   6.5109155e-01  -7.5899913e-01  -6.5109164e-01   3.3333333e+00
  7.5932641e-01   6.5070992e-01  -7.5932631e-01  -6.5071004e-01   3.3333333e+00
  7.5965334e-01   6.5032823e-01  -7.5965322e-01  -6.5032836e-01   3.3333333e+00
  7.5998001e-01   6.4994645e-01  -7.5997988e-01  -6.4994660e-01   3.3333333e+00
  7.6030645e-01   6.4956455e-01  -7.6030631e-01  -6.4956472e-01   3.3333333e+00
  7.6063269e-01   6.4918249e-01  -7.6063253e-01  -6.4918268e-01   3.3333333e+00
  7.6095876e-01   6.4880025e-01  -7.6095858e-01  -6.4880046e-01   3.3333333e+00
  7.6128469e-01   6.4841778e-01  -7.6128450e-01  -6.4841801e-01   3.3333333e+00
  7.6161052e-01   6.4803504e-01  -7.6161031e-01  -6.4803529e-01   3.3333333e+00
  7.6193629e-01   6.4765198e-01  -7.6193607e-01  -6.4765224e-01   3.3333333e+00
  7.6226205e-01   6.4726854e-01  -7.6226181e-01  -6.4726883e-01   3.3333333e+00
  7.6258784e-01   6.4688468e-01  -7.6258758e-01  -6.4688499e-01   3.3333333e+00
  7.6291371e-01   6.4650033e-01  -7.6291343e-01  -6.4650065e-01   3.3333333e+00
  7.6323971e-01   6.4611543e-01  -7.6323942e-01  -6.4611577e-01   3.3333333e+00
  7.6356591e-01   6.4572990e-01  -7.6356560e-01  -6.4573026e-01   3.3333333e+00
  7.6389236e-01   6.4534367e-01  -7.6389204e-01  -6.4534406e-01   3.3333333e+00
  7.6421914e-01   6.4495667e-01  -7.6421880e-01  -6.4495708e-01   3.3333333e+00
  7.6454630e-01   6.4456882e-01  -7.6454594e-01  -6.4456924e-01   3.3333333e+00
  7.6487392e-01   6.4418001e-01  -7.6487355e-01  -6.4418045e-01   3.3333333e+00
  7.6520209e-01   6.4379016e-01  -7.6520170e-01  -6.4379062e-01   3.3333333e+00
  7.6553087e-01   6.4339917e-01  -7.6553047e-01  -6.4339965e-01   3.3333333e+00
  7.6586036e-01   6.4300692e-01  -7.6585994e-01  -6.4300742e-01   3.3333333e+00
  7.6619065e-01   6.4261332e-01  -7.6619022e-01  -6.4261384e-01   3.3333333e+00
  7.6652184e-01   6.4221824e-01  -7.6652139e-01  -6.4221878e-01   3.3333333e+00
  7.6685403e-01   6.4182155e-01  -7.6685356e-01  -6.4182211e-01   3.3333333e+00
  7.6718732e-01   6.4142312e-01  -7.6718684e-01  -6.4142370e-01   3.3333333e+00
  7.6752184e-01   6.4102280e-01  -7.6752133e-01  -6.4102340e-01   3.3333333e+00
  7.6785769e-01   6.4062045e-01  -7.6785717e-01  -6.4062107e-01   3.3333333e+00
  7.6819502e-01   6.4021591e-01  -7.6819449e-01  -6.4021655e-01   3.3333333e+00
  7.6853396e-01   6.3980900e-01  -7.6853340e-01  -6.3980966e-01   3.3333333e+00
  7.6887465e-01   6.3939955e-01  -7.6887408e-01  -6.3940023e-01   3.3333333e+00
  7.6921724e-01   6.3898735e-01  -7.6921666e-01  -6.3898805e-01   3.3333333e+00
  7.6956192e-01   6.3857220e-01  -7.6956131e-01  -6.3857293e-01   3.3333333e+00
  7.6990884e-01   6.3815389e-01  -7.6990822e-01  -6.3815463e-01   3.3333333e+00
  7.7025819e-01   6.3773217e-01  -7.7025756e-01  -6.3773293e-01   3.3333333e+00
  7.7061019e-01   6.3730678e-01  -7.7060954e-01  -6.3730757e-01   3.3333333e+00
  7.7096504e-01   6.3687746e-01  -7.7096437e-01  -6.3687828e-01   3.3333333e+00
  7.7132298e-01   6.3644392e-01  -7.7132229e-01  -6.3644475e-01   3.3333333e+00
  7.7168426e-01   6.3600582e-01  -7.7168355e-01  -6.3600668e-01   3.3333333e+00
  7.7204915e-01   6.3556283e-01  -7.7204842e-01  -6.3556371e-01   3.3333333e+00
  7.7241794e-01   6.3511458e-01  -7.7241719e-01  -6.3511548e-01   3.3333333e+00
  7.7279095e-01   6.3466066e-01  -7.7279019e-01  -6.3466158e-01   3.3333333e+00
  7.7316853e-01   6.3420062e-01  -7.7316775e-01  -6.3420157e-01   3.3333333e+00
  7.7355106e-01   6.3373398e-01  -7.7355026e-01  -6.3373495e-01   3.3333333e+00
  7.7393895e-01   6.3326021e-01  -7.7393814e-01  -6.3326121e-01   3.3333333e+00
  7.7433267e-01   6.3277872e-01  -7.7433184e-01  -6.3277974e-01   3.3333333e+00
  7.7473272e-01   6.3228887e-01  -7.7473187e-01  -6.3228991e-01   3.3333333e+00
  7.7513966e-01   6.3178992e-01  -7.7513879e-01  -6.3179099e-01   3.3333333e+00
  7.7555411e-01   6.3128109e-01  -7.7555322e-01  -6.3128219e-01   3.3333333e+00
  7.7597679e-01   6.3076147e-01  -7.7597587e-01  -6.3076259e-01   3.3333333e+00
  7.7640846e-01   6.3023004e-01  -7.7640753e-01  -6.3023119e-01   3.3333333e+00
  7.7685003e-01   6.2968566e-01  -7.7684907e-01  -6.2968684e-01   3.3333333e+00
  7.7730250e-01   6.2912703e-01  -7.7730153e-01  -6.2912824e-01   3.3333333e+00
  7.7776705e-01   6.2855264e-01  -7.7776605e-01  -6.2855388e-01   3.3333333e+00
  7.7824500e-01   6.2796076e-01  -7.7824398e-01  -6.2796203e-01   3.3333333e+00
  7.7873792e-01   6.2734938e-01  -7.7873688e-01  -6.2735068e-01   3.3333333e+00
  7.7924765e-01   6.2671612e-01  -7.7924658e-01  -6.2671745e-01   3.3333333e+00
  7.7977635e-01   6.2605818e-01  -7.7977526e-01  -6.2605954e-01   3.3333333e+00
  7.8032663e-01   6.2537216e-01  -7.8032551e-01  -6.2537356e-01   3.3333333e+00
  7.8090166e-01   6.2465398e-01  -7.8090052e-01  -6.2465541e-01   3.3333333e+00
  7.8150535e-01   6.2389854e-01  -7.8150417e-01  -6.2390001e-01   3.3333333e+00
  7.8214260e-01   6.2309947e-01  -7.8214139e-01  -6.2310099e-01   3.3333333e+00
  7.8281969e-01   6.2224861e-01  -7.8281845e-01  -6.2225017e-01   3.3333333e+00
  7.8354486e-01   6.2133521e-01  -7.8354359e-01  -6.2133682e-01   3.3333333e+00
  7.8432927e-01   6.2034474e-01  -7.8432796e-01  -6.2034640e-01   3.3333333e+00
  7.8518855e-01   6.1925677e-01  -7.8518720e-01  -6.1925848e-01   3.3333333e+00
  7.8614569e-01   6.1804122e-01  -7.8614429e-01  -6.1804300e-01   3.3333333e+00
  7.8723670e-01   6.1665093e-01  -7.8723525e-01  -6.1665278e-01   3.3333333e+00
  7.8852317e-01   6.1500505e-01  -7.8852166e-01  -6.1500699e-01   3.3333333e+00
  7.9012541e-01   6.1294521e-01  -7.9012383e-01  -6.1294725e-01   3.3333333e+00
  7.9233955e-01   6.1008036e-01  -7.9233786e-01  -6.1008255e-01   3.3333333e+00
  7.9642817e-01   6.0473313e-01  -7.9642630e-01  -6.0473560e-01   3.3333333e+00
  8.8839578e-01   4.5907835e-01  -8.8839719e-01  -4.5907562e-01   3.3333333e+00
  8.9148752e-01   4.5304525e-01  -8.9148876e-01  -4.5304281e-01   3.3333333e+00
  8.9313470e-01   4.4978929e-01  -8.9313585e-01  -4.4978700e-01   3.3333333e+00
  8.9431509e-01   4.4743773e-01  -8.9431617e-01  -4.4743556e-01   3.3333333e+00
  8.9525589e-01   4.4555235e-01  -8.9525692e-01  -4.4555027e-01   3.3333333e+00
  8.9604895e-01   4.4395527e-01  -8.9604994e-01  -4.4395327e-01   3.3333333e+00
  8.9674110e-01   4.4255554e-01  -8.9674205e-01  -4.4255361e-01   3.3333333e+00
  8.9735962e-01   4.4130002e-01  -8.9736054e-01  -4.4129815e-01   3.3333333e+00
  8.9792192e-01   4.4015478e-01  -8.9792281e-01  -4.4015297e-01   3.3333333e+00
  8.9843977e-01   4.3909678e-01  -8.9844063e-01  -4.3909501e-01   3.3333333e+00
  8.9892157e-01   4.3810958e-01  -8.9892241e-01  -4.3810787e-01   3.3333333e+00
  8.9937352e-01   4.3718105e-01  -8.9937433e-01  -4.3717938e-01   3.3333333e+00
  8.9980033e-01   4.3630193e-01  -8.9980111e-01  -4.3630031e-01   3.3333333e+00
  9.0020566e-01   4.3546500e-01  -9.0020643e-01  -4.3546342e-01   3.3333333e+00
  9.0059244e-01   4.3466453e-01  -9.0059319e-01  -4.3466298e-01   3.3333333e+00
  9.0096304e-01   4.3389583e-01  -9.0096377e-01  -4.3389433e-01   3.3333333e+00
  9.0131940e-01   4.3315509e-01  -9.0132011e-01  -4.3315362e-01   3.3333333e+00
  9.0166314e-01   4.3243912e-01  -9.0166382e-01  -4.3243768e-01   3.3333333e+00
  9.0199561e-01   4.3174521e-01  -9.0199628e-01  -4.3174381e-01   3.3333333e+00
  9.0231798e-01   4.3107107e-01  -9.0231863e-01  -4.3106971e-01   3.3333333e+00
  9.0263123e-01   4.3041475e-01  -9.0263187e-01  -4.3041342e-01   3.3333333e+00
  9.0293624e-01   4.2977453e-01  -9.0293686e-01  -4.2977323e-01   3.3333333e+00
  9.0323374e-01   4.2914894e-01  -9.0323435e-01  -4.2914766e-01   3.3333333e+00
  9.0352440e-01   4.2853665e-01  -9.0352499e-01  -4.2853541e-01   3.3333333e+00
  9.0380879e-01   4.2793652e-01  -9.0380937e-01  -4.2793531e-01   3.3333333e+00
  9.0408744e-01   4.2734753e-01  -9.0408800e-01  -4.2734634e-01   3.3333333e+00
  9.0436079e-01   4.2676875e-01  -9.0436133e-01  -4.2676760e-01   3.3333333e+00
  9.0462926e-01   4.2619937e-01  -9.0462979e-01  -4.2619825e-01   3.3333333e+00
  9.0489322e-01   4.2563865e-01  -9.0489373e-01  -4.2563756e-01   3.3333333e+00
  9.0515300e-01   4.2508593e-01  -9.0515350e-01  -4.2508485e-01   3.3333333e+00
  9.0540891e-01   4.2454058e-01  -9.0540940e-01  -4.2453954e-01   3.3333333e+00
  9.0566122e-01   4.2400206e-01  -9.0566170e-01  -4.2400105e-01   3.3333333e+00
  9.0591019e-01   4.2346987e-01  -9.0591065e-01  -4.2346888e-01   3.3333333e+00
  9.0615604e-01   4.2294354e-01  -9.0615649e-01  -4.2294257e-01   3.3333333e+00
  9.0639898e-01   4.2242264e-01  -9.0639942e-01  -4.2242170e-01   3.3333333e+00
  9.0663922e-01   4.2190678e-01  -9.0663964e-01  -4.2190586e-01   3.3333333e+00
  9.0687692e-01   4.2139560e-01  -9.0687733e-01  -4.2139471e-01   3.3333333e+00
  9.0711226e-01   4.2088876e-01  -9.0711266e-01  -4.2088789e-01   3.3333333e+00
  9.0734539e-01   4.2038594e-01  -9.0734578e-01  -4.2038510e-01   3.3333333e+00
  9.0757645e-01   4.1988687e-01  -9.0757683e-01  -4.1988605e-01   3.3333333e+00
  9.0780558e-01   4.1939126e-01  -9.0780594e-01  -4.1939047e-01   3.3333333e+00
  9.0803289e-01   4.1889887e-01  -9.0803325e-01  -4.1889811e-01   3.3333333e+00
  9.0825851e-01   4.1840946e-01  -9.0825885e-01  -4.1840872e-01   3.3333333e+00
  9.0848254e-01   4.1792281e-01  -9.0848287e-01  -4.1792209e-01   3.3333333e+00
  9.0870508e-01   4.1743870e-01  -9.0870540e-01  -4.1743801e-01   3.3333333e+00
  9.0892623e-01   4.1695696e-01  -9.0892654e-01  -4.1695629e-01   3.3333333e+00
  9.0914607e-01   4.1647739e-01  -9.0914637e-01  -4.1647675e-01   3.3333333e+00
  9.0936469e-01   4.1599982e-01  -9.0936498e-01  -4.1599920e-01   3.3333333e+00
  9.0958217e-01   4.1552410e-01  -9.0958244e-01  -4.1552351e-01   3.3333333e+00
  9.0979857e-01   4.1505007e-01  -9.0979883e-01  -4.1504950e-01   3.3333333e+00
  9.1001397e-01   4.1457759e-01  -9.1001422e-01  -4.1457704e-01   3.3333333e+00
  9.1022843e-01   4.1410652e-01  -9.1022867e-01  -4.1410599e-01   3.3333333e+00
  9.1044201e-01   4.1363674e-01  -9.1044223e-01  -4.1363624e-01   3.3333333e+00
  9.1065476e-01   4.1316813e-01  -9.1065498e-01  -4.1316765e-01   3.3333333e+00
  9.1086675e-01   4.1270058e-01  -9.1086695e-01  -4.1270012e-01   3.3333333e+00
  9.1107801e-01   4.1223398e-01  -9.1107821e-01  -4.1223355e-01   3.3333333e+00
  9.1128860e-01   4.1176824e-01  -9.1128879e-01  -4.1176783e-01   3.3333333e+00
  9.1149856e-01   4.1130325e-01  -9.1149874e-01  -4.1130287e-01   3.3333333e+00
  9.1170793e-01   4.1083895e-01  -9.1170810e-01  -4.1083859e-01   3.3333333e+00
  9.1191675e-01   4.1037524e-01  -9.1191691e-01  -4.1037490e-01   3.3333333e+00
  9.1212505e-01   4.0991205e-01  -9.1212519e-01  -4.0991173e-01   3.3333333e+00
  9.1233287e-01   4.0944931e-01  -9.1233300e-01  -4.0944902e-01   3.3333333e+00
  9.1254023e-01   4.0898697e-01  -9.1254035e-01  -4.0898669e-01   3.3333333e+00
  9.1274716e-01   4.0852494e-01  -9.1274727e-01  -4.0852470e-01   3.3333333e+00
  9.1295368e-01   4.0806320e-01  -9.1295378e-01  -4.0806297e-01   3.3333333e+00
  9.1315983e-01   4.0760168e-01  -9.1315992e-01  -4.0760148e-01   3.3333333e+00
  9.1336561e-01   4.0714034e-01  -9.1336569e-01  -4.0714016e-01   3.3333333e+00
  9.1357106e-01   4.0667914e-01  -9.1357112e-01  -4.0667899e-01   3.3333333e+00
  9.1377617e-01   4.0621806e-01  -9.1377623e-01  -4.0621792e-01   3.3333333e+00
  9.1398097e-01   4.0575705e-01  -9.1398102e-01  -4.0575694e-01   3.3333333e+00
  9.1418547e-01   4.0529610e-01  -9.1418551e-01  -4.0529601e-01   3.3333333e+00
  9.1438968e-01   4.0483518e-01  -9.1438971e-01  -4.0483511e-01   3.3333333e+00
  9.1459360e-01   4.0437427e-01  -9.1459361e-01  -4.0437423e-01   3.3333333e+00
  9.1479724e-01   4.0391338e-01  -9.1479724e-01  -4.0391336e-01   3.3333333e+00
  9.1500060e-01   4.0345249e-01  -9.1500059e-01  -4.0345249e-01   3.3333333e+00
  9.1520368e-01   4.0299160e-01  -9.1520367e-01  -4.0299162e-01   3.3333333e+00
  9.1540649e-01   4.0253070e-01  -9.1540646e-01  -4.0253075e-01   3.3333333e+00
  9.1560902e-01   4.0206979e-01  -9.1560899e-01  -4.0206987e-01   3.3333333e+00
  9.1581129e-01   4.0160886e-01  -9.1581125e-01  -4.0160896e-01   3.3333333e+00
  9.1601330e-01   4.0114789e-01  -9.1601325e-01  -4.0114801e-01   3.3333333e+00
  9.1621507e-01   4.0068685e-01  -9.1621500e-01  -4.0068699e-01   3.3333333e+00
  9.1641659e-01   4.0022572e-01  -9.1641652e-01  -4.0022589e-01   3.3333333e+00
  9.1661789e-01   3.9976447e-01  -9.1661781e-01  -3.9976466e-01   3.3333333e+00
  9.1681899e-01   3.9930307e-01  -9.1681890e-01  -3.9930328e-01   3.3333333e+00
  9.1701989e-01   3.9884147e-01  -9.1701979e-01  -3.9884170e-01   3.3333333e+00
  9.1722063e-01   3.9837962e-01  -9.1722052e-01  -3.9837988e-01   3.3333333e+00
  9.1742121e-01   3.9791748e-01  -9.1742109e-01  -3.9791776e-01   3.3333333e+00
  9.1762167e-01   3.9745499e-01  -9.1762154e-01  -3.9745529e-01   3.3333333e+00
  9.1782203e-01   3.9699209e-01  -9.1782189e-01  -3.9699242e-01   3.3333333e+00
  9.1802232e-01   3.9652872e-01  -9.1802217e-01  -3.9652907e-01   3.3333333e+00
  9.1822256e-01   3.9606480e-01  -9.1822240e-01  -3.9606518e-01   3.3333333e+00
  9.1842279e-01   3.9560027e-01  -9.1842262e-01  -3.9560067e-01   3.3333333e+00
  9.1862305e-01   3.9513503e-01  -9.1862287e-01  -3.9513546e-01   3.3333333e+00
  9.1882336e-01   3.9466901e-01  -9.1882317e-01  -3.9466946e-01   3.3333333e+00
  9.1902377e-01   3.9420211e-01  -9.1902357e-01  -3.9420258e-01   3.3333333e+00
  9.1922432e-01   3.9373423e-01  -9.1922411e-01  -3.9373472e-01   3.3333333e+00
  9.1942505e-01   3.9326527e-01  -9.1942483e-01  -3.9326578e-01   3.3333333e+00
  9.1962601e-01   3.9279511e-01  -9.1962578e-01  -3.9279565e-01   3.3333333e+00
  9.1982724e-01   3.9232365e-01  -9.1982700e-01  -3.9232421e-01   3.3333333e+00
  9.2002880e-01   3.9185075e-01  -9.2002855e-01  -3.9185133e-01   3.3333333e+00
  9.2023074e-01   3.9137627e-01  -9.2023048e-01  -3.9137689e-01   3.3333333e+00
  9.2043311e-01   3.9090009e-01  -9.2043284e-01  -3.9090073e-01   3.3333333e+00
  9.2063599e-01   3.9042205e-01  -9.2063571e-01  -3.9042271e-01   3.3333333e+00
  9.2083942e-01   3.8994199e-01  -9.2083913e-01  -3.8994268e-01   3.3333333e+00
  9.2104349e-01   3.8945975e-01  -9.2104319e-01  -3.8946045e-01   3.3333333e+00
  9.2124825e-01   3.8897514e-01  -9.2124794e-01  -3.8897587e-01   3.3333333e+00
  9.2145380e-01   3.8848797e-01  -9.2145348e-01  -3.8848872e-01   3.3333333e+00
  9.2166020e-01   3.8799804e-01  -9.2165987e-01  -3.8799882e-01   3.3333333e+00
  9.2186754e-01   3.8750514e-01  -9.2186720e-01  -3.8750595e-01   3.3333333e+00
  9.2207592e-01   3.8700904e-01  -9.2207557e-01  -3.8700987e-01   3.3333333e+00
  9.2228543e-01   3.8650949e-01  -9.2228507e-01  -3.8651034e-01   3.3333333e+00
  9.2249618e-01   3.8600623e-01  -9.2249581e-01  -3.8600711e-01   3.3333333e+00
  9.2270827e-01   3.8549897e-01  -9.2270789e-01  -3.8549987e-01   3.3333333e+00
  9.2292182e-01   3.8498742e-01  -9.2292143e-01  -3.8498835e-01   3.3333333e+00
  9.2313697e-01   3.8447124e-01  -9.2313657e-01  -3.8447220e-01   3.3333333e+00
  9.2335384e-01   3.8395010e-01  -9.2335343e-01  -3.8395109e-01   3.3333333e+00
  9.2357259e-01   3.8342362e-01  -9.2357217e-01  -3.8342463e-01   3.3333333e+00
  9.2379337e-01   3.8289137e-01  -9.2379294e-01  -3.8289241e-01   3.3333333e+00
  9.2401636e-01   3.8235293e-01  -9.2401592e-01  -3.8235400e-01   3.3333333e+00
  9.2424174e-01   3.8180781e-01  -9.2424129e-01  -3.8180890e-01   3.3333333e+00
  9.2446972e-01   3.8125548e-01  -9.2446926e-01  -3.8125660e-01   3.3333333e+00
  9.2470051e-01   3.8069537e-01  -9.2470004e-01  -3.8069652e-01   3.3333333e+00
  9.2493437e-01   3.8012684e-01  -9.2493388e-01  -3.8012802e-01   3.3333333e+00
  9.2517155e-01   3.7954921e-01  -9.2517105e-01  -3.7955042e-01   3.3333333e+00
  9.2541236e-01   3.7896170e-01  -9.2541185e-01  -3.7896294e-01   3.3333333e+00
  9.2565712e-01   3.7836346e-01  -9.2565660e-01  -3.7836472e-01   3.3333333e+00
  9.2590619e-01   3.7775353e-01  -9.2590566e-01  -3.7775482e-01   3.3333333e+00
  9.2615999e-01   3.7713085e-01  -9.2615945e-01  -3.7713218e-01   3.3333333e+00
  9.2641897e-01   3.7649422e-01  -9.2641842e-01  -3.7649558e-01   3.3333333e+00
  9.2668365e-01   3.7584227e-01  -9.2668308e-01  -3.7584367e-01   3.3333333e+00
  9.2695462e-01   3.7517347e-01  -9.2695404e-01  -3.7517489e-01   3.3333333e+00
  9.2723256e-01   3.7448602e-01  -9.2723197e-01  -3.7448748e-01   3.3333333e+00
  9.2751824e-01   3.7377789e-01  -9.2751764e-01  -3.7377939e-01   3.3333333e+00
  9.2781258e-01   3.7304667e-01  -9.2781196e-01  -3.7304821e-01   3.3333333e+00
  9.2811663e-01   3.7228957e-01  -9.2811600e-01  -3.7229115e-01   3.3333333e+00
  9.2843165e-01   3.7150325e-01  -9.2843101e-01  -3.7150487e-01   3.3333333e+00
  9.2875916e-01   3.7068372e-01  -9.2875850e-01  -3.7068537e-01   3.3333333e+00
  9.2910100e-01   3.6982609e-01  -9.2910032e-01  -3.6982779e-01   3.3333333e+00
  9.2945942e-01   3.6892437e-01  -9.2945872e-01  -3.6892612e-01   3.3333333e+00
  9.2983726e-01   3.6797102e-01  -9.2983655e-01  -3.6797281e-01   3.3333333e+00
  9.3023816e-01   3.6695636e-01  -9.3023743e-01  -3.6695820e-01   3.3333333e+00
  9.3066688e-01   3.6586768e-01  -9.3066613e-01  -3.6586958e-01   3.3333333e+00
  9.3112986e-01   3.6468779e-01  -9.3112909e-01  -3.6468975e-01   3.3333333e+00
  9.3163612e-01   3.6339255e-01  -9.3163533e-01  -3.6339457e-01   3.3333333e+00
  9.3219891e-01   3.6194640e-01  -9.3219809e-01  -3.6194850e-01   3.3333333e+00
  9.3283896e-01   3.6029360e-01  -9.3283812e-01  -3.6029578e-01   3.3333333e+00
  9.3359167e-01   3.5833865e-01  -9.3359080e-01  -3.5834093e-01   3.3333333e+00
  9.3452610e-01   3.5589459e-01  -9.3452519e-01  -3.5589700e-01   3.3333333e+00
  9.3581179e-01   3.5250007e-01  -9.3581082e-01  -3.5250265e-01   3.3333333e+00
  9.3816870e-01   3.4617841e-01  -9.3816763e-01  -3.4618131e-01   3.3333333e+00
  8.8839578e-01   4.5907835e-01  -8.8839719e-01  -4.5907562e-01   3.3333333e+00
  8.9148752e-01   4.5304525e-01  -8.9148876e-01  -4.5304281e-01   3.3333333e+00
  8.9313470e-01   4.4978929e-01  -8.9313585e-01  -4.4978700e-01   3.3333333e+00
  8.9431509e-01   4.4743773e-01  -8.9431617e-01  -4.4743556e-01   3.3333333e+00
  8.9525589e-01   4.4555235e-01  -8.9525692e-01  -4.4555027e-01   3.3333333e+00
  8.9604895e-01   4.4395527e-01  -8.9604994e-01  -4.4395327e-01   3.3333333e+00
  8.9674110e-01   4.4255554e-01  -8.9674205e-01  -4.4255361e-01   3.3333333e+00
  8.9735962e-01   4.4130002e-01  -8.9736054e-01  -4.4129815e-01   3.3333333e+00
  8.9792192e-01   4.4015478e-01  -8.9792281e-01  -4.4015297e-01   3.3333333e+00
  8.9843977e-01   4.3909678e-01  -8.9844063e-01  -4.3909501e-01   3.3333333e+00
  8.9892157e-01   4.3810958e-01  -8.9892241e-01  -4.3810787e-01   3.3333333e+00
  8.9937352e-01   4.3718105e-01  -8.9937433e-01  -4.3717938e-01   3.3333333e+00
  8.9980033e-01   4.3630193e-01  -8.9980111e-01  -4.3630031e-01   3.3333333e+00
  9.0020566e-01   4.3546500e-01  -9.0020643e-01  -4.3546342e-01   3.3333333e+00
  9.0059244e-01   4.3466453e-01  -9.0059319e-01  -4.3466298e-01   3.3333333e+00
  9.0096304e-01   4.3389583e-01  -9.0096377e-01  -4.3389433e-01   3.3333333e+00
  9.0131940e-01   4.3315509e-01  -9.0132011e-01  -4.3315362e-01   3.3333333e+00
  9.0166314e-01   4.3243912e-01  -9.0166382e-01  -4.3243768e-01   3.3333333e+00
  9.0199561e-01   4.3174521e-01  -9.0199628e-01  -4.3174381e-01   3.3333333e+00
  9.0231798e-01   4.3107107e-01  -9.0231863e-01  -4.3106971e-01   3.3333333e+00
  9.0263123e-01   4.3041475e-01  -9.0263187e-01  -4.3041342e-01   3.3333333e+00
  9.0293624e-01   4.2977453e-01  -9.0293686e-01  -4.2977323e-01   3.3333333e+00
  9.0323374e-01   4.2914894e-01  -9.0323435e-01  -4.2914766e-01   3.3333333e+00
  9.0352440e-01   4.2853665e-01  -9.0352499e-01  -4.2853541e-01   3.3333333e+00
  9.0380879e-01   4.2793652e-01  -9.0380937e-01  -4.2793531e-01   3.3333333e+00
  9.0408744e-01   4.2734753e-01  -9.0408800e-01  -4.2734634e-01   3.3333333e+00
  9.0436079e-01   4.2676875e-01  -9.0436133e-01  -4.2676760e-01   3.3333333e+00
  9.0462926e-01   4.2619937e-01  -9.0462979e-01  -4.2619825e-01   3.3333333e+00
  9.0489322e-01   4.2563865e-01  -9.0489373e-01  -4.2563756e-01   3.3333333e+00
  9.0515300e-01   4.2508593e-01  -9.0515350e-01  -4.2508485e-01   3.3333333e+00
  9.0540891e-01   4.2454058e-01  -9.0540940e-01  -4.2453954e-01   3.3333333e+00
  9.0566122e-01   4.2400206e-01  -9.0566170e-01  -4.2400105e-01   3.3333333e+00
  9.0591019e-01   4.2346987e-01  -9.0591065e-01  -4.2346888e-01   3.3333333e+00
  9.0615604e-01   4.2294354e-01  -9.0615649e-01  -4.2294257e-01   3.3333333e+00
  9.0639898e-01   4.2242264e-01  -9.0639942e-01  -4.2242170e-01   3.3333333e+00
  9.0663922e-01   4.2190678e-01  -9.0663964e-01  -4.2190586e-01   3.3333333e+00
  9.0687692e-01   4.2139560e-01  -9.0687733e-01  -4.2139471e-01   3.3333333e+00
  9.0711226e-01   4.2088876e-01  -9.0711266e-01  -4.2088789e-01   3.3333333e+00
  9.0734539e-01   4.2038594e-01  -9.0734578e-01  -4.2038510e-01   3.3333333e+00
  9.0757645e-01   4.1988687e-01  -9.0757683e-01  -4.1988605e-01   3.3333333e+00
  9.0780558e-01   4.1939126e-01  -9.0780594e-01  -4.1939047e-01   3.3333333e+00
  9.0803289e-01   4.1889887e-01  -9.0803325e-01  -4.1889811e-01   3.3333333e+00
  9.0825851e-01   4.1840946e-01  -9.0825885e-01  -4.1840872e-01   3.3333333e+00
  9.0848254e-01   4.1792281e-01  -9.0848287e-01  -4.1792209e-01   3.3333333e+00
  9.0870508e-01   4.1743870e-01  -9.0870540e-01  -4.1743801e-01   3.3333333e+00
  9.0892623e-01   4.1695696e-01  -9.0892654e-01  -4.1695629e-01   3.3333333e+00
  9.0914607e-01   4.1647739e-01  -9.0914637e-01  -4.1647675e-01   3.3333333e+00
  9.0936469e-01   4.1599982e-01  -9.0936498e-01  -4.1599920e-01   3.3333333e+00
  9.0958217e-01   4.1552410e-01  -9.0958244e-01  -4.1552351e-01   3.3333333e+00
  9.0979857e-01   4.1505007e-01  -9.0979883e-01  -4.1504950e-01   3.3333333e+00
  9.1001397e-01   4.1457759e-01  -9.1001422e-01  -4.1457704e-01   3.3333333e+00
  9.1022843e-01   4.1410652e-01  -9.1022867e-01  -4.1410599e-01   3.3333333e+00
  9.1044201e-01   4.1363674e-01  -9.1044223e-01  -4.1363624e-01   3.3333333e+00
  9.1065476e-01   4.1316813e-01  -9.1065498e-01  -4.1316765e-01   3.3333333e+00
  9.1086675e-01   4.1270058e-01  -9.1086695e-01  -4.1270012e-01   3.3333333e+00
  9.1107801e-01   4.1223398e-01  -9.1107821e-01  -4.1223355e-01   3.3333333e+00
  9.1128860e-01   4.1176824e-01  -9.1128879e-01  -4.1176783e-01   3.3333333e+00
  9.1149856e-01   4.1130325e-01  -9.1149874e-01  -4.1130287e-01   3.3333333e+00
  9.1170793e-01   4.1083895e-01  -9.1170810e-01  -4.1083859e-01   3.3333333e+00
  9.1191675e-01   4.1037524e-01  -9.1191691e-01  -4.1037490e-01   3.3333333e+00
  9.1212505e-01   4.0991205e-01  -9.1212519e-01  -4.0991173e-01   3.3333333e+00
  9.1233287e-01   4.0944931e-01  -9.1233300e-01  -4.0944902e-01   3.3333333e+00
  9.1254023e-01   4.0898697e-01  -9.1254035e-01  -4.0898669e-01   3.3333333e+00
  9.1274716e-01   4.0852494e-01  -9.1274727e-01  -4.0852470e-01   3.3333333e+00
  9.1295368e-01   4.0806320e-01  -9.1295378e-01  -4.0806297e-01   3.3333333e+00
  9.1315983e-01   4.0760168e-01  -9.1315992e-01  -4.0760148e-01   3.3333333e+00
  9.1336561e-01   4.0714034e-01  -9.1336569e-01  -4.0714016e-01   3.3333333e+00
  9.1357106e-01   4.0667914e-01  -9.1357112e-01  -4.0667899e-01   3.3333333e+00
  9.1377617e-01   4.0621806e-01  -9.1377623e-01  -4.0621792e-01   3.3333333e+00
  9.1398097e-01   4.0575705e-01  -9.1398102e-01  -4.0575694e-01   3.3333333e+00
  9.1418547e-01   4.0529610e-01  -9.1418551e-01  -4.0529601e-01   3.3333333e+00
  9.1438968e-01   4.0483518e-01  -9.1438971e-01  -4.0483511e-01   3.3333333e+00
  9.1459360e-01   4.0437427e-01  -9.1459361e-01  -4.0437423e-01   3.3333333e+00
  9.1479724e-01   4.0391338e-01  -9.1479724e-01  -4.0391336e-01   3.3333333e+00
  9.1500060e-01   4.0345249e-01  -9.1500059e-01  -4.0345249e-01   3.3333333e+00
  9.1520368e-01   4.0299160e-01  -9.1520367e-01  -4.0299162e-01   3.3333333e+00
  9.1540649e-01   4.0253070e-01  -9.1540646e-01  -4.0253075e-01   3.3333333e+00
  9.1560902e-01   4.0206979e-01  -9.1560899e-01  -4.0206987e-01   3.3333333e+00
  9.1581129e-01   4.0160886e-01  -9.1581125e-01  -4.0160896e-01   3.3333333e+00
  9.1601330e-01   4.0114789e-01  -9.1601325e-01  -4.0114801e-01   3.3333333e+00
  9.1621507e-01   4.0068685e-01  -9.1621500e-01  -4.0068699e-01   3.3333333e+00
  9.1641659e-01   4.0022572e-01  -9.1641652e-01  -4.0022589e-01   3.3333333e+00
  9.1661789e-01   3.9976447e-01  -9.1661781e-01  -3.9976466e-01   3.3333333e+00
  9.1681899e-01   3.9930307e-01  -9.1681890e-01  -3.9930328e-01   3.3333333e+00
  9.1701989e-01   3.9884147e-01  -9.1701979e-01  -3.9884170e-01   3.3333333e+00
  9.1722063e-01   3.9837962e-01  -9.1722052e-01  -3.9837988e-01   3.3333333e+00
  9.1742121e-01   3.9791748e-01  -9.1742109e-01  -3.9791776e-01   3.3333333e+00
  9.1762167e-01   3.9745499e-01  -9.1762154e-01  -3.9745529e-01   3.3333333e+00
  9.1782203e-01   3.9699209e-01  -9.1782189e-01  -3.9699242e-01   3.3333333e+00
  9.1802232e-01   3.9652872e-01  -9.1802217e-01  -3.9652907e-01   3.3333333e+00
  9.1822256e-01   3.9606480e-01  -9.1822240e-01  -3.9606518e-01   3.3333333e+00
  9.1842279e-01   3.9560027e-01  -9.1842262e-01  -3.9560067e-01   3.3333333e+00
  9.1862305e-01   3.9513503e-01  -9.1862287e-01  -3.9513546e-01   3.3333333e+00
  9.1882336e-01   3.9466901e-01  -9.1882317e-01  -3.9466946e-01   3.3333333e+00
  9.1902377e-01   3.9420211e-01  -9.1902357e-01  -3.9420258e-01   3.3333333e+00
  9.1922432e-01   3.9373423e-01  -9.1922411e-01  -3.9373472e-01   3.3333333e+00
  9.1942505e-01   3.9326527e-01  -9.1942483e-01  -3.9326578e-01   3.3333333e+00
  9.1962601e-01   3.9279511e-01  -9.1962578e-01  -3.9279565e-01   3.3333333e+00
  9.1982724e-01   3.9232365e-01  -9.1982700e-01  -3.9232421e-01   3.3333333e+00
  9.2002880e-01   3.9185075e-01  -9.2002855e-01  -3.9185133e-01   3.3333333e+00
  9.2023074e-01   3.9137627e-01  -9.2023048e-01  -3.9137689e-01   3.3333333e+00
  9.2043311e-01   3.9090009e-01  -9.2043284e-01  -3.9090073e-01   3.3333333e+00
  9.2063599e-01   3.9042205e-01  -9.2063571e-01  -3.9042271e-01   3.3333333e+00
  9.2083942e-01   3.8994199e-01  -9.2083913e-01  -3.8994268e-01   3.3333333e+00
  9.2104349e-01   3.8945975e-01  -9.2104319e-01  -3.8946045e-01   3.3333333e+00
  9.2124825e-01   3.8897514e-01  -9.2124794e-01  -3.8897587e-01   3.3333333e+00
  9.2145380e-01   3.8848797e-01  -9.2145348e-01  -3.8848872e-01   3.3333333e+00
  9.2166020e-01   3.8799804e-01  -9.2165987e-01  -3.8799882e-01   3.3333333e+00
  9.2186754e-01   3.8750514e-01  -9.2186720e-01  -3.8750595e-01   3.3333333e+00
  9.2207592e-01   3.8700904e-01  -9.2207557e-01  -3.8700987e-01   3.3333333e+00
  9.2228543e-01   3.8650949e-01  -9.2228507e-01  -3.8651034e-01   3.3333333e+00
  9.2249618e-01   3.8600623e-01  -9.2249581e-01  -3.8600711e-01   3.3333333e+00
  9.2270827e-01   3.8549897e-01  -9.2270789e-01  -3.8549987e-01   3.3333333e+00
  9.2292182e-01   3.8498742e-01  -9.2292143e-01  -3.8498835e-01   3.3333333e+00
  9.2313697e-01   3.8447124e-01  -9.2313657e-01  -3.8447220e-01   3.3333333e+00
  9.2335384e-01   3.8395010e-01  -9.2335343e-01  -3.8395109e-01   3.3333333e+00
  9.2357259e-01   3.8342362e-01  -9.2357217e-01  -3.8342463e-01   3.3333333e+00
  9.2379337e-01   3.8289137e-01  -9.2379294e-01  -3.8289241e-01   3.3333333e+00
  9.2401636e-01   3.8235293e-01  -9.2401592e-01  -3.8235400e-01   3.3333333e+00
  9.2424174e-01   3.8180781e-01  -9.2424129e-01  -3.8180890e-01   3.3333333e+00
  9.2446972e-01   3.8125548e-01  -9.2446926e-01  -3.8125660e-01   3.3333333e+00
  9.2470051e-01   3.8069537e-01  -9.2470004e-01  -3.8069652e-01   3.3333333e+00
  9.2493437e-01   3.8012684e-01  -9.2493388e-01  -3.8012802e-01   3.3333333e+00
  9.2517155e-01   3.7954921e-01  -9.2517105e-01  -3.7955042e-01   3.3333333e+00
  9.2541236e-01   3.7896170e-01  -9.2541185e-01  -3.7896294e-01   3.3333333e+00
  9.2565712e-01   3.7836346e-01  -9.2565660e-01  -3.7836472e-01   3.3333333e+00
  9.2590619e-01   3.7775353e-01  -9.2590566e-01  -3.7775482e-01   3.3333333e+00
  9.2615999e-01   3.7713085e-01  -9.2615945e-01  -3.7713218e-01   3.3333333e+00
  9.2641897e-01   3.7649422e-01  -9.2641842e-01  -3.7649558e-01   3.3333333e+00
  9.2668365e-01   3.7584227e-01  -9.2668308e-01  -3.7584367e-01   3.3333333e+00
  9.2695462e-01   3.7517347e-01  -9.2695404e-01  -3.7517489e-01   3.3333333e+00
  9.2723256e-01   3.7448602e-01  -9.2723197e-01  -3.7448748e-01   3.3333333e+00
  9.2751824e-01   3.7377789e-01  -9.2751764e-01  -3.7377939e-01   3.3333333e+00
  9.2781258e-01   3.7304667e-01  -9.2781196e-01  -3.7304821e-01   3.3333333e+00
  9.2811663e-01   3.7228957e-01  -9.2811600e-01  -3.7229115e-01   3.3333333e+00
  9.2843165e-01   3.7150325e-01  -9.2843101e-01  -3.7150487e-01   3.3333333e+00
  9.2875916e-01   3.7068372e-01  -9.2875850e-01  -3.7068537e-01   3.3333333e+00
  9.2910100e-01   3.6982609e-01  -9.2910032e-01  -3.6982779e-01   3.3333333e+00
  9.2945942e-01   3.6892437e-01  -9.2945872e-01  -3.6892612e-01   3.3333333e+00
  9.2983726e-01   3.6797102e-01  -9.2983655e-01  -3.6797281e-01   3.3333333e+00
  9.3023816e-01   3.6695636e-01  -9.3023743e-01  -3.6695820e-01   3.3333333e+00
  9.3066688e-01   3.6586768e-01  -9.3066613e-01  -3.6586958e-01   3.3333333e+00
  9.3112986e-01   3.6468779e-01  -9.3112909e-01  -3.6468975e-01   3.3333333e+00
  9.3163612e-01   3.6339255e-01  -9.3163533e-01  -3.6339457e-01   3.3333333e+00
  9.3219891e-01   3.6194640e-01  -9.3219809e-01  -3.6194850e-01   3.3333333e+00
  9.3283896e-01   3.6029360e-01  -9.3283812e-01  -3.6029578e-01   3.3333333e+00
  9.3359167e-01   3.5833865e-01  -9.3359080e-01  -3.5834093e-01   3.3333333e+00
  9.3452610e-01   3.5589459e-01  -9.3452519e-01  -3.5589700e-01   3.3333333e+00
  9.3581179e-01   3.5250007e-01  -9.3581082e-01  -3.5250265e-01   3.3333333e+00
  9.3816870e-01   3.4617841e-01  -9.3816763e-01  -3.4618131e-01   3.3333333e+00
  8.8839578e-01   4.5907835e-01  -8.8839719e-01  -4.5907562e-01   3.3333333e+00
  8.9148752e-01   4.5304525e-01  -8.9148876e-01  -4.5304281e-01   3.3333333e+00
  8.9313470e-01   4.4978929e-01  -8.9313585e-01  -4.4978700e-01   3.3333333e+00
  8.9431509e-01   4.4743773e-01  -8.9431617e-01  -4.4743556e-01   3.3333333e+00
  8.9525589e-01   4.4555235e-01  -8.9525692e-01  -4.4555027e-01   3.3333333e+00
  8.9604895e-01   4.4395527e-01  -8.9604994e-01  -4.4395327e-01   3.3333333e+00
  8.9674110e-01   4.4255554e-01  -8.9674205e-01  -4.4255361e-01   3.3333333e+00
  8.9735962e-01   4.4130002e-01  -8.9736054e-01  -4.4129815e-01   3.3333333e+00
  8.9792192e-01   4.4015478e-01  -8.9792281e-01  -4.4015297e-01   3.3333333e+00
  8.9843977e-01   4.3909678e-01  -8.9844063e-01  -4.3909501e-01   3.3333333e+00
  8.9892157e-01   4.3810958e-01  -8.9892241e-01  -4.3810787e-01   3.3333333e+00
  8.9937352e-01   4.3718105e-01  -8.9937433e-01  -4.3717938e-01   3.3333333e+00
  8.9980033e-01   4.3630193e-01  -8.9980111e-01  -4.3630031e-01   3.3333333e+00
  9.0020566e-01   4.3546500e-01  -9.0020643e-01  -4.3546342e-01   3.3333333e+00
  9.0059244e-01   4.3466453e-01  -9.0059319e-01  -4.3466298e-01   3.3333333e+00
  9.0096304e-01   4.3389583e-01  -9.0096377e-01  -4.3389433e-01   3.3333333e+00
  9.0131940e-01   4.3315509e-01  -9.0132011e-01  -4.3315362e-01   3.3333333e+00
  9.0166314e-01   4.3243912e-01  -9.0166382e-01  -4.3243768e-01   3.3333333e+00
  9.0199561e-01   4.3174521e-01  -9.0199628e-01  -4.3174381e-01   3.3333333e+00
  9.0231798e-01   4.3107107e-01  -9.0231863e-01  -4.3106971e-01   3.3333333e+00
  9.0263123e-01   4.3041475e-01  -9.0263187e-01  -4.3041342e-01   3.3333333e+00
  9.0293624e-01   4.2977453e-01  -9.0293686e-01  -4.2977323e-01   3.3333333e+00
  9.0323374e-01   4.2914894e-01  -9.0323435e-01  -4.2914766e-01   3.3333333e+00
  9.0352440e-01   4.2853665e-01  -9.0352499e-01  -4.2853541e-01   3.3333333e+00
  9.0380879e-01   4.2793652e-01  -9.0380937e-01  -4.2793531e-01   3.3333333e+00
  9.0408744e-01   4.2734753e-01  -9.0408800e-01  -4.2734634e-01   3.3333333e+00
  9.0436079e-01   4.2676875e-01  -9.0436133e-01  -4.2676760e-01   3.3333333e+00
  9.0462926e-01   4.2619937e-01  -9.0462979e-01  -4.2619825e-01   3.3333333e+00
  9.0489322e-01   4.2563865e-01  -9.0489373e-01  -4.2563756e-01   3.3333333e+00
  9.0515300e-01   4.2508593e-01  -9.0515350e-01  -4.2508485e-01   3.3333333e+00
  9.0540891e-01   4.2454058e-01  -9.0540940e-01  -4.2453954e-01   3.3333333e+00
  9.0566122e-01   4.2400206e-01  -9.0566170e-01  -4.2400105e-01   3.3333333e+00
  9.0591019e-01   4.2346987e-01  -9.0591065e-01  -4.2346888e-01   3.3333333e+00
  9.0615604e-01   4.2294354e-01  -9.0615649e-01  -4.2294257e-01   3.3333333e+00
  9.0639898e-01   4.2242264e-01  -9.0639942e-01  -4.2242170e-01   3.3333333e+00
  9.0663922e-01   4.2190678e-01  -9.0663964e-01  -4.2190586e-01   3.3333333e+00
  9.0687692e-01   4.2139560e-01  -9.0687733e-01  -4.2139471e-01   3.3333333e+00
  9.0711226e-01   4.2088876e-01  -9.0711266e-01  -4.2088789e-01   3.3333333e+00
  9.0734539e-01   4.2038594e-01  -9.0734578e-01  -4.2038510e-01   3.3333333e+00
  9.0757645e-01   4.1988687e-01  -9.0757683e-01  -4.1988605e-01   3.3333333e+00
  9.0780558e-01   4.1939126e-01  -9.0780594e-01  -4.1939047e-01   3.3333333e+00
  9.0803289e-01   4.1889887e-01  -9.0803325e-01  -4.1889811e-01   3.3333333e+00
  9.0825851e-01   4.1840946e-01  -9.0825885e-01  -4.1840872e-01   3.3333333e+00
  9.0848254e-01   4.1792281e-01  -9.0848287e-01  -4.1792209e-01   3.3333333e+00
  9.0870508e-01   4.1743870e-01  -9.0870540e-01  -4.1743801e-01   3.3333333e+00
  9.0892623e-01   4.1695696e-01  -9.0892654e-01  -4.1695629e-01   3.3333333e+00
  9.0914607e-01   4.1647739e-01  -9.0914637e-01  -4.1647675e-01   3.3333333e+00
  9.0936469e-01   4.1599982e-01  -9.0936498e-01  -4.1599920e-01   3.3333333e+00
  9.0958217e-01   4.1552410e-01  -9.0958244e-01  -4.1552351e-01   3.3333333e+00
  9.0979857e-01   4.1505007e-01  -9.0979883e-01  -4.1504950e-01   3.3333333e+00
  9.1001397e-01   4.1457759e-01  -9.1001422e-01  -4.1457704e-01   3.3333333e+00
  9.1022843e-01   4.1410652e-01  -9.1022867e-01  -4.1410599e-01   3.3333333e+00
  9.1044201e-01   4.1363674e-01  -9.1044223e-01  -4.1363624e-01   3.3333333e+00
  9.1065476e-01   4.1316813e-01  -9.1065498e-01  -4.1316765e-01   3.3333333e+00
  9.1086675e-01   4.1270058e-01  -9.1086695e-01  -4.1270012e-01   3.3333333e+00
  9.1107801e-01   4.1223398e-01  -9.1107821e-01  -4.1223355e-01   3.3333333e+00
  9.1128860e-01   4.1176824e-01  -9.1128879e-01  -4.1176783e-01   3.3333333e+00
  9.1149856e-01   4.1130325e-01  -9.1149874e-01  -4.1130287e-01   3.3333333e+00
  9.1170793e-01   4.1083895e-01  -9.1170810e-01  -4.1083859e-01   3.3333333e+00
  9.1191675e-01   4.1037524e-01  -9.1191691e-01  -4.1037490e-01   3.3333333e+00
  9.1212505e-01   4.0991205e-01  -9.1212519e-01  -4.0991173e-01   3.3333333e+00
  9.1233287e-01   4.0944931e-01  -9.1233300e-01  -4.0944902e-01   3.3333333e+00
  9.1254023e-01   4.0898697e-01  -9.1254035e-01  -4.0898669e-01   3.3333333e+00
  9.1274716e-01   4.0852494e-01  -9.1274727e-01  -4.0852470e-01   3.3333333e+00
  9.1295368e-01   4.0806320e-01  -9.1295378e-01  -4.0806297e-01   3.3333333e+00
  9.1315983e-01   4.0760168e-01  -9.1315992e-01  -4.0760148e-01   3.3333333e+00
  9.1336561e-01   4.0714034e-01  -9.1336569e-01  -4.0714016e-01   3.3333333e+00
  9.1357106e-01   4.0667914e-01  -9.1357112e-01  -4.0667899e-01   3.3333333e+00
  9.1377617e-01   4.0621806e-01  -9.1377623e-01  -4.0621792e-01   3.3333333e+00
  9.1398097e-01   4.0575705e-01  -9.1398102e-01  -4.0575694e-01   3.3333333e+00
  9.1418547e-01   4.0529610e-01  -9.1418551e-01  -4.0529601e-01   3.3333333e+00
  9.1438968e-01   4.0483518e-01  -9.1438971e-01  -4.0483511e-01   3.3333333e+00
  9.1459360e-01   4.0437427e-01  -9.1459361e-01  -4.0437423e-01   3.3333333e+00
  9.1479724e-01   4.0391338e-01  -9.1479724e-01  -4.0391336e-01   3.3333333e+00
  9.1500060e-01   4.0345249e-01  -9.1500059e-01  -4.0345249e-01   3.3333333e+00
  9.1520368e-01   4.0299160e-01  -9.1520367e-01  -4.0299162e-01   3.3333333e+00
  9.1540649e-01   4.0253070e-01  -9.1540646e-01  -4.0253075e-01   3.3333333e+00
  9.1560902e-01   4.0206979e-01  -9.1560899e-01  -4.0206987e-01   3.3333333e+00
  9.1581129e-01   4.0160886e-01  -9.1581125e-01  -4.0160896e-01   3.3333333e+00
  9.1601330e-01   4.0114789e-01  -9.1601325e-01  -4.0114801e-01   3.3333333e+00
  9.1621507e-01   4.0068685e-01  -9.1621500e-01  -4.0068699e-01   3.3333333e+00
  9.1641659e-01   4.0022572e-01  -9.1641652e-01  -4.0022589e-01   3.3333333e+00
  9.1661789e-01   3.9976447e-01  -9.1661781e-01  -3.9976466e-01   3.3333333e+00
  9.1681899e-01   3.9930307e-01  -9.1681890e-01  -3.9930328e-01   3.3333333e+00
  9.1701989e-01   3.9884147e-01  -9.1701979e-01  -3.9884170e-01   3.3333333e+00
  9.1722063e-01   3.9837962e-01  -9.1722052e-01  -3.9837988e-01   3.3333333e+00
  9.1742121e-01   3.9791748e-01  -9.1742109e-01  -3.9791776e-01   3.3333333e+00
  9.1762167e-01   3.9745499e-01  -9.1762154e-01  -3.9745529e-01   3.3333333e+00
  9.1782203e-01   3.9699209e-01  -9.1782189e-01  -3.9699242e-01   3.3333333e+00
  9.1802232e-01   3.9652872e-01  -9.1802217e-01  -3.9652907e-01   3.3333333e+00
  9.1822256e-01   3.9606480e-01  -9.1822240e-01  -3.9606518e-01   3.3333333e+00
  9.1842279e-01   3.9560027e-01  -9.1842262e-01  -3.9560067e-01   3.3333333e+00
  9.1862305e-01   3.9513503e-01  -9.1862287e-01  -3.9513546e-01   3.3333333e+00
  9.1882336e-01   3.9466901e-01  -9.1882317e-01  -3.9466946e-01   3.3333333e+00
  9.1902377e-01   3.9420211e-01  -9.1902357e-01  -3.9420258e-01   3.3333333e+00
  9.1922432e-01   3.9373423e-01  -9.1922411e-01  -3.9373472e-01   3.3333333e+00
  9.1942505e-01   3.9326527e-01  -9.1942483e-01  -3.9326578e-01   3.3333333e+00
  9.1962601e-01   3.9279511e-01  -9.1962578e-01  -3.9279565e-01   3.3333333e+00
  9.1982724e-01   3.9232365e-01  -9.1982700e-01  -3.9232421e-01   3.3333333e+00
  9.2002880e-01   3.9185075e-01  -9.2002855e-01  -3.9185133e-01   3.3333333e+00
  9.2023074e-01   3.9137627e-01  -9.2023048e-01  -3.9137689e-01   3.3333333e+00
  9.2043311e-01   3.9090009e-01  -9.2043284e-01  -3.9090073e-01   3.3333333e+00
  9.2063599e-01   3.9042205e-01  -9.2063571e-01  -3.9042271e-01   3.3333333e+00
  9.2083942e-01   3.8994199e-01  -9.2083913e-01  -3.8994268e-01   3.3333333e+00
  9.2104349e-01   3.8945975e-01  -9.2104319e-01  -3.8946045e-01   3.3333333e+00
  9.2124825e-01   3.8897514e-01  -9.2124794e-01  -3.8897587e-01   3.3333333e+00
  9.2145380e-01   3.8848797e-01  -9.2145348e-01  -3.8848872e-01   3.3333333e+00
  9.2166020e-01   3.8799804e-01  -9.2165987e-01  -3.8799882e-01   3.3333333e+00
  9.2186754e-01   3.8750514e-01  -9.2186720e-01  -3.8750595e-01   3.3333333e+00
  9.2207592e-01   3.8700904e-01  -9.2207557e-01  -3.8700987e-01   3.3333333e+00
  9.2228543e-01   3.8650949e-01  -9.2228507e-01  -3.8651034e-01   3.3333333e+00
  9.2249618e-01   3.8600623e-01  -9.2249581e-01  -3.8600711e-01   3.3333333e+00
  9.2270827e-01   3.8549897e-01  -9.2270789e-01  -3.8549987e-01   3.3333333e+00
  9.2292182e-01   3.8498742e-01  -9.2292143e-01  -3.8498835e-01   3.3333333e+00
  9.2313697e-01   3.8447124e-01  -9.2313657e-01  -3.8447220e-01   3.3333333e+00
  9.2335384e-01   3.8395010e-01  -9.2335343e-01  -3.8395109e-01   3.3333333e+00
  9.2357259e-01   3.8342362e-01  -9.2357217e-01  -3.8342463e-01   3.3333333e+00
  9.2379337e-01   3.8289137e-01  -9.2379294e-01  -3.8289241e-01   3.3333333e+00
  9.2401636e-01   3.8235293e-01  -9.2401592e-01  -3.8235400e-01   3.3333333e+00
  9.2424174e-01   3.8180781e-01  -9.2424129e-01  -3.8180890e-01   3.3333333e+00
  9.2446972e-01   3.8125548e-01  -9.2446926e-01  -3.8125660e-01   3.3333333e+00
  9.2470051e-01   3.8069537e-01  -9.2470004e-01  -3.8069652e-01   3.3333333e+00
  9.2493437e-01   3.8012684e-01  -9.2493388e-01  -3.8012802e-01   3.3333333e+00
  9.2517155e-01   3.7954921e-01  -9.2517105e-01  -3.7955042e-01   3.3333333e+00
  9.2541236e-01   3.7896170e-01  -9.2541185e-01  -3.7896294e-01   3.3333333e+00
  9.2565712e-01   3.7836346e-01  -9.2565660e-01  -3.7836472e-01   3.3333333e+00
  9.2590619e-01   3.7775353e-01  -9.2590566e-01  -3.7775482e-01   3.3333333e+00
  9.2615999e-01   3.7713085e-01  -9.2615945e-01  -3.7713218e-01   3.3333333e+00
  9.2641897e-01   3.7649422e-01  -9.2641842e-01  -3.7649558e-01   3.3333333e+00
  9.2668365e-01   3.7584227e-01  -9.2668308e-01  -3.7584367e-01   3.3333333e+00
  9.2695462e-01   3.7517347e-01  -9.2695404e-01  -3.7517489e-01   3.3333333e+00
  9.2723256e-01   3.7448602e-01  -9.2723197e-01  -3.7448748e-01   3.3333333e+00
  9.2751824e-01   3.7377789e-01  -9.2751764e-01  -3.7377939e-01   3.3333333e+00
  9.2781258e-01   3.7304667e-01  -9.2781196e-01  -3.7304821e-01   3.3333333e+00
  9.2811663e-01   3.7228957e-01  -9.2811600e-01  -3.7229115e-01   3.3333333e+00
  9.2843165e-01   3.7150325e-01  -9.2843101e-01  -3.7150487e-01   3.3333333e+00
  9.2875916e-01   3.7068372e-01  -9.2875850e-01  -3.7068537e-01   3.3333333e+00
  9.2910100e-01   3.6982609e-01  -9.2910032e-01  -3.6982779e-01   3.3333333e+00
  9.2945942e-01   3.6892437e-01  -9.2945872e-01  -3.6892612e-01   3.3333333e+00
  9.2983726e-01   3.6797102e-01  -9.2983655e-01  -3.6797281e-01   3.3333333e+00
  9.3023816e-01   3.6695636e-01  -9.3023743e-01  -3.6695820e-01   3.3333333e+00
  9.3066688e-01   3.6586768e-01  -9.3066613e-01  -3.6586958e-01   3.3333333e+00
  9.3112986e-01   3.6468779e-01  -9.3112909e-01  -3.6468975e-01   3.3333333e+00
  9.3163612e-01   3.6339255e-01  -9.3163533e-01  -3.6339457e-01   3.3333333e+00
  9.3219891e-01   3.6194640e-01  -9.3219809e-01  -3.6194850e-01   3.3333333e+00
  9.3283896e-01   3.6029360e-01  -9.3283812e-01  -3.6029578e-01   3.3333333e+00
  9.3359167e-01   3.5833865e-01  -9.3359080e-01  -3.5834093e-01   3.3333333e+00
  9.3452610e-01   3.5589459e-01  -9.3452519e-01  -3.5589700e-01   3.3333333e+00
  9.3581179e-01   3.5250007e-01  -9.3581082e-01  -3.5250265e-01   3.3333333e+00
  9.3816870e-01   3.4617841e-01  -9.3816763e-01  -3.4618131e-01   3.3333333e+00
  8.8839578e-01   4.5907835e-01  -8.8839719e-01  -4.5907562e-01   3.3333333e+00
  8.9148752e-01   4.5304525e-01  -8.9148876e-01  -4.5304281e-01   3.3333333e+00
  8.9313470e-01   4.4978929e-01  -8.9313585e-01  -4.4978700e-01   3.3333333e+00
  8.9431509e-01   4.4743773e-01  -8.9431617e-01  -4.4743556e-01   3.3333333e+00
  8.9525589e-01   4.4555235e-01  -8.9525692e-01  -4.4555027e-01   3.3333333e+00
  8.9604895e-01   4.4395527e-01  -8.9604994e-01  -4.4395327e-01   3.3333333e+00
  8.9674110e-01   4.4255554e-01  -8.9674205e-01  -4.4255361e-01   3.3333333e+00
  8.9735962e-01   4.4130002e-01  -8.9736054e-01  -4.4129815e-01   3.3333333e+00
  8.9792192e-01   4.4015478e-01  -8.9792281e-01  -4.4015297e-01   3.3333333e+00
  8.9843977e-01   4.3909678e-01  -8.9844063e-01  -4.3909501e-01   3.3333333e+00
  8.9892157e-01   4.3810958e-01  -8.9892241e-01  -4.3810787e-01   3.3333333e+00
  8.9937352e-01   4.3718105e-01  -8.9937433e-01  -4.3717938e-01   3.3333333e+00
  8.9980033e-01   4.3630193e-01  -8.9980111e-01  -4.3630031e-01   3.3333333e+00
  9.0020566e-01   4.3546500e-01  -9.0020643e-01  -4.3546342e-01   3.3333333e+00
  9.0059244e-01   4.3466453e-01  -9.0059319e-01  -4.3466298e-01   3.3333333e+00
  9.0096304e-01   4.3389583e-01  -9.0096377e-01  -4.3389433e-01   3.3333333e+00
  9.0131940e-01   4.3315509e-01  -9.0132011e-01  -4.3315362e-01   3.3333333e+00
  9.0166314e-01   4.3243912e-01  -9.0166382e-01  -4.3243768e-01   3.3333333e+00
  9.0199561e-01   4.3174521e-01  -9.0199628e-01  -4.3174381e-01   3.3333333e+00
  9.0231798e-01   4.3107107e-01  -9.0231863e-01  -4.3106971e-01   3.3333333e+00
  9.0263123e-01   4.3041475e-01  -9.0263187e-01  -4.3041342e-01   3.3333333e+00
  9.0293624e-01   4.2977453e-01  -9.0293686e-01  -4.2977323e-01   3.3333333e+00
  9.0323374e-01   4.2914894e-01  -9.0323435e-01  -4.2914766e-01   3.3333333e+00
  9.0352440e-01   4.2853665e-01  -9.0352499e-01  -4.2853541e-01   3.3333333e+00
  9.0380879e-01   4.2793652e-01  -9.0380937e-01  -4.2793531e-01   3.3333333e+00
  9.0408744e-01   4.2734753e-01  -9.0408800e-01  -4.2734634e-01   3.3333333e+00
  9.0436079e-01   4.2676875e-01  -9.0436133e-01  -4.2676760e-01   3.3333333e+00
  9.0462926e-01   4.2619937e-01  -9.0462979e-01  -4.2619825e-01   3.3333333e+00
  9.0489322e-01   4.2563865e-01  -9.0489373e-01  -4.2563756e-01   3.3333333e+00
  9.0515300e-01   4.2508593e-01  -9.0515350e-01  -4.2508485e-01   3.3333333e+00
  9.0540891e-01   4.2454058e-01  -9.0540940e-01  -4.2453954e-01   3.3333333e+00
  9.0566122e-01   4.2400206e-01  -9.0566170e-01  -4.2400105e-01   3.3333333e+00
  9.0591019e-01   4.2346987e-01  -9.0591065e-01  -4.2346888e-01   3.3333333e+00
  9.0615604e-01   4.2294354e-01  -9.0615649e-01  -4.2294257e-01   3.3333333e+00
  9.0639898e-01   4.2242264e-01  -9.0639942e-01  -4.2242170e-01   3.3333333e+00
  9.0663922e-01   4.2190678e-01  -9.0663964e-01  -4.2190586e-01   3.3333333e+00
  9.0687692e-01   4.2139560e-01  -9.0687733e-01  -4.2139471e-01   3.3333333e+00
  9.0711226e-01   4.2088876e-01  -9.0711266e-01  -4.2088789e-01   3.3333333e+00
  9.0734539e-01   4.2038594e-01  -9.0734578e-01  -4.2038510e-01   3.3333333e+00
  9.0757645e-01   4.1988687e-01  -9.0757683e-01  -4.1988605e-01   3.3333333e+00
  9.0780558e-01   4.1939126e-01  -9.0780594e-01  -4.1939047e-01   3.3333333e+00
  9.0803289e-01   4.1889887e-01  -9.0803325e-01  -4.1889811e-01   3.3333333e+00
  9.0825851e-01   4.1840946e-01  -9.0825885e-01  -4.1840872e-01   3.3333333e+00
  9.0848254e-01   4.1792281e-01  -9.0848287e-01  -4.1792209e-01   3.3333333e+00
  9.0870508e-01   4.1743870e-01  -9.0870540e-01  -4.1743801e-01   3.3333333e+00
  9.0892623e-01   4.1695696e-01  -9.0892654e-01  -4.1695629e-01   3.3333333e+00
  9.0914607e-01   4.1647739e-01  -9.0914637e-01  -4.1647675e-01   3.3333333e+00
  9.0936469e-01   4.1599982e-01  -9.0936498e-01  -4.1599920e-01   3.3333333e+00
  9.0958217e-01   4.1552410e-01  -9.0958244e-01  -4.1552351e-01   3.3333333e+00
  9.0979857e-01   4.1505007e-01  -9.0979883e-01  -4.1504950e-01   3.3333333e+00
  9.1001397e-01   4.1457759e-01  -9.1001422e-01  -4.1457704e-01   3.3333333e+00
  9.1022843e-01   4.1410652e-01  -9.1022867e-01  -4.1410599e-01   3.3333333e+00
  9.1044201e-01   4.1363674e-01  -9.1044223e-01  -4.1363624e-01   3.3333333e+00
  9.1065476e-01   4.1316813e-01  -9.1065498e-01  -4.1316765e-01   3.3333333e+00
  9.1086675e-01   4.1270058e-01  -9.1086695e-01  -4.1270012e-01   3.3333333e+00
  9.1107801e-01   4.1223398e-01  -9.1107821e-01  -4.1223355e-01   3.3333333e+00
  9.1128860e-01   4.1176824e-01  -9.1128879e-01  -4.1176783e-01   3.3333333e+00
  9.1149856e-01   4.1130325e-01  -9.1149874e-01  -4.1130287e-01   3.3333333e+00
  9.1170793e-01   4.1083895e-01  -9.1170810e-01  -4.1083859e-01   3.3333333e+00
  9.1191675e-01   4.1037524e-01  -9.1191691e-01  -4.1037490e-01   3.3333333e+00
  9.1212505e-01   4.0991205e-01  -9.1212519e-01  -4.0991173e-01   3.3333333e+00
  9.1233287e-01   4.0944931e-01  -9.1233300e-01  -4.0944902e-01   3.3333333e+00
  9.1254023e-01   4.0898697e-01  -9.1254035e-01  -4.0898669e-01   3.3333333e+00
  9.1274716e-01   4.0852494e-01  -9.1274727e-01  -4.0852470e-01   3.3333333e+00
  9.1295368e-01   4.0806320e-01  -9.1295378e-01  -4.0806297e-01   3.3333333e+00
  9.1315983e-01   4.0760168e-01  -9.1315992e-01  -4.0760148e-01   3.3333333e+00
  9.1336561e-01   4.0714034e-01  -9.1336569e-01  -4.0714016e-01   3.3333333e+00
  9.1357106e-01   4.0667914e-01  -9.1357112e-01  -4.0667899e-01   3.3333333e+00
  9.1377617e-01   4.0621806e-01  -9.1377623e-01  -4.0621792e-01   3.3333333e+00
  9.1398097e-01   4.0575705e-01  -9.1398102e-01  -4.0575694e-01   3.3333333e+00
  9.1418547e-01   4.0529610e-01  -9.1418551e-01  -4.0529601e-01   3.3333333e+00
  9.1438968e-01   4.0483518e-01  -9.1438971e-01  -4.0483511e-01   3.3333333e+00
  9.1459360e-01   4.0437427e-01  -9.1459361e-01  -4.0437423e-01   3.3333333e+00
  9.1479724e-01   4.0391338e-01  -9.1479724e-01  -4.0391336e-01   3.3333333e+00
  9.1500060e-01   4.0345249e-01  -9.1500059e-01  -4.0345249e-01   3.3333333e+00
  9.1520368e-01   4.0299160e-01  -9.1520367e-01  -4.0299162e-01   3.3333333e+00
  9.1540649e-01   4.0253070e-01  -9.1540646e-01  -4.0253075e-01   3.3333333e+00
  9.1560902e-01   4.0206979e-01  -9.1560899e-01  -4.0206987e-01   3.3333333e+00
  9.1581129e-01   4.0160886e-01  -9.1581125e-01  -4.0160896e-01   3.3333333e+00
  9.1601330e-01   4.0114789e-01  -9.1601325e-01  -4.0114801e-01   3.3333333e+00
  9.1621507e-01   4.0068685e-01  -9.1621500e-01  -4.0068699e-01   3.3333333e+00
  9.1641659e-01   4.0022572e-01  -9.1641652e-01  -4.0022589e-01   3.3333333e+00
  9.1661789e-01   3.9976447e-01  -9.1661781e-01  -3.9976466e-01   3.3333333e+00
  9.1681899e-01   3.9930307e-01  -9.1681890e-01  -3.9930328e-01   3.3333333e+00
  9.1701989e-01   3.9884147e-01  -9.1701979e-01  -3.9884170e-01   3.3333333e+00
  9.1722063e-01   3.9837962e-01  -9.1722052e-01  -3.9837988e-01   3.3333333e+00
  9.1742121e-01   3.9791748e-01  -9.1742109e-01  -3.9791776e-01   3.3333333e+00
  9.1762167e-01   3.9745499e-01  -9.1762154e-01  -3.9745529e-01   3.3333333e+00
  9.1782203e-01   3.9699209e-01  -9.1782189e-01  -3.9699242e-01   3.3333333e+00
  9.1802232e-01   3.9652872e-01  -9.1802217e-01  -3.9652907e-01   3.3333333e+00
  9.1822256e-01   3.9606480e-01  -9.1822240e-01  -3.9606518e-01   3.3333333e+00
  9.1842279e-01   3.9560027e-01  -9.1842262e-01  -3.9560067e-01   3.3333333e+00
  9.1862305e-01   3.9513503e-01  -9.1862287e-01  -3.9513546e-01   3.3333333e+00
  9.1882336e-01   3.9466901e-01  -9.1882317e-01  -3.9466946e-01   3.3333333e+00
  9.1902377e-01   3.9420211e-01  -9.1902357e-01  -3.9420258e-01   3.3333333e+00
  9.1922432e-01   3.9373423e-01  -9.1922411e-01  -3.9373472e-01   3.3333333e+00
  9.1942505e-01   3.9326527e-01  -9.1942483e-01  -3.9326578e-01   3.3333333e+00
  9.1962601e-01   3.9279511e-01  -9.1962578e-01  -3.9279565e-01   3.3333333e+00
  9.1982724e-01   3.9232365e-01  -9.1982700e-01  -3.9232421e-01   3.3333333e+00
  9.2002880e-01   3.9185075e-01  -9.2002855e-01  -3.9185133e-01   3.3333333e+00
  9.2023074e-01   3.9137627e-01  -9.2023048e-01  -3.9137689e-01   3.3333333e+00
  9.2043311e-01   3.9090009e-01  -9.2043284e-01  -3.9090073e-01   3.3333333e+00
  9.2063599e-01   3.9042205e-01  -9.2063571e-01  -3.9042271e-01   3.3333333e+00
  9.2083942e-01   3.8994199e-01  -9.2083913e-01  -3.8994268e-01   3.3333333e+00
  9.2104349e-01   3.8945975e-01  -9.2104319e-01  -3.8946045e-01   3.3333333e+00
  9.2124825e-01   3.8897514e-01  -9.2124794e-01  -3.8897587e-01   3.3333333e+00
  9.2145380e-01   3.8848797e-01  -9.2145348e-01  -3.8848872e-01   3.3333333e+00
  9.2166020e-01   3.8799804e-01  -9.2165987e-01  -3.8799882e-01   3.3333333e+00
  9.2186754e-01   3.8750514e-01  -9.2186720e-01  -3.8750595e-01   3.3333333e+00
  9.2207592e-01   3.8700904e-01  -9.2207557e-01  -3.8700987e-01   3.3333333e+00
  9.2228543e-01   3.8650949e-01  -9.2228507e-01  -3.8651034e-01   3.3333333e+00
  9.2249618e-01   3.8600623e-01  -9.2249581e-01  -3.8600711e-01   3.3333333e+00
  9.2270827e-01   3.8549897e-01  -9.2270789e-01  -3.8549987e-01   3.3333333e+00
  9.2292182e-01   3.8498742e-01  -9.2292143e-01  -3.8498835e-01   3.3333333e+00
  9.2313697e-01   3.8447124e-01  -9.2313657e-01  -3.8447220e-01   3.3333333e+00
  9.2335384e-01   3.8395010e-01  -9.2335343e-01  -3.8395109e-01   3.3333333e+00
  9.2357259e-01   3.8342362e-01  -9.2357217e-01  -3.8342463e-01   3.3333333e+00
  9.2379337e-01   3.8289137e-01  -9.2379294e-01  -3.8289241e-01   3.3333333e+00
  9.2401636e-01   3.8235293e-01  -9.2401592e-01  -3.8235400e-01   3.3333333e+00
  9.2424174e-01   3.8180781e-01  -9.2424129e-01  -3.8180890e-01   3.3333333e+00
  9.2446972e-01   3.8125548e-01  -9.2446926e-01  -3.8125660e-01   3.3333333e+00
  9.2470051e-01   3.8069537e-01  -9.2470004e-01  -3.8069652e-01   3.3333333e+00
  9.2493437e-01   3.8012684e-01  -9.2493388e-01  -3.8012802e-01   3.3333333e+00
  9.2517155e-01   3.7954921e-01  -9.2517105e-01  -3.7955042e-01   3.3333333e+00
  9.2541236e-01   3.7896170e-01  -9.2541185e-01  -3.7896294e-01   3.3333333e+00
  9.2565712e-01   3.7836346e-01  -9.2565660e-01  -3.7836472e-01   3.3333333e+00
  9.2590619e-01   3.7775353e-01  -9.2590566e-01  -3.7775482e-01   3.3333333e+00
  9.2615999e-01   3.7713085e-01  -9.2615945e-01  -3.7713218e-01   3.3333333e+00
  9.2641897e-01   3.7649422e-01  -9.2641842e-01  -3.7649558e-01   3.3333333e+00
  9.2668365e-01   3.7584227e-01  -9.2668308e-01  -3.7584367e-01   3.3333333e+00
  9.2695462e-01   3.7517347e-01  -9.2695404e-01  -3.7517489e-01   3.3333333e+00
  9.2723256e-01   3.7448602e-01  -9.2723197e-01  -3.7448748e-01   3.3333333e+00
  9.2751824e-01   3.7377789e-01  -9.2751764e-01  -3.7377939e-01   3.3333333e+00
  9.2781258e-01   3.7304667e-01  -9.2781196e-01  -3.7304821e-01   3.3333333e+00
  9.2811663e-01   3.7228957e-01  -9.2811600e-01  -3.7229115e-01   3.3333333e+00
  9.2843165e-01   3.7150325e-01  -9.2843101e-01  -3.7150487e-01   3.3333333e+00
  9.2875916e-01   3.7068372e-01  -9.2875850e-01  -3.7068537e-01   3.3333333e+00
  9.2910100e-01   3.6982609e-01  -9.2910032e-01  -3.6982779e-01   3.3333333e+00
  9.2945942e-01   3.6892437e-01  -9.2945872e-01  -3.6892612e-01   3.3333333e+00
  9.2983726e-01   3.6797102e-01  -9.2983655e-01  -3.6797281e-01   3.3333333e+00
  9.3023816e-01   3.6695636e-01  -9.3023743e-01  -3.6695820e-01   3.3333333e+00
  9.3066688e-01   3.6586768e-01  -9.3066613e-01  -3.6586958e-01   3.3333333e+00
  9.3112986e-01   3.6468779e-01  -9.3112909e-01  -3.6468975e-01   3.3333333e+00
  9.3163612e-01   3.6339255e-01  -9.3163533e-01  -3.6339457e-01   3.3333333e+00
  9.3219891e-01   3.6194640e-01  -9.3219809e-01  -3.6194850e-01   3.3333333e+00
  9.3283896e-01   3.6029360e-01  -9.3283812e-01  -3.6029578e-01   3.3333333e+00
  9.3359167e-01   3.5833865e-01  -9.3359080e-01  -3.5834093e-01   3.3333333e+00
  9.3452610e-01   3.5589459e-01  -9.3452519e-01  -3.5589700e-01   3.3333333e+00
  9.3581179e-01   3.5250007e-01  -9.3581082e-01  -3.5250265e-01   3.3333333e+00
  9.3816870e-01   3.4617841e-01  -9.3816763e-01  -3.4618131e-01   3.3333333e+00
  9.2331291e-01   3.8404854e-01  -9.2331409e-01  -3.8404569e-01   3.3333333e+00
  9.2589388e-01   3.7778370e-01  -9.2589492e-01  -3.7778116e-01   3.3333333e+00
  9.2726544e-01   3.7440460e-01  -9.2726640e-01  -3.7440223e-01   3.3333333e+00
  9.2824677e-01   3.7196497e-01  -9.2824767e-01  -3.7196272e-01   3.3333333e+00
  9.2902798e-01   3.7000949e-01  -9.2902884e-01  -3.7000733e-01   3.3333333e+00
  9.2968585e-01   3.6835338e-01  -9.2968667e-01  -3.6835131e-01   3.3333333e+00
  9.3025952e-01   3.6690220e-01  -9.3026031e-01  -3.6690020e-01   3.3333333e+00
  9.3077178e-01   3.6560074e-01  -9.3077254e-01  -3.6559880e-01   3.3333333e+00
  9.3123713e-01   3.6441377e-01  -9.3123787e-01  -3.6441189e-01   3.3333333e+00
  9.3166544e-01   3.6331737e-01  -9.3166615e-01  -3.6331555e-01   3.3333333e+00
  9.3206368e-01   3.6229448e-01  -9.3206437e-01  -3.6229270e-01   3.3333333e+00
  9.3243704e-01   3.6133249e-01  -9.3243771e-01  -3.6133076e-01   3.3333333e+00
  9.3278944e-01   3.6042179e-01  -9.3279009e-01  -3.6042010e-01   3.3333333e+00
  9.3312394e-01   3.5955489e-01  -9.3312457e-01  -3.5955325e-01   3.3333333e+00
  9.3344297e-01   3.5872583e-01  -9.3344359e-01  -3.5872422e-01   3.3333333e+00
  9.3374851e-01   3.5792976e-01  -9.3374911e-01  -3.5792820e-01   3.3333333e+00
  9.3404218e-01   3.5716271e-01  -9.3404276e-01  -3.5716119e-01   3.3333333e+00
  9.3432532e-01   3.5642137e-01  -9.3432589e-01  -3.5641988e-01   3.3333333e+00
  9.3459907e-01   3.5570294e-01  -9.3459962e-01  -3.5570149e-01   3.3333333e+00
  9.3486438e-01   3.5500505e-01  -9.3486492e-01  -3.5500363e-01   3.3333333e+00
  9.3512210e-01   3.5432564e-01  -9.3512262e-01  -3.5432426e-01   3.3333333e+00
  9.3537293e-01   3.5366296e-01  -9.3537344e-01  -3.5366160e-01   3.3333333e+00
  9.3561749e-01   3.5301545e-01  -9.3561799e-01  -3.5301413e-01   3.3333333e+00
  9.3585634e-01   3.5238177e-01  -9.3585682e-01  -3.5238048e-01   3.3333333e+00
  9.3608995e-01   3.5176072e-01  -9.3609042e-01  -3.5175946e-01   3.3333333e+00
  9.3631876e-01   3.5115123e-01  -9.3631922e-01  -3.5115000e-01   3.3333333e+00
  9.3654314e-01   3.5055235e-01  -9.3654359e-01  -3.5055115e-01   3.3333333e+00
  9.3676343e-01   3.4996324e-01  -9.3676387e-01  -3.4996207e-01   3.3333333e+00
  9.3697995e-01   3.4938312e-01  -9.3698038e-01  -3.4938198e-01   3.3333333e+00
  9.3719298e-01   3.4881131e-01  -9.3719339e-01  -3.4881019e-01   3.3333333e+00
  9.3740275e-01   3.4824716e-01  -9.3740315e-01  -3.4824608e-01   3.3333333e+00
  9.3760951e-01   3.4769011e-01  -9.3760990e-01  -3.4768906e-01   3.3333333e+00
  9.3781345e-01   3.4713964e-01  -9.3781383e-01  -3.4713861e-01   3.3333333e+00
  9.3801478e-01   3.4659526e-01  -9.3801515e-01  -3.4659425e-01   3.3333333e+00
  9.3821367e-01   3.4605652e-01  -9.3821403e-01  -3.4605555e-01   3.3333333e+00
  9.3841027e-01   3.4552303e-01  -9.3841062e-01  -3.4552208e-01   3.3333333e+00
  9.3860474e-01   3.4499440e-01  -9.3860508e-01  -3.4499348e-01   3.3333333e+00
  9.3879722e-01   3.4447029e-01  -9.3879755e-01  -3.4446939e-01   3.3333333e+00
  9.3898783e-01   3.4395036e-01  -9.3898815e-01  -3.4394949e-01   3.3333333e+00
  9.3917669e-01   3.4343433e-01  -9.3917700e-01  -3.4343349e-01   3.3333333e+00
  9.3936391e-01   3.4292191e-01  -9.3936421e-01  -3.4292109e-01   3.3333333e+00
  9.3954960e-01   3.4241284e-01  -9.3954989e-01  -3.4241204e-01   3.3333333e+00
  9.3973384e-01   3.4190687e-01  -9.3973412e-01  -3.4190610e-01   3.3333333e+00
  9.3991673e-01   3.4140377e-01  -9.3991700e-01  -3.4140302e-01   3.3333333e+00
  9.4009836e-01   3.4090333e-01  -9.4009862e-01  -3.4090261e-01   3.3333333e+00
  9.4027879e-01   3.4040535e-01  -9.4027904e-01  -3.4040465e-01   3.3333333e+00
  9.4045810e-01   3.3990964e-01  -9.4045834e-01  -3.3990897e-01   3.3333333e+00
  9.4063636e-01   3.3941601e-01  -9.4063660e-01  -3.3941537e-01   3.3333333e+00
  9.4081364e-01   3.3892431e-01  -9.4081387e-01  -3.3892369e-01   3.3333333e+00
  9.4098999e-01   3.3843438e-01  -9.4099021e-01  -3.3843378e-01   3.3333333e+00
  9.4116548e-01   3.3794607e-01  -9.4116568e-01  -3.3794549e-01   3.3333333e+00
  9.4134015e-01   3.3745923e-01  -9.4134034e-01  -3.3745868e-01   3.3333333e+00
  9.4151405e-01   3.3697374e-01  -9.4151423e-01  -3.3697321e-01   3.3333333e+00
  9.4168723e-01   3.3648947e-01  -9.4168741e-01  -3.3648897e-01   3.3333333e+00
  9.4185973e-01   3.3600631e-01  -9.4185990e-01  -3.3600584e-01   3.3333333e+00
  9.4203160e-01   3.3552415e-01  -9.4203176e-01  -3.3552370e-01   3.3333333e+00
  9.4220288e-01   3.3504289e-01  -9.4220303e-01  -3.3504246e-01   3.3333333e+00
  9.4237359e-01   3.3456243e-01  -9.4237373e-01  -3.3456203e-01   3.3333333e+00
  9.4254377e-01   3.3408268e-01  -9.4254391e-01  -3.3408230e-01   3.3333333e+00
  9.4271346e-01   3.3360355e-01  -9.4271359e-01  -3.3360320e-01   3.3333333e+00
  9.4288268e-01   3.3312498e-01  -9.4288280e-01  -3.3312465e-01   3.3333333e+00
  9.4305146e-01   3.3264688e-01  -9.4305157e-01  -3.3264657e-01   3.3333333e+00
  9.4321982e-01   3.3216919e-01  -9.4321992e-01  -3.3216890e-01   3.3333333e+00
  9.4338779e-01   3.3169185e-01  -9.4338788e-01  -3.3169159e-01   3.3333333e+00
  9.4355538e-01   3.3121480e-01  -9.4355546e-01  -3.3121456e-01   3.3333333e+00
  9.4372262e-01   3.3073799e-01  -9.4372269e-01  -3.3073778e-01   3.3333333e+00
  9.4388952e-01   3.3026137e-01  -9.4388959e-01  -3.3026118e-01   3.3333333e+00
  9.4405610e-01   3.2978491e-01  -9.4405615e-01  -3.2978475e-01   3.3333333e+00
  9.4422236e-01   3.2930857e-01  -9.4422241e-01  -3.2930843e-01   3.3333333e+00
  9.4438833e-01   3.2883231e-01  -9.4438837e-01  -3.2883219e-01   3.3333333e+00
  9.4455400e-01   3.2835611e-01  -9.4455404e-01  -3.2835602e-01   3.3333333e+00
  9.4471940e-01   3.2787995e-01  -9.4471942e-01  -3.2787988e-01   3.3333333e+00
  9.4488452e-01   3.2740381e-01  -9.4488453e-01  -3.2740376e-01   3.3333333e+00
  9.4504936e-01   3.2692768e-01  -9.4504937e-01  -3.2692765e-01   3.3333333e+00
  9.4521394e-01   3.2645155e-01  -9.4521394e-01  -3.2645155e-01   3.3333333e+00
  9.4537824e-01   3.2597542e-01  -9.4537824e-01  -3.2597545e-01   3.3333333e+00
  9.4554228e-01   3.2549929e-01  -9.4554227e-01  -3.2549934e-01   3.3333333e+00
  9.4570606e-01   3.2502315e-01  -9.4570604e-01  -3.2502322e-01   3.3333333e+00
  9.4586958e-01   3.2454698e-01  -9.4586954e-01  -3.2454708e-01   3.3333333e+00
  9.4603284e-01   3.2407078e-01  -9.4603280e-01  -3.2407090e-01   3.3333333e+00
  9.4619585e-01   3.2359451e-01  -9.4619580e-01  -3.2359466e-01   3.3333333e+00
  9.4635863e-01   3.2311816e-01  -9.4635857e-01  -3.2311833e-01   3.3333333e+00
  9.4652118e-01   3.2264168e-01  -9.4652111e-01  -3.2264187e-01   3.3333333e+00
  9.4668352e-01   3.2216505e-01  -9.4668344e-01  -3.2216527e-01   3.3333333e+00
  9.4684565e-01   3.2168822e-01  -9.4684557e-01  -3.2168846e-01   3.3333333e+00
  9.4700760e-01   3.2121115e-01  -9.4700751e-01  -3.2121141e-01   3.3333333e+00
  9.4716938e-01   3.2073378e-01  -9.4716929e-01  -3.2073407e-01   3.3333333e+00
  9.4733102e-01   3.2025606e-01  -9.4733091e-01  -3.2025637e-01   3.3333333e+00
  9.4749252e-01   3.1977793e-01  -9.4749241e-01  -3.1977826e-01   3.3333333e+00
  9.4765392e-01   3.1929931e-01  -9.4765380e-01  -3.1929967e-01   3.3333333e+00
  9.4781523e-01   3.1882015e-01  -9.4781510e-01  -3.1882053e-01   3.3333333e+00
  9.4797649e-01   3.1834036e-01  -9.4797635e-01  -3.1834076e-01   3.3333333e+00
  9.4813771e-01   3.1785985e-01  -9.4813756e-01  -3.1786028e-01   3.3333333e+00
  9.4829893e-01   3.1737855e-01  -9.4829878e-01  -3.1737900e-01   3.3333333e+00
  9.4846018e-01   3.1689635e-01  -9.4846001e-01  -3.1689683e-01   3.3333333e+00
  9.4862148e-01   3.1641315e-01  -9.4862131e-01  -3.1641366e-01   3.3333333e+00
  9.4878288e-01   3.1592886e-01  -9.4878271e-01  -3.1592938e-01   3.3333333e+00
  9.4894441e-01   3.1544334e-01  -9.4894423e-01  -3.1544389e-01   3.3333333e+00
  9.4910611e-01   3.1495649e-01  -9.4910592e-01  -3.1495706e-01   3.3333333e+00
  9.4926802e-01   3.1446817e-01  -9.4926782e-01  -3.1446877e-01   3.3333333e+00
  9.4943018e-01   3.1397824e-01  -9.4942997e-01  -3.1397887e-01   3.3333333e+00
  9.4959263e-01   3.1348657e-01  -9.4959242e-01  -3.1348722e-01   3.3333333e+00
  9.4975544e-01   3.1299299e-01  -9.4975521e-01  -3.1299367e-01   3.3333333e+00
  9.4991863e-01   3.1249735e-01  -9.4991840e-01  -3.1249805e-01   3.3333333e+00
  9.5008227e-01   3.1199947e-01  -9.5008204e-01  -3.1200020e-01   3.3333333e+00
  9.5024642e-01   3.1149917e-01  -9.5024618e-01  -3.1149992e-01   3.3333333e+00
  9.5041114e-01   3.1099625e-01  -9.5041088e-01  -3.1099703e-01   3.3333333e+00
  9.5057648e-01   3.1049051e-01  -9.5057622e-01  -3.1049131e-01   3.3333333e+00
  9.5074252e-01   3.0998172e-01  -9.5074225e-01  -3.0998254e-01   3.3333333e+00
  9.5090932e-01   3.0946964e-01  -9.5090905e-01  -3.0947049e-01   3.3333333e+00
  9.5107697e-01   3.0895403e-01  -9.5107669e-01  -3.0895491e-01   3.3333333e+00
  9.5124555e-01   3.0843461e-01  -9.5124526e-01  -3.0843551e-01   3.3333333e+00
  9.5141514e-01   3.0791109e-01  -9.5141483e-01  -3.0791202e-01   3.3333333e+00
  9.5158583e-01   3.0738316e-01  -9.5158552e-01  -3.0738412e-01   3.3333333e+00
  9.5175773e-01   3.0685050e-01  -9.5175741e-01  -3.0685148e-01   3.3333333e+00
  9.5193094e-01   3.0631273e-01  -9.5193061e-01  -3.0631374e-01   3.3333333e+00
  9.5210558e-01   3.0576948e-01  -9.5210524e-01  -3.0577052e-01   3.3333333e+00
  9.5228177e-01   3.0522031e-01  -9.5228142e-01  -3.0522138e-01   3.3333333e+00
  9.5245964e-01   3.0466478e-01  -9.5245929e-01  -3.0466588e-01   3.3333333e+00
  9.5263935e-01   3.0410239e-01  -9.5263899e-01  -3.0410351e-01   3.3333333e+00
  9.5282106e-01   3.0353259e-01  -9.5282069e-01  -3.0353375e-01   3.3333333e+00
  9.5300492e-01   3.0295481e-01  -9.5300455e-01  -3.0295599e-01   3.3333333e+00
  9.5319115e-01   3.0236837e-01  -9.5319077e-01  -3.0236958e-01   3.3333333e+00
  9.5337994e-01   3.0177258e-01  -9.5337955e-01  -3.0177382e-01   3.3333333e+00
  9.5357153e-01   3.0116664e-01  -9.5357113e-01  -3.0116791e-01   3.3333333e+00
  9.5376617e-01   3.0054966e-01  -9.5376576e-01  -3.0055097e-01   3.3333333e+00
  9.5396414e-01   2.9992068e-01  -9.5396372e-01  -2.9992202e-01   3.3333333e+00
  9.5416577e-01   2.9927859e-01  -9.5416534e-01  -2.9927996e-01   3.3333333e+00
  9.5437142e-01   2.9862216e-01  -9.5437098e-01  -2.9862356e-01   3.3333333e+00
  9.5458148e-01   2.9794999e-01  -9.5458103e-01  -2.9795143e-01   3.3333333e+00
  9.5479642e-01   2.9726049e-01  -9.5479596e-01  -2.9726196e-01   3.3333333e+00
  9.5501676e-01   2.9655182e-01  -9.5501630e-01  -2.9655333e-01   3.3333333e+00
  9.5524312e-01   2.9582188e-01  -9.5524264e-01  -2.9582342e-01   3.3333333e+00
  9.5547619e-01   2.9506822e-01  -9.5547570e-01  -2.9506980e-01   3.3333333e+00
  9.5571681e-01   2.9428793e-01  -9.5571631e-01  -2.9428955e-01   3.3333333e+00
  9.5596595e-01   2.9347761e-01  -9.5596544e-01  -2.9347927e-01   3.3333333e+00
  9.5622479e-01   2.9263312e-01  -9.5622427e-01  -2.9263482e-01   3.3333333e+00
  9.5649477e-01   2.9174948e-01  -9.5649424e-01  -2.9175122e-01   3.3333333e+00
  9.5677763e-01   2.9082050e-01  -9.5677709e-01  -2.9082229e-01   3.3333333e+00
  9.5707559e-01   2.8983842e-01  -9.5707503e-01  -2.8984026e-01   3.3333333e+00
  9.5739147e-01   2.8879330e-01  -9.5739090e-01  -2.8879520e-01   3.3333333e+00
  9.5772897e-01   2.8767209e-01  -9.5772838e-01  -2.8767404e-01   3.3333333e+00
  9.5809307e-01   2.8645709e-01  -9.5809247e-01  -2.8645910e-01   3.3333333e+00
  9.5849079e-01   2.8512349e-01  -9.5849017e-01  -2.8512558e-01   3.3333333e+00
  9.5893239e-01   2.8363476e-01  -9.5893175e-01  -2.8363691e-01   3.3333333e+00
  9.5943393e-01   2.8193357e-01  -9.5943327e-01  -2.8193582e-01   3.3333333e+00
  9.6002280e-01   2.7992181e-01  -9.6002212e-01  -2.7992416e-01   3.3333333e+00
  9.6075240e-01   2.7740734e-01  -9.6075168e-01  -2.7740981e-01   3.3333333e+00
  9.6175358e-01   2.7391614e-01  -9.6175282e-01  -2.7391879e-01   3.3333333e+00
  9.6358066e-01   2.6741786e-01  -9.6357983e-01  -2.6742084e-01   3.3333333e+00
  9.2331291e-01   3.8404854e-01  -9.2331409e-01  -3.8404569e-01   3.3333333e+00
  9.2589388e-01   3.7778370e-01  -9.2589492e-01  -3.7778116e-01   3.3333333e+00
  9.2726544e-01   3.7440460e-01  -9.2726640e-01  -3.7440223e-01   3.3333333e+00
  9.2824677e-01   3.7196497e-01  -9.2824767e-01  -3.7196272e-01   3.3333333e+00
  9.2902798e-01   3.7000949e-01  -9.2902884e-01  -3.7000733e-01   3.3333333e+00
  9.2968585e-01   3.6835338e-01  -9.2968667e-01  -3.6835131e-01   3.3333333e+00
  9.3025952e-01   3.6690220e-01  -9.3026031e-01  -3.6690020e-01   3.3333333e+00
  9.3077178e-01   3.6560074e-01  -9.3077254e-01  -3.6559880e-01   3.3333333e+00
  9.3123713e-01   3.6441377e-01  -9.3123787e-01  -3.6441189e-01   3.3333333e+00
  9.3166544e-01   3.6331737e-01  -9.3166615e-01  -3.6331555e-01   3.3333333e+00
  9.3206368e-01   3.6229448e-01  -9.3206437e-01  -3.6229270e-01   3.3333333e+00
  9.3243704e-01   3.6133249e-01  -9.3243771e-01  -3.6133076e-01   3.3333333e+00
  9.3278944e-01   3.6042179e-01  -9.3279009e-01  -3.6042010e-01   3.3333333e+00
  9.3312394e-01   3.5955489e-01  -9.3312457e-01  -3.5955325e-01   3.3333333e+00
  9.3344297e-01   3.5872583e-01  -9.3344359e-01  -3.5872422e-01   3.3333333e+00
  9.3374851e-01   3.5792976e-01  -9.3374911e-01  -3.5792820e-01   3.3333333e+00
  9.3404218e-01   3.5716271e-01  -9.3404276e-01  -3.5716119e-01   3.3333333e+00
  9.3432532e-01   3.5642137e-01  -9.3432589e-01  -3.5641988e-01   3.3333333e+00
  9.3459907e-01   3.5570294e-01  -9.3459962e-01  -3.5570149e-01   3.3333333e+00
  9.3486438e-01   3.5500505e-01  -9.3486492e-01  -3.5500363e-01   3.3333333e+00
  9.3512210e-01   3.5432564e-01  -9.3512262e-01  -3.5432426e-01   3.3333333e+00
  9.3537293e-01   3.5366296e-01  -9.3537344e-01  -3.5366160e-01   3.3333333e+00
  9.3561749e-01   3.5301545e-01  -9.3561799e-01  -3.5301413e-01   3.3333333e+00
  9.3585634e-01   3.5238177e-01  -9.3585682e-01  -3.5238048e-01   3.3333333e+00
  9.3608995e-01   3.5176072e-01  -9.3609042e-01  -3.5175946e-01   3.3333333e+00
  9.3631876e-01   3.5115123e-01  -9.3631922e-01  -3.5115000e-01   3.3333333e+00
  9.3654314e-01   3.5055235e-01  -9.3654359e-01  -3.5055115e-01   3.3333333e+00
  9.3676343e-01   3.4996324e-01  -9.3676387e-01  -3.4996207e-01   3.3333333e+00
  9.3697995e-01   3.4938312e-01  -9.3698038e-01  -3.4938198e-01   3.3333333e+00
  9.3719298e-01   3.4881131e-01  -9.3719339e-01  -3.4881019e-01   3.3333333e+00
  9.3740275e-01   3.4824716e-01  -9.3740315e-01  -3.4824608e-01   3.3333333e+00
  9.3760951e-01   3.4769011e-01  -9.3760990e-01  -3.4768906e-01   3.3333333e+00
  9.3781345e-01   3.4713964e-01  -9.3781383e-01  -3.4713861e-01   3.3333333e+00
  9.3801478e-01   3.4659526e-01  -9.3801515e-01  -3.4659425e-01   3.3333333e+00
  9.3821367e-01   3.4605652e-01  -9.3821403e-01  -3.4605555e-01   3.3333333e+00
  9.3841027e-01   3.4552303e-01  -9.3841062e-01  -3.4552208e-01   3.3333333e+00
  9.3860474e-01   3.4499440e-01  -9.3860508e-01  -3.4499348e-01   3.3333333e+00
  9.3879722e-01   3.4447029e-01  -9.3879755e-01  -3.4446939e-01   3.3333333e+00
  9.3898783e-01   3.4395036e-01  -9.3898815e-01  -3.4394949e-01   3.3333333e+00
  9.3917669e-01   3.4343433e-01  -9.3917700e-01  -3.4343349e-01   3.3333333e+00
  9.3936391e-01   3.4292191e-01  -9.3936421e-01  -3.4292109e-01   3.3333333e+00
  9.3954960e-01   3.4241284e-01  -9.3954989e-01  -3.4241204e-01   3.3333333e+00
  9.3973384e-01   3.4190687e-01  -9.3973412e-01  -3.4190610e-01   3.3333333e+00
  9.3991673e-01   3.4140377e-01  -9.3991700e-01  -3.4140302e-01   3.3333333e+00
  9.4009836e-01   3.4090333e-01  -9.4009862e-01  -3.4090261e-01   3.3333333e+00
  9.4027879e-01   3.4040535e-01  -9.4027904e-01  -3.4040465e-01   3.3333333e+00
  9.4045810e-01   3.3990964e-01  -9.4045834e-01  -3.3990897e-01   3.3333333e+00
  9.4063636e-01   3.3941601e-01  -9.4063660e-01  -3.3941537e-01   3.3333333e+00
  9.4081364e-01   3.3892431e-01  -9.4081387e-01  -3.3892369e-01   3.3333333e+00
  9.4098999e-01   3.3843438e-01  -9.4099021e-01  -3.3843378e-01   3.3333333e+00
  9.4116548e-01   3.3794607e-01  -9.4116568e-01  -3.3794549e-01   3.3333333e+00
  9.4134015e-01   3.3745923e-01  -9.4134034e-01  -3.3745868e-01   3.3333333e+00
  9.4151405e-01   3.3697374e-01  -9.4151423e-01  -3.3697321e-01   3.3333333e+00
  9.4168723e-01   3.3648947e-01  -9.4168741e-01  -3.3648897e-01   3.3333333e+00
  9.4185973e-01   3.3600631e-01  -9.4185990e-01  -3.3600584e-01   3.3333333e+00
  9.4203160e-01   3.3552415e-01  -9.4203176e-01  -3.3552370e-01   3.3333333e+00
  9.4220288e-01   3.3504289e-01  -9.4220303e-01  -3.3504246e-01   3.3333333e+00
  9.4237359e-01   3.3456243e-01  -9.4237373e-01  -3.3456203e-01   3.3333333e+00
  9.4254377e-01   3.3408268e-01  -9.4254391e-01  -3.3408230e-01   3.3333333e+00
  9.4271346e-01   3.3360355e-01  -9.4271359e-01  -3.3360320e-01   3.3333333e+00
  9.4288268e-01   3.3312498e-01  -9.4288280e-01  -3.3312465e-01   3.3333333e+00
  9.4305146e-01   3.3264688e-01  -9.4305157e-01  -3.3264657e-01   3.3333333e+00
  9.4321982e-01   3.3216919e-01  -9.4321992e-01  -3.3216890e-01   3.3333333e+00
  9.4338779e-01   3.3169185e-01  -9.4338788e-01  -3.3169159e-01   3.3333333e+00
  9.4355538e-01   3.3121480e-01  -9.4355546e-01  -3.3121456e-01   3.3333333e+00
  9.4372262e-01   3.3073799e-01  -9.4372269e-01  -3.3073778e-01   3.3333333e+00
  9.4388952e-01   3.3026137e-01  -9.4388959e-01  -3.3026118e-01   3.3333333e+00
  9.4405610e-01   3.2978491e-01  -9.4405615e-01  -3.2978475e-01   3.3333333e+00
  9.4422236e-01   3.2930857e-01  -9.4422241e-01  -3.2930843e-01   3.3333333e+00
  9.4438833e-01   3.2883231e-01  -9.4438837e-01  -3.2883219e-01   3.3333333e+00
  9.4455400e-01   3.2835611e-01  -9.4455404e-01  -3.2835602e-01   3.3333333e+00
  9.4471940e-01   3.2787995e-01  -9.4471942e-01  -3.2787988e-01   3.3333333e+00
  9.4488452e-01   3.2740381e-01  -9.4488453e-01  -3.2740376e-01   3.3333333e+00
  9.4504936e-01   3.2692768e-01  -9.4504937e-01  -3.2692765e-01   3.3333333e+00
  9.4521394e-01   3.2645155e-01  -9.4521394e-01  -3.2645155e-01   3.3333333e+00
  9.4537824e-01   3.2597542e-01  -9.4537824e-01  -3.2597545e-01   3.3333333e+00
  9.4554228e-01   3.2549929e-01  -9.4554227e-01  -3.2549934e-01   3.3333333e+00
  9.4570606e-01   3.2502315e-01  -9.4570604e-01  -3.2502322e-01   3.3333333e+00
  9.4586958e-01   3.2454698e-01  -9.4586954e-01  -3.2454708e-01   3.3333333e+00
  9.4603284e-01   3.2407078e-01  -9.4603280e-01  -3.2407090e-01   3.3333333e+00
  9.4619585e-01   3.2359451e-01  -9.4619580e-01  -3.2359466e-01   3.3333333e+00
  9.4635863e-01   3.2311816e-01  -9.4635857e-01  -3.2311833e-01   3.3333333e+00
  9.4652118e-01   3.2264168e-01  -9.4652111e-01  -3.2264187e-01   3.3333333e+00
  9.4668352e-01   3.2216505e-01  -9.4668344e-01  -3.2216527e-01   3.3333333e+00
  9.4684565e-01   3.2168822e-01  -9.4684557e-01  -3.2168846e-01   3.3333333e+00
  9.4700760e-01   3.2121115e-01  -9.4700751e-01  -3.2121141e-01   3.3333333e+00
  9.4716938e-01   3.2073378e-01  -9.4716929e-01  -3.2073407e-01   3.3333333e+00
  9.4733102e-01   3.2025606e-01  -9.4733091e-01  -3.2025637e-01   3.3333333e+00
  9.4749252e-01   3.1977793e-01  -9.4749241e-01  -3.1977826e-01   3.3333333e+00
  9.4765392e-01   3.1929931e-01  -9.4765380e-01  -3.1929967e-01   3.3333333e+00
  9.4781523e-01   3.1882015e-01  -9.4781510e-01  -3.1882053e-01   3.3333333e+00
  9.4797649e-01   3.1834036e-01  -9.4797635e-01  -3.1834076e-01   3.3333333e+00
  9.4813771e-01   3.1785985e-01  -9.4813756e-01  -3.1786028e-01   3.3333333e+00
  9.4829893e-01   3.1737855e-01  -9.4829878e-01  -3.1737900e-01   3.3333333e+00
  9.4846018e-01   3.1689635e-01  -9.4846001e-01  -3.1689683e-01   3.3333333e+00
  9.4862148e-01   3.1641315e-01  -9.4862131e-01  -3.1641366e-01   3.3333333e+00
  9.4878288e-01   3.1592886e-01  -9.4878271e-01  -3.1592938e-01   3.3333333e+00
  9.4894441e-01   3.1544334e-01  -9.4894423e-01  -3.1544389e-01   3.3333333e+00
  9.4910611e-01   3.1495649e-01  -9.4910592e-01  -3.1495706e-01   3.3333333e+00
  9.4926802e-01   3.1446817e-01  -9.4926782e-01  -3.1446877e-01   3.3333333e+00
  9.4943018e-01   3.1397824e-01  -9.4942997e-01  -3.1397887e-01   3.3333333e+00
  9.4959263e-01   3.1348657e-01  -9.4959242e-01  -3.1348722e-01   3.3333333e+00
  9.4975544e-01   3.1299299e-01  -9.4975521e-01  -3.1299367e-01   3.3333333e+00
  9.4991863e-01   3.1249735e-01  -9.4991840e-01  -3.1249805e-01   3.3333333e+00
  9.5008227e-01   3.1199947e-01  -9.5008204e-01  -3.1200020e-01   3.3333333e+00
  9.5024642e-01   3.1149917e-01  -9.5024618e-01  -3.1149992e-01   3.3333333e+00
  9.5041114e-01   3.1099625e-01  -9.5041088e-01  -3.1099703e-01   3.3333333e+00
  9.5057648e-01   3.1049051e-01  -9.5057622e-01  -3.1049131e-01   3.3333333e+00
  9.5074252e-01   3.0998172e-01  -9.5074225e-01  -3.0998254e-01   3.3333333e+00
  9.5090932e-01   3.0946964e-01  -9.5090905e-01  -3.0947049e-01   3.3333333e+00
  9.5107697e-01   3.0895403e-01  -9.5107669e-01  -3.0895491e-01   3.3333333e+00
  9.5124555e-01   3.0843461e-01  -9.5124526e-01  -3.0843551e-01   3.3333333e+00
  9.5141514e-01   3.0791109e-01  -9.5141483e-01  -3.0791202e-01   3.3333333e+00
  9.5158583e-01   3.0738316e-01  -9.5158552e-01  -3.0738412e-01   3.3333333e+00
  9.5175773e-01   3.0685050e-01  -9.5175741e-01  -3.0685148e-01   3.3333333e+00
  9.5193094e-01   3.0631273e-01  -9.5193061e-01  -3.0631374e-01   3.3333333e+00
  9.5210558e-01   3.0576948e-01  -9.5210524e-01  -3.0577052e-01   3.3333333e+00
  9.5228177e-01   3.0522031e-01  -9.5228142e-01  -3.0522138e-01   3.3333333e+00
  9.5245964e-01   3.0466478e-01  -9.5245929e-01  -3.0466588e-01   3.3333333e+00
  9.5263935e-01   3.0410239e-01  -9.5263899e-01  -3.0410351e-01   3.3333333e+00
  9.5282106e-01   3.0353259e-01  -9.5282069e-01  -3.0353375e-01   3.3333333e+00
  9.5300492e-01   3.0295481e-01  -9.5300455e-01  -3.0295599e-01   3.3333333e+00
  9.5319115e-01   3.0236837e-01  -9.5319077e-01  -3.0236958e-01   3.3333333e+00
  9.5337994e-01   3.0177258e-01  -9.5337955e-01  -3.0177382e-01   3.3333333e+00
  9.5357153e-01   3.0116664e-01  -9.5357113e-01  -3.0116791e-01   3.3333333e+00
  9.5376617e-01   3.0054966e-01  -9.5376576e-01  -3.0055097e-01   3.3333333e+00
  9.5396414e-01   2.9992068e-01  -9.5396372e-01  -2.9992202e-01   3.3333333e+00
  9.5416577e-01   2.9927859e-01  -9.5416534e-01  -2.9927996e-01   3.3333333e+00
  9.5437142e-01   2.9862216e-01  -9.5437098e-01  -2.9862356e-01   3.3333333e+00
  9.5458148e-01   2.9794999e-01  -9.5458103e-01  -2.9795143e-01   3.3333333e+00
  9.5479642e-01   2.9726049e-01  -9.5479596e-01  -2.9726196e-01   3.3333333e+00
  9.5501676e-01   2.9655182e-01  -9.5501630e-01  -2.9655333e-01   3.3333333e+00
  9.5524312e-01   2.9582188e-01  -9.5524264e-01  -2.9582342e-01   3.3333333e+00
  9.5547619e-01   2.9506822e-01  -9.5547570e-01  -2.9506980e-01   3.3333333e+00
  9.5571681e-01   2.9428793e-01  -9.5571631e-01  -2.9428955e-01   3.3333333e+00
  9.5596595e-01   2.9347761e-01  -9.5596544e-01  -2.9347927e-01   3.3333333e+00
  9.5622479e-01   2.9263312e-01  -9.5622427e-01  -2.9263482e-01   3.3333333e+00
  9.5649477e-01   2.9174948e-01  -9.5649424e-01  -2.9175122e-01   3.3333333e+00
  9.5677763e-01   2.9082050e-01  -9.5677709e-01  -2.9082229e-01   3.3333333e+00
  9.5707559e-01   2.8983842e-01  -9.5707503e-01  -2.8984026e-01   3.3333333e+00
  9.5739147e-01   2.8879330e-01  -9.5739090e-01  -2.8879520e-01   3.3333333e+00
  9.5772897e-01   2.8767209e-01  -9.5772838e-01  -2.8767404e-01   3.3333333e+00
  9.5809307e-01   2.8645709e-01  -9.5809247e-01  -2.8645910e-01   3.3333333e+00
  9.5849079e-01   2.8512349e-01  -9.5849017e-01  -2.8512558e-01   3.3333333e+00
  9.5893239e-01   2.8363476e-01  -9.5893175e-01  -2.8363691e-01   3.3333333e+00
  9.5943393e-01   2.8193357e-01  -9.5943327e-01  -2.8193582e-01   3.3333333e+00
  9.6002280e-01   2.7992181e-01  -9.6002212e-01  -2.7992416e-01   3.3333333e+00
  9.6075240e-01   2.7740734e-01  -9.6075168e-01  -2.7740981e-01   3.3333333e+00
  9.6175358e-01   2.7391614e-01  -9.6175282e-01  -2.7391879e-01   3.3333333e+00
  9.6358066e-01   2.6741786e-01  -9.6357983e-01  -2.6742084e-01   3.3333333e+00
  9.2331291e-01   3.8404854e-01  -9.2331409e-01  -3.8404569e-01   3.3333333e+00
  9.2589388e-01   3.7778370e-01  -9.2589492e-01  -3.7778116e-01   3.3333333e+00
  9.2726544e-01   3.7440460e-01  -9.2726640e-01  -3.7440223e-01   3.3333333e+00
  9.2824677e-01   3.7196497e-01  -9.2824767e-01  -3.7196272e-01   3.3333333e+00
  9.2902798e-01   3.7000949e-01  -9.2902884e-01  -3.7000733e-01   3.3333333e+00
  9.2968585e-01   3.6835338e-01  -9.2968667e-01  -3.6835131e-01   3.3333333e+00
  9.3025952e-01   3.6690220e-01  -9.3026031e-01  -3.6690020e-01   3.3333333e+00
  9.3077178e-01   3.6560074e-01  -9.3077254e-01  -3.6559880e-01   3.3333333e+00
  9.3123713e-01   3.6441377e-01  -9.3123787e-01  -3.6441189e-01   3.3333333e+00
  9.3166544e-01   3.6331737e-01  -9.3166615e-01  -3.6331555e-01   3.3333333e+00
  9.3206368e-01   3.6229448e-01  -9.3206437e-01  -3.6229270e-01   3.3333333e+00
  9.3243704e-01   3.6133249e-01  -9.3243771e-01  -3.6133076e-01   3.3333333e+00
  9.3278944e-01   3.6042179e-01  -9.3279009e-01  -3.6042010e-01   3.3333333e+00
  9.3312394e-01   3.5955489e-01  -9.3312457e-01  -3.5955325e-01   3.3333333e+00
  9.3344297e-01   3.5872583e-01  -9.3344359e-01  -3.5872422e-01   3.3333333e+00
  9.3374851e-01   3.5792976e-01  -9.3374911e-01  -3.5792820e-01   3.3333333e+00
  9.3404218e-01   3.5716271e-01  -9.3404276e-01  -3.5716119e-01   3.3333333e+00
  9.3432532e-01   3.5642137e-01  -9.3432589e-01  -3.5641988e-01   3.3333333e+00
  9.3459907e-01   3.5570294e-01  -9.3459962e-01  -3.5570149e-01   3.3333333e+00
  9.3486438e-01   3.5500505e-01  -9.3486492e-01  -3.5500363e-01   3.3333333e+00
  9.3512210e-01   3.5432564e-01  -9.3512262e-01  -3.5432426e-01   3.3333333e+00
  9.3537293e-01   3.5366296e-01  -9.3537344e-01  -3.5366160e-01   3.3333333e+00
  9.3561749e-01   3.5301545e-01  -9.3561799e-01  -3.5301413e-01   3.3333333e+00
  9.3585634e-01   3.5238177e-01  -9.3585682e-01  -3.5238048e-01   3.3333333e+00
  9.3608995e-01   3.5176072e-01  -9.3609042e-01  -3.5175946e-01   3.3333333e+00
  9.3631876e-01   3.5115123e-01  -9.3631922e-01  -3.5115000e-01   3.3333333e+00
  9.3654314e-01   3.5055235e-01  -9.3654359e-01  -3.5055115e-01   3.3333333e+00
  9.3676343e-01   3.4996324e-01  -9.3676387e-01  -3.4996207e-01   3.3333333e+00
  9.3697995e-01   3.4938312e-01  -9.3698038e-01  -3.4938198e-01   3.3333333e+00
  9.3719298e-01   3.4881131e-01  -9.3719339e-01  -3.4881019e-01   3.3333333e+00
  9.3740275e-01   3.4824716e-01  -9.3740315e-01  -3.4824608e-01   3.3333333e+00
  9.3760951e-01   3.4769011e-01  -9.3760990e-01  -3.4768906e-01   3.3333333e+00
  9.3781345e-01   3.4713964e-01  -9.3781383e-01  -3.4713861e-01   3.3333333e+00
  9.3801478e-01   3.4659526e-01  -9.3801515e-01  -3.4659425e-01   3.3333333e+00
  9.3821367e-01   3.4605652e-01  -9.3821403e-01  -3.4605555e-01   3.3333333e+00
  9.3841027e-01   3.4552303e-01  -9.3841062e-01  -3.4552208e-01   3.3333333e+00
  9.3860474e-01   3.4499440e-01  -9.3860508e-01  -3.4499348e-01   3.3333333e+00
  9.3879722e-01   3.4447029e-01  -9.3879755e-01  -3.4446939e-01   3.3333333e+00
  9.3898783e-01   3.4395036e-01  -9.3898815e-01  -3.4394949e-01   3.3333333e+00
  9.3917669e-01   3.4343433e-01  -9.3917700e-01  -3.4343349e-01   3.3333333e+00
  9.3936391e-01   3.4292191e-01  -9.3936421e-01  -3.4292109e-01   3.3333333e+00
  9.3954960e-01   3.4241284e-01  -9.3954989e-01  -3.4241204e-01   3.3333333e+00
  9.3973384e-01   3.4190687e-01  -9.3973412e-01  -3.4190610e-01   3.3333333e+00
  9.3991673e-01   3.4140377e-01  -9.3991700e-01  -3.4140302e-01   3.3333333e+00
  9.4009836e-01   3.4090333e-01  -9.4009862e-01  -3.4090261e-01   3.3333333e+00
  9.4027879e-01   3.4040535e-01  -9.4027904e-01  -3.4040465e-01   3.3333333e+00
  9.4045810e-01   3.3990964e-01  -9.4045834e-01  -3.3990897e-01   3.3333333e+00
  9.4063636e-01   3.3941601e-01  -9.4063660e-01  -3.3941537e-01   3.3333333e+00
  9.4081364e-01   3.3892431e-01  -9.4081387e-01  -3.3892369e-01   3.3333333e+00
  9.4098999e-01   3.3843438e-01  -9.4099021e-01  -3.3843378e-01   3.3333333e+00
  9.4116548e-01   3.3794607e-01  -9.4116568e-01  -3.3794549e-01   3.3333333e+00
  9.4134015e-01   3.3745923e-01  -9.4134034e-01  -3.3745868e-01   3.3333333e+00
  9.4151405e-01   3.3697374e-01  -9.4151423e-01  -3.3697321e-01   3.3333333e+00
  9.4168723e-01   3.3648947e-01  -9.4168741e-01  -3.3648897e-01   3.3333333e+00
  9.4185973e-01   3.3600631e-01  -9.4185990e-01  -3.3600584e-01   3.3333333e+00
  9.4203160e-01   3.3552415e-01  -9.4203176e-01  -3.3552370e-01   3.3333333e+00
  9.4220288e-01   3.3504289e-01  -9.4220303e-01  -3.3504246e-01   3.3333333e+00
  9.4237359e-01   3.3456243e-01  -9.4237373e-01  -3.3456203e-01   3.3333333e+00
  9.4254377e-01   3.3408268e-01  -9.4254391e-01  -3.3408230e-01   3.3333333e+00
  9.4271346e-01   3.3360355e-01  -9.4271359e-01  -3.3360320e-01   3.3333333e+00
  9.4288268e-01   3.3312498e-01  -9.4288280e-01  -3.3312465e-01   3.3333333e+00
  9.4305146e-01   3.3264688e-01  -9.4305157e-01  -3.3264657e-01   3.3333333e+00
  9.4321982e-01   3.3216919e-01  -9.4321992e-01  -3.3216890e-01   3.3333333e+00
  9.4338779e-01   3.3169185e-01  -9.4338788e-01  -3.3169159e-01   3.3333333e+00
  9.4355538e-01   3.3121480e-01  -9.4355546e-01  -3.3121456e-01   3.3333333e+00
  9.4372262e-01   3.3073799e-01  -9.4372269e-01  -3.3073778e-01   3.3333333e+00
  9.4388952e-01   3.3026137e-01  -9.4388959e-01  -3.3026118e-01   3.3333333e+00
  9.4405610e-01   3.2978491e-01  -9.4405615e-01  -3.2978475e-01   3.3333333e+00
  9.4422236e-01   3.2930857e-01  -9.4422241e-01  -3.2930843e-01   3.3333333e+00
  9.4438833e-01   3.2883231e-01  -9.4438837e-01  -3.2883219e-01   3.3333333e+00
  9.4455400e-01   3.2835611e-01  -9.4455404e-01  -3.2835602e-01   3.3333333e+00
  9.4471940e-01   3.2787995e-01  -9.4471942e-01  -3.2787988e-01   3.3333333e+00
  9.4488452e-01   3.2740381e-01  -9.4488453e-01  -3.2740376e-01   3.3333333e+00
  9.4504936e-01   3.2692768e-01  -9.4504937e-01  -3.2692765e-01   3.3333333e+00
  9.4521394e-01   3.2645155e-01  -9.4521394e-01  -3.2645155e-01   3.3333333e+00
  9.4537824e-01   3.2597542e-01  -9.4537824e-01  -3.2597545e-01   3.3333333e+00
  9.4554228e-01   3.2549929e-01  -9.4554227e-01  -3.2549934e-01   3.3333333e+00
  9.4570606e-01   3.2502315e-01  -9.4570604e-01  -3.2502322e-01   3.3333333e+00
  9.4586958e-01   3.2454698e-01  -9.4586954e-01  -3.2454708e-01   3.3333333e+00
  9.4603284e-01   3.2407078e-01  -9.4603280e-01  -3.2407090e-01   3.3333333e+00
  9.4619585e-01   3.2359451e-01  -9.4619580e-01  -3.2359466e-01   3.3333333e+00
  9.4635863e-01   3.2311816e-01  -9.4635857e-01  -3.2311833e-01   3.3333333e+00
  9.4652118e-01   3.2264168e-01  -9.4652111e-01  -3.2264187e-01   3.3333333e+00
  9.4668352e-01   3.2216505e-01  -9.4668344e-01  -3.2216527e-01   3.3333333e+00
  9.4684565e-01   3.2168822e-01  -9.4684557e-01  -3.2168846e-01   3.3333333e+00
  9.4700760e-01   3.2121115e-01  -9.4700751e-01  -3.2121141e-01   3.3333333e+00
  9.4716938e-01   3.2073378e-01  -9.4716929e-01  -3.2073407e-01   3.3333333e+00
  9.4733102e-01   3.2025606e-01  -9.4733091e-01  -3.2025637e-01   3.3333333e+00
  9.4749252e-01   3.1977793e-01  -9.4749241e-01  -3.1977826e-01   3.3333333e+00
  9.4765392e-01   3.1929931e-01  -9.4765380e-01  -3.1929967e-01   3.3333333e+00
  9.4781523e-01   3.1882015e-01  -9.4781510e-01  -3.1882053e-01   3.3333333e+00
  9.4797649e-01   3.1834036e-01  -9.4797635e-01  -3.1834076e-01   3.3333333e+00
  9.4813771e-01   3.1785985e-01  -9.4813756e-01  -3.1786028e-01   3.3333333e+00
  9.4829893e-01   3.1737855e-01  -9.4829878e-01  -3.1737900e-01   3.3333333e+00
  9.4846018e-01   3.1689635e-01  -9.4846001e-01  -3.1689683e-01   3.3333333e+00
  9.4862148e-01   3.1641315e-01  -9.4862131e-01  -3.1641366e-01   3.3333333e+00
  9.4878288e-01   3.1592886e-01  -9.4878271e-01  -3.1592938e-01   3.3333333e+00
  9.4894441e-01   3.1544334e-01  -9.4894423e-01  -3.1544389e-01   3.3333333e+00
  9.4910611e-01   3.1495649e-01  -9.4910592e-01  -3.1495706e-01   3.3333333e+00
  9.4926802e-01   3.1446817e-01  -9.4926782e-01  -3.1446877e-01   3.3333333e+00
  9.4943018e-01   3.1397824e-01  -9.4942997e-01  -3.1397887e-01   3.3333333e+00
  9.4959263e-01   3.1348657e-01  -9.4959242e-01  -3.1348722e-01   3.3333333e+00
  9.4975544e-01   3.1299299e-01  -9.4975521e-01  -3.1299367e-01   3.3333333e+00
  9.4991863e-01   3.1249735e-01  -9.4991840e-01  -3.1249805e-01   3.3333333e+00
  9.5008227e-01   3.1199947e-01  -9.5008204e-01  -3.1200020e-01   3.3333333e+00
  9.5024642e-01   3.1149917e-01  -9.5024618e-01  -3.1149992e-01   3.3333333e+00
  9.5041114e-01   3.1099625e-01  -9.5041088e-01  -3.1099703e-01   3.3333333e+00
  9.5057648e-01   3.1049051e-01  -9.5057622e-01  -3.1049131e-01   3.3333333e+00
  9.5074252e-01   3.0998172e-01  -9.5074225e-01  -3.0998254e-01   3.3333333e+00
  9.5090932e-01   3.0946964e-01  -9.5090905e-01  -3.0947049e-01   3.3333333e+00
  9.5107697e-01   3.0895403e-01  -9.5107669e-01  -3.0895491e-01   3.3333333e+00
  9.5124555e-01   3.0843461e-01  -9.5124526e-01  -3.0843551e-01   3.3333333e+00
  9.5141514e-01   3.0791109e-01  -9.5141483e-01  -3.0791202e-01   3.3333333e+00
  9.5158583e-01   3.0738316e-01  -9.5158552e-01  -3.0738412e-01   3.3333333e+00
  9.5175773e-01   3.0685050e-01  -9.5175741e-01  -3.0685148e-01   3.3333333e+00
  9.5193094e-01   3.0631273e-01  -9.5193061e-01  -3.0631374e-01   3.3333333e+00
  9.5210558e-01   3.0576948e-01  -9.5210524e-01  -3.0577052e-01   3.3333333e+00
  9.5228177e-01   3.0522031e-01  -9.5228142e-01  -3.0522138e-01   3.3333333e+00
  9.5245964e-01   3.0466478e-01  -9.5245929e-01  -3.0466588e-01   3.3333333e+00
  9.5263935e-01   3.0410239e-01  -9.5263899e-01  -3.0410351e-01   3.3333333e+00
  9.5282106e-01   3.0353259e-01  -9.5282069e-01  -3.0353375e-01   3.3333333e+00
  9.5300492e-01   3.0295481e-01  -9.5300455e-01  -3.0295599e-01   3.3333333e+00
  9.5319115e-01   3.0236837e-01  -9.5319077e-01  -3.0236958e-01   3.3333333e+00
  9.5337994e-01   3.0177258e-01  -9.5337955e-01  -3.0177382e-01   3.3333333e+00
  9.5357153e-01   3.0116664e-01  -9.5357113e-01  -3.0116791e-01   3.3333333e+00
  9.5376617e-01   3.0054966e-01  -9.5376576e-01  -3.0055097e-01   3.3333333e+00
  9.5396414e-01   2.9992068e-01  -9.5396372e-01  -2.9992202e-01   3.3333333e+00
  9.5416577e-01   2.9927859e-01  -9.5416534e-01  -2.9927996e-01   3.3333333e+00
  9.5437142e-01   2.9862216e-01  -9.5437098e-01  -2.9862356e-01   3.3333333e+00
  9.5458148e-01   2.9794999e-01  -9.5458103e-01  -2.9795143e-01   3.3333333e+00
  9.5479642e-01   2.9726049e-01  -9.5479596e-01  -2.9726196e-01   3.3333333e+00
  9.5501676e-01   2.9655182e-01  -9.5501630e-01  -2.9655333e-01   3.3333333e+00
  9.5524312e-01   2.9582188e-01  -9.5524264e-01  -2.9582342e-01   3.3333333e+00
  9.5547619e-01   2.9506822e-01  -9.5547570e-01  -2.9506980e-01   3.3333333e+00
  9.5571681e-01   2.9428793e-01  -9.5571631e-01  -2.9428955e-01   3.3333333e+00
  9.5596595e-01   2.9347761e-01  -9.5596544e-01  -2.9347927e-01   3.3333333e+00
  9.5622479e-01   2.9263312e-01  -9.5622427e-01  -2.9263482e-01   3.3333333e+00
  9.5649477e-01   2.9174948e-01  -9.5649424e-01  -2.9175122e-01   3.3333333e+00
  9.5677763e-01   2.9082050e-01  -9.5677709e-01  -2.9082229e-01   3.3333333e+00
  9.5707559e-01   2.8983842e-01  -9.5707503e-01  -2.8984026e-01   3.3333333e+00
  9.5739147e-01   2.8879330e-01  -9.5739090e-01  -2.8879520e-01   3.3333333e+00
  9.5772897e-01   2.8767209e-01  -9.5772838e-01  -2.8767404e-01   3.3333333e+00
  9.5809307e-01   2.8645709e-01  -9.5809247e-01  -2.8645910e-01   3.3333333e+00
  9.5849079e-01   2.8512349e-01  -9.5849017e-01  -2.8512558e-01   3.3333333e+00
  9.5893239e-01   2.8363476e-01  -9.5893175e-01  -2.8363691e-01   3.3333333e+00
  9.5943393e-01   2.8193357e-01  -9.5943327e-01  -2.8193582e-01   3.3333333e+00
  9.6002280e-01   2.7992181e-01  -9.6002212e-01  -2.7992416e-01   3.3333333e+00
  9.6075240e-01   2.7740734e-01  -9.6075168e-01  -2.7740981e-01   3.3333333e+00
  9.6175358e-01   2.7391614e-01  -9.6175282e-01  -2.7391879e-01   3.3333333e+00
  9.6358066e-01   2.6741786e-01  -9.6357983e-01  -2.6742084e-01   3.3333333e+00
  9.2331291e-01   3.8404854e-01  -9.2331409e-01  -3.8404569e-01   3.3333333e+00
  9.2589388e-01   3.7778370e-01  -9.2589492e-01  -3.7778116e-01   3.3333333e+00
  9.2726544e-01   3.7440460e-01  -9.2726640e-01  -3.7440223e-01   3.3333333e+00
  9.2824677e-01   3.7196497e-01  -9.2824767e-01  -3.7196272e-01   3.3333333e+00
  9.2902798e-01   3.7000949e-01  -9.2902884e-01  -3.7000733e-01   3.3333333e+00
  9.2968585e-01   3.6835338e-01  -9.2968667e-01  -3.6835131e-01   3.3333333e+00
  9.3025952e-01   3.6690220e-01  -9.3026031e-01  -3.6690020e-01   3.3333333e+00
  9.3077178e-01   3.6560074e-01  -9.3077254e-01  -3.6559880e-01   3.3333333e+00
  9.3123713e-01   3.6441377e-01  -9.3123787e-01  -3.6441189e-01   3.3333333e+00
  9.3166544e-01   3.6331737e-01  -9.3166615e-01  -3.6331555e-01   3.3333333e+00
  9.3206368e-01   3.6229448e-01  -9.3206437e-01  -3.6229270e-01   3.3333333e+00
  9.3243704e-01   3.6133249e-01  -9.3243771e-01  -3.6133076e-01   3.3333333e+00
  9.3278944e-01   3.6042179e-01  -9.3279009e-01  -3.6042010e-01   3.3333333e+00
  9.3312394e-01   3.5955489e-01  -9.3312457e-01  -3.5955325e-01   3.3333333e+00
  9.3344297e-01   3.5872583e-01  -9.3344359e-01  -3.5872422e-01   3.3333333e+00
  9.3374851e-01   3.5792976e-01  -9.3374911e-01  -3.5792820e-01   3.3333333e+00
  9.3404218e-01   3.5716271e-01  -9.3404276e-01  -3.5716119e-01   3.3333333e+00
  9.3432532e-01   3.5642137e-01  -9.3432589e-01  -3.5641988e-01   3.3333333e+00
  9.3459907e-01   3.5570294e-01  -9.3459962e-01  -3.5570149e-01   3.3333333e+00
  9.3486438e-01   3.5500505e-01  -9.3486492e-01  -3.5500363e-01   3.3333333e+00
  9.3512210e-01   3.5432564e-01  -9.3512262e-01  -3.5432426e-01   3.3333333e+00
  9.3537293e-01   3.5366296e-01  -9.3537344e-01  -3.5366160e-01   3.3333333e+00
  9.3561749e-01   3.5301545e-01  -9.3561799e-01  -3.5301413e-01   3.3333333e+00
  9.3585634e-01   3.5238177e-01  -9.3585682e-01  -3.5238048e-01   3.3333333e+00
  9.3608995e-01   3.5176072e-01  -9.3609042e-01  -3.5175946e-01   3.3333333e+00
  9.3631876e-01   3.5115123e-01  -9.3631922e-01  -3.5115000e-01   3.3333333e+00
  9.3654314e-01   3.5055235e-01  -9.3654359e-01  -3.5055115e-01   3.3333333e+00
  9.3676343e-01   3.4996324e-01  -9.3676387e-01  -3.4996207e-01   3.3333333e+00
  9.3697995e-01   3.4938312e-01  -9.3698038e-01  -3.4938198e-01   3.3333333e+00
  9.3719298e-01   3.4881131e-01  -9.3719339e-01  -3.4881019e-01   3.3333333e+00
  9.3740275e-01   3.4824716e-01  -9.3740315e-01  -3.4824608e-01   3.3333333e+00
  9.3760951e-01   3.4769011e-01  -9.3760990e-01  -3.4768906e-01   3.3333333e+00
  9.3781345e-01   3.4713964e-01  -9.3781383e-01  -3.4713861e-01   3.3333333e+00
  9.3801478e-01   3.4659526e-01  -9.3801515e-01  -3.4659425e-01   3.3333333e+00
  9.3821367e-01   3.4605652e-01  -9.3821403e-01  -3.4605555e-01   3.3333333e+00
  9.3841027e-01   3.4552303e-01  -9.3841062e-01  -3.4552208e-01   3.3333333e+00
  9.3860474e-01   3.4499440e-01  -9.3860508e-01  -3.4499348e-01   3.3333333e+00
  9.3879722e-01   3.4447029e-01  -9.3879755e-01  -3.4446939e-01   3.3333333e+00
  9.3898783e-01   3.4395036e-01  -9.3898815e-01  -3.4394949e-01   3.3333333e+00
  9.3917669e-01   3.4343433e-01  -9.3917700e-01  -3.4343349e-01   3.3333333e+00
  9.3936391e-01   3.4292191e-01  -9.3936421e-01  -3.4292109e-01   3.3333333e+00
  9.3954960e-01   3.4241284e-01  -9.3954989e-01  -3.4241204e-01   3.3333333e+00
  9.3973384e-01   3.4190687e-01  -9.3973412e-01  -3.4190610e-01   3.3333333e+00
  9.3991673e-01   3.4140377e-01  -9.3991700e-01  -3.4140302e-01   3.3333333e+00
  9.4009836e-01   3.4090333e-01  -9.4009862e-01  -3.4090261e-01   3.3333333e+00
  9.4027879e-01   3.4040535e-01  -9.4027904e-01  -3.4040465e-01   3.3333333e+00
  9.4045810e-01   3.3990964e-01  -9.4045834e-01  -3.3990897e-01   3.3333333e+00
  9.4063636e-01   3.3941601e-01  -9.4063660e-01  -3.3941537e-01   3.3333333e+00
  9.4081364e-01   3.3892431e-01  -9.4081387e-01  -3.3892369e-01   3.3333333e+00
  9.4098999e-01   3.3843438e-01  -9.4099021e-01  -3.3843378e-01   3.3333333e+00
  9.4116548e-01   3.3794607e-01  -9.4116568e-01  -3.3794549e-01   3.3333333e+00
  9.4134015e-01   3.3745923e-01  -9.4134034e-01  -3.3745868e-01   3.3333333e+00
  9.4151405e-01   3.3697374e-01  -9.4151423e-01  -3.3697321e-01   3.3333333e+00
  9.4168723e-01   3.3648947e-01  -9.4168741e-01  -3.3648897e-01   3.3333333e+00
  9.4185973e-01   3.3600631e-01  -9.4185990e-01  -3.3600584e-01   3.3333333e+00
  9.4203160e-01   3.3552415e-01  -9.4203176e-01  -3.3552370e-01   3.3333333e+00
  9.4220288e-01   3.3504289e-01  -9.4220303e-01  -3.3504246e-01   3.3333333e+00
  9.4237359e-01   3.3456243e-01  -9.4237373e-01  -3.3456203e-01   3.3333333e+00
  9.4254377e-01   3.3408268e-01  -9.4254391e-01  -3.3408230e-01   3.3333333e+00
  9.4271346e-01   3.3360355e-01  -9.4271359e-01  -3.3360320e-01   3.3333333e+00
  9.4288268e-01   3.3312498e-01  -9.4288280e-01  -3.3312465e-01   3.3333333e+00
  9.4305146e-01   3.3264688e-01  -9.4305157e-01  -3.3264657e-01   3.3333333e+00
  9.4321982e-01   3.3216919e-01  -9.4321992e-01  -3.3216890e-01   3.3333333e+00
  9.4338779e-01   3.3169185e-01  -9.4338788e-01  -3.3169159e-01   3.3333333e+00
  9.4355538e-01   3.3121480e-01  -9.4355546e-01  -3.3121456e-01   3.3333333e+00
  9.4372262e-01   3.3073799e-01  -9.4372269e-01  -3.3073778e-01   3.3333333e+00
  9.4388952e-01   3.3026137e-01  -9.4388959e-01  -3.3026118e-01   3.3333333e+00
  9.4405610e-01   3.2978491e-01  -9.4405615e-01  -3.2978475e-01   3.3333333e+00
  9.4422236e-01   3.2930857e-01  -9.4422241e-01  -3.2930843e-01   3.3333333e+00
  9.4438833e-01   3.2883231e-01  -9.4438837e-01  -3.2883219e-01   3.3333333e+00
  9.4455400e-01   3.2835611e-01  -9.4455404e-01  -3.2835602e-01   3.3333333e+00
  9.4471940e-01   3.2787995e-01  -9.4471942e-01  -3.2787988e-01   3.3333333e+00
  9.4488452e-01   3.2740381e-01  -9.4488453e-01  -3.2740376e-01   3.3333333e+00
  9.4504936e-01   3.2692768e-01  -9.4504937e-01  -3.2692765e-01   3.3333333e+00
  9.4521394e-01   3.2645155e-01  -9.4521394e-01  -3.2645155e-01   3.3333333e+00
  9.4537824e-01   3.2597542e-01  -9.4537824e-01  -3.2597545e-01   3.3333333e+00
  9.4554228e-01   3.2549929e-01  -9.4554227e-01  -3.2549934e-01   3.3333333e+00
  9.4570606e-01   3.2502315e-01  -9.4570604e-01  -3.2502322e-01   3.3333333e+00
  9.4586958e-01   3.2454698e-01  -9.4586954e-01  -3.2454708e-01   3.3333333e+00
  9.4603284e-01   3.2407078e-01  -9.4603280e-01  -3.2407090e-01   3.3333333e+00
  9.4619585e-01   3.2359451e-01  -9.4619580e-01  -3.2359466e-01   3.3333333e+00
  9.4635863e-01   3.2311816e-01  -9.4635857e-01  -3.2311833e-01   3.3333333e+00
  9.4652118e-01   3.2264168e-01  -9.4652111e-01  -3.2264187e-01   3.3333333e+00
  9.4668352e-01   3.2216505e-01  -9.4668344e-01  -3.2216527e-01   3.3333333e+00
  9.4684565e-01   3.2168822e-01  -9.4684557e-01  -3.2168846e-01   3.3333333e+00
  9.4700760e-01   3.2121115e-01  -9.4700751e-01  -3.2121141e-01   3.3333333e+00
  9.4716938e-01   3.2073378e-01  -9.4716929e-01  -3.2073407e-01   3.3333333e+00
  9.4733102e-01   3.2025606e-01  -9.4733091e-01  -3.2025637e-01   3.3333333e+00
  9.4749252e-01   3.1977793e-01  -9.4749241e-01  -3.1977826e-01   3.3333333e+00
  9.4765392e-01   3.1929931e-01  -9.4765380e-01  -3.1929967e-01   3.3333333e+00
  9.4781523e-01   3.1882015e-01  -9.4781510e-01  -3.1882053e-01   3.3333333e+00
  9.4797649e-01   3.1834036e-01  -9.4797635e-01  -3.1834076e-01   3.3333333e+00
  9.4813771e-01   3.1785985e-01  -9.4813756e-01  -3.1786028e-01   3.3333333e+00
  9.4829893e-01   3.1737855e-01  -9.4829878e-01  -3.1737900e-01   3.3333333e+00
  9.4846018e-01   3.1689635e-01  -9.4846001e-01  -3.1689683e-01   3.3333333e+00
  9.4862148e-01   3.1641315e-01  -9.4862131e-01  -3.1641366e-01   3.3333333e+00
  9.4878288e-01   3.1592886e-01  -9.4878271e-01  -3.1592938e-01   3.3333333e+00
  9.4894441e-01   3.1544334e-01  -9.4894423e-01  -3.1544389e-01   3.3333333e+00
  9.4910611e-01   3.1495649e-01  -9.4910592e-01  -3.1495706e-01   3.3333333e+00
  9.4926802e-01   3.1446817e-01  -9.4926782e-01  -3.1446877e-01   3.3333333e+00
  9.4943018e-01   3.1397824e-01  -9.4942997e-01  -3.1397887e-01   3.3333333e+00
  9.4959263e-01   3.1348657e-01  -9.4959242e-01  -3.1348722e-01   3.3333333e+00
  9.4975544e-01   3.1299299e-01  -9.4975521e-01  -3.1299367e-01   3.3333333e+00
  9.4991863e-01   3.1249735e-01  -9.4991840e-01  -3.1249805e-01   3.3333333e+00
  9.5008227e-01   3.1199947e-01  -9.5008204e-01  -3.1200020e-01   3.3333333e+00
  9.5024642e-01   3.1149917e-01  -9.5024618e-01  -3.1149992e-01   3.3333333e+00
  9.5041114e-01   3.1099625e-01  -9.5041088e-01  -3.1099703e-01   3.3333333e+00
  9.5057648e-01   3.1049051e-01  -9.5057622e-01  -3.1049131e-01   3.3333333e+00
  9.5074252e-01   3.0998172e-01  -9.5074225e-01  -3.0998254e-01   3.3333333e+00
  9.5090932e-01   3.0946964e-01  -9.5090905e-01  -3.0947049e-01   3.3333333e+00
  9.5107697e-01   3.0895403e-01  -9.5107669e-01  -3.0895491e-01   3.3333333e+00
  9.5124555e-01   3.0843461e-01  -9.5124526e-01  -3.0843551e-01   3.3333333e+00
  9.5141514e-01   3.0791109e-01  -9.5141483e-01  -3.0791202e-01   3.3333333e+00
  9.5158583e-01   3.0738316e-01  -9.5158552e-01  -3.0738412e-01   3.3333333e+00
  9.5175773e-01   3.0685050e-01  -9.5175741e-01  -3.0685148e-01   3.3333333e+00
  9.5193094e-01   3.0631273e-01  -9.5193061e-01  -3.0631374e-01   3.3333333e+00
  9.5210558e-01   3.0576948e-01  -9.5210524e-01  -3.0577052e-01   3.3333333e+00
  9.5228177e-01   3.0522031e-01  -9.5228142e-01  -3.0522138e-01   3.3333333e+00
  9.5245964e-01   3.0466478e-01  -9.5245929e-01  -3.0466588e-01   3.3333333e+00
  9.5263935e-01   3.0410239e-01  -9.5263899e-01  -3.0410351e-01   3.3333333e+00
  9.5282106e-01   3.0353259e-01  -9.5282069e-01  -3.0353375e-01   3.3333333e+00
  9.5300492e-01   3.0295481e-01  -9.5300455e-01  -3.0295599e-01   3.3333333e+00
  9.5319115e-01   3.0236837e-01  -9.5319077e-01  -3.0236958e-01   3.3333333e+00
  9.5337994e-01   3.0177258e-01  -9.5337955e-01  -3.0177382e-01   3.3333333e+00
  9.5357153e-01   3.0116664e-01  -9.5357113e-01  -3.0116791e-01   3.3333333e+00
  9.5376617e-01   3.0054966e-01  -9.5376576e-01  -3.0055097e-01   3.3333333e+00
  9.5396414e-01   2.9992068e-01  -9.5396372e-01  -2.9992202e-01   3.3333333e+00
  9.5416577e-01   2.9927859e-01  -9.5416534e-01  -2.9927996e-01   3.3333333e+00
  9.5437142e-01   2.9862216e-01  -9.5437098e-01  -2.9862356e-01   3.3333333e+00
  9.5458148e-01   2.9794999e-01  -9.5458103e-01  -2.9795143e-01   3.3333333e+00
  9.5479642e-01   2.9726049e-01  -9.5479596e-01  -2.9726196e-01   3.3333333e+00
  9.5501676e-01   2.9655182e-01  -9.5501630e-01  -2.9655333e-01   3.3333333e+00
  9.5524312e-01   2.9582188e-01  -9.5524264e-01  -2.9582342e-01   3.3333333e+00
  9.5547619e-01   2.9506822e-01  -9.5547570e-01  -2.9506980e-01   3.3333333e+00
  9.5571681e-01   2.9428793e-01  -9.5571631e-01  -2.9428955e-01   3.3333333e+00
  9.5596595e-01   2.9347761e-01  -9.5596544e-01  -2.9347927e-01   3.3333333e+00
  9.5622479e-01   2.9263312e-01  -9.5622427e-01  -2.9263482e-01   3.3333333e+00
  9.5649477e-01   2.9174948e-01  -9.5649424e-01  -2.9175122e-01   3.3333333e+00
  9.5677763e-01   2.9082050e-01  -9.5677709e-01  -2.9082229e-01   3.3333333e+00
  9.5707559e-01   2.8983842e-01  -9.5707503e-01  -2.8984026e-01   3.3333333e+00
  9.5739147e-01   2.8879330e-01  -9.5739090e-01  -2.8879520e-01   3.3333333e+00
  9.5772897e-01   2.8767209e-01  -9.5772838e-01  -2.8767404e-01   3.3333333e+00
  9.5809307e-01   2.8645709e-01  -9.5809247e-01  -2.8645910e-01   3.3333333e+00
  9.5849079e-01   2.8512349e-01  -9.5849017e-01  -2.8512558e-01   3.3333333e+00
  9.5893239e-01   2.8363476e-01  -9.5893175e-01  -2.8363691e-01   3.3333333e+00
  9.5943393e-01   2.8193357e-01  -9.5943327e-01  -2.8193582e-01   3.3333333e+00
  9.6002280e-01   2.7992181e-01  -9.6002212e-01  -2.7992416e-01   3.3333333e+00
  9.6075240e-01   2.7740734e-01  -9.6075168e-01  -2.7740981e-01   3.3333333e+00
  9.6175358e-01   2.7391614e-01  -9.6175282e-01  -2.7391879e-01   3.3333333e+00
  9.6358066e-01   2.6741786e-01  -9.6357983e-01  -2.6742084e-01   3.3333333e+00
  9.6513831e-01   2.6174040e-01  -9.6513912e-01  -2.6173742e-01   3.3333333e+00
  9.6688831e-01   2.5519993e-01  -9.6688901e-01  -2.5519727e-01   3.3333333e+00
  9.6781179e-01   2.5167506e-01  -9.6781244e-01  -2.5167258e-01   3.3333333e+00
  9.6846968e-01   2.4913145e-01  -9.6847028e-01  -2.4912910e-01   3.3333333e+00
  9.6899166e-01   2.4709341e-01  -9.6899224e-01  -2.4709116e-01   3.3333333e+00
  9.6943003e-01   2.4536793e-01  -9.6943058e-01  -2.4536577e-01   3.3333333e+00
  9.6981136e-01   2.4385637e-01  -9.6981189e-01  -2.4385427e-01   3.3333333e+00
  9.7015114e-01   2.4250107e-01  -9.7015164e-01  -2.4249905e-01   3.3333333e+00
  9.7045920e-01   2.4126528e-01  -9.7045969e-01  -2.4126332e-01   3.3333333e+00
  9.7074222e-01   2.4012400e-01  -9.7074269e-01  -2.4012210e-01   3.3333333e+00
  9.7100494e-01   2.3905944e-01  -9.7100539e-01  -2.3905758e-01   3.3333333e+00
  9.7125084e-01   2.3805843e-01  -9.7125128e-01  -2.3805662e-01   3.3333333e+00
  9.7148258e-01   2.3711094e-01  -9.7148301e-01  -2.3710918e-01   3.3333333e+00
  9.7170223e-01   2.3620916e-01  -9.7170265e-01  -2.3620745e-01   3.3333333e+00
  9.7191144e-01   2.3534687e-01  -9.7191185e-01  -2.3534520e-01   3.3333333e+00
  9.7211153e-01   2.3451901e-01  -9.7211193e-01  -2.3451737e-01   3.3333333e+00
  9.7230360e-01   2.3372143e-01  -9.7230398e-01  -2.3371984e-01   3.3333333e+00
  9.7248855e-01   2.3295068e-01  -9.7248892e-01  -2.3294913e-01   3.3333333e+00
  9.7266715e-01   2.3220384e-01  -9.7266751e-01  -2.3220232e-01   3.3333333e+00
  9.7284004e-01   2.3147843e-01  -9.7284039e-01  -2.3147695e-01   3.3333333e+00
  9.7300778e-01   2.3077233e-01  -9.7300812e-01  -2.3077088e-01   3.3333333e+00
  9.7317085e-01   2.3008367e-01  -9.7317118e-01  -2.3008226e-01   3.3333333e+00
  9.7332967e-01   2.2941087e-01  -9.7333000e-01  -2.2940949e-01   3.3333333e+00
  9.7348461e-01   2.2875250e-01  -9.7348493e-01  -2.2875115e-01   3.3333333e+00
  9.7363600e-01   2.2810731e-01  -9.7363630e-01  -2.2810600e-01   3.3333333e+00
  9.7378411e-01   2.2747420e-01  -9.7378441e-01  -2.2747292e-01   3.3333333e+00
  9.7392920e-01   2.2685217e-01  -9.7392949e-01  -2.2685092e-01   3.3333333e+00
  9.7407151e-01   2.2624034e-01  -9.7407179e-01  -2.2623912e-01   3.3333333e+00
  9.7421124e-01   2.2563791e-01  -9.7421151e-01  -2.2563672e-01   3.3333333e+00
  9.7434857e-01   2.2504415e-01  -9.7434884e-01  -2.2504299e-01   3.3333333e+00
  9.7448367e-01   2.2445841e-01  -9.7448393e-01  -2.2445727e-01   3.3333333e+00
  9.7461670e-01   2.2388008e-01  -9.7461695e-01  -2.2387898e-01   3.3333333e+00
  9.7474779e-01   2.2330863e-01  -9.7474804e-01  -2.2330755e-01   3.3333333e+00
  9.7487708e-01   2.2274354e-01  -9.7487732e-01  -2.2274250e-01   3.3333333e+00
  9.7500467e-01   2.2218437e-01  -9.7500490e-01  -2.2218335e-01   3.3333333e+00
  9.7513068e-01   2.2163067e-01  -9.7513091e-01  -2.2162968e-01   3.3333333e+00
  9.7525521e-01   2.2108207e-01  -9.7525543e-01  -2.2108111e-01   3.3333333e+00
  9.7537834e-01   2.2053819e-01  -9.7537855e-01  -2.2053726e-01   3.3333333e+00
  9.7550016e-01   2.1999870e-01  -9.7550037e-01  -2.1999779e-01   3.3333333e+00
  9.7562076e-01   2.1946329e-01  -9.7562096e-01  -2.1946241e-01   3.3333333e+00
  9.7574020e-01   2.1893165e-01  -9.7574039e-01  -2.1893080e-01   3.3333333e+00
  9.7585854e-01   2.1840353e-01  -9.7585873e-01  -2.1840270e-01   3.3333333e+00
  9.7597587e-01   2.1787866e-01  -9.7597605e-01  -2.1787785e-01   3.3333333e+00
  9.7609222e-01   2.1735680e-01  -9.7609239e-01  -2.1735602e-01   3.3333333e+00
  9.7620766e-01   2.1683773e-01  -9.7620783e-01  -2.1683698e-01   3.3333333e+00
  9.7632224e-01   2.1632124e-01  -9.7632240e-01  -2.1632052e-01   3.3333333e+00
  9.7643601e-01   2.1580714e-01  -9.7643616e-01  -2.1580644e-01   3.3333333e+00
  9.7654901e-01   2.1529523e-01  -9.7654916e-01  -2.1529455e-01   3.3333333e+00
  9.7666128e-01   2.1478534e-01  -9.7666142e-01  -2.1478469e-01   3.3333333e+00
  9.7677287e-01   2.1427731e-01  -9.7677300e-01  -2.1427669e-01   3.3333333e+00
  9.7688380e-01   2.1377099e-01  -9.7688393e-01  -2.1377039e-01   3.3333333e+00
  9.7699412e-01   2.1326622e-01  -9.7699425e-01  -2.1326565e-01   3.3333333e+00
  9.7710386e-01   2.1276287e-01  -9.7710398e-01  -2.1276233e-01   3.3333333e+00
  9.7721305e-01   2.1226082e-01  -9.7721316e-01  -2.1226030e-01   3.3333333e+00
  9.7732171e-01   2.1175994e-01  -9.7732182e-01  -2.1175944e-01   3.3333333e+00
  9.7742988e-01   2.1126011e-01  -9.7742998e-01  -2.1125964e-01   3.3333333e+00
  9.7753757e-01   2.1076123e-01  -9.7753767e-01  -2.1076078e-01   3.3333333e+00
  9.7764482e-01   2.1026320e-01  -9.7764491e-01  -2.1026278e-01   3.3333333e+00
  9.7775163e-01   2.0976593e-01  -9.7775172e-01  -2.0976553e-01   3.3333333e+00
  9.7785804e-01   2.0926932e-01  -9.7785812e-01  -2.0926895e-01   3.3333333e+00
  9.7796406e-01   2.0877330e-01  -9.7796414e-01  -2.0877295e-01   3.3333333e+00
  9.7806971e-01   2.0827779e-01  -9.7806978e-01  -2.0827746e-01   3.3333333e+00
  9.7817501e-01   2.0778271e-01  -9.7817507e-01  -2.0778241e-01   3.3333333e+00
  9.7827996e-01   2.0728801e-01  -9.7828002e-01  -2.0728774e-01   3.3333333e+00
  9.7838459e-01   2.0679363e-01  -9.7838464e-01  -2.0679338e-01   3.3333333e+00
  9.7848889e-01   2.0629950e-01  -9.7848894e-01  -2.0629927e-01   3.3333333e+00
  9.7859290e-01   2.0580559e-01  -9.7859294e-01  -2.0580538e-01   3.3333333e+00
  9.7869661e-01   2.0531184e-01  -9.7869664e-01  -2.0531166e-01   3.3333333e+00
  9.7880003e-01   2.0481822e-01  -9.7880006e-01  -2.0481807e-01   3.3333333e+00
  9.7890317e-01   2.0432470e-01  -9.7890320e-01  -2.0432457e-01   3.3333333e+00
  9.7900604e-01   2.0383124e-01  -9.7900606e-01  -2.0383114e-01   3.3333333e+00
  9.7910864e-01   2.0333783e-01  -9.7910865e-01  -2.0333776e-01   3.3333333e+00
  9.7921097e-01   2.0284445e-01  -9.7921098e-01  -2.0284440e-01   3.3333333e+00
  9.7931305e-01   2.0235108e-01  -9.7931305e-01  -2.0235105e-01   3.3333333e+00
  9.7941486e-01   2.0185771e-01  -9.7941486e-01  -2.0185770e-01   3.3333333e+00
  9.7951641e-01   2.0136434e-01  -9.7951641e-01  -2.0136436e-01   3.3333333e+00
  9.7961771e-01   2.0087097e-01  -9.7961770e-01  -2.0087101e-01   3.3333333e+00
  9.7971875e-01   2.0037759e-01  -9.7971873e-01  -2.0037766e-01   3.3333333e+00
  9.7981953e-01   1.9988418e-01  -9.7981951e-01  -1.9988428e-01   3.3333333e+00
  9.7992006e-01   1.9939075e-01  -9.7992004e-01  -1.9939087e-01   3.3333333e+00
  9.8002035e-01   1.9889725e-01  -9.8002032e-01  -1.9889740e-01   3.3333333e+00
  9.8012039e-01   1.9840367e-01  -9.8012036e-01  -1.9840384e-01   3.3333333e+00
  9.8022020e-01   1.9790997e-01  -9.8022016e-01  -1.9791017e-01   3.3333333e+00
  9.8031978e-01   1.9741612e-01  -9.8031974e-01  -1.9741634e-01   3.3333333e+00
  9.8041914e-01   1.9692207e-01  -9.8041909e-01  -1.9692232e-01   3.3333333e+00
  9.8051829e-01   1.9642778e-01  -9.8051824e-01  -1.9642805e-01   3.3333333e+00
  9.8061724e-01   1.9593320e-01  -9.8061719e-01  -1.9593349e-01   3.3333333e+00
  9.8071601e-01   1.9543827e-01  -9.8071594e-01  -1.9543858e-01   3.3333333e+00
  9.8081459e-01   1.9494292e-01  -9.8081452e-01  -1.9494326e-01   3.3333333e+00
  9.8091301e-01   1.9444709e-01  -9.8091294e-01  -1.9444746e-01   3.3333333e+00
  9.8101128e-01   1.9395070e-01  -9.8101120e-01  -1.9395109e-01   3.3333333e+00
  9.8110941e-01   1.9345368e-01  -9.8110933e-01  -1.9345410e-01   3.3333333e+00
  9.8120742e-01   1.9295594e-01  -9.8120733e-01  -1.9295639e-01   3.3333333e+00
  9.8130533e-01   1.9245740e-01  -9.8130524e-01  -1.9245786e-01   3.3333333e+00
  9.8140315e-01   1.9195794e-01  -9.8140306e-01  -1.9195843e-01   3.3333333e+00
  9.8150091e-01   1.9145747e-01  -9.8150081e-01  -1.9145799e-01   3.3333333e+00
  9.8159862e-01   1.9095588e-01  -9.8159851e-01  -1.9095642e-01   3.3333333e+00
  9.8169630e-01   1.9045306e-01  -9.8169619e-01  -1.9045362e-01   3.3333333e+00
  9.8179398e-01   1.8994887e-01  -9.8179387e-01  -1.8994946e-01   3.3333333e+00
  9.8189168e-01   1.8944318e-01  -9.8189157e-01  -1.8944380e-01   3.3333333e+00
  9.8198943e-01   1.8893586e-01  -9.8198931e-01  -1.8893651e-01   3.3333333e+00
  9.8208724e-01   1.8842676e-01  -9.8208712e-01  -1.8842743e-01   3.3333333e+00
  9.8218516e-01   1.8791571e-01  -9.8218503e-01  -1.8791641e-01   3.3333333e+00
  9.8228320e-01   1.8740256e-01  -9.8228306e-01  -1.8740328e-01   3.3333333e+00
  9.8238140e-01   1.8688711e-01  -9.8238125e-01  -1.8688786e-01   3.3333333e+00
  9.8247978e-01   1.8636919e-01  -9.8247964e-01  -1.8636996e-01   3.3333333e+00
  9.8257839e-01   1.8584859e-01  -9.8257824e-01  -1.8584939e-01   3.3333333e+00
  9.8267727e-01   1.8532510e-01  -9.8267711e-01  -1.8532592e-01   3.3333333e+00
  9.8277644e-01   1.8479848e-01  -9.8277628e-01  -1.8479933e-01   3.3333333e+00
  9.8287594e-01   1.8426850e-01  -9.8287578e-01  -1.8426938e-01   3.3333333e+00
  9.8297583e-01   1.8373489e-01  -9.8297566e-01  -1.8373580e-01   3.3333333e+00
  9.8307615e-01   1.8319738e-01  -9.8307598e-01  -1.8319831e-01   3.3333333e+00
  9.8317695e-01   1.8265567e-01  -9.8317677e-01  -1.8265663e-01   3.3333333e+00
  9.8327827e-01   1.8210944e-01  -9.8327809e-01  -1.8211042e-01   3.3333333e+00
  9.8338018e-01   1.8155834e-01  -9.8337999e-01  -1.8155935e-01   3.3333333e+00
  9.8348273e-01   1.8100201e-01  -9.8348254e-01  -1.8100305e-01   3.3333333e+00
  9.8358599e-01   1.8044004e-01  -9.8358579e-01  -1.8044110e-01   3.3333333e+00
  9.8369002e-01   1.7987200e-01  -9.8368982e-01  -1.7987309e-01   3.3333333e+00
  9.8379492e-01   1.7929742e-01  -9.8379471e-01  -1.7929854e-01   3.3333333e+00
  9.8390074e-01   1.7871579e-01  -9.8390053e-01  -1.7871695e-01   3.3333333e+00
  9.8400759e-01   1.7812656e-01  -9.8400737e-01  -1.7812774e-01   3.3333333e+00
  9.8411555e-01   1.7752911e-01  -9.8411533e-01  -1.7753032e-01   3.3333333e+00
  9.8422474e-01   1.7692277e-01  -9.8422451e-01  -1.7692402e-01   3.3333333e+00
  9.8433526e-01   1.7630681e-01  -9.8433503e-01  -1.7630809e-01   3.3333333e+00
  9.8444725e-01   1.7568042e-01  -9.8444702e-01  -1.7568172e-01   3.3333333e+00
  9.8456085e-01   1.7504268e-01  -9.8456061e-01  -1.7504402e-01   3.3333333e+00
  9.8467620e-01   1.7439259e-01  -9.8467596e-01  -1.7439396e-01   3.3333333e+00
  9.8479349e-01   1.7372902e-01  -9.8479325e-01  -1.7373043e-01   3.3333333e+00
  9.8491292e-01   1.7305070e-01  -9.8491266e-01  -1.7305214e-01   3.3333333e+00
  9.8503469e-01   1.7235618e-01  -9.8503443e-01  -1.7235766e-01   3.3333333e+00
  9.8515907e-01   1.7164384e-01  -9.8515881e-01  -1.7164535e-01   3.3333333e+00
  9.8528634e-01   1.7091177e-01  -9.8528607e-01  -1.7091332e-01   3.3333333e+00
  9.8541682e-01   1.7015782e-01  -9.8541655e-01  -1.7015941e-01   3.3333333e+00
  9.8555091e-01   1.6937945e-01  -9.8555063e-01  -1.6938108e-01   3.3333333e+00
  9.8568905e-01   1.6857370e-01  -9.8568877e-01  -1.6857536e-01   3.3333333e+00
  9.8583178e-01   1.6773702e-01  -9.8583149e-01  -1.6773873e-01   3.3333333e+00
  9.8597972e-01   1.6686519e-01  -9.8597942e-01  -1.6686694e-01   3.3333333e+00
  9.8613365e-01   1.6595307e-01  -9.8613335e-01  -1.6595486e-01   3.3333333e+00
  9.8629452e-01   1.6499428e-01  -9.8629421e-01  -1.6499613e-01   3.3333333e+00
  9.8646352e-01   1.6398086e-01  -9.8646321e-01  -1.6398275e-01   3.3333333e+00
  9.8664216e-01   1.6290256e-01  -9.8664184e-01  -1.6290451e-01   3.3333333e+00
  9.8683243e-01   1.6174594e-01  -9.8683210e-01  -1.6174795e-01   3.3333333e+00
  9.8703701e-01   1.6049283e-01  -9.8703667e-01  -1.6049490e-01   3.3333333e+00
  9.8725962e-01   1.5911767e-01  -9.8725928e-01  -1.5911981e-01   3.3333333e+00
  9.8750576e-01   1.5758289e-01  -9.8750541e-01  -1.5758511e-01   3.3333333e+00
  9.8778396e-01   1.5582955e-01  -9.8778360e-01  -1.5583186e-01   3.3333333e+00
  9.8810873e-01   1.5375673e-01  -9.8810836e-01  -1.5375914e-01   3.3333333e+00
  9.8850826e-01   1.5116687e-01  -9.8850787e-01  -1.5116941e-01   3.3333333e+00
  9.8905121e-01   1.4757272e-01  -9.8905080e-01  -1.4757544e-01   3.3333333e+00
  9.9002555e-01   1.4088797e-01  -9.9002511e-01  -1.4089103e-01   3.3333333e+00
  9.6513831e-01   2.6174040e-01  -9.6513912e-01  -2.6173742e-01   3.3333333e+00
  9.6688831e-01   2.5519993e-01  -9.6688901e-01  -2.5519727e-01   3.3333333e+00
  9.6781179e-01   2.5167506e-01  -9.6781244e-01  -2.5167258e-01   3.3333333e+00
  9.6846968e-01   2.4913145e-01  -9.6847028e-01  -2.4912910e-01   3.3333333e+00
  9.6899166e-01   2.4709341e-01  -9.6899224e-01  -2.4709116e-01   3.3333333e+00
  9.6943003e-01   2.4536793e-01  -9.6943058e-01  -2.4536577e-01   3.3333333e+00
  9.6981136e-01   2.4385637e-01  -9.6981189e-01  -2.4385427e-01   3.3333333e+00
  9.7015114e-01   2.4250107e-01  -9.7015164e-01  -2.4249905e-01   3.3333333e+00
  9.7045920e-01   2.4126528e-01  -9.7045969e-01  -2.4126332e-01   3.3333333e+00
  9.7074222e-01   2.4012400e-01  -9.7074269e-01  -2.4012210e-01   3.3333333e+00
  9.7100494e-01   2.3905944e-01  -9.7100539e-01  -2.3905758e-01   3.3333333e+00
  9.7125084e-01   2.3805843e-01  -9.7125128e-01  -2.3805662e-01   3.3333333e+00
  9.7148258e-01   2.3711094e-01  -9.7148301e-01  -2.3710918e-01   3.3333333e+00
  9.7170223e-01   2.3620916e-01  -9.7170265e-01  -2.3620745e-01   3.3333333e+00
  9.7191144e-01   2.3534687e-01  -9.7191185e-01  -2.3534520e-01   3.3333333e+00
  9.7211153e-01   2.3451901e-01  -9.7211193e-01  -2.3451737e-01   3.3333333e+00
  9.7230360e-01   2.3372143e-01  -9.7230398e-01  -2.3371984e-01   3.3333333e+00
  9.7248855e-01   2.3295068e-01  -9.7248892e-01  -2.3294913e-01   3.3333333e+00
  9.7266715e-01   2.3220384e-01  -9.7266751e-01  -2.3220232e-01   3.3333333e+00
  9.7284004e-01   2.3147843e-01  -9.7284039e-01  -2.3147695e-01   3.3333333e+00
  9.7300778e-01   2.3077233e-01  -9.7300812e-01  -2.3077088e-01   3.3333333e+00
  9.7317085e-01   2.3008367e-01  -9.7317118e-01  -2.3008226e-01   3.3333333e+00
  9.7332967e-01   2.2941087e-01  -9.7333000e-01  -2.2940949e-01   3.3333333e+00
  9.7348461e-01   2.2875250e-01  -9.7348493e-01  -2.2875115e-01   3.3333333e+00
  9.7363600e-01   2.2810731e-01  -9.7363630e-01  -2.2810600e-01   3.3333333e+00
  9.7378411e-01   2.2747420e-01  -9.7378441e-01  -2.2747292e-01   3.3333333e+00
  9.7392920e-01   2.2685217e-01  -9.7392949e-01  -2.2685092e-01   3.3333333e+00
  9.7407151e-01   2.2624034e-01  -9.7407179e-01  -2.2623912e-01   3.3333333e+00
  9.7421124e-01   2.2563791e-01  -9.7421151e-01  -2.2563672e-01   3.3333333e+00
  9.7434857e-01   2.2504415e-01  -9.7434884e-01  -2.2504299e-01   3.3333333e+00
  9.7448367e-01   2.2445841e-01  -9.7448393e-01  -2.2445727e-01   3.3333333e+00
  9.7461670e-01   2.2388008e-01  -9.7461695e-01  -2.2387898e-01   3.3333333e+00
  9.7474779e-01   2.2330863e-01  -9.7474804e-01  -2.2330755e-01   3.3333333e+00
  9.7487708e-01   2.2274354e-01  -9.7487732e-01  -2.2274250e-01   3.3333333e+00
  9.7500467e-01   2.2218437e-01  -9.7500490e-01  -2.2218335e-01   3.3333333e+00
  9.7513068e-01   2.2163067e-01  -9.7513091e-01  -2.2162968e-01   3.3333333e+00
  9.7525521e-01   2.2108207e-01  -9.7525543e-01  -2.2108111e-01   3.3333333e+00
  9.7537834e-01   2.2053819e-01  -9.7537855e-01  -2.2053726e-01   3.3333333e+00
  9.7550016e-01   2.1999870e-01  -9.7550037e-01  -2.1999779e-01   3.3333333e+00
  9.7562076e-01   2.1946329e-01  -9.7562096e-01  -2.1946241e-01   3.3333333e+00
  9.7574020e-01   2.1893165e-01  -9.7574039e-01  -2.1893080e-01   3.3333333e+00
  9.7585854e-01   2.1840353e-01  -9.7585873e-01  -2.1840270e-01   3.3333333e+00
  9.7597587e-01   2.1787866e-01  -9.7597605e-01  -2.1787785e-01   3.3333333e+00
  9.7609222e-01   2.1735680e-01  -9.7609239e-01  -2.1735602e-01   3.3333333e+00
  9.7620766e-01   2.1683773e-01  -9.7620783e-01  -2.1683698e-01   3.3333333e+00
  9.7632224e-01   2.1632124e-01  -9.7632240e-01  -2.1632052e-01   3.3333333e+00
  9.7643601e-01   2.1580714e-01  -9.7643616e-01  -2.1580644e-01   3.3333333e+00
  9.7654901e-01   2.1529523e-01  -9.7654916e-01  -2.1529455e-01   3.3333333e+00
  9.7666128e-01   2.1478534e-01  -9.7666142e-01  -2.1478469e-01   3.3333333e+00
  9.7677287e-01   2.1427731e-01  -9.7677300e-01  -2.1427669e-01   3.3333333e+00
  9.7688380e-01   2.1377099e-01  -9.7688393e-01  -2.1377039e-01   3.3333333e+00
  9.7699412e-01   2.1326622e-01  -9.7699425e-01  -2.1326565e-01   3.3333333e+00
  9.7710386e-01   2.1276287e-01  -9.7710398e-01  -2.1276233e-01   3.3333333e+00
  9.7721305e-01   2.1226082e-01  -9.7721316e-01  -2.1226030e-01   3.3333333e+00
  9.7732171e-01   2.1175994e-01  -9.7732182e-01  -2.1175944e-01   3.3333333e+00
  9.7742988e-01   2.1126011e-01  -9.7742998e-01  -2.1125964e-01   3.3333333e+00
  9.7753757e-01   2.1076123e-01  -9.7753767e-01  -2.1076078e-01   3.3333333e+00
  9.7764482e-01   2.1026320e-01  -9.7764491e-01  -2.1026278e-01   3.3333333e+00
  9.7775163e-01   2.0976593e-01  -9.7775172e-01  -2.0976553e-01   3.3333333e+00
  9.7785804e-01   2.0926932e-01  -9.7785812e-01  -2.0926895e-01   3.3333333e+00
  9.7796406e-01   2.0877330e-01  -9.7796414e-01  -2.0877295e-01   3.3333333e+00
  9.7806971e-01   2.0827779e-01  -9.7806978e-01  -2.0827746e-01   3.3333333e+00
  9.7817501e-01   2.0778271e-01  -9.7817507e-01  -2.0778241e-01   3.3333333e+00
  9.7827996e-01   2.0728801e-01  -9.7828002e-01  -2.0728774e-01   3.3333333e+00
  9.7838459e-01   2.0679363e-01  -9.7838464e-01  -2.0679338e-01   3.3333333e+00
  9.7848889e-01   2.0629950e-01  -9.7848894e-01  -2.0629927e-01   3.3333333e+00
  9.7859290e-01   2.0580559e-01  -9.7859294e-01  -2.0580538e-01   3.3333333e+00
  9.7869661e-01   2.0531184e-01  -9.7869664e-01  -2.0531166e-01   3.3333333e+00
  9.7880003e-01   2.0481822e-01  -9.7880006e-01  -2.0481807e-01   3.3333333e+00
  9.7890317e-01   2.0432470e-01  -9.7890320e-01  -2.0432457e-01   3.3333333e+00
  9.7900604e-01   2.0383124e-01  -9.7900606e-01  -2.0383114e-01   3.3333333e+00
  9.7910864e-01   2.0333783e-01  -9.7910865e-01  -2.0333776e-01   3.3333333e+00
  9.7921097e-01   2.0284445e-01  -9.7921098e-01  -2.0284440e-01   3.3333333e+00
  9.7931305e-01   2.0235108e-01  -9.7931305e-01  -2.0235105e-01   3.3333333e+00
  9.7941486e-01   2.0185771e-01  -9.7941486e-01  -2.0185770e-01   3.3333333e+00
  9.7951641e-01   2.0136434e-01  -9.7951641e-01  -2.0136436e-01   3.3333333e+00
  9.7961771e-01   2.0087097e-01  -9.7961770e-01  -2.0087101e-01   3.3333333e+00
  9.7971875e-01   2.0037759e-01  -9.7971873e-01  -2.0037766e-01   3.3333333e+00
  9.7981953e-01   1.9988418e-01  -9.7981951e-01  -1.9988428e-01   3.3333333e+00
  9.7992006e-01   1.9939075e-01  -9.7992004e-01  -1.9939087e-01   3.3333333e+00
  9.8002035e-01   1.9889725e-01  -9.8002032e-01  -1.9889740e-01   3.3333333e+00
  9.8012039e-01   1.9840367e-01  -9.8012036e-01  -1.9840384e-01   3.3333333e+00
  9.8022020e-01   1.9790997e-01  -9.8022016e-01  -1.9791017e-01   3.3333333e+00
  9.8031978e-01   1.9741612e-01  -9.8031974e-01  -1.9741634e-01   3.3333333e+00
  9.8041914e-01   1.9692207e-01  -9.8041909e-01  -1.9692232e-01   3.3333333e+00
  9.8051829e-01   1.9642778e-01  -9.8051824e-01  -1.9642805e-01   3.3333333e+00
  9.8061724e-01   1.9593320e-01  -9.8061719e-01  -1.9593349e-01   3.3333333e+00
  9.8071601e-01   1.9543827e-01  -9.8071594e-01  -1.9543858e-01   3.3333333e+00
  9.8081459e-01   1.9494292e-01  -9.8081452e-01  -1.9494326e-01   3.3333333e+00
  9.8091301e-01   1.9444709e-01  -9.8091294e-01  -1.9444746e-01   3.3333333e+00
  9.8101128e-01   1.9395070e-01  -9.8101120e-01  -1.9395109e-01   3.3333333e+00
  9.8110941e-01   1.9345368e-01  -9.8110933e-01  -1.9345410e-01   3.3333333e+00
  9.8120742e-01   1.9295594e-01  -9.8120733e-01  -1.9295639e-01   3.3333333e+00
  9.8130533e-01   1.9245740e-01  -9.8130524e-01  -1.9245786e-01   3.3333333e+00
  9.8140315e-01   1.9195794e-01  -9.8140306e-01  -1.9195843e-01   3.3333333e+00
  9.8150091e-01   1.9145747e-01  -9.8150081e-01  -1.9145799e-01   3.3333333e+00
  9.8159862e-01   1.9095588e-01  -9.8159851e-01  -1.9095642e-01   3.3333333e+00
  9.8169630e-01   1.9045306e-01  -9.8169619e-01  -1.9045362e-01   3.3333333e+00
  9.8179398e-01   1.8994887e-01  -9.8179387e-01  -1.8994946e-01   3.3333333e+00
  9.8189168e-01   1.8944318e-01  -9.8189157e-01  -1.8944380e-01   3.3333333e+00
  9.8198943e-01   1.8893586e-01  -9.8198931e-01  -1.8893651e-01   3.3333333e+00
  9.8208724e-01   1.8842676e-01  -9.8208712e-01  -1.8842743e-01   3.3333333e+00
  9.8218516e-01   1.8791571e-01  -9.8218503e-01  -1.8791641e-01   3.3333333e+00
  9.8228320e-01   1.8740256e-01  -9.8228306e-01  -1.8740328e-01   3.3333333e+00
  9.8238140e-01   1.8688711e-01  -9.8238125e-01  -1.8688786e-01   3.3333333e+00
  9.8247978e-01   1.8636919e-01  -9.8247964e-01  -1.8636996e-01   3.3333333e+00
  9.8257839e-01   1.8584859e-01  -9.8257824e-01  -1.8584939e-01   3.3333333e+00
  9.8267727e-01   1.8532510e-01  -9.8267711e-01  -1.8532592e-01   3.3333333e+00
  9.8277644e-01   1.8479848e-01  -9.8277628e-01  -1.8479933e-01   3.3333333e+00
  9.8287594e-01   1.8426850e-01  -9.8287578e-01  -1.8426938e-01   3.3333333e+00
  9.8297583e-01   1.8373489e-01  -9.8297566e-01  -1.8373580e-01   3.3333333e+00
  9.8307615e-01   1.8319738e-01  -9.8307598e-01  -1.8319831e-01   3.3333333e+00
  9.8317695e-01   1.8265567e-01  -9.8317677e-01  -1.8265663e-01   3.3333333e+00
  9.8327827e-01   1.8210944e-01  -9.8327809e-01  -1.8211042e-01   3.3333333e+00
  9.8338018e-01   1.8155834e-01  -9.8337999e-01  -1.8155935e-01   3.3333333e+00
  9.8348273e-01   1.8100201e-01  -9.8348254e-01  -1.8100305e-01   3.3333333e+00
  9.8358599e-01   1.8044004e-01  -9.8358579e-01  -1.8044110e-01   3.3333333e+00
  9.8369002e-01   1.7987200e-01  -9.8368982e-01  -1.7987309e-01   3.3333333e+00
  9.8379492e-01   1.7929742e-01  -9.8379471e-01  -1.7929854e-01   3.3333333e+00
  9.8390074e-01   1.7871579e-01  -9.8390053e-01  -1.7871695e-01   3.3333333e+00
  9.8400759e-01   1.7812656e-01  -9.8400737e-01  -1.7812774e-01   3.3333333e+00
  9.8411555e-01   1.7752911e-01  -9.8411533e-01  -1.7753032e-01   3.3333333e+00
  9.8422474e-01   1.7692277e-01  -9.8422451e-01  -1.7692402e-01   3.3333333e+00
  9.8433526e-01   1.7630681e-01  -9.8433503e-01  -1.7630809e-01   3.3333333e+00
  9.8444725e-01   1.7568042e-01  -9.8444702e-01  -1.7568172e-01   3.3333333e+00
  9.8456085e-01   1.7504268e-01  -9.8456061e-01  -1.7504402e-01   3.3333333e+00
  9.8467620e-01   1.7439259e-01  -9.8467596e-01  -1.7439396e-01   3.3333333e+00
  9.8479349e-01   1.7372902e-01  -9.8479325e-01  -1.7373043e-01   3.3333333e+00
  9.8491292e-01   1.7305070e-01  -9.8491266e-01  -1.7305214e-01   3.3333333e+00
  9.8503469e-01   1.7235618e-01  -9.8503443e-01  -1.7235766e-01   3.3333333e+00
  9.8515907e-01   1.7164384e-01  -9.8515881e-01  -1.7164535e-01   3.3333333e+00
  9.8528634e-01   1.7091177e-01  -9.8528607e-01  -1.7091332e-01   3.3333333e+00
  9.8541682e-01   1.7015782e-01  -9.8541655e-01  -1.7015941e-01   3.3333333e+00
  9.8555091e-01   1.6937945e-01  -9.8555063e-01  -1.6938108e-01   3.3333333e+00
  9.8568905e-01   1.6857370e-01  -9.8568877e-01  -1.6857536e-01   3.3333333e+00
  9.8583178e-01   1.6773702e-01  -9.8583149e-01  -1.6773873e-01   3.3333333e+00
  9.8597972e-01   1.6686519e-01  -9.8597942e-01  -1.6686694e-01   3.3333333e+00
  9.8613365e-01   1.6595307e-01  -9.8613335e-01  -1.6595486e-01   3.3333333e+00
  9.8629452e-01   1.6499428e-01  -9.8629421e-01  -1.6499613e-01   3.3333333e+00
  9.8646352e-01   1.6398086e-01  -9.8646321e-01  -1.6398275e-01   3.3333333e+00
  9.8664216e-01   1.6290256e-01  -9.8664184e-01  -1.6290451e-01   3.3333333e+00
  9.8683243e-01   1.6174594e-01  -9.8683210e-01  -1.6174795e-01   3.3333333e+00
  9.8703701e-01   1.6049283e-01  -9.8703667e-01  -1.6049490e-01   3.3333333e+00
  9.8725962e-01   1.5911767e-01  -9.8725928e-01  -1.5911981e-01   3.3333333e+00
  9.8750576e-01   1.5758289e-01  -9.8750541e-01  -1.5758511e-01   3.3333333e+00
  9.8778396e-01   1.5582955e-01  -9.8778360e-01  -1.5583186e-01   3.3333333e+00
  9.8810873e-01   1.5375673e-01  -9.8810836e-01  -1.5375914e-01   3.3333333e+00
  9.8850826e-01   1.5116687e-01  -9.8850787e-01  -1.5116941e-01   3.3333333e+00
  9.8905121e-01   1.4757272e-01  -9.8905080e-01  -1.4757544e-01   3.3333333e+00
  9.9002555e-01   1.4088797e-01  -9.9002511e-01  -1.4089103e-01   3.3333333e+00
  9.6513831e-01   2.6174040e-01  -9.6513912e-01  -2.6173742e-01   3.3333333e+00
  9.6688831e-01   2.5519993e-01  -9.6688901e-01  -2.5519727e-01   3.3333333e+00
  9.6781179e-01   2.5167506e-01  -9.6781244e-01  -2.5167258e-01   3.3333333e+00
  9.6846968e-01   2.4913145e-01  -9.6847028e-01  -2.4912910e-01   3.3333333e+00
  9.6899166e-01   2.4709341e-01  -9.6899224e-01  -2.4709116e-01   3.3333333e+00
  9.6943003e-01   2.4536793e-01  -9.6943058e-01  -2.4536577e-01   3.3333333e+00
  9.6981136e-01   2.4385637e-01  -9.6981189e-01  -2.4385427e-01   3.3333333e+00
  9.7015114e-01   2.4250107e-01  -9.7015164e-01  -2.4249905e-01   3.3333333e+00
  9.7045920e-01   2.4126528e-01  -9.7045969e-01  -2.4126332e-01   3.3333333e+00
  9.7074222e-01   2.4012400e-01  -9.7074269e-01  -2.4012210e-01   3.3333333e+00
  9.7100494e-01   2.3905944e-01  -9.7100539e-01  -2.3905758e-01   3.3333333e+00
  9.7125084e-01   2.3805843e-01  -9.7125128e-01  -2.3805662e-01   3.3333333e+00
  9.7148258e-01   2.3711094e-01  -9.7148301e-01  -2.3710918e-01   3.3333333e+00
  9.7170223e-01   2.3620916e-01  -9.7170265e-01  -2.3620745e-01   3.3333333e+00
  9.7191144e-01   2.3534687e-01  -9.7191185e-01  -2.3534520e-01   3.3333333e+00
  9.7211153e-01   2.3451901e-01  -9.7211193e-01  -2.3451737e-01   3.3333333e+00
  9.7230360e-01   2.3372143e-01  -9.7230398e-01  -2.3371984e-01   3.3333333e+00
  9.7248855e-01   2.3295068e-01  -9.7248892e-01  -2.3294913e-01   3.3333333e+00
  9.7266715e-01   2.3220384e-01  -9.7266751e-01  -2.3220232e-01   3.3333333e+00
  9.7284004e-01   2.3147843e-01  -9.7284039e-01  -2.3147695e-01   3.3333333e+00
  9.7300778e-01   2.3077233e-01  -9.7300812e-01  -2.3077088e-01   3.3333333e+00
  9.7317085e-01   2.3008367e-01  -9.7317118e-01  -2.3008226e-01   3.3333333e+00
  9.7332967e-01   2.2941087e-01  -9.7333000e-01  -2.2940949e-01   3.3333333e+00
  9.7348461e-01   2.2875250e-01  -9.7348493e-01  -2.2875115e-01   3.3333333e+00
  9.7363600e-01   2.2810731e-01  -9.7363630e-01  -2.2810600e-01   3.3333333e+00
  9.7378411e-01   2.2747420e-01  -9.7378441e-01  -2.2747292e-01   3.3333333e+00
  9.7392920e-01   2.2685217e-01  -9.7392949e-01  -2.2685092e-01   3.3333333e+00
  9.7407151e-01   2.2624034e-01  -9.7407179e-01  -2.2623912e-01   3.3333333e+00
  9.7421124e-01   2.2563791e-01  -9.7421151e-01  -2.2563672e-01   3.3333333e+00
  9.7434857e-01   2.2504415e-01  -9.7434884e-01  -2.2504299e-01   3.3333333e+00
  9.7448367e-01   2.2445841e-01  -9.7448393e-01  -2.2445727e-01   3.3333333e+00
  9.7461670e-01   2.2388008e-01  -9.7461695e-01  -2.2387898e-01   3.3333333e+00
  9.7474779e-01   2.2330863e-01  -9.7474804e-01  -2.2330755e-01   3.3333333e+00
  9.7487708e-01   2.2274354e-01  -9.7487732e-01  -2.2274250e-01   3.3333333e+00
  9.7500467e-01   2.2218437e-01  -9.7500490e-01  -2.2218335e-01   3.3333333e+00
  9.7513068e-01   2.2163067e-01  -9.7513091e-01  -2.2162968e-01   3.3333333e+00
  9.7525521e-01   2.2108207e-01  -9.7525543e-01  -2.2108111e-01   3.3333333e+00
  9.7537834e-01   2.2053819e-01  -9.7537855e-01  -2.2053726e-01   3.3333333e+00
  9.7550016e-01   2.1999870e-01  -9.7550037e-01  -2.1999779e-01   3.3333333e+00
  9.7562076e-01   2.1946329e-01  -9.7562096e-01  -2.1946241e-01   3.3333333e+00
  9.7574020e-01   2.1893165e-01  -9.7574039e-01  -2.1893080e-01   3.3333333e+00
  9.7585854e-01   2.1840353e-01  -9.7585873e-01  -2.1840270e-01   3.3333333e+00
  9.7597587e-01   2.1787866e-01  -9.7597605e-01  -2.1787785e-01   3.3333333e+00
  9.7609222e-01   2.1735680e-01  -9.7609239e-01  -2.1735602e-01   3.3333333e+00
  9.7620766e-01   2.1683773e-01  -9.7620783e-01  -2.1683698e-01   3.3333333e+00
  9.7632224e-01   2.1632124e-01  -9.7632240e-01  -2.1632052e-01   3.3333333e+00
  9.7643601e-01   2.1580714e-01  -9.7643616e-01  -2.1580644e-01   3.3333333e+00
  9.7654901e-01   2.1529523e-01  -9.7654916e-01  -2.1529455e-01   3.3333333e+00
  9.7666128e-01   2.1478534e-01  -9.7666142e-01  -2.1478469e-01   3.3333333e+00
  9.7677287e-01   2.1427731e-01  -9.7677300e-01  -2.1427669e-01   3.3333333e+00
  9.7688380e-01   2.1377099e-01  -9.7688393e-01  -2.1377039e-01   3.3333333e+00
  9.7699412e-01   2.1326622e-01  -9.7699425e-01  -2.1326565e-01   3.3333333e+00
  9.7710386e-01   2.1276287e-01  -9.7710398e-01  -2.1276233e-01   3.3333333e+00
  9.7721305e-01   2.1226082e-01  -9.7721316e-01  -2.1226030e-01   3.3333333e+00
  9.7732171e-01   2.1175994e-01  -9.7732182e-01  -2.1175944e-01   3.3333333e+00
  9.7742988e-01   2.1126011e-01  -9.7742998e-01  -2.1125964e-01   3.3333333e+00
  9.7753757e-01   2.1076123e-01  -9.7753767e-01  -2.1076078e-01   3.3333333e+00
  9.7764482e-01   2.1026320e-01  -9.7764491e-01  -2.1026278e-01   3.3333333e+00
  9.7775163e-01   2.0976593e-01  -9.7775172e-01  -2.0976553e-01   3.3333333e+00
  9.7785804e-01   2.0926932e-01  -9.7785812e-01  -2.0926895e-01   3.3333333e+00
  9.7796406e-01   2.0877330e-01  -9.7796414e-01  -2.0877295e-01   3.3333333e+00
  9.7806971e-01   2.0827779e-01  -9.7806978e-01  -2.0827746e-01   3.3333333e+00
  9.7817501e-01   2.0778271e-01  -9.7817507e-01  -2.0778241e-01   3.3333333e+00
  9.7827996e-01   2.0728801e-01  -9.7828002e-01  -2.0728774e-01   3.3333333e+00
  9.7838459e-01   2.0679363e-01  -9.7838464e-01  -2.0679338e-01   3.3333333e+00
  9.7848889e-01   2.0629950e-01  -9.7848894e-01  -2.0629927e-01   3.3333333e+00
  9.7859290e-01   2.0580559e-01  -9.7859294e-01  -2.0580538e-01   3.3333333e+00
  9.7869661e-01   2.0531184e-01  -9.7869664e-01  -2.0531166e-01   3.3333333e+00
  9.7880003e-01   2.0481822e-01  -9.7880006e-01  -2.0481807e-01   3.3333333e+00
  9.7890317e-01   2.0432470e-01  -9.7890320e-01  -2.0432457e-01   3.3333333e+00
  9.7900604e-01   2.0383124e-01  -9.7900606e-01  -2.0383114e-01   3.3333333e+00
  9.7910864e-01   2.0333783e-01  -9.7910865e-01  -2.0333776e-01   3.3333333e+00
  9.7921097e-01   2.0284445e-01  -9.7921098e-01  -2.0284440e-01   3.3333333e+00
  9.7931305e-01   2.0235108e-01  -9.7931305e-01  -2.0235105e-01   3.3333333e+00
  9.7941486e-01   2.0185771e-01  -9.7941486e-01  -2.0185770e-01   3.3333333e+00
  9.7951641e-01   2.0136434e-01  -9.7951641e-01  -2.0136436e-01   3.3333333e+00
  9.7961771e-01   2.0087097e-01  -9.7961770e-01  -2.0087101e-01   3.3333333e+00
  9.7971875e-01   2.0037759e-01  -9.7971873e-01  -2.0037766e-01   3.3333333e+00
  9.7981953e-01   1.9988418e-01  -9.7981951e-01  -1.9988428e-01   3.3333333e+00
  9.7992006e-01   1.9939075e-01  -9.7992004e-01  -1.9939087e-01   3.3333333e+00
  9.8002035e-01   1.9889725e-01  -9.8002032e-01  -1.9889740e-01   3.3333333e+00
  9.8012039e-01   1.9840367e-01  -9.8012036e-01  -1.9840384e-01   3.3333333e+00
  9.8022020e-01   1.9790997e-01  -9.8022016e-01  -1.9791017e-01   3.3333333e+00
  9.8031978e-01   1.9741612e-01  -9.8031974e-01  -1.9741634e-01   3.3333333e+00
  9.8041914e-01   1.9692207e-01  -9.8041909e-01  -1.9692232e-01   3.3333333e+00
  9.8051829e-01   1.9642778e-01  -9.8051824e-01  -1.9642805e-01   3.3333333e+00
  9.8061724e-01   1.9593320e-01  -9.8061719e-01  -1.9593349e-01   3.3333333e+00
  9.8071601e-01   1.9543827e-01  -9.8071594e-01  -1.9543858e-01   3.3333333e+00
  9.8081459e-01   1.9494292e-01  -9.8081452e-01  -1.9494326e-01   3.3333333e+00
  9.8091301e-01   1.9444709e-01  -9.8091294e-01  -1.9444746e-01   3.3333333e+00
  9.8101128e-01   1.9395070e-01  -9.8101120e-01  -1.9395109e-01   3.3333333e+00
  9.8110941e-01   1.9345368e-01  -9.8110933e-01  -1.9345410e-01   3.3333333e+00
  9.8120742e-01   1.9295594e-01  -9.8120733e-01  -1.9295639e-01   3.3333333e+00
  9.8130533e-01   1.9245740e-01  -9.8130524e-01  -1.9245786e-01   3.3333333e+00
  9.8140315e-01   1.9195794e-01  -9.8140306e-01  -1.9195843e-01   3.3333333e+00
  9.8150091e-01   1.9145747e-01  -9.8150081e-01  -1.9145799e-01   3.3333333e+00
  9.8159862e-01   1.9095588e-01  -9.8159851e-01  -1.9095642e-01   3.3333333e+00
  9.8169630e-01   1.9045306e-01  -9.8169619e-01  -1.9045362e-01   3.3333333e+00
  9.8179398e-01   1.8994887e-01  -9.8179387e-01  -1.8994946e-01   3.3333333e+00
  9.8189168e-01   1.8944318e-01  -9.8189157e-01  -1.8944380e-01   3.3333333e+00
  9.8198943e-01   1.8893586e-01  -9.8198931e-01  -1.8893651e-01   3.3333333e+00
  9.8208724e-01   1.8842676e-01  -9.8208712e-01  -1.8842743e-01   3.3333333e+00
  9.8218516e-01   1.8791571e-01  -9.8218503e-01  -1.8791641e-01   3.3333333e+00
  9.8228320e-01   1.8740256e-01  -9.8228306e-01  -1.8740328e-01   3.3333333e+00
  9.8238140e-01   1.8688711e-01  -9.8238125e-01  -1.8688786e-01   3.3333333e+00
  9.8247978e-01   1.8636919e-01  -9.8247964e-01  -1.8636996e-01   3.3333333e+00
  9.8257839e-01   1.8584859e-01  -9.8257824e-01  -1.8584939e-01   3.3333333e+00
  9.8267727e-01   1.8532510e-01  -9.8267711e-01  -1.8532592e-01   3.3333333e+00
  9.8277644e-01   1.8479848e-01  -9.8277628e-01  -1.8479933e-01   3.3333333e+00
  9.8287594e-01   1.8426850e-01  -9.8287578e-01  -1.8426938e-01   3.3333333e+00
  9.8297583e-01   1.8373489e-01  -9.8297566e-01  -1.8373580e-01   3.3333333e+00
  9.8307615e-01   1.8319738e-01  -9.8307598e-01  -1.8319831e-01   3.3333333e+00
  9.8317695e-01   1.8265567e-01  -9.8317677e-01  -1.8265663e-01   3.3333333e+00
  9.8327827e-01   1.8210944e-01  -9.8327809e-01  -1.8211042e-01   3.3333333e+00
  9.8338018e-01   1.8155834e-01  -9.8337999e-01  -1.8155935e-01   3.3333333e+00
  9.8348273e-01   1.8100201e-01  -9.8348254e-01  -1.8100305e-01   3.3333333e+00
  9.8358599e-01   1.8044004e-01  -9.8358579e-01  -1.8044110e-01   3.3333333e+00
  9.8369002e-01   1.7987200e-01  -9.8368982e-01  -1.7987309e-01   3.3333333e+00
  9.8379492e-01   1.7929742e-01  -9.8379471e-01  -1.7929854e-01   3.3333333e+00
  9.8390074e-01   1.7871579e-01  -9.8390053e-01  -1.7871695e-01   3.3333333e+00
  9.8400759e-01   1.7812656e-01  -9.8400737e-01  -1.7812774e-01   3.3333333e+00
  9.8411555e-01   1.7752911e-01  -9.8411533e-01  -1.7753032e-01   3.3333333e+00
  9.8422474e-01   1.7692277e-01  -9.8422451e-01  -1.7692402e-01   3.3333333e+00
  9.8433526e-01   1.7630681e-01  -9.8433503e-01  -1.7630809e-01   3.3333333e+00
  9.8444725e-01   1.7568042e-01  -9.8444702e-01  -1.7568172e-01   3.3333333e+00
  9.8456085e-01   1.7504268e-01  -9.8456061e-01  -1.7504402e-01   3.3333333e+00
  9.8467620e-01   1.7439259e-01  -9.8467596e-01  -1.7439396e-01   3.3333333e+00
  9.8479349e-01   1.7372902e-01  -9.8479325e-01  -1.7373043e-01   3.3333333e+00
  9.8491292e-01   1.7305070e-01  -9.8491266e-01  -1.7305214e-01   3.3333333e+00
  9.8503469e-01   1.7235618e-01  -9.8503443e-01  -1.7235766e-01   3.3333333e+00
  9.8515907e-01   1.7164384e-01  -9.8515881e-01  -1.7164535e-01   3.3333333e+00
  9.8528634e-01   1.7091177e-01  -9.8528607e-01  -1.7091332e-01   3.3333333e+00
  9.8541682e-01   1.7015782e-01  -9.8541655e-01  -1.7015941e-01   3.3333333e+00
  9.8555091e-01   1.6937945e-01  -9.8555063e-01  -1.6938108e-01   3.3333333e+00
  9.8568905e-01   1.6857370e-01  -9.8568877e-01  -1.6857536e-01   3.3333333e+00
  9.8583178e-01   1.6773702e-01  -9.8583149e-01  -1.6773873e-01   3.3333333e+00
  9.8597972e-01   1.6686519e-01  -9.8597942e-01  -1.6686694e-01   3.3333333e+00
  9.8613365e-01   1.6595307e-01  -9.8613335e-01  -1.6595486e-01   3.3333333e+00
  9.8629452e-01   1.6499428e-01  -9.8629421e-01  -1.6499613e-01   3.3333333e+00
  9.8646352e-01   1.6398086e-01  -9.8646321e-01  -1.6398275e-01   3.3333333e+00
  9.8664216e-01   1.6290256e-01  -9.8664184e-01  -1.6290451e-01   3.3333333e+00
  9.8683243e-01   1.6174594e-01  -9.8683210e-01  -1.6174795e-01   3.3333333e+00
  9.8703701e-01   1.6049283e-01  -9.8703667e-01  -1.6049490e-01   3.3333333e+00
  9.8725962e-01   1.5911767e-01  -9.8725928e-01  -1.5911981e-01   3.3333333e+00
  9.8750576e-01   1.5758289e-01  -9.8750541e-01  -1.5758511e-01   3.3333333e+00
  9.8778396e-01   1.5582955e-01  -9.8778360e-01  -1.5583186e-01   3.3333333e+00
  9.8810873e-01   1.5375673e-01  -9.8810836e-01  -1.5375914e-01   3.3333333e+00
  9.8850826e-01   1.5116687e-01  -9.8850787e-01  -1.5116941e-01   3.3333333e+00
  9.8905121e-01   1.4757272e-01  -9.8905080e-01  -1.4757544e-01   3.3333333e+00
  9.9002555e-01   1.4088797e-01  -9.9002511e-01  -1.4089103e-01   3.3333333e+00
  9.6513831e-01   2.6174040e-01  -9.6513912e-01  -2.6173742e-01   3.3333333e+00
  9.6688831e-01   2.5519993e-01  -9.6688901e-01  -2.5519727e-01   3.3333333e+00
  9.6781179e-01   2.5167506e-01  -9.6781244e-01  -2.5167258e-01   3.3333333e+00
  9.6846968e-01   2.4913145e-01  -9.6847028e-01  -2.4912910e-01   3.3333333e+00
  9.6899166e-01   2.4709341e-01  -9.6899224e-01  -2.4709116e-01   3.3333333e+00
  9.6943003e-01   2.4536793e-01  -9.6943058e-01  -2.4536577e-01   3.3333333e+00
  9.6981136e-01   2.4385637e-01  -9.6981189e-01  -2.4385427e-01   3.3333333e+00
  9.7015114e-01   2.4250107e-01  -9.7015164e-01  -2.4249905e-01   3.3333333e+00
  9.7045920e-01   2.4126528e-01  -9.7045969e-01  -2.4126332e-01   3.3333333e+00
  9.7074222e-01   2.4012400e-01  -9.7074269e-01  -2.4012210e-01   3.3333333e+00
  9.7100494e-01   2.3905944e-01  -9.7100539e-01  -2.3905758e-01   3.3333333e+00
  9.7125084e-01   2.3805843e-01  -9.7125128e-01  -2.3805662e-01   3.3333333e+00
  9.7148258e-01   2.3711094e-01  -9.7148301e-01  -2.3710918e-01   3.3333333e+00
  9.7170223e-01   2.3620916e-01  -9.7170265e-01  -2.3620745e-01   3.3333333e+00
  9.7191144e-01   2.3534687e-01  -9.7191185e-01  -2.3534520e-01   3.3333333e+00
  9.7211153e-01   2.3451901e-01  -9.7211193e-01  -2.3451737e-01   3.3333333e+00
  9.7230360e-01   2.3372143e-01  -9.7230398e-01  -2.3371984e-01   3.3333333e+00
  9.7248855e-01   2.3295068e-01  -9.7248892e-01  -2.3294913e-01   3.3333333e+00
  9.7266715e-01   2.3220384e-01  -9.7266751e-01  -2.3220232e-01   3.3333333e+00
  9.7284004e-01   2.3147843e-01  -9.7284039e-01  -2.3147695e-01   3.3333333e+00
  9.7300778e-01   2.3077233e-01  -9.7300812e-01  -2.3077088e-01   3.3333333e+00
  9.7317085e-01   2.3008367e-01  -9.7317118e-01  -2.3008226e-01   3.3333333e+00
  9.7332967e-01   2.2941087e-01  -9.7333000e-01  -2.2940949e-01   3.3333333e+00
  9.7348461e-01   2.2875250e-01  -9.7348493e-01  -2.2875115e-01   3.3333333e+00
  9.7363600e-01   2.2810731e-01  -9.7363630e-01  -2.2810600e-01   3.3333333e+00
  9.7378411e-01   2.2747420e-01  -9.7378441e-01  -2.2747292e-01   3.3333333e+00
  9.7392920e-01   2.2685217e-01  -9.7392949e-01  -2.2685092e-01   3.3333333e+00
  9.7407151e-01   2.2624034e-01  -9.7407179e-01  -2.2623912e-01   3.3333333e+00
  9.7421124e-01   2.2563791e-01  -9.7421151e-01  -2.2563672e-01   3.3333333e+00
  9.7434857e-01   2.2504415e-01  -9.7434884e-01  -2.2504299e-01   3.3333333e+00
  9.7448367e-01   2.2445841e-01  -9.7448393e-01  -2.2445727e-01   3.3333333e+00
  9.7461670e-01   2.2388008e-01  -9.7461695e-01  -2.2387898e-01   3.3333333e+00
  9.7474779e-01   2.2330863e-01  -9.7474804e-01  -2.2330755e-01   3.3333333e+00
  9.7487708e-01   2.2274354e-01  -9.7487732e-01  -2.2274250e-01   3.3333333e+00
  9.7500467e-01   2.2218437e-01  -9.7500490e-01  -2.2218335e-01   3.3333333e+00
  9.7513068e-01   2.2163067e-01  -9.7513091e-01  -2.2162968e-01   3.3333333e+00
  9.7525521e-01   2.2108207e-01  -9.7525543e-01  -2.2108111e-01   3.3333333e+00
  9.7537834e-01   2.2053819e-01  -9.7537855e-01  -2.2053726e-01   3.3333333e+00
  9.7550016e-01   2.1999870e-01  -9.7550037e-01  -2.1999779e-01   3.3333333e+00
  9.7562076e-01   2.1946329e-01  -9.7562096e-01  -2.1946241e-01   3.3333333e+00
  9.7574020e-01   2.1893165e-01  -9.7574039e-01  -2.1893080e-01   3.3333333e+00
  9.7585854e-01   2.1840353e-01  -9.7585873e-01  -2.1840270e-01   3.3333333e+00
  9.7597587e-01   2.1787866e-01  -9.7597605e-01  -2.1787785e-01   3.3333333e+00
  9.7609222e-01   2.1735680e-01  -9.7609239e-01  -2.1735602e-01   3.3333333e+00
  9.7620766e-01   2.1683773e-01  -9.7620783e-01  -2.1683698e-01   3.3333333e+00
  9.7632224e-01   2.1632124e-01  -9.7632240e-01  -2.1632052e-01   3.3333333e+00
  9.7643601e-01   2.1580714e-01  -9.7643616e-01  -2.1580644e-01   3.3333333e+00
  9.7654901e-01   2.1529523e-01  -9.7654916e-01  -2.1529455e-01   3.3333333e+00
  9.7666128e-01   2.1478534e-01  -9.7666142e-01  -2.1478469e-01   3.3333333e+00
  9.7677287e-01   2.1427731e-01  -9.7677300e-01  -2.1427669e-01   3.3333333e+00
  9.7688380e-01   2.1377099e-01  -9.7688393e-01  -2.1377039e-01   3.3333333e+00
  9.7699412e-01   2.1326622e-01  -9.7699425e-01  -2.1326565e-01   3.3333333e+00
  9.7710386e-01   2.1276287e-01  -9.7710398e-01  -2.1276233e-01   3.3333333e+00
  9.7721305e-01   2.1226082e-01  -9.7721316e-01  -2.1226030e-01   3.3333333e+00
  9.7732171e-01   2.1175994e-01  -9.7732182e-01  -2.1175944e-01   3.3333333e+00
  9.7742988e-01   2.1126011e-01  -9.7742998e-01  -2.1125964e-01   3.3333333e+00
  9.7753757e-01   2.1076123e-01  -9.7753767e-01  -2.1076078e-01   3.3333333e+00
  9.7764482e-01   2.1026320e-01  -9.7764491e-01  -2.1026278e-01   3.3333333e+00
  9.7775163e-01   2.0976593e-01  -9.7775172e-01  -2.0976553e-01   3.3333333e+00
  9.7785804e-01   2.0926932e-01  -9.7785812e-01  -2.0926895e-01   3.3333333e+00
  9.7796406e-01   2.0877330e-01  -9.7796414e-01  -2.0877295e-01   3.3333333e+00
  9.7806971e-01   2.0827779e-01  -9.7806978e-01  -2.0827746e-01   3.3333333e+00
  9.7817501e-01   2.0778271e-01  -9.7817507e-01  -2.0778241e-01   3.3333333e+00
  9.7827996e-01   2.0728801e-01  -9.7828002e-01  -2.0728774e-01   3.3333333e+00
  9.7838459e-01   2.0679363e-01  -9.7838464e-01  -2.0679338e-01   3.3333333e+00
  9.7848889e-01   2.0629950e-01  -9.7848894e-01  -2.0629927e-01   3.3333333e+00
  9.7859290e-01   2.0580559e-01  -9.7859294e-01  -2.0580538e-01   3.3333333e+00
  9.7869661e-01   2.0531184e-01  -9.7869664e-01  -2.0531166e-01   3.3333333e+00
  9.7880003e-01   2.0481822e-01  -9.7880006e-01  -2.0481807e-01   3.3333333e+00
  9.7890317e-01   2.0432470e-01  -9.7890320e-01  -2.0432457e-01   3.3333333e+00
  9.7900604e-01   2.0383124e-01  -9.7900606e-01  -2.0383114e-01   3.3333333e+00
  9.7910864e-01   2.0333783e-01  -9.7910865e-01  -2.0333776e-01   3.3333333e+00
  9.7921097e-01   2.0284445e-01  -9.7921098e-01  -2.0284440e-01   3.3333333e+00
  9.7931305e-01   2.0235108e-01  -9.7931305e-01  -2.0235105e-01   3.3333333e+00
  9.7941486e-01   2.0185771e-01  -9.7941486e-01  -2.0185770e-01   3.3333333e+00
  9.7951641e-01   2.0136434e-01  -9.7951641e-01  -2.0136436e-01   3.3333333e+00
  9.7961771e-01   2.0087097e-01  -9.7961770e-01  -2.0087101e-01   3.3333333e+00
  9.7971875e-01   2.0037759e-01  -9.7971873e-01  -2.0037766e-01   3.3333333e+00
  9.7981953e-01   1.9988418e-01  -9.7981951e-01  -1.9988428e-01   3.3333333e+00
  9.7992006e-01   1.9939075e-01  -9.7992004e-01  -1.9939087e-01   3.3333333e+00
  9.8002035e-01   1.9889725e-01  -9.8002032e-01  -1.9889740e-01   3.3333333e+00
  9.8012039e-01   1.9840367e-01  -9.8012036e-01  -1.9840384e-01   3.3333333e+00
  9.8022020e-01   1.9790997e-01  -9.8022016e-01  -1.9791017e-01   3.3333333e+00
  9.8031978e-01   1.9741612e-01  -9.8031974e-01  -1.9741634e-01   3.3333333e+00
  9.8041914e-01   1.9692207e-01  -9.8041909e-01  -1.9692232e-01   3.3333333e+00
  9.8051829e-01   1.9642778e-01  -9.8051824e-01  -1.9642805e-01   3.3333333e+00
  9.8061724e-01   1.9593320e-01  -9.8061719e-01  -1.9593349e-01   3.3333333e+00
  9.8071601e-01   1.9543827e-01  -9.8071594e-01  -1.9543858e-01   3.3333333e+00
  9.8081459e-01   1.9494292e-01  -9.8081452e-01  -1.9494326e-01   3.3333333e+00
  9.8091301e-01   1.9444709e-01  -9.8091294e-01  -1.9444746e-01   3.3333333e+00
  9.8101128e-01   1.9395070e-01  -9.8101120e-01  -1.9395109e-01   3.3333333e+00
  9.8110941e-01   1.9345368e-01  -9.8110933e-01  -1.9345410e-01   3.3333333e+00
  9.8120742e-01   1.9295594e-01  -9.8120733e-01  -1.9295639e-01   3.3333333e+00
  9.8130533e-01   1.9245740e-01  -9.8130524e-01  -1.9245786e-01   3.3333333e+00
  9.8140315e-01   1.9195794e-01  -9.8140306e-01  -1.9195843e-01   3.3333333e+00
  9.8150091e-01   1.9145747e-01  -9.8150081e-01  -1.9145799e-01   3.3333333e+00
  9.8159862e-01   1.9095588e-01  -9.8159851e-01  -1.9095642e-01   3.3333333e+00
  9.8169630e-01   1.9045306e-01  -9.8169619e-01  -1.9045362e-01   3.3333333e+00
  9.8179398e-01   1.8994887e-01  -9.8179387e-01  -1.8994946e-01   3.3333333e+00
  9.8189168e-01   1.8944318e-01  -9.8189157e-01  -1.8944380e-01   3.3333333e+00
  9.8198943e-01   1.8893586e-01  -9.8198931e-01  -1.8893651e-01   3.3333333e+00
  9.8208724e-01   1.8842676e-01  -9.8208712e-01  -1.8842743e-01   3.3333333e+00
  9.8218516e-01   1.8791571e-01  -9.8218503e-01  -1.8791641e-01   3.3333333e+00
  9.8228320e-01   1.8740256e-01  -9.8228306e-01  -1.8740328e-01   3.3333333e+00
  9.8238140e-01   1.8688711e-01  -9.8238125e-01  -1.8688786e-01   3.3333333e+00
  9.8247978e-01   1.8636919e-01  -9.8247964e-01  -1.8636996e-01   3.3333333e+00
  9.8257839e-01   1.8584859e-01  -9.8257824e-01  -1.8584939e-01   3.3333333e+00
  9.8267727e-01   1.8532510e-01  -9.8267711e-01  -1.8532592e-01   3.3333333e+00
  9.8277644e-01   1.8479848e-01  -9.8277628e-01  -1.8479933e-01   3.3333333e+00
  9.8287594e-01   1.8426850e-01  -9.8287578e-01  -1.8426938e-01   3.3333333e+00
  9.8297583e-01   1.8373489e-01  -9.8297566e-01  -1.8373580e-01   3.3333333e+00
  9.8307615e-01   1.8319738e-01  -9.8307598e-01  -1.8319831e-01   3.3333333e+00
  9.8317695e-01   1.8265567e-01  -9.8317677e-01  -1.8265663e-01   3.3333333e+00
  9.8327827e-01   1.8210944e-01  -9.8327809e-01  -1.8211042e-01   3.3333333e+00
  9.8338018e-01   1.8155834e-01  -9.8337999e-01  -1.8155935e-01   3.3333333e+00
  9.8348273e-01   1.8100201e-01  -9.8348254e-01  -1.8100305e-01   3.3333333e+00
  9.8358599e-01   1.8044004e-01  -9.8358579e-01  -1.8044110e-01   3.3333333e+00
  9.8369002e-01   1.7987200e-01  -9.8368982e-01  -1.7987309e-01   3.3333333e+00
  9.8379492e-01   1.7929742e-01  -9.8379471e-01  -1.7929854e-01   3.3333333e+00
  9.8390074e-01   1.7871579e-01  -9.8390053e-01  -1.7871695e-01   3.3333333e+00
  9.8400759e-01   1.7812656e-01  -9.8400737e-01  -1.7812774e-01   3.3333333e+00
  9.8411555e-01   1.7752911e-01  -9.8411533e-01  -1.7753032e-01   3.3333333e+00
  9.8422474e-01   1.7692277e-01  -9.8422451e-01  -1.7692402e-01   3.3333333e+00
  9.8433526e-01   1.7630681e-01  -9.8433503e-01  -1.7630809e-01   3.3333333e+00
  9.8444725e-01   1.7568042e-01  -9.8444702e-01  -1.7568172e-01   3.3333333e+00
  9.8456085e-01   1.7504268e-01  -9.8456061e-01  -1.7504402e-01   3.3333333e+00
  9.8467620e-01   1.7439259e-01  -9.8467596e-01  -1.7439396e-01   3.3333333e+00
  9.8479349e-01   1.7372902e-01  -9.8479325e-01  -1.7373043e-01   3.3333333e+00
  9.8491292e-01   1.7305070e-01  -9.8491266e-01  -1.7305214e-01   3.3333333e+00
  9.8503469e-01   1.7235618e-01  -9.8503443e-01  -1.7235766e-01   3.3333333e+00
  9.8515907e-01   1.7164384e-01  -9.8515881e-01  -1.7164535e-01   3.3333333e+00
  9.8528634e-01   1.7091177e-01  -9.8528607e-01  -1.7091332e-01   3.3333333e+00
  9.8541682e-01   1.7015782e-01  -9.8541655e-01  -1.7015941e-01   3.3333333e+00
  9.8555091e-01   1.6937945e-01  -9.8555063e-01  -1.6938108e-01   3.3333333e+00
  9.8568905e-01   1.6857370e-01  -9.8568877e-01  -1.6857536e-01   3.3333333e+00
  9.8583178e-01   1.6773702e-01  -9.8583149e-01  -1.6773873e-01   3.3333333e+00
  9.8597972e-01   1.6686519e-01  -9.8597942e-01  -1.6686694e-01   3.3333333e+00
  9.8613365e-01   1.6595307e-01  -9.8613335e-01  -1.6595486e-01   3.3333333e+00
  9.8629452e-01   1.6499428e-01  -9.8629421e-01  -1.6499613e-01   3.3333333e+00
  9.8646352e-01   1.6398086e-01  -9.8646321e-01  -1.6398275e-01   3.3333333e+00
  9.8664216e-01   1.6290256e-01  -9.8664184e-01  -1.6290451e-01   3.3333333e+00
  9.8683243e-01   1.6174594e-01  -9.8683210e-01  -1.6174795e-01   3.3333333e+00
  9.8703701e-01   1.6049283e-01  -9.8703667e-01  -1.6049490e-01   3.3333333e+00
  9.8725962e-01   1.5911767e-01  -9.8725928e-01  -1.5911981e-01   3.3333333e+00
  9.8750576e-01   1.5758289e-01  -9.8750541e-01  -1.5758511e-01   3.3333333e+00
  9.8778396e-01   1.5582955e-01  -9.8778360e-01  -1.5583186e-01   3.3333333e+00
  9.8810873e-01   1.5375673e-01  -9.8810836e-01  -1.5375914e-01   3.3333333e+00
  9.8850826e-01   1.5116687e-01  -9.8850787e-01  -1.5116941e-01   3.3333333e+00
  9.8905121e-01   1.4757272e-01  -9.8905080e-01  -1.4757544e-01   3.3333333e+00
  9.9002555e-01   1.4088797e-01  -9.9002511e-01  -1.4089103e-01   3.3333333e+00
  9.6513831e-01   2.6174040e-01  -9.6513912e-01  -2.6173742e-01   3.3333333e+00
  9.6688831e-01   2.5519993e-01  -9.6688901e-01  -2.5519727e-01   3.3333333e+00
  9.6781179e-01   2.5167506e-01  -9.6781244e-01  -2.5167258e-01   3.3333333e+00
  9.6846968e-01   2.4913145e-01  -9.6847028e-01  -2.4912910e-01   3.3333333e+00
  9.6899166e-01   2.4709341e-01  -9.6899224e-01  -2.4709116e-01   3.3333333e+00
  9.6943003e-01   2.4536793e-01  -9.6943058e-01  -2.4536577e-01   3.3333333e+00
  9.6981136e-01   2.4385637e-01  -9.6981189e-01  -2.4385427e-01   3.3333333e+00
  9.7015114e-01   2.4250107e-01  -9.7015164e-01  -2.4249905e-01   3.3333333e+00
  9.7045920e-01   2.4126528e-01  -9.7045969e-01  -2.4126332e-01   3.3333333e+00
  9.7074222e-01   2.4012400e-01  -9.7074269e-01  -2.4012210e-01   3.3333333e+00
  9.7100494e-01   2.3905944e-01  -9.7100539e-01  -2.3905758e-01   3.3333333e+00
  9.7125084e-01   2.3805843e-01  -9.7125128e-01  -2.3805662e-01   3.3333333e+00
  9.7148258e-01   2.3711094e-01  -9.7148301e-01  -2.3710918e-01   3.3333333e+00
  9.7170223e-01   2.3620916e-01  -9.7170265e-01  -2.3620745e-01   3.3333333e+00
  9.7191144e-01   2.3534687e-01  -9.7191185e-01  -2.3534520e-01   3.3333333e+00
  9.7211153e-01   2.3451901e-01  -9.7211193e-01  -2.3451737e-01   3.3333333e+00
  9.7230360e-01   2.3372143e-01  -9.7230398e-01  -2.3371984e-01   3.3333333e+00
  9.7248855e-01   2.3295068e-01  -9.7248892e-01  -2.3294913e-01   3.3333333e+00
  9.7266715e-01   2.3220384e-01  -9.7266751e-01  -2.3220232e-01   3.3333333e+00
  9.7284004e-01   2.3147843e-01  -9.7284039e-01  -2.3147695e-01   3.3333333e+00
  9.7300778e-01   2.3077233e-01  -9.7300812e-01  -2.3077088e-01   3.3333333e+00
  9.7317085e-01   2.3008367e-01  -9.7317118e-01  -2.3008226e-01   3.3333333e+00
  9.7332967e-01   2.2941087e-01  -9.7333000e-01  -2.2940949e-01   3.3333333e+00
  9.7348461e-01   2.2875250e-01  -9.7348493e-01  -2.2875115e-01   3.3333333e+00
  9.7363600e-01   2.2810731e-01  -9.7363630e-01  -2.2810600e-01   3.3333333e+00
  9.7378411e-01   2.2747420e-01  -9.7378441e-01  -2.2747292e-01   3.3333333e+00
  9.7392920e-01   2.2685217e-01  -9.7392949e-01  -2.2685092e-01   3.3333333e+00
  9.7407151e-01   2.2624034e-01  -9.7407179e-01  -2.2623912e-01   3.3333333e+00
  9.7421124e-01   2.2563791e-01  -9.7421151e-01  -2.2563672e-01   3.3333333e+00
  9.7434857e-01   2.2504415e-01  -9.7434884e-01  -2.2504299e-01   3.3333333e+00
  9.7448367e-01   2.2445841e-01  -9.7448393e-01  -2.2445727e-01   3.3333333e+00
  9.7461670e-01   2.2388008e-01  -9.7461695e-01  -2.2387898e-01   3.3333333e+00
  9.7474779e-01   2.2330863e-01  -9.7474804e-01  -2.2330755e-01   3.3333333e+00
  9.7487708e-01   2.2274354e-01  -9.7487732e-01  -2.2274250e-01   3.3333333e+00
  9.7500467e-01   2.2218437e-01  -9.7500490e-01  -2.2218335e-01   3.3333333e+00
  9.7513068e-01   2.2163067e-01  -9.7513091e-01  -2.2162968e-01   3.3333333e+00
  9.7525521e-01   2.2108207e-01  -9.7525543e-01  -2.2108111e-01   3.3333333e+00
  9.7537834e-01   2.2053819e-01  -9.7537855e-01  -2.2053726e-01   3.3333333e+00
  9.7550016e-01   2.1999870e-01  -9.7550037e-01  -2.1999779e-01   3.3333333e+00
  9.7562076e-01   2.1946329e-01  -9.7562096e-01  -2.1946241e-01   3.3333333e+00
  9.7574020e-01   2.1893165e-01  -9.7574039e-01  -2.1893080e-01   3.3333333e+00
  9.7585854e-01   2.1840353e-01  -9.7585873e-01  -2.1840270e-01   3.3333333e+00
  9.7597587e-01   2.1787866e-01  -9.7597605e-01  -2.1787785e-01   3.3333333e+00
  9.7609222e-01   2.1735680e-01  -9.7609239e-01  -2.1735602e-01   3.3333333e+00
  9.7620766e-01   2.1683773e-01  -9.7620783e-01  -2.1683698e-01   3.3333333e+00
  9.7632224e-01   2.1632124e-01  -9.7632240e-01  -2.1632052e-01   3.3333333e+00
  9.7643601e-01   2.1580714e-01  -9.7643616e-01  -2.1580644e-01   3.3333333e+00
  9.7654901e-01   2.1529523e-01  -9.7654916e-01  -2.1529455e-01   3.3333333e+00
  9.7666128e-01   2.1478534e-01  -9.7666142e-01  -2.1478469e-01   3.3333333e+00
  9.7677287e-01   2.1427731e-01  -9.7677300e-01  -2.1427669e-01   3.3333333e+00
  9.7688380e-01   2.1377099e-01  -9.7688393e-01  -2.1377039e-01   3.3333333e+00
  9.7699412e-01   2.1326622e-01  -9.7699425e-01  -2.1326565e-01   3.3333333e+00
  9.7710386e-01   2.1276287e-01  -9.7710398e-01  -2.1276233e-01   3.3333333e+00
  9.7721305e-01   2.1226082e-01  -9.7721316e-01  -2.1226030e-01   3.3333333e+00
  9.7732171e-01   2.1175994e-01  -9.7732182e-01  -2.1175944e-01   3.3333333e+00
  9.7742988e-01   2.1126011e-01  -9.7742998e-01  -2.1125964e-01   3.3333333e+00
  9.7753757e-01   2.1076123e-01  -9.7753767e-01  -2.1076078e-01   3.3333333e+00
  9.7764482e-01   2.1026320e-01  -9.7764491e-01  -2.1026278e-01   3.3333333e+00
  9.7775163e-01   2.0976593e-01  -9.7775172e-01  -2.0976553e-01   3.3333333e+00
  9.7785804e-01   2.0926932e-01  -9.7785812e-01  -2.0926895e-01   3.3333333e+00
  9.7796406e-01   2.0877330e-01  -9.7796414e-01  -2.0877295e-01   3.3333333e+00
  9.7806971e-01   2.0827779e-01  -9.7806978e-01  -2.0827746e-01   3.3333333e+00
  9.7817501e-01   2.0778271e-01  -9.7817507e-01  -2.0778241e-01   3.3333333e+00
  9.7827996e-01   2.0728801e-01  -9.7828002e-01  -2.0728774e-01   3.3333333e+00
  9.7838459e-01   2.0679363e-01  -9.7838464e-01  -2.0679338e-01   3.3333333e+00
  9.7848889e-01   2.0629950e-01  -9.7848894e-01  -2.0629927e-01   3.3333333e+00
  9.7859290e-01   2.0580559e-01  -9.7859294e-01  -2.0580538e-01   3.3333333e+00
  9.7869661e-01   2.0531184e-01  -9.7869664e-01  -2.0531166e-01   3.3333333e+00
  9.7880003e-01   2.0481822e-01  -9.7880006e-01  -2.0481807e-01   3.3333333e+00
  9.7890317e-01   2.0432470e-01  -9.7890320e-01  -2.0432457e-01   3.3333333e+00
  9.7900604e-01   2.0383124e-01  -9.7900606e-01  -2.0383114e-01   3.3333333e+00
  9.7910864e-01   2.0333783e-01  -9.7910865e-01  -2.0333776e-01   3.3333333e+00
  9.7921097e-01   2.0284445e-01  -9.7921098e-01  -2.0284440e-01   3.3333333e+00
  9.7931305e-01   2.0235108e-01  -9.7931305e-01  -2.0235105e-01   3.3333333e+00
  9.7941486e-01   2.0185771e-01  -9.7941486e-01  -2.0185770e-01   3.3333333e+00
  9.7951641e-01   2.0136434e-01  -9.7951641e-01  -2.0136436e-01   3.3333333e+00
  9.7961771e-01   2.0087097e-01  -9.7961770e-01  -2.0087101e-01   3.3333333e+00
  9.7971875e-01   2.0037759e-01  -9.7971873e-01  -2.0037766e-01   3.3333333e+00
  9.7981953e-01   1.9988418e-01  -9.7981951e-01  -1.9988428e-01   3.3333333e+00
  9.7992006e-01   1.9939075e-01  -9.7992004e-01  -1.9939087e-01   3.3333333e+00
  9.8002035e-01   1.9889725e-01  -9.8002032e-01  -1.9889740e-01   3.3333333e+00
  9.8012039e-01   1.9840367e-01  -9.8012036e-01  -1.9840384e-01   3.3333333e+00
  9.8022020e-01   1.9790997e-01  -9.8022016e-01  -1.9791017e-01   3.3333333e+00
  9.8031978e-01   1.9741612e-01  -9.8031974e-01  -1.9741634e-01   3.3333333e+00
  9.8041914e-01   1.9692207e-01  -9.8041909e-01  -1.9692232e-01   3.3333333e+00
  9.8051829e-01   1.9642778e-01  -9.8051824e-01  -1.9642805e-01   3.3333333e+00
  9.8061724e-01   1.9593320e-01  -9.8061719e-01  -1.9593349e-01   3.3333333e+00
  9.8071601e-01   1.9543827e-01  -9.8071594e-01  -1.9543858e-01   3.3333333e+00
  9.8081459e-01   1.9494292e-01  -9.8081452e-01  -1.9494326e-01   3.3333333e+00
  9.8091301e-01   1.9444709e-01  -9.8091294e-01  -1.9444746e-01   3.3333333e+00
  9.8101128e-01   1.9395070e-01  -9.8101120e-01  -1.9395109e-01   3.3333333e+00
  9.8110941e-01   1.9345368e-01  -9.8110933e-01  -1.9345410e-01   3.3333333e+00
  9.8120742e-01   1.9295594e-01  -9.8120733e-01  -1.9295639e-01   3.3333333e+00
  9.8130533e-01   1.9245740e-01  -9.8130524e-01  -1.9245786e-01   3.3333333e+00
  9.8140315e-01   1.9195794e-01  -9.8140306e-01  -1.9195843e-01   3.3333333e+00
  9.8150091e-01   1.9145747e-01  -9.8150081e-01  -1.9145799e-01   3.3333333e+00
  9.8159862e-01   1.9095588e-01  -9.8159851e-01  -1.9095642e-01   3.3333333e+00
  9.8169630e-01   1.9045306e-01  -9.8169619e-01  -1.9045362e-01   3.3333333e+00
  9.8179398e-01   1.8994887e-01  -9.8179387e-01  -1.8994946e-01   3.3333333e+00
  9.8189168e-01   1.8944318e-01  -9.8189157e-01  -1.8944380e-01   3.3333333e+00
  9.8198943e-01   1.8893586e-01  -9.8198931e-01  -1.8893651e-01   3.3333333e+00
  9.8208724e-01   1.8842676e-01  -9.8208712e-01  -1.8842743e-01   3.3333333e+00
  9.8218516e-01   1.8791571e-01  -9.8218503e-01  -1.8791641e-01   3.3333333e+00
  9.8228320e-01   1.8740256e-01  -9.8228306e-01  -1.8740328e-01   3.3333333e+00
  9.8238140e-01   1.8688711e-01  -9.8238125e-01  -1.8688786e-01   3.3333333e+00
  9.8247978e-01   1.8636919e-01  -9.8247964e-01  -1.8636996e-01   3.3333333e+00
  9.8257839e-01   1.8584859e-01  -9.8257824e-01  -1.8584939e-01   3.3333333e+00
  9.8267727e-01   1.8532510e-01  -9.8267711e-01  -1.8532592e-01   3.3333333e+00
  9.8277644e-01   1.8479848e-01  -9.8277628e-01  -1.8479933e-01   3.3333333e+00
  9.8287594e-01   1.8426850e-01  -9.8287578e-01  -1.8426938e-01   3.3333333e+00
  9.8297583e-01   1.8373489e-01  -9.8297566e-01  -1.8373580e-01   3.3333333e+00
  9.8307615e-01   1.8319738e-01  -9.8307598e-01  -1.8319831e-01   3.3333333e+00
  9.8317695e-01   1.8265567e-01  -9.8317677e-01  -1.8265663e-01   3.3333333e+00
  9.8327827e-01   1.8210944e-01  -9.8327809e-01  -1.8211042e-01   3.3333333e+00
  9.8338018e-01   1.8155834e-01  -9.8337999e-01  -1.8155935e-01   3.3333333e+00
  9.8348273e-01   1.8100201e-01  -9.8348254e-01  -1.8100305e-01   3.3333333e+00
  9.8358599e-01   1.8044004e-01  -9.8358579e-01  -1.8044110e-01   3.3333333e+00
  9.8369002e-01   1.7987200e-01  -9.8368982e-01  -1.7987309e-01   3.3333333e+00
  9.8379492e-01   1.7929742e-01  -9.8379471e-01  -1.7929854e-01   3.3333333e+00
  9.8390074e-01   1.7871579e-01  -9.8390053e-01  -1.7871695e-01   3.3333333e+00
  9.8400759e-01   1.7812656e-01  -9.8400737e-01  -1.7812774e-01   3.3333333e+00
  9.8411555e-01   1.7752911e-01  -9.8411533e-01  -1.7753032e-01   3.3333333e+00
  9.8422474e-01   1.7692277e-01  -9.8422451e-01  -1.7692402e-01   3.3333333e+00
  9.8433526e-01   1.7630681e-01  -9.8433503e-01  -1.7630809e-01   3.3333333e+00
  9.8444725e-01   1.7568042e-01  -9.8444702e-01  -1.7568172e-01   3.3333333e+00
  9.8456085e-01   1.7504268e-01  -9.8456061e-01  -1.7504402e-01   3.3333333e+00
  9.8467620e-01   1.7439259e-01  -9.8467596e-01  -1.7439396e-01   3.3333333e+00
  9.8479349e-01   1.7372902e-01  -9.8479325e-01  -1.7373043e-01   3.3333333e+00
  9.8491292e-01   1.7305070e-01  -9.8491266e-01  -1.7305214e-01   3.3333333e+00
  9.8503469e-01   1.7235618e-01  -9.8503443e-01  -1.7235766e-01   3.3333333e+00
  9.8515907e-01   1.7164384e-01  -9.8515881e-01  -1.7164535e-01   3.3333333e+00
  9.8528634e-01   1.7091177e-01  -9.8528607e-01  -1.7091332e-01   3.3333333e+00
  9.8541682e-01   1.7015782e-01  -9.8541655e-01  -1.7015941e-01   3.3333333e+00
  9.8555091e-01   1.6937945e-01  -9.8555063e-01  -1.6938108e-01   3.3333333e+00
  9.8568905e-01   1.6857370e-01  -9.8568877e-01  -1.6857536e-01   3.3333333e+00
  9.8583178e-01   1.6773702e-01  -9.8583149e-01  -1.6773873e-01   3.3333333e+00
  9.8597972e-01   1.6686519e-01  -9.8597942e-01  -1.6686694e-01   3.3333333e+00
  9.8613365e-01   1.6595307e-01  -9.8613335e-01  -1.6595486e-01   3.3333333e+00
  9.8629452e-01   1.6499428e-01  -9.8629421e-01  -1.6499613e-01   3.3333333e+00
  9.8646352e-01   1.6398086e-01  -9.8646321e-01  -1.6398275e-01   3.3333333e+00
  9.8664216e-01   1.6290256e-01  -9.8664184e-01  -1.6290451e-01   3.3333333e+00
  9.8683243e-01   1.6174594e-01  -9.8683210e-01  -1.6174795e-01   3.3333333e+00
  9.8703701e-01   1.6049283e-01  -9.8703667e-01  -1.6049490e-01   3.3333333e+00
  9.8725962e-01   1.5911767e-01  -9.8725928e-01  -1.5911981e-01   3.3333333e+00
  9.8750576e-01   1.5758289e-01  -9.8750541e-01  -1.5758511e-01   3.3333333e+00
  9.8778396e-01   1.5582955e-01  -9.8778360e-01  -1.5583186e-01   3.3333333e+00
  9.8810873e-01   1.5375673e-01  -9.8810836e-01  -1.5375914e-01   3.3333333e+00
  9.8850826e-01   1.5116687e-01  -9.8850787e-01  -1.5116941e-01   3.3333333e+00
  9.8905121e-01   1.4757272e-01  -9.8905080e-01  -1.4757544e-01   3.3333333e+00
  9.9002555e-01   1.4088797e-01  -9.9002511e-01  -1.4089103e-01   3.3333333e+00
  9.6513831e-01   2.6174040e-01  -9.6513912e-01  -2.6173742e-01   3.3333333e+00
  9.6688831e-01   2.5519993e-01  -9.6688901e-01  -2.5519727e-01   3.3333333e+00
  9.6781179e-01   2.5167506e-01  -9.6781244e-01  -2.5167258e-01   3.3333333e+00
  9.6846968e-01   2.4913145e-01  -9.6847028e-01  -2.4912910e-01   3.3333333e+00
  9.6899166e-01   2.4709341e-01  -9.6899224e-01  -2.4709116e-01   3.3333333e+00
  9.6943003e-01   2.4536793e-01  -9.6943058e-01  -2.4536577e-01   3.3333333e+00
  9.6981136e-01   2.4385637e-01  -9.6981189e-01  -2.4385427e-01   3.3333333e+00
  9.7015114e-01   2.4250107e-01  -9.7015164e-01  -2.4249905e-01   3.3333333e+00
  9.7045920e-01   2.4126528e-01  -9.7045969e-01  -2.4126332e-01   3.3333333e+00
  9.7074222e-01   2.4012400e-01  -9.7074269e-01  -2.4012210e-01   3.3333333e+00
  9.7100494e-01   2.3905944e-01  -9.7100539e-01  -2.3905758e-01   3.3333333e+00
  9.7125084e-01   2.3805843e-01  -9.7125128e-01  -2.3805662e-01   3.3333333e+00
  9.7148258e-01   2.3711094e-01  -9.7148301e-01  -2.3710918e-01   3.3333333e+00
  9.7170223e-01   2.3620916e-01  -9.7170265e-01  -2.3620745e-01   3.3333333e+00
  9.7191144e-01   2.3534687e-01  -9.7191185e-01  -2.3534520e-01   3.3333333e+00
  9.7211153e-01   2.3451901e-01  -9.7211193e-01  -2.3451737e-01   3.3333333e+00
  9.7230360e-01   2.3372143e-01  -9.7230398e-01  -2.3371984e-01   3.3333333e+00
  9.7248855e-01   2.3295068e-01  -9.7248892e-01  -2.3294913e-01   3.3333333e+00
  9.7266715e-01   2.3220384e-01  -9.7266751e-01  -2.3220232e-01   3.3333333e+00
  9.7284004e-01   2.3147843e-01  -9.7284039e-01  -2.3147695e-01   3.3333333e+00
  9.7300778e-01   2.3077233e-01  -9.7300812e-01  -2.3077088e-01   3.3333333e+00
  9.7317085e-01   2.3008367e-01  -9.7317118e-01  -2.3008226e-01   3.3333333e+00
  9.7332967e-01   2.2941087e-01  -9.7333000e-01  -2.2940949e-01   3.3333333e+00
  9.7348461e-01   2.2875250e-01  -9.7348493e-01  -2.2875115e-01   3.3333333e+00
  9.7363600e-01   2.2810731e-01  -9.7363630e-01  -2.2810600e-01   3.3333333e+00
  9.7378411e-01   2.2747420e-01  -9.7378441e-01  -2.2747292e-01   3.3333333e+00
  9.7392920e-01   2.2685217e-01  -9.7392949e-01  -2.2685092e-01   3.3333333e+00
  9.7407151e-01   2.2624034e-01  -9.7407179e-01  -2.2623912e-01   3.3333333e+00
  9.7421124e-01   2.2563791e-01  -9.7421151e-01  -2.2563672e-01   3.3333333e+00
  9.7434857e-01   2.2504415e-01  -9.7434884e-01  -2.2504299e-01   3.3333333e+00
  9.7448367e-01   2.2445841e-01  -9.7448393e-01  -2.2445727e-01   3.3333333e+00
  9.7461670e-01   2.2388008e-01  -9.7461695e-01  -2.2387898e-01   3.3333333e+00
  9.7474779e-01   2.2330863e-01  -9.7474804e-01  -2.2330755e-01   3.3333333e+00
  9.7487708e-01   2.2274354e-01  -9.7487732e-01  -2.2274250e-01   3.3333333e+00
  9.7500467e-01   2.2218437e-01  -9.7500490e-01  -2.2218335e-01   3.3333333e+00
  9.7513068e-01   2.2163067e-01  -9.7513091e-01  -2.2162968e-01   3.3333333e+00
  9.7525521e-01   2.2108207e-01  -9.7525543e-01  -2.2108111e-01   3.3333333e+00
  9.7537834e-01   2.2053819e-01  -9.7537855e-01  -2.2053726e-01   3.3333333e+00
  9.7550016e-01   2.1999870e-01  -9.7550037e-01  -2.1999779e-01   3.3333333e+00
  9.7562076e-01   2.1946329e-01  -9.7562096e-01  -2.1946241e-01   3.3333333e+00
  9.7574020e-01   2.1893165e-01  -9.7574039e-01  -2.1893080e-01   3.3333333e+00
  9.7585854e-01   2.1840353e-01  -9.7585873e-01  -2.1840270e-01   3.3333333e+00
  9.7597587e-01   2.1787866e-01  -9.7597605e-01  -2.1787785e-01   3.3333333e+00
  9.7609222e-01   2.1735680e-01  -9.7609239e-01  -2.1735602e-01   3.3333333e+00
  9.7620766e-01   2.1683773e-01  -9.7620783e-01  -2.1683698e-01   3.3333333e+00
  9.7632224e-01   2.1632124e-01  -9.7632240e-01  -2.1632052e-01   3.3333333e+00
  9.7643601e-01   2.1580714e-01  -9.7643616e-01  -2.1580644e-01   3.3333333e+00
  9.7654901e-01   2.1529523e-01  -9.7654916e-01  -2.1529455e-01   3.3333333e+00
  9.7666128e-01   2.1478534e-01  -9.7666142e-01  -2.1478469e-01   3.3333333e+00
  9.7677287e-01   2.1427731e-01  -9.7677300e-01  -2.1427669e-01   3.3333333e+00
  9.7688380e-01   2.1377099e-01  -9.7688393e-01  -2.1377039e-01   3.3333333e+00
  9.7699412e-01   2.1326622e-01  -9.7699425e-01  -2.1326565e-01   3.3333333e+00
  9.7710386e-01   2.1276287e-01  -9.7710398e-01  -2.1276233e-01   3.3333333e+00
  9.7721305e-01   2.1226082e-01  -9.7721316e-01  -2.1226030e-01   3.3333333e+00
  9.7732171e-01   2.1175994e-01  -9.7732182e-01  -2.1175944e-01   3.3333333e+00
  9.7742988e-01   2.1126011e-01  -9.7742998e-01  -2.1125964e-01   3.3333333e+00
  9.7753757e-01   2.1076123e-01  -9.7753767e-01  -2.1076078e-01   3.3333333e+00
  9.7764482e-01   2.1026320e-01  -9.7764491e-01  -2.1026278e-01   3.3333333e+00
  9.7775163e-01   2.0976593e-01  -9.7775172e-01  -2.0976553e-01   3.3333333e+00
  9.7785804e-01   2.0926932e-01  -9.7785812e-01  -2.0926895e-01   3.3333333e+00
  9.7796406e-01   2.0877330e-01  -9.7796414e-01  -2.0877295e-01   3.3333333e+00
  9.7806971e-01   2.0827779e-01  -9.7806978e-01  -2.0827746e-01   3.3333333e+00
  9.7817501e-01   2.0778271e-01  -9.7817507e-01  -2.0778241e-01   3.3333333e+00
  9.7827996e-01   2.0728801e-01  -9.7828002e-01  -2.0728774e-01   3.3333333e+00
  9.7838459e-01   2.0679363e-01  -9.7838464e-01  -2.0679338e-01   3.3333333e+00
  9.7848889e-01   2.0629950e-01  -9.7848894e-01  -2.0629927e-01   3.3333333e+00
  9.7859290e-01   2.0580559e-01  -9.7859294e-01  -2.0580538e-01   3.3333333e+00
  9.7869661e-01   2.0531184e-01  -9.7869664e-01  -2.0531166e-01   3.3333333e+00
  9.7880003e-01   2.0481822e-01  -9.7880006e-01  -2.0481807e-01   3.3333333e+00
  9.7890317e-01   2.0432470e-01  -9.7890320e-01  -2.0432457e-01   3.3333333e+00
  9.7900604e-01   2.0383124e-01  -9.7900606e-01  -2.0383114e-01   3.3333333e+00
  9.7910864e-01   2.0333783e-01  -9.7910865e-01  -2.0333776e-01   3.3333333e+00
  9.7921097e-01   2.0284445e-01  -9.7921098e-01  -2.0284440e-01   3.3333333e+00
  9.7931305e-01   2.0235108e-01  -9.7931305e-01  -2.0235105e-01   3.3333333e+00
  9.7941486e-01   2.0185771e-01  -9.7941486e-01  -2.0185770e-01   3.3333333e+00
  9.7951641e-01   2.0136434e-01  -9.7951641e-01  -2.0136436e-01   3.3333333e+00
  9.7961771e-01   2.0087097e-01  -9.7961770e-01  -2.0087101e-01   3.3333333e+00
  9.7971875e-01   2.0037759e-01  -9.7971873e-01  -2.0037766e-01   3.3333333e+00
  9.7981953e-01   1.9988418e-01  -9.7981951e-01  -1.9988428e-01   3.3333333e+00
  9.7992006e-01   1.9939075e-01  -9.7992004e-01  -1.9939087e-01   3.3333333e+00
  9.8002035e-01   1.9889725e-01  -9.8002032e-01  -1.9889740e-01   3.3333333e+00
  9.8012039e-01   1.9840367e-01  -9.8012036e-01  -1.9840384e-01   3.3333333e+00
  9.8022020e-01   1.9790997e-01  -9.8022016e-01  -1.9791017e-01   3.3333333e+00
  9.8031978e-01   1.9741612e-01  -9.8031974e-01  -1.9741634e-01   3.3333333e+00
  9.8041914e-01   1.9692207e-01  -9.8041909e-01  -1.9692232e-01   3.3333333e+00
  9.8051829e-01   1.9642778e-01  -9.8051824e-01  -1.9642805e-01   3.3333333e+00
  9.8061724e-01   1.9593320e-01  -9.8061719e-01  -1.9593349e-01   3.3333333e+00
  9.8071601e-01   1.9543827e-01  -9.8071594e-01  -1.9543858e-01   3.3333333e+00
  9.8081459e-01   1.9494292e-01  -9.8081452e-01  -1.9494326e-01   3.3333333e+00
  9.8091301e-01   1.9444709e-01  -9.8091294e-01  -1.9444746e-01   3.3333333e+00
  9.8101128e-01   1.9395070e-01  -9.8101120e-01  -1.9395109e-01   3.3333333e+00
  9.8110941e-01   1.9345368e-01  -9.8110933e-01  -1.9345410e-01   3.3333333e+00
  9.8120742e-01   1.9295594e-01  -9.8120733e-01  -1.9295639e-01   3.3333333e+00
  9.8130533e-01   1.9245740e-01  -9.8130524e-01  -1.9245786e-01   3.3333333e+00
  9.8140315e-01   1.9195794e-01  -9.8140306e-01  -1.9195843e-01   3.3333333e+00
  9.8150091e-01   1.9145747e-01  -9.8150081e-01  -1.9145799e-01   3.3333333e+00
  9.8159862e-01   1.9095588e-01  -9.8159851e-01  -1.9095642e-01   3.3333333e+00
  9.8169630e-01   1.9045306e-01  -9.8169619e-01  -1.9045362e-01   3.3333333e+00
  9.8179398e-01   1.8994887e-01  -9.8179387e-01  -1.8994946e-01   3.3333333e+00
  9.8189168e-01   1.8944318e-01  -9.8189157e-01  -1.8944380e-01   3.3333333e+00
  9.8198943e-01   1.8893586e-01  -9.8198931e-01  -1.8893651e-01   3.3333333e+00
  9.8208724e-01   1.8842676e-01  -9.8208712e-01  -1.8842743e-01   3.3333333e+00
  9.8218516e-01   1.8791571e-01  -9.8218503e-01  -1.8791641e-01   3.3333333e+00
  9.8228320e-01   1.8740256e-01  -9.8228306e-01  -1.8740328e-01   3.3333333e+00
  9.8238140e-01   1.8688711e-01  -9.8238125e-01  -1.8688786e-01   3.3333333e+00
  9.8247978e-01   1.8636919e-01  -9.8247964e-01  -1.8636996e-01   3.3333333e+00
  9.8257839e-01   1.8584859e-01  -9.8257824e-01  -1.8584939e-01   3.3333333e+00
  9.8267727e-01   1.8532510e-01  -9.8267711e-01  -1.8532592e-01   3.3333333e+00
  9.8277644e-01   1.8479848e-01  -9.8277628e-01  -1.8479933e-01   3.3333333e+00
  9.8287594e-01   1.8426850e-01  -9.8287578e-01  -1.8426938e-01   3.3333333e+00
  9.8297583e-01   1.8373489e-01  -9.8297566e-01  -1.8373580e-01   3.3333333e+00
  9.8307615e-01   1.8319738e-01  -9.8307598e-01  -1.8319831e-01   3.3333333e+00
  9.8317695e-01   1.8265567e-01  -9.8317677e-01  -1.8265663e-01   3.3333333e+00
  9.8327827e-01   1.8210944e-01  -9.8327809e-01  -1.8211042e-01   3.3333333e+00
  9.8338018e-01   1.8155834e-01  -9.8337999e-01  -1.8155935e-01   3.3333333e+00
  9.8348273e-01   1.8100201e-01  -9.8348254e-01  -1.8100305e-01   3.3333333e+00
  9.8358599e-01   1.8044004e-01  -9.8358579e-01  -1.8044110e-01   3.3333333e+00
  9.8369002e-01   1.7987200e-01  -9.8368982e-01  -1.7987309e-01   3.3333333e+00
  9.8379492e-01   1.7929742e-01  -9.8379471e-01  -1.7929854e-01   3.3333333e+00
  9.8390074e-01   1.7871579e-01  -9.8390053e-01  -1.7871695e-01   3.3333333e+00
  9.8400759e-01   1.7812656e-01  -9.8400737e-01  -1.7812774e-01   3.3333333e+00
  9.8411555e-01   1.7752911e-01  -9.8411533e-01  -1.7753032e-01   3.3333333e+00
  9.8422474e-01   1.7692277e-01  -9.8422451e-01  -1.7692402e-01   3.3333333e+00
  9.8433526e-01   1.7630681e-01  -9.8433503e-01  -1.7630809e-01   3.3333333e+00
  9.8444725e-01   1.7568042e-01  -9.8444702e-01  -1.7568172e-01   3.3333333e+00
  9.8456085e-01   1.7504268e-01  -9.8456061e-01  -1.7504402e-01   3.3333333e+00
  9.8467620e-01   1.7439259e-01  -9.8467596e-01  -1.7439396e-01   3.3333333e+00
  9.8479349e-01   1.7372902e-01  -9.8479325e-01  -1.7373043e-01   3.3333333e+00
  9.8491292e-01   1.7305070e-01  -9.8491266e-01  -1.7305214e-01   3.3333333e+00
  9.8503469e-01   1.7235618e-01  -9.8503443e-01  -1.7235766e-01   3.3333333e+00
  9.8515907e-01   1.7164384e-01  -9.8515881e-01  -1.7164535e-01   3.3333333e+00
  9.8528634e-01   1.7091177e-01  -9.8528607e-01  -1.7091332e-01   3.3333333e+00
  9.8541682e-01   1.7015782e-01  -9.8541655e-01  -1.7015941e-01   3.3333333e+00
  9.8555091e-01   1.6937945e-01  -9.8555063e-01  -1.6938108e-01   3.3333333e+00
  9.8568905e-01   1.6857370e-01  -9.8568877e-01  -1.6857536e-01   3.3333333e+00
  9.8583178e-01   1.6773702e-01  -9.8583149e-01  -1.6773873e-01   3.3333333e+00
  9.8597972e-01   1.6686519e-01  -9.8597942e-01  -1.6686694e-01   3.3333333e+00
  9.8613365e-01   1.6595307e-01  -9.8613335e-01  -1.6595486e-01   3.3333333e+00
  9.8629452e-01   1.6499428e-01  -9.8629421e-01  -1.6499613e-01   3.3333333e+00
  9.8646352e-01   1.6398086e-01  -9.8646321e-01  -1.6398275e-01   3.3333333e+00
  9.8664216e-01   1.6290256e-01  -9.8664184e-01  -1.6290451e-01   3.3333333e+00
  9.8683243e-01   1.6174594e-01  -9.8683210e-01  -1.6174795e-01   3.3333333e+00
  9.8703701e-01   1.6049283e-01  -9.8703667e-01  -1.6049490e-01   3.3333333e+00
  9.8725962e-01   1.5911767e-01  -9.8725928e-01  -1.5911981e-01   3.3333333e+00
  9.8750576e-01   1.5758289e-01  -9.8750541e-01  -1.5758511e-01   3.3333333e+00
  9.8778396e-01   1.5582955e-01  -9.8778360e-01  -1.5583186e-01   3.3333333e+00
  9.8810873e-01   1.5375673e-01  -9.8810836e-01  -1.5375914e-01   3.3333333e+00
  9.8850826e-01   1.5116687e-01  -9.8850787e-01  -1.5116941e-01   3.3333333e+00
  9.8905121e-01   1.4757272e-01  -9.8905080e-01  -1.4757544e-01   3.3333333e+00
  9.9002555e-01   1.4088797e-01  -9.9002511e-01  -1.4089103e-01   3.3333333e+00
  9.9809507e-01   6.1694704e-02  -9.9809526e-01  -6.1691625e-02   3.3333333e+00
  9.9848948e-01   5.4943249e-02  -9.9848963e-01  -5.4940506e-02   3.3333333e+00
  9.9868283e-01   5.1309006e-02  -9.9868296e-01  -5.1306444e-02   3.3333333e+00
  9.9881402e-01   4.8688387e-02  -9.9881414e-01  -4.8685955e-02   3.3333333e+00
  9.9891411e-01   4.6589800e-02  -9.9891421e-01  -4.6587473e-02   3.3333333e+00
  9.9899535e-01   4.4813874e-02  -9.9899545e-01  -4.4811635e-02   3.3333333e+00
  9.9906390e-01   4.3258723e-02  -9.9906400e-01  -4.3256562e-02   3.3333333e+00
  9.9912328e-01   4.1864840e-02  -9.9912337e-01  -4.1862748e-02   3.3333333e+00
  9.9917571e-01   4.0594261e-02  -9.9917580e-01  -4.0592233e-02   3.3333333e+00
  9.9922268e-01   3.9421196e-02  -9.9922276e-01  -3.9419227e-02   3.3333333e+00
  9.9926524e-01   3.8327272e-02  -9.9926531e-01  -3.8325357e-02   3.3333333e+00
  9.9930415e-01   3.7298908e-02  -9.9930422e-01  -3.7297045e-02   3.3333333e+00
  9.9934000e-01   3.6325765e-02  -9.9934007e-01  -3.6323950e-02   3.3333333e+00
  9.9937323e-01   3.5399775e-02  -9.9937329e-01  -3.5398006e-02   3.3333333e+00
  9.9940420e-01   3.4514513e-02  -9.9940426e-01  -3.4512788e-02   3.3333333e+00
  9.9943318e-01   3.3664775e-02  -9.9943324e-01  -3.3663092e-02   3.3333333e+00
  9.9946042e-01   3.2846280e-02  -9.9946047e-01  -3.2844638e-02   3.3333333e+00
  9.9948609e-01   3.2055462e-02  -9.9948614e-01  -3.2053860e-02   3.3333333e+00
  9.9951037e-01   3.1289316e-02  -9.9951042e-01  -3.1287752e-02   3.3333333e+00
  9.9953338e-01   3.0545285e-02  -9.9953343e-01  -3.0543758e-02   3.3333333e+00
  9.9955525e-01   2.9821170e-02  -9.9955529e-01  -2.9819680e-02   3.3333333e+00
  9.9957607e-01   2.9115071e-02  -9.9957611e-01  -2.9113616e-02   3.3333333e+00
  9.9959592e-01   2.8425328e-02  -9.9959596e-01  -2.8423907e-02   3.3333333e+00
  9.9961488e-01   2.7750484e-02  -9.9961492e-01  -2.7749097e-02   3.3333333e+00
  9.9963302e-01   2.7089253e-02  -9.9963306e-01  -2.7087899e-02   3.3333333e+00
  9.9965039e-01   2.6440491e-02  -9.9965042e-01  -2.6439169e-02   3.3333333e+00
  9.9966704e-01   2.5803178e-02  -9.9966708e-01  -2.5801888e-02   3.3333333e+00
  9.9968302e-01   2.5176399e-02  -9.9968306e-01  -2.5175141e-02   3.3333333e+00
  9.9969837e-01   2.4559330e-02  -9.9969840e-01  -2.4558102e-02   3.3333333e+00
  9.9971313e-01   2.3951224e-02  -9.9971316e-01  -2.3950027e-02   3.3333333e+00
  9.9972732e-01   2.3351405e-02  -9.9972735e-01  -2.3350238e-02   3.3333333e+00
  9.9974097e-01   2.2759257e-02  -9.9974100e-01  -2.2758119e-02   3.3333333e+00
  9.9975412e-01   2.2174214e-02  -9.9975415e-01  -2.2173106e-02   3.3333333e+00
  9.9976678e-01   2.1595761e-02  -9.9976681e-01  -2.1594681e-02   3.3333333e+00
  9.9977898e-01   2.1023422e-02  -9.9977901e-01  -2.1022371e-02   3.3333333e+00
  9.9979074e-01   2.0456759e-02  -9.9979076e-01  -2.0455737e-02   3.3333333e+00
  9.9980207e-01   1.9895368e-02  -9.9980209e-01  -1.9894373e-02   3.3333333e+00
  9.9981299e-01   1.9338873e-02  -9.9981301e-01  -1.9337906e-02   3.3333333e+00
  9.9982351e-01   1.8786927e-02  -9.9982353e-01  -1.8785988e-02   3.3333333e+00
  9.9983365e-01   1.8239205e-02  -9.9983367e-01  -1.8238293e-02   3.3333333e+00
  9.9984342e-01   1.7695407e-02  -9.9984344e-01  -1.7694522e-02   3.3333333e+00
  9.9985284e-01   1.7155250e-02  -9.9985285e-01  -1.7154392e-02   3.3333333e+00
  9.9986190e-01   1.6618472e-02  -9.9986192e-01  -1.6617641e-02   3.3333333e+00
  9.9987063e-01   1.6084826e-02  -9.9987064e-01  -1.6084021e-02   3.3333333e+00
  9.9987903e-01   1.5554081e-02  -9.9987904e-01  -1.5553303e-02   3.3333333e+00
  9.9988710e-01   1.5026020e-02  -9.9988711e-01  -1.5025269e-02   3.3333333e+00
  9.9989486e-01   1.4500441e-02  -9.9989487e-01  -1.4499716e-02   3.3333333e+00
  9.9990231e-01   1.3977151e-02  -9.9990232e-01  -1.3976452e-02   3.3333333e+00
  9.9990946e-01   1.3455971e-02  -9.9990947e-01  -1.3455298e-02   3.3333333e+00
  9.9991632e-01   1.2936730e-02  -9.9991633e-01  -1.2936083e-02   3.3333333e+00
  9.9992288e-01   1.2419270e-02  -9.9992289e-01  -1.2418649e-02   3.3333333e+00
  9.9992915e-01   1.1903440e-02  -9.9992916e-01  -1.1902845e-02   3.3333333e+00
  9.9993514e-01   1.1389098e-02  -9.9993515e-01  -1.1388529e-02   3.3333333e+00
  9.9994085e-01   1.0876111e-02  -9.9994086e-01  -1.0875567e-02   3.3333333e+00
  9.9994629e-01   1.0364354e-02  -9.9994629e-01  -1.0363836e-02   3.3333333e+00
  9.9995145e-01   9.8537081e-03  -9.9995146e-01  -9.8532154e-03   3.3333333e+00
  9.9995634e-01   9.3440628e-03  -9.9995635e-01  -9.3435957e-03   3.3333333e+00
  9.9996097e-01   8.8353140e-03  -9.9996097e-01  -8.8348723e-03   3.3333333e+00
  9.9996533e-01   8.3273640e-03  -9.9996533e-01  -8.3269477e-03   3.3333333e+00
  9.9996942e-01   7.8201216e-03  -9.9996943e-01  -7.8197306e-03   3.3333333e+00
  9.9997326e-01   7.3135015e-03  -9.9997326e-01  -7.3131359e-03   3.3333333e+00
  9.9997683e-01   6.8074246e-03  -9.9997683e-01  -6.8070843e-03   3.3333333e+00
  9.9998014e-01   6.3018175e-03  -9.9998015e-01  -6.3015024e-03   3.3333333e+00
  9.9998320e-01   5.7966122e-03  -9.9998320e-01  -5.7963223e-03   3.3333333e+00
  9.9998600e-01   5.2917464e-03  -9.9998600e-01  -5.2914819e-03   3.3333333e+00
  9.9998854e-01   4.7871635e-03  -9.9998854e-01  -4.7869241e-03   3.3333333e+00
  9.9999083e-01   4.2828117e-03  -9.9999083e-01  -4.2825976e-03   3.3333333e+00
  9.9999286e-01   3.7786450e-03  -9.9999286e-01  -3.7784561e-03   3.3333333e+00
  9.9999464e-01   3.2746223e-03  -9.9999464e-01  -3.2744585e-03   3.3333333e+00
  9.9999616e-01   2.7707077e-03  -9.9999616e-01  -2.7705692e-03   3.3333333e+00
  9.9999743e-01   2.2668708e-03  -9.9999743e-01  -2.2667574e-03   3.3333333e+00
  9.9999845e-01   1.7630859e-03  -9.9999845e-01  -1.7629977e-03   3.3333333e+00
  9.9999921e-01   1.2593326e-03  -9.9999921e-01  -1.2592696e-03   3.3333333e+00
  9.9999971e-01   7.5559564e-04  -9.9999971e-01  -7.5555786e-04   3.3333333e+00
  9.9999997e-01   2.5186487e-04  -9.9999997e-01  -2.5185227e-04   3.3333333e+00
  9.9999997e-01  -2.5186487e-04  -9.9999997e-01   2.5185228e-04   3.3333333e+00
  9.9999971e-01  -7.5559565e-04  -9.9999971e-01   7.5555787e-04   3.3333333e+00
  9.9999921e-01  -1.2593326e-03  -9.9999921e-01   1.2592696e-03   3.3333333e+00
  9.9999845e-01  -1.7630859e-03  -9.9999845e-01   1.7629977e-03   3.3333333e+00
  9.9999743e-01  -2.2668708e-03  -9.9999743e-01   2.2667574e-03   3.3333333e+00
  9.9999616e-01  -2.7707078e-03  -9.9999616e-01   2.7705692e-03   3.3333333e+00
  9.9999464e-01  -3.2746223e-03  -9.9999464e-01   3.2744586e-03   3.3333333e+00
  9.9999286e-01  -3.7786450e-03  -9.9999286e-01   3.7784561e-03   3.3333333e+00
  9.9999083e-01  -4.2828117e-03  -9.9999083e-01   4.2825976e-03   3.3333333e+00
  9.9998854e-01  -4.7871635e-03  -9.9998854e-01   4.7869241e-03   3.3333333e+00
  9.9998600e-01  -5.2917465e-03  -9.9998600e-01   5.2914819e-03   3.3333333e+00
  9.9998320e-01  -5.7966122e-03  -9.9998320e-01   5.7963223e-03   3.3333333e+00
  9.9998014e-01  -6.3018175e-03  -9.9998015e-01   6.3015024e-03   3.3333333e+00
  9.9997683e-01  -6.8074246e-03  -9.9997683e-01   6.8070843e-03   3.3333333e+00
  9.9997326e-01  -7.3135015e-03  -9.9997326e-01   7.3131359e-03   3.3333333e+00
  9.9996942e-01  -7.8201216e-03  -9.9996943e-01   7.8197306e-03   3.3333333e+00
  9.9996533e-01  -8.3273640e-03  -9.9996533e-01   8.3269477e-03   3.3333333e+00
  9.9996097e-01  -8.8353140e-03  -9.9996097e-01   8.8348723e-03   3.3333333e+00
  9.9995634e-01  -9.3440629e-03  -9.9995635e-01   9.3435957e-03   3.3333333e+00
  9.9995145e-01  -9.8537081e-03  -9.9995146e-01   9.8532154e-03   3.3333333e+00
  9.9994629e-01  -1.0364354e-02  -9.9994629e-01   1.0363836e-02   3.3333333e+00
  9.9994085e-01  -1.0876111e-02  -9.9994086e-01   1.0875567e-02   3.3333333e+00
  9.9993514e-01  -1.1389098e-02  -9.9993515e-01   1.1388529e-02   3.3333333e+00
  9.9992915e-01  -1.1903440e-02  -9.9992916e-01   1.1902845e-02   3.3333333e+00
  9.9992288e-01  -1.2419270e-02  -9.9992289e-01   1.2418649e-02   3.3333333e+00
  9.9991632e-01  -1.2936730e-02  -9.9991633e-01   1.2936083e-02   3.3333333e+00
  9.9990946e-01  -1.3455971e-02  -9.9990947e-01   1.3455298e-02   3.3333333e+00
  9.9990231e-01  -1.3977151e-02  -9.9990232e-01   1.3976452e-02   3.3333333e+00
  9.9989486e-01  -1.4500441e-02  -9.9989487e-01   1.4499716e-02   3.3333333e+00
  9.9988710e-01  -1.5026020e-02  -9.9988711e-01   1.5025269e-02   3.3333333e+00
  9.9987903e-01  -1.5554081e-02  -9.9987904e-01   1.5553303e-02   3.3333333e+00
  9.9987063e-01  -1.6084826e-02  -9.9987064e-01   1.6084021e-02   3.3333333e+00
  9.9986190e-01  -1.6618472e-02  -9.9986192e-01   1.6617641e-02   3.3333333e+00
  9.9985284e-01  -1.7155250e-02  -9.9985285e-01   1.7154392e-02   3.3333333e+00
  9.9984342e-01  -1.7695407e-02  -9.9984344e-01   1.7694522e-02   3.3333333e+00
  9.9983365e-01  -1.8239205e-02  -9.9983367e-01   1.8238293e-02   3.3333333e+00
  9.9982351e-01  -1.8786927e-02  -9.9982353e-01   1.8785988e-02   3.3333333e+00
  9.9981299e-01  -1.9338873e-02  -9.9981301e-01   1.9337906e-02   3.3333333e+00
  9.9980207e-01  -1.9895368e-02  -9.9980209e-01   1.9894373e-02   3.3333333e+00
  9.9979074e-01  -2.0456759e-02  -9.9979076e-01   2.0455737e-02   3.3333333e+00
  9.9977898e-01  -2.1023422e-02  -9.9977901e-01   2.1022371e-02   3.3333333e+00
  9.9976678e-01  -2.1595761e-02  -9.9976681e-01   2.1594681e-02   3.3333333e+00
  9.9975412e-01  -2.2174214e-02  -9.9975415e-01   2.2173106e-02   3.3333333e+00
  9.9974097e-01  -2.2759257e-02  -9.9974100e-01   2.2758119e-02   3.3333333e+00
  9.9972732e-01  -2.3351405e-02  -9.9972735e-01   2.3350238e-02   3.3333333e+00
  9.9971313e-01  -2.3951224e-02  -9.9971316e-01   2.3950027e-02   3.3333333e+00
  9.9969837e-01  -2.4559330e-02  -9.9969840e-01   2.4558102e-02   3.3333333e+00
  9.9968302e-01  -2.5176399e-02  -9.9968306e-01   2.5175141e-02   3.3333333e+00
  9.9966704e-01  -2.5803178e-02  -9.9966708e-01   2.5801888e-02   3.3333333e+00
  9.9965039e-01  -2.6440491e-02  -9.9965042e-01   2.6439169e-02   3.3333333e+00
  9.9963302e-01  -2.7089253e-02  -9.9963306e-01   2.7087899e-02   3.3333333e+00
  9.9961488e-01  -2.7750484e-02  -9.9961492e-01   2.7749097e-02   3.3333333e+00
  9.9959592e-01  -2.8425328e-02  -9.9959596e-01   2.8423907e-02   3.3333333e+00
  9.9957607e-01  -2.9115071e-02  -9.9957611e-01   2.9113616e-02   3.3333333e+00
  9.9955525e-01  -2.9821170e-02  -9.9955529e-01   2.9819680e-02   3.3333333e+00
  9.9953338e-01  -3.0545285e-02  -9.9953343e-01   3.0543758e-02   3.3333333e+00
  9.9951037e-01  -3.1289316e-02  -9.9951042e-01   3.1287752e-02   3.3333333e+00
  9.9948609e-01  -3.2055462e-02  -9.9948614e-01   3.2053860e-02   3.3333333e+00
  9.9946042e-01  -3.2846280e-02  -9.9946047e-01   3.2844638e-02   3.3333333e+00
  9.9943318e-01  -3.3664775e-02  -9.9943324e-01   3.3663092e-02   3.3333333e+00
  9.9940420e-01  -3.4514513e-02  -9.9940426e-01   3.4512788e-02   3.3333333e+00
  9.9937323e-01  -3.5399775e-02  -9.9937329e-01   3.5398006e-02   3.3333333e+00
  9.9934000e-01  -3.6325765e-02  -9.9934007e-01   3.6323950e-02   3.3333333e+00
  9.9930415e-01  -3.7298908e-02  -9.9930422e-01   3.7297045e-02   3.3333333e+00
  9.9926524e-01  -3.8327272e-02  -9.9926531e-01   3.8325357e-02   3.3333333e+00
  9.9922268e-01  -3.9421196e-02  -9.9922276e-01   3.9419227e-02   3.3333333e+00
  9.9917571e-01  -4.0594261e-02  -9.9917580e-01   4.0592233e-02   3.3333333e+00
  9.9912328e-01  -4.1864840e-02  -9.9912337e-01   4.1862748e-02   3.3333333e+00
  9.9906390e-01  -4.3258723e-02  -9.9906400e-01   4.3256562e-02   3.3333333e+00
  9.9899535e-01  -4.4813874e-02  -9.9899545e-01   4.4811635e-02   3.3333333e+00
  9.9891411e-01  -4.6589800e-02  -9.9891421e-01   4.6587473e-02   3.3333333e+00
  9.9881402e-01  -4.8688387e-02  -9.9881414e-01   4.8685955e-02   3.3333333e+00
  9.9868283e-01  -5.1309006e-02  -9.9868296e-01   5.1306444e-02   3.3333333e+00
  9.9848948e-01  -5.4943249e-02  -9.9848963e-01   5.4940507e-02   3.3333333e+00
  9.9809507e-01  -6.1694704e-02  -9.9809526e-01   6.1691625e-02   3.3333333e+00
  9.9809507e-01   6.1694704e-02  -9.9809526e-01  -6.1691625e-02   3.3333333e+00
  9.9848948e-01   5.4943249e-02  -9.9848963e-01  -5.4940506e-02   3.3333333e+00
  9.9868283e-01   5.1309006e-02  -9.9868296e-01  -5.1306444e-02   3.3333333e+00
  9.9881402e-01   4.8688387e-02  -9.9881414e-01  -4.8685955e-02   3.3333333e+00
  9.9891411e-01   4.6589800e-02  -9.9891421e-01  -4.6587473e-02   3.3333333e+00
  9.9899535e-01   4.4813874e-02  -9.9899545e-01  -4.4811635e-02   3.3333333e+00
  9.9906390e-01   4.3258723e-02  -9.9906400e-01  -4.3256562e-02   3.3333333e+00
  9.9912328e-01   4.1864840e-02  -9.9912337e-01  -4.1862748e-02   3.3333333e+00
  9.9917571e-01   4.0594261e-02  -9.9917580e-01  -4.0592233e-02   3.3333333e+00
  9.9922268e-01   3.9421196e-02  -9.9922276e-01  -3.9419227e-02   3.3333333e+00
  9.9926524e-01   3.8327272e-02  -9.9926531e-01  -3.8325357e-02   3.3333333e+00
  9.9930415e-01   3.7298908e-02  -9.9930422e-01  -3.7297045e-02   3.3333333e+00
  9.9934000e-01   3.6325765e-02  -9.9934007e-01  -3.6323950e-02   3.3333333e+00
  9.9937323e-01   3.5399775e-02  -9.9937329e-01  -3.5398006e-02   3.3333333e+00
  9.9940420e-01   3.4514513e-02  -9.9940426e-01  -3.4512788e-02   3.3333333e+00
  9.9943318e-01   3.3664775e-02  -9.9943324e-01  -3.3663092e-02   3.3333333e+00
  9.9946042e-01   3.2846280e-02  -9.9946047e-01  -3.2844638e-02   3.3333333e+00
  9.9948609e-01   3.2055462e-02  -9.9948614e-01  -3.2053860e-02   3.3333333e+00
  9.9951037e-01   3.1289316e-02  -9.9951042e-01  -3.1287752e-02   3.3333333e+00
  9.9953338e-01   3.0545285e-02  -9.9953343e-01  -3.0543758e-02   3.3333333e+00
  9.9955525e-01   2.9821170e-02  -9.9955529e-01  -2.9819680e-02   3.3333333e+00
  9.9957607e-01   2.9115071e-02  -9.9957611e-01  -2.9113616e-02   3.3333333e+00
  9.9959592e-01   2.8425328e-02  -9.9959596e-01  -2.8423907e-02   3.3333333e+00
  9.9961488e-01   2.7750484e-02  -9.9961492e-01  -2.7749097e-02   3.3333333e+00
  9.9963302e-01   2.7089253e-02  -9.9963306e-01  -2.7087899e-02   3.3333333e+00
  9.9965039e-01   2.6440491e-02  -9.9965042e-01  -2.6439169e-02   3.3333333e+00
  9.9966704e-01   2.5803178e-02  -9.9966708e-01  -2.5801888e-02   3.3333333e+00
  9.9968302e-01   2.5176399e-02  -9.9968306e-01  -2.5175141e-02   3.3333333e+00
  9.9969837e-01   2.4559330e-02  -9.9969840e-01  -2.4558102e-02   3.3333333e+00
  9.9971313e-01   2.3951224e-02  -9.9971316e-01  -2.3950027e-02   3.3333333e+00
  9.9972732e-01   2.3351405e-02  -9.9972735e-01  -2.3350238e-02   3.3333333e+00
  9.9974097e-01   2.2759257e-02  -9.9974100e-01  -2.2758119e-02   3.3333333e+00
  9.9975412e-01   2.2174214e-02  -9.9975415e-01  -2.2173106e-02   3.3333333e+00
  9.9976678e-01   2.1595761e-02  -9.9976681e-01  -2.1594681e-02   3.3333333e+00
  9.9977898e-01   2.1023422e-02  -9.9977901e-01  -2.1022371e-02   3.3333333e+00
  9.9979074e-01   2.0456759e-02  -9.9979076e-01  -2.0455737e-02   3.3333333e+00
  9.9980207e-01   1.9895368e-02  -9.9980209e-01  -1.9894373e-02   3.3333333e+00
  9.9981299e-01   1.9338873e-02  -9.9981301e-01  -1.9337906e-02   3.3333333e+00
  9.9982351e-01   1.8786927e-02  -9.9982353e-01  -1.8785988e-02   3.3333333e+00
  9.9983365e-01   1.8239205e-02  -9.9983367e-01  -1.8238293e-02   3.3333333e+00
  9.9984342e-01   1.7695407e-02  -9.9984344e-01  -1.7694522e-02   3.3333333e+00
  9.9985284e-01   1.7155250e-02  -9.9985285e-01  -1.7154392e-02   3.3333333e+00
  9.9986190e-01   1.6618472e-02  -9.9986192e-01  -1.6617641e-02   3.3333333e+00
  9.9987063e-01   1.6084826e-02  -9.9987064e-01  -1.6084021e-02   3.3333333e+00
  9.9987903e-01   1.5554081e-02  -9.9987904e-01  -1.5553303e-02   3.3333333e+00
  9.9988710e-01   1.5026020e-02  -9.9988711e-01  -1.5025269e-02   3.3333333e+00
  9.9989486e-01   1.4500441e-02  -9.9989487e-01  -1.4499716e-02   3.3333333e+00
  9.9990231e-01   1.3977151e-02  -9.9990232e-01  -1.3976452e-02   3.3333333e+00
  9.9990946e-01   1.3455971e-02  -9.9990947e-01  -1.3455298e-02   3.3333333e+00
  9.9991632e-01   1.2936730e-02  -9.9991633e-01  -1.2936083e-02   3.3333333e+00
  9.9992288e-01   1.2419270e-02  -9.9992289e-01  -1.2418649e-02   3.3333333e+00
  9.9992915e-01   1.1903440e-02  -9.9992916e-01  -1.1902845e-02   3.3333333e+00
  9.9993514e-01   1.1389098e-02  -9.9993515e-01  -1.1388529e-02   3.3333333e+00
  9.9994085e-01   1.0876111e-02  -9.9994086e-01  -1.0875567e-02   3.3333333e+00
  9.9994629e-01   1.0364354e-02  -9.9994629e-01  -1.0363836e-02   3.3333333e+00
  9.9995145e-01   9.8537081e-03  -9.9995146e-01  -9.8532154e-03   3.3333333e+00
  9.9995634e-01   9.3440628e-03  -9.9995635e-01  -9.3435957e-03   3.3333333e+00
  9.9996097e-01   8.8353140e-03  -9.9996097e-01  -8.8348723e-03   3.3333333e+00
  9.9996533e-01   8.3273640e-03  -9.9996533e-01  -8.3269477e-03   3.3333333e+00
  9.9996942e-01   7.8201216e-03  -9.9996943e-01  -7.8197306e-03   3.3333333e+00
  9.9997326e-01   7.3135015e-03  -9.9997326e-01  -7.3131359e-03   3.3333333e+00
  9.9997683e-01   6.8074246e-03  -9.9997683e-01  -6.8070843e-03   3.3333333e+00
  9.9998014e-01   6.3018175e-03  -9.9998015e-01  -6.3015024e-03   3.3333333e+00
  9.9998320e-01   5.7966122e-03  -9.9998320e-01  -5.7963223e-03   3.3333333e+00
  9.9998600e-01   5.2917464e-03  -9.9998600e-01  -5.2914819e-03   3.3333333e+00
  9.9998854e-01   4.7871635e-03  -9.9998854e-01  -4.7869241e-03   3.3333333e+00
  9.9999083e-01   4.2828117e-03  -9.9999083e-01  -4.2825976e-03   3.3333333e+00
  9.9999286e-01   3.7786450e-03  -9.9999286e-01  -3.7784561e-03   3.3333333e+00
  9.9999464e-01   3.2746223e-03  -9.9999464e-01  -3.2744585e-03   3.3333333e+00
  9.9999616e-01   2.7707077e-03  -9.9999616e-01  -2.7705692e-03   3.3333333e+00
  9.9999743e-01   2.2668708e-03  -9.9999743e-01  -2.2667574e-03   3.3333333e+00
  9.9999845e-01   1.7630859e-03  -9.9999845e-01  -1.7629977e-03   3.3333333e+00
  9.9999921e-01   1.2593326e-03  -9.9999921e-01  -1.2592696e-03   3.3333333e+00
  9.9999971e-01   7.5559564e-04  -9.9999971e-01  -7.5555786e-04   3.3333333e+00
  9.9999997e-01   2.5186487e-04  -9.9999997e-01  -2.5185227e-04   3.3333333e+00
  9.9999997e-01  -2.5186487e-04  -9.9999997e-01   2.5185228e-04   3.3333333e+00
  9.9999971e-01  -7.5559565e-04  -9.9999971e-01   7.5555787e-04   3.3333333e+00
  9.9999921e-01  -1.2593326e-03  -9.9999921e-01   1.2592696e-03   3.3333333e+00
  9.9999845e-01  -1.7630859e-03  -9.9999845e-01   1.7629977e-03   3.3333333e+00
  9.9999743e-01  -2.2668708e-03  -9.9999743e-01   2.2667574e-03   3.3333333e+00
  9.9999616e-01  -2.7707078e-03  -9.9999616e-01   2.7705692e-03   3.3333333e+00
  9.9999464e-01  -3.2746223e-03  -9.9999464e-01   3.2744586e-03   3.3333333e+00
  9.9999286e-01  -3.7786450e-03  -9.9999286e-01   3.7784561e-03   3.3333333e+00
  9.9999083e-01  -4.2828117e-03  -9.9999083e-01   4.2825976e-03   3.3333333e+00
  9.9998854e-01  -4.7871635e-03  -9.9998854e-01   4.7869241e-03   3.3333333e+00
  9.9998600e-01  -5.2917465e-03  -9.9998600e-01   5.2914819e-03   3.3333333e+00
  9.9998320e-01  -5.7966122e-03  -9.9998320e-01   5.7963223e-03   3.3333333e+00
  9.9998014e-01  -6.3018175e-03  -9.9998015e-01   6.3015024e-03   3.3333333e+00
  9.9997683e-01  -6.8074246e-03  -9.9997683e-01   6.8070843e-03   3.3333333e+00
  9.9997326e-01  -7.3135015e-03  -9.9997326e-01   7.3131359e-03   3.3333333e+00
  9.9996942e-01  -7.8201216e-03  -9.9996943e-01   7.8197306e-03   3.3333333e+00
  9.9996533e-01  -8.3273640e-03  -9.9996533e-01   8.3269477e-03   3.3333333e+00
  9.9996097e-01  -8.8353140e-03  -9.9996097e-01   8.8348723e-03   3.3333333e+00
  9.9995634e-01  -9.3440629e-03  -9.9995635e-01   9.3435957e-03   3.3333333e+00
  9.9995145e-01  -9.8537081e-03  -9.9995146e-01   9.8532154e-03   3.3333333e+00
  9.9994629e-01  -1.0364354e-02  -9.9994629e-01   1.0363836e-02   3.3333333e+00
  9.9994085e-01  -1.0876111e-02  -9.9994086e-01   1.0875567e-02   3.3333333e+00
  9.9993514e-01  -1.1389098e-02  -9.9993515e-01   1.1388529e-02   3.3333333e+00
  9.9992915e-01  -1.1903440e-02  -9.9992916e-01   1.1902845e-02   3.3333333e+00
  9.9992288e-01  -1.2419270e-02  -9.9992289e-01   1.2418649e-02   3.3333333e+00
  9.9991632e-01  -1.2936730e-02  -9.9991633e-01   1.2936083e-02   3.3333333e+00
  9.9990946e-01  -1.3455971e-02  -9.9990947e-01   1.3455298e-02   3.3333333e+00
  9.9990231e-01  -1.3977151e-02  -9.9990232e-01   1.3976452e-02   3.3333333e+00
  9.9989486e-01  -1.4500441e-02  -9.9989487e-01   1.4499716e-02   3.3333333e+00
  9.9988710e-01  -1.5026020e-02  -9.9988711e-01   1.5025269e-02   3.3333333e+00
  9.9987903e-01  -1.5554081e-02  -9.9987904e-01   1.5553303e-02   3.3333333e+00
  9.9987063e-01  -1.6084826e-02  -9.9987064e-01   1.6084021e-02   3.3333333e+00
  9.9986190e-01  -1.6618472e-02  -9.9986192e-01   1.6617641e-02   3.3333333e+00
  9.9985284e-01  -1.7155250e-02  -9.9985285e-01   1.7154392e-02   3.3333333e+00
  9.9984342e-01  -1.7695407e-02  -9.9984344e-01   1.7694522e-02   3.3333333e+00
  9.9983365e-01  -1.8239205e-02  -9.9983367e-01   1.8238293e-02   3.3333333e+00
  9.9982351e-01  -1.8786927e-02  -9.9982353e-01   1.8785988e-02   3.3333333e+00
  9.9981299e-01  -1.9338873e-02  -9.9981301e-01   1.9337906e-02   3.3333333e+00
  9.9980207e-01  -1.9895368e-02  -9.9980209e-01   1.9894373e-02   3.3333333e+00
  9.9979074e-01  -2.0456759e-02  -9.9979076e-01   2.0455737e-02   3.3333333e+00
  9.9977898e-01  -2.1023422e-02  -9.9977901e-01   2.1022371e-02   3.3333333e+00
  9.9976678e-01  -2.1595761e-02  -9.9976681e-01   2.1594681e-02   3.3333333e+00
  9.9975412e-01  -2.2174214e-02  -9.9975415e-01   2.2173106e-02   3.3333333e+00
  9.9974097e-01  -2.2759257e-02  -9.9974100e-01   2.2758119e-02   3.3333333e+00
  9.9972732e-01  -2.3351405e-02  -9.9972735e-01   2.3350238e-02   3.3333333e+00
  9.9971313e-01  -2.3951224e-02  -9.9971316e-01   2.3950027e-02   3.3333333e+00
  9.9969837e-01  -2.4559330e-02  -9.9969840e-01   2.4558102e-02   3.3333333e+00
  9.9968302e-01  -2.5176399e-02  -9.9968306e-01   2.5175141e-02   3.3333333e+00
  9.9966704e-01  -2.5803178e-02  -9.9966708e-01   2.5801888e-02   3.3333333e+00
  9.9965039e-01  -2.6440491e-02  -9.9965042e-01   2.6439169e-02   3.3333333e+00
  9.9963302e-01  -2.7089253e-02  -9.9963306e-01   2.7087899e-02   3.3333333e+00
  9.9961488e-01  -2.7750484e-02  -9.9961492e-01   2.7749097e-02   3.3333333e+00
  9.9959592e-01  -2.8425328e-02  -9.9959596e-01   2.8423907e-02   3.3333333e+00
  9.9957607e-01  -2.9115071e-02  -9.9957611e-01   2.9113616e-02   3.3333333e+00
  9.9955525e-01  -2.9821170e-02  -9.9955529e-01   2.9819680e-02   3.3333333e+00
  9.9953338e-01  -3.0545285e-02  -9.9953343e-01   3.0543758e-02   3.3333333e+00
  9.9951037e-01  -3.1289316e-02  -9.9951042e-01   3.1287752e-02   3.3333333e+00
  9.9948609e-01  -3.2055462e-02  -9.9948614e-01   3.2053860e-02   3.3333333e+00
  9.9946042e-01  -3.2846280e-02  -9.9946047e-01   3.2844638e-02   3.3333333e+00
  9.9943318e-01  -3.3664775e-02  -9.9943324e-01   3.3663092e-02   3.3333333e+00
  9.9940420e-01  -3.4514513e-02  -9.9940426e-01   3.4512788e-02   3.3333333e+00
  9.9937323e-01  -3.5399775e-02  -9.9937329e-01   3.5398006e-02   3.3333333e+00
  9.9934000e-01  -3.6325765e-02  -9.9934007e-01   3.6323950e-02   3.3333333e+00
  9.9930415e-01  -3.7298908e-02  -9.9930422e-01   3.7297045e-02   3.3333333e+00
  9.9926524e-01  -3.8327272e-02  -9.9926531e-01   3.8325357e-02   3.3333333e+00
  9.9922268e-01  -3.9421196e-02  -9.9922276e-01   3.9419227e-02   3.3333333e+00
  9.9917571e-01  -4.0594261e-02  -9.9917580e-01   4.0592233e-02   3.3333333e+00
  9.9912328e-01  -4.1864840e-02  -9.9912337e-01   4.1862748e-02   3.3333333e+00
  9.9906390e-01  -4.3258723e-02  -9.9906400e-01   4.3256562e-02   3.3333333e+00
  9.9899535e-01  -4.4813874e-02  -9.9899545e-01   4.4811635e-02   3.3333333e+00
  9.9891411e-01  -4.6589800e-02  -9.9891421e-01   4.6587473e-02   3.3333333e+00
  9.9881402e-01  -4.8688387e-02  -9.9881414e-01   4.8685955e-02   3.3333333e+00
  9.9868283e-01  -5.1309006e-02  -9.9868296e-01   5.1306444e-02   3.3333333e+00
  9.9848948e-01  -5.4943249e-02  -9.9848963e-01   5.4940507e-02   3.3333333e+00
  9.9809507e-01  -6.1694704e-02  -9.9809526e-01   6.1691625e-02   3.3333333e+00
  9.9809507e-01   6.1694704e-02  -9.9809526e-01  -6.1691625e-02   3.3333333e+00
  9.9848948e-01   5.4943249e-02  -9.9848963e-01  -5.4940506e-02   3.3333333e+00
  9.9868283e-01   5.1309006e-02  -9.9868296e-01  -5.1306444e-02   3.3333333e+00
  9.9881402e-01   4.8688387e-02  -9.9881414e-01  -4.8685955e-02   3.3333333e+00
  9.9891411e-01   4.6589800e-02  -9.9891421e-01  -4.6587473e-02   3.3333333e+00
  9.9899535e-01   4.4813874e-02  -9.9899545e-01  -4.4811635e-02   3.3333333e+00
  9.9906390e-01   4.3258723e-02  -9.9906400e-01  -4.3256562e-02   3.3333333e+00
  9.9912328e-01   4.1864840e-02  -9.9912337e-01  -4.1862748e-02   3.3333333e+00
  9.9917571e-01   4.0594261e-02  -9.9917580e-01  -4.0592233e-02   3.3333333e+00
  9.9922268e-01   3.9421196e-02  -9.9922276e-01  -3.9419227e-02   3.3333333e+00
  9.9926524e-01   3.8327272e-02  -9.9926531e-01  -3.8325357e-02   3.3333333e+00
  9.9930415e-01   3.7298908e-02  -9.9930422e-01  -3.7297045e-02   3.3333333e+00
  9.9934000e-01   3.6325765e-02  -9.9934007e-01  -3.6323950e-02   3.3333333e+00
  9.9937323e-01   3.5399775e-02  -9.9937329e-01  -3.5398006e-02   3.3333333e+00
  9.9940420e-01   3.4514513e-02  -9.9940426e-01  -3.4512788e-02   3.3333333e+00
  9.9943318e-01   3.3664775e-02  -9.9943324e-01  -3.3663092e-02   3.3333333e+00
  9.9946042e-01   3.2846280e-02  -9.9946047e-01  -3.2844638e-02   3.3333333e+00
  9.9948609e-01   3.2055462e-02  -9.9948614e-01  -3.2053860e-02   3.3333333e+00
  9.9951037e-01   3.1289316e-02  -9.9951042e-01  -3.1287752e-02   3.3333333e+00
  9.9953338e-01   3.0545285e-02  -9.9953343e-01  -3.0543758e-02   3.3333333e+00
  9.9955525e-01   2.9821170e-02  -9.9955529e-01  -2.9819680e-02   3.3333333e+00
  9.9957607e-01   2.9115071e-02  -9.9957611e-01  -2.9113616e-02   3.3333333e+00
  9.9959592e-01   2.8425328e-02  -9.9959596e-01  -2.8423907e-02   3.3333333e+00
  9.9961488e-01   2.7750484e-02  -9.9961492e-01  -2.7749097e-02   3.3333333e+00
  9.9963302e-01   2.7089253e-02  -9.9963306e-01  -2.7087899e-02   3.3333333e+00
  9.9965039e-01   2.6440491e-02  -9.9965042e-01  -2.6439169e-02   3.3333333e+00
  9.9966704e-01   2.5803178e-02  -9.9966708e-01  -2.5801888e-02   3.3333333e+00
  9.9968302e-01   2.5176399e-02  -9.9968306e-01  -2.5175141e-02   3.3333333e+00
  9.9969837e-01   2.4559330e-02  -9.9969840e-01  -2.4558102e-02   3.3333333e+00
  9.9971313e-01   2.3951224e-02  -9.9971316e-01  -2.3950027e-02   3.3333333e+00
  9.9972732e-01   2.3351405e-02  -9.9972735e-01  -2.3350238e-02   3.3333333e+00
  9.9974097e-01   2.2759257e-02  -9.9974100e-01  -2.2758119e-02   3.3333333e+00
  9.9975412e-01   2.2174214e-02  -9.9975415e-01  -2.2173106e-02   3.3333333e+00
  9.9976678e-01   2.1595761e-02  -9.9976681e-01  -2.1594681e-02   3.3333333e+00
  9.9977898e-01   2.1023422e-02  -9.9977901e-01  -2.1022371e-02   3.3333333e+00
  9.9979074e-01   2.0456759e-02  -9.9979076e-01  -2.0455737e-02   3.3333333e+00
  9.9980207e-01   1.9895368e-02  -9.9980209e-01  -1.9894373e-02   3.3333333e+00
  9.9981299e-01   1.9338873e-02  -9.9981301e-01  -1.9337906e-02   3.3333333e+00
  9.9982351e-01   1.8786927e-02  -9.9982353e-01  -1.8785988e-02   3.3333333e+00
  9.9983365e-01   1.8239205e-02  -9.9983367e-01  -1.8238293e-02   3.3333333e+00
  9.9984342e-01   1.7695407e-02  -9.9984344e-01  -1.7694522e-02   3.3333333e+00
  9.9985284e-01   1.7155250e-02  -9.9985285e-01  -1.7154392e-02   3.3333333e+00
  9.9986190e-01   1.6618472e-02  -9.9986192e-01  -1.6617641e-02   3.3333333e+00
  9.9987063e-01   1.6084826e-02  -9.9987064e-01  -1.6084021e-02   3.3333333e+00
  9.9987903e-01   1.5554081e-02  -9.9987904e-01  -1.5553303e-02   3.3333333e+00
  9.9988710e-01   1.5026020e-02  -9.9988711e-01  -1.5025269e-02   3.3333333e+00
  9.9989486e-01   1.4500441e-02  -9.9989487e-01  -1.4499716e-02   3.3333333e+00
  9.9990231e-01   1.3977151e-02  -9.9990232e-01  -1.3976452e-02   3.3333333e+00
  9.9990946e-01   1.3455971e-02  -9.9990947e-01  -1.3455298e-02   3.3333333e+00
  9.9991632e-01   1.2936730e-02  -9.9991633e-01  -1.2936083e-02   3.3333333e+00
  9.9992288e-01   1.2419270e-02  -9.9992289e-01  -1.2418649e-02   3.3333333e+00
  9.9992915e-01   1.1903440e-02  -9.9992916e-01  -1.1902845e-02   3.3333333e+00
  9.9993514e-01   1.1389098e-02  -9.9993515e-01  -1.1388529e-02   3.3333333e+00
  9.9994085e-01   1.0876111e-02  -9.9994086e-01  -1.0875567e-02   3.3333333e+00
  9.9994629e-01   1.0364354e-02  -9.9994629e-01  -1.0363836e-02   3.3333333e+00
  9.9995145e-01   9.8537081e-03  -9.9995146e-01  -9.8532154e-03   3.3333333e+00
  9.9995634e-01   9.3440628e-03  -9.9995635e-01  -9.3435957e-03   3.3333333e+00
  9.9996097e-01   8.8353140e-03  -9.9996097e-01  -8.8348723e-03   3.3333333e+00
  9.9996533e-01   8.3273640e-03  -9.9996533e-01  -8.3269477e-03   3.3333333e+00
  9.9996942e-01   7.8201216e-03  -9.9996943e-01  -7.8197306e-03   3.3333333e+00
  9.9997326e-01   7.3135015e-03  -9.9997326e-01  -7.3131359e-03   3.3333333e+00
  9.9997683e-01   6.8074246e-03  -9.9997683e-01  -6.8070843e-03   3.3333333e+00
  9.9998014e-01   6.3018175e-03  -9.9998015e-01  -6.3015024e-03   3.3333333e+00
  9.9998320e-01   5.7966122e-03  -9.9998320e-01  -5.7963223e-03   3.3333333e+00
  9.9998600e-01   5.2917464e-03  -9.9998600e-01  -5.2914819e-03   3.3333333e+00
  9.9998854e-01   4.7871635e-03  -9.9998854e-01  -4.7869241e-03   3.3333333e+00
  9.9999083e-01   4.2828117e-03  -9.9999083e-01  -4.2825976e-03   3.3333333e+00
  9.9999286e-01   3.7786450e-03  -9.9999286e-01  -3.7784561e-03   3.3333333e+00
  9.9999464e-01   3.2746223e-03  -9.9999464e-01  -3.2744585e-03   3.3333333e+00
  9.9999616e-01   2.7707077e-03  -9.9999616e-01  -2.7705692e-03   3.3333333e+00
  9.9999743e-01   2.2668708e-03  -9.9999743e-01  -2.2667574e-03   3.3333333e+00
  9.9999845e-01   1.7630859e-03  -9.9999845e-01  -1.7629977e-03   3.3333333e+00
  9.9999921e-01   1.2593326e-03  -9.9999921e-01  -1.2592696e-03   3.3333333e+00
  9.9999971e-01   7.5559564e-04  -9.9999971e-01  -7.5555786e-04   3.3333333e+00
  9.9999997e-01   2.5186487e-04  -9.9999997e-01  -2.5185227e-04   3.3333333e+00
  9.9999997e-01  -2.5186487e-04  -9.9999997e-01   2.5185228e-04   3.3333333e+00
  9.9999971e-01  -7.5559565e-04  -9.9999971e-01   7.5555787e-04   3.3333333e+00
  9.9999921e-01  -1.2593326e-03  -9.9999921e-01   1.2592696e-03   3.3333333e+00
  9.9999845e-01  -1.7630859e-03  -9.9999845e-01   1.7629977e-03   3.3333333e+00
  9.9999743e-01  -2.2668708e-03  -9.9999743e-01   2.2667574e-03   3.3333333e+00
  9.9999616e-01  -2.7707078e-03  -9.9999616e-01   2.7705692e-03   3.3333333e+00
  9.9999464e-01  -3.2746223e-03  -9.9999464e-01   3.2744586e-03   3.3333333e+00
  9.9999286e-01  -3.7786450e-03  -9.9999286e-01   3.7784561e-03   3.3333333e+00
  9.9999083e-01  -4.2828117e-03  -9.9999083e-01   4.2825976e-03   3.3333333e+00
  9.9998854e-01  -4.7871635e-03  -9.9998854e-01   4.7869241e-03   3.3333333e+00
  9.9998600e-01  -5.2917465e-03  -9.9998600e-01   5.2914819e-03   3.3333333e+00
  9.9998320e-01  -5.7966122e-03  -9.9998320e-01   5.7963223e-03   3.3333333e+00
  9.9998014e-01  -6.3018175e-03  -9.9998015e-01   6.3015024e-03   3.3333333e+00
  9.9997683e-01  -6.8074246e-03  -9.9997683e-01   6.8070843e-03   3.3333333e+00
  9.9997326e-01  -7.3135015e-03  -9.9997326e-01   7.3131359e-03   3.3333333e+00
  9.9996942e-01  -7.8201216e-03  -9.9996943e-01   7.8197306e-03   3.3333333e+00
  9.9996533e-01  -8.3273640e-03  -9.9996533e-01   8.3269477e-03   3.3333333e+00
  9.9996097e-01  -8.8353140e-03  -9.9996097e-01   8.8348723e-03   3.3333333e+00
  9.9995634e-01  -9.3440629e-03  -9.9995635e-01   9.3435957e-03   3.3333333e+00
  9.9995145e-01  -9.8537081e-03  -9.9995146e-01   9.8532154e-03   3.3333333e+00
  9.9994629e-01  -1.0364354e-02  -9.9994629e-01   1.0363836e-02   3.3333333e+00
  9.9994085e-01  -1.0876111e-02  -9.9994086e-01   1.0875567e-02   3.3333333e+00
  9.9993514e-01  -1.1389098e-02  -9.9993515e-01   1.1388529e-02   3.3333333e+00
  9.9992915e-01  -1.1903440e-02  -9.9992916e-01   1.1902845e-02   3.3333333e+00
  9.9992288e-01  -1.2419270e-02  -9.9992289e-01   1.2418649e-02   3.3333333e+00
  9.9991632e-01  -1.2936730e-02  -9.9991633e-01   1.2936083e-02   3.3333333e+00
  9.9990946e-01  -1.3455971e-02  -9.9990947e-01   1.3455298e-02   3.3333333e+00
  9.9990231e-01  -1.3977151e-02  -9.9990232e-01   1.3976452e-02   3.3333333e+00
  9.9989486e-01  -1.4500441e-02  -9.9989487e-01   1.4499716e-02   3.3333333e+00
  9.9988710e-01  -1.5026020e-02  -9.9988711e-01   1.5025269e-02   3.3333333e+00
  9.9987903e-01  -1.5554081e-02  -9.9987904e-01   1.5553303e-02   3.3333333e+00
  9.9987063e-01  -1.6084826e-02  -9.9987064e-01   1.6084021e-02   3.3333333e+00
  9.9986190e-01  -1.6618472e-02  -9.9986192e-01   1.6617641e-02   3.3333333e+00
  9.9985284e-01  -1.7155250e-02  -9.9985285e-01   1.7154392e-02   3.3333333e+00
  9.9984342e-01  -1.7695407e-02  -9.9984344e-01   1.7694522e-02   3.3333333e+00
  9.9983365e-01  -1.8239205e-02  -9.9983367e-01   1.8238293e-02   3.3333333e+00
  9.9982351e-01  -1.8786927e-02  -9.9982353e-01   1.8785988e-02   3.3333333e+00
  9.9981299e-01  -1.9338873e-02  -9.9981301e-01   1.9337906e-02   3.3333333e+00
  9.9980207e-01  -1.9895368e-02  -9.9980209e-01   1.9894373e-02   3.3333333e+00
  9.9979074e-01  -2.0456759e-02  -9.9979076e-01   2.0455737e-02   3.3333333e+00
  9.9977898e-01  -2.1023422e-02  -9.9977901e-01   2.1022371e-02   3.3333333e+00
  9.9976678e-01  -2.1595761e-02  -9.9976681e-01   2.1594681e-02   3.3333333e+00
  9.9975412e-01  -2.2174214e-02  -9.9975415e-01   2.2173106e-02   3.3333333e+00
  9.9974097e-01  -2.2759257e-02  -9.9974100e-01   2.2758119e-02   3.3333333e+00
  9.9972732e-01  -2.3351405e-02  -9.9972735e-01   2.3350238e-02   3.3333333e+00
  9.9971313e-01  -2.3951224e-02  -9.9971316e-01   2.3950027e-02   3.3333333e+00
  9.9969837e-01  -2.4559330e-02  -9.9969840e-01   2.4558102e-02   3.3333333e+00
  9.9968302e-01  -2.5176399e-02  -9.9968306e-01   2.5175141e-02   3.3333333e+00
  9.9966704e-01  -2.5803178e-02  -9.9966708e-01   2.5801888e-02   3.3333333e+00
  9.9965039e-01  -2.6440491e-02  -9.9965042e-01   2.6439169e-02   3.3333333e+00
  9.9963302e-01  -2.7089253e-02  -9.9963306e-01   2.7087899e-02   3.3333333e+00
  9.9961488e-01  -2.7750484e-02  -9.9961492e-01   2.7749097e-02   3.3333333e+00
  9.9959592e-01  -2.8425328e-02  -9.9959596e-01   2.8423907e-02   3.3333333e+00
  9.9957607e-01  -2.9115071e-02  -9.9957611e-01   2.9113616e-02   3.3333333e+00
  9.9955525e-01  -2.9821170e-02  -9.9955529e-01   2.9819680e-02   3.3333333e+00
  9.9953338e-01  -3.0545285e-02  -9.9953343e-01   3.0543758e-02   3.3333333e+00
  9.9951037e-01  -3.1289316e-02  -9.9951042e-01   3.1287752e-02   3.3333333e+00
  9.9948609e-01  -3.2055462e-02  -9.9948614e-01   3.2053860e-02   3.3333333e+00
  9.9946042e-01  -3.2846280e-02  -9.9946047e-01   3.2844638e-02   3.3333333e+00
  9.9943318e-01  -3.3664775e-02  -9.9943324e-01   3.3663092e-02   3.3333333e+00
  9.9940420e-01  -3.4514513e-02  -9.9940426e-01   3.4512788e-02   3.3333333e+00
  9.9937323e-01  -3.5399775e-02  -9.9937329e-01   3.5398006e-02   3.3333333e+00
  9.9934000e-01  -3.6325765e-02  -9.9934007e-01   3.6323950e-02   3.3333333e+00
  9.9930415e-01  -3.7298908e-02  -9.9930422e-01   3.7297045e-02   3.3333333e+00
  9.9926524e-01  -3.8327272e-02  -9.9926531e-01   3.8325357e-02   3.3333333e+00
  9.9922268e-01  -3.9421196e-02  -9.9922276e-01   3.9419227e-02   3.3333333e+00
  9.9917571e-01  -4.0594261e-02  -9.9917580e-01   4.0592233e-02   3.3333333e+00
  9.9912328e-01  -4.1864840e-02  -9.9912337e-01   4.1862748e-02   3.3333333e+00
  9.9906390e-01  -4.3258723e-02  -9.9906400e-01   4.3256562e-02   3.3333333e+00
  9.9899535e-01  -4.4813874e-02  -9.9899545e-01   4.4811635e-02   3.3333333e+00
  9.9891411e-01  -4.6589800e-02  -9.9891421e-01   4.6587473e-02   3.3333333e+00
  9.9881402e-01  -4.8688387e-02  -9.9881414e-01   4.8685955e-02   3.3333333e+00
  9.9868283e-01  -5.1309006e-02  -9.9868296e-01   5.1306444e-02   3.3333333e+00
  9.9848948e-01  -5.4943249e-02  -9.9848963e-01   5.4940507e-02   3.3333333e+00
  9.9809507e-01  -6.1694704e-02  -9.9809526e-01   6.1691625e-02   3.3333333e+00
  9.9809507e-01   6.1694704e-02  -9.9809526e-01  -6.1691625e-02   3.3333333e+00
  9.9848948e-01   5.4943249e-02  -9.9848963e-01  -5.4940506e-02   3.3333333e+00
  9.9868283e-01   5.1309006e-02  -9.9868296e-01  -5.1306444e-02   3.3333333e+00
  9.9881402e-01   4.8688387e-02  -9.9881414e-01  -4.8685955e-02   3.3333333e+00
  9.9891411e-01   4.6589800e-02  -9.9891421e-01  -4.6587473e-02   3.3333333e+00
  9.9899535e-01   4.4813874e-02  -9.9899545e-01  -4.4811635e-02   3.3333333e+00
  9.9906390e-01   4.3258723e-02  -9.9906400e-01  -4.3256562e-02   3.3333333e+00
  9.9912328e-01   4.1864840e-02  -9.9912337e-01  -4.1862748e-02   3.3333333e+00
  9.9917571e-01   4.0594261e-02  -9.9917580e-01  -4.0592233e-02   3.3333333e+00
  9.9922268e-01   3.9421196e-02  -9.9922276e-01  -3.9419227e-02   3.3333333e+00
  9.9926524e-01   3.8327272e-02  -9.9926531e-01  -3.8325357e-02   3.3333333e+00
  9.9930415e-01   3.7298908e-02  -9.9930422e-01  -3.7297045e-02   3.3333333e+00
  9.9934000e-01   3.6325765e-02  -9.9934007e-01  -3.6323950e-02   3.3333333e+00
  9.9937323e-01   3.5399775e-02  -9.9937329e-01  -3.5398006e-02   3.3333333e+00
  9.9940420e-01   3.4514513e-02  -9.9940426e-01  -3.4512788e-02   3.3333333e+00
  9.9943318e-01   3.3664775e-02  -9.9943324e-01  -3.3663092e-02   3.3333333e+00
  9.9946042e-01   3.2846280e-02  -9.9946047e-01  -3.2844638e-02   3.3333333e+00
  9.9948609e-01   3.2055462e-02  -9.9948614e-01  -3.2053860e-02   3.3333333e+00
  9.9951037e-01   3.1289316e-02  -9.9951042e-01  -3.1287752e-02   3.3333333e+00
  9.9953338e-01   3.0545285e-02  -9.9953343e-01  -3.0543758e-02   3.3333333e+00
  9.9955525e-01   2.9821170e-02  -9.9955529e-01  -2.9819680e-02   3.3333333e+00
  9.9957607e-01   2.9115071e-02  -9.9957611e-01  -2.9113616e-02   3.3333333e+00
  9.9959592e-01   2.8425328e-02  -9.9959596e-01  -2.8423907e-02   3.3333333e+00
  9.9961488e-01   2.7750484e-02  -9.9961492e-01  -2.7749097e-02   3.3333333e+00
  9.9963302e-01   2.7089253e-02  -9.9963306e-01  -2.7087899e-02   3.3333333e+00
  9.9965039e-01   2.6440491e-02  -9.9965042e-01  -2.6439169e-02   3.3333333e+00
  9.9966704e-01   2.5803178e-02  -9.9966708e-01  -2.5801888e-02   3.3333333e+00
  9.9968302e-01   2.5176399e-02  -9.9968306e-01  -2.5175141e-02   3.3333333e+00
  9.9969837e-01   2.4559330e-02  -9.9969840e-01  -2.4558102e-02   3.3333333e+00
  9.9971313e-01   2.3951224e-02  -9.9971316e-01  -2.3950027e-02   3.3333333e+00
  9.9972732e-01   2.3351405e-02  -9.9972735e-01  -2.3350238e-02   3.3333333e+00
  9.9974097e-01   2.2759257e-02  -9.9974100e-01  -2.2758119e-02   3.3333333e+00
  9.9975412e-01   2.2174214e-02  -9.9975415e-01  -2.2173106e-02   3.3333333e+00
  9.9976678e-01   2.1595761e-02  -9.9976681e-01  -2.1594681e-02   3.3333333e+00
  9.9977898e-01   2.1023422e-02  -9.9977901e-01  -2.1022371e-02   3.3333333e+00
  9.9979074e-01   2.0456759e-02  -9.9979076e-01  -2.0455737e-02   3.3333333e+00
  9.9980207e-01   1.9895368e-02  -9.9980209e-01  -1.9894373e-02   3.3333333e+00
  9.9981299e-01   1.9338873e-02  -9.9981301e-01  -1.9337906e-02   3.3333333e+00
  9.9982351e-01   1.8786927e-02  -9.9982353e-01  -1.8785988e-02   3.3333333e+00
  9.9983365e-01   1.8239205e-02  -9.9983367e-01  -1.8238293e-02   3.3333333e+00
  9.9984342e-01   1.7695407e-02  -9.9984344e-01  -1.7694522e-02   3.3333333e+00
  9.9985284e-01   1.7155250e-02  -9.9985285e-01  -1.7154392e-02   3.3333333e+00
  9.9986190e-01   1.6618472e-02  -9.9986192e-01  -1.6617641e-02   3.3333333e+00
  9.9987063e-01   1.6084826e-02  -9.9987064e-01  -1.6084021e-02   3.3333333e+00
  9.9987903e-01   1.5554081e-02  -9.9987904e-01  -1.5553303e-02   3.3333333e+00
  9.9988710e-01   1.5026020e-02  -9.9988711e-01  -1.5025269e-02   3.3333333e+00
  9.9989486e-01   1.4500441e-02  -9.9989487e-01  -1.4499716e-02   3.3333333e+00
  9.9990231e-01   1.3977151e-02  -9.9990232e-01  -1.3976452e-02   3.3333333e+00
  9.9990946e-01   1.3455971e-02  -9.9990947e-01  -1.3455298e-02   3.3333333e+00
  9.9991632e-01   1.2936730e-02  -9.9991633e-01  -1.2936083e-02   3.3333333e+00
  9.9992288e-01   1.2419270e-02  -9.9992289e-01  -1.2418649e-02   3.3333333e+00
  9.9992915e-01   1.1903440e-02  -9.9992916e-01  -1.1902845e-02   3.3333333e+00
  9.9993514e-01   1.1389098e-02  -9.9993515e-01  -1.1388529e-02   3.3333333e+00
  9.9994085e-01   1.0876111e-02  -9.9994086e-01  -1.0875567e-02   3.3333333e+00
  9.9994629e-01   1.0364354e-02  -9.9994629e-01  -1.0363836e-02   3.3333333e+00
  9.9995145e-01   9.8537081e-03  -9.9995146e-01  -9.8532154e-03   3.3333333e+00
  9.9995634e-01   9.3440628e-03  -9.9995635e-01  -9.3435957e-03   3.3333333e+00
  9.9996097e-01   8.8353140e-03  -9.9996097e-01  -8.8348723e-03   3.3333333e+00
  9.9996533e-01   8.3273640e-03  -9.9996533e-01  -8.3269477e-03   3.3333333e+00
  9.9996942e-01   7.8201216e-03  -9.9996943e-01  -7.8197306e-03   3.3333333e+00
  9.9997326e-01   7.3135015e-03  -9.9997326e-01  -7.3131359e-03   3.3333333e+00
  9.9997683e-01   6.8074246e-03  -9.9997683e-01  -6.8070843e-03   3.3333333e+00
  9.9998014e-01   6.3018175e-03  -9.9998015e-01  -6.3015024e-03   3.3333333e+00
  9.9998320e-01   5.7966122e-03  -9.9998320e-01  -5.7963223e-03   3.3333333e+00
  9.9998600e-01   5.2917464e-03  -9.9998600e-01  -5.2914819e-03   3.3333333e+00
  9.9998854e-01   4.7871635e-03  -9.9998854e-01  -4.7869241e-03   3.3333333e+00
  9.9999083e-01   4.2828117e-03  -9.9999083e-01  -4.2825976e-03   3.3333333e+00
  9.9999286e-01   3.7786450e-03  -9.9999286e-01  -3.7784561e-03   3.3333333e+00
  9.9999464e-01   3.2746223e-03  -9.9999464e-01  -3.2744585e-03   3.3333333e+00
  9.9999616e-01   2.7707077e-03  -9.9999616e-01  -2.7705692e-03   3.3333333e+00
  9.9999743e-01   2.2668708e-03  -9.9999743e-01  -2.2667574e-03   3.3333333e+00
  9.9999845e-01   1.7630859e-03  -9.9999845e-01  -1.7629977e-03   3.3333333e+00
  9.9999921e-01   1.2593326e-03  -9.9999921e-01  -1.2592696e-03   3.3333333e+00
  9.9999971e-01   7.5559564e-04  -9.9999971e-01  -7.5555786e-04   3.3333333e+00
  9.9999997e-01   2.5186487e-04  -9.9999997e-01  -2.5185227e-04   3.3333333e+00
  9.9999997e-01  -2.5186487e-04  -9.9999997e-01   2.5185228e-04   3.3333333e+00
  9.9999971e-01  -7.5559565e-04  -9.9999971e-01   7.5555787e-04   3.3333333e+00
  9.9999921e-01  -1.2593326e-03  -9.9999921e-01   1.2592696e-03   3.3333333e+00
  9.9999845e-01  -1.7630859e-03  -9.9999845e-01   1.7629977e-03   3.3333333e+00
  9.9999743e-01  -2.2668708e-03  -9.9999743e-01   2.2667574e-03   3.3333333e+00
  9.9999616e-01  -2.7707078e-03  -9.9999616e-01   2.7705692e-03   3.3333333e+00
  9.9999464e-01  -3.2746223e-03  -9.9999464e-01   3.2744586e-03   3.3333333e+00
  9.9999286e-01  -3.7786450e-03  -9.9999286e-01   3.7784561e-03   3.3333333e+00
  9.9999083e-01  -4.2828117e-03  -9.9999083e-01   4.2825976e-03   3.3333333e+00
  9.9998854e-01  -4.7871635e-03  -9.9998854e-01   4.7869241e-03   3.3333333e+00
  9.9998600e-01  -5.2917465e-03  -9.9998600e-01   5.2914819e-03   3.3333333e+00
  9.9998320e-01  -5.7966122e-03  -9.9998320e-01   5.7963223e-03   3.3333333e+00
  9.9998014e-01  -6.3018175e-03  -9.9998015e-01   6.3015024e-03   3.3333333e+00
  9.9997683e-01  -6.8074246e-03  -9.9997683e-01   6.8070843e-03   3.3333333e+00
  9.9997326e-01  -7.3135015e-03  -9.9997326e-01   7.3131359e-03   3.3333333e+00
  9.9996942e-01  -7.8201216e-03  -9.9996943e-01   7.8197306e-03   3.3333333e+00
  9.9996533e-01  -8.3273640e-03  -9.9996533e-01   8.3269477e-03   3.3333333e+00
  9.9996097e-01  -8.8353140e-03  -9.9996097e-01   8.8348723e-03   3.3333333e+00
  9.9995634e-01  -9.3440629e-03  -9.9995635e-01   9.3435957e-03   3.3333333e+00
  9.9995145e-01  -9.8537081e-03  -9.9995146e-01   9.8532154e-03   3.3333333e+00
  9.9994629e-01  -1.0364354e-02  -9.9994629e-01   1.0363836e-02   3.3333333e+00
  9.9994085e-01  -1.0876111e-02  -9.9994086e-01   1.0875567e-02   3.3333333e+00
  9.9993514e-01  -1.1389098e-02  -9.9993515e-01   1.1388529e-02   3.3333333e+00
  9.9992915e-01  -1.1903440e-02  -9.9992916e-01   1.1902845e-02   3.3333333e+00
  9.9992288e-01  -1.2419270e-02  -9.9992289e-01   1.2418649e-02   3.3333333e+00
  9.9991632e-01  -1.2936730e-02  -9.9991633e-01   1.2936083e-02   3.3333333e+00
  9.9990946e-01  -1.3455971e-02  -9.9990947e-01   1.3455298e-02   3.3333333e+00
  9.9990231e-01  -1.3977151e-02  -9.9990232e-01   1.3976452e-02   3.3333333e+00
  9.9989486e-01  -1.4500441e-02  -9.9989487e-01   1.4499716e-02   3.3333333e+00
  9.9988710e-01  -1.5026020e-02  -9.9988711e-01   1.5025269e-02   3.3333333e+00
  9.9987903e-01  -1.5554081e-02  -9.9987904e-01   1.5553303e-02   3.3333333e+00
  9.9987063e-01  -1.6084826e-02  -9.9987064e-01   1.6084021e-02   3.3333333e+00
  9.9986190e-01  -1.6618472e-02  -9.9986192e-01   1.6617641e-02   3.3333333e+00
  9.9985284e-01  -1.7155250e-02  -9.9985285e-01   1.7154392e-02   3.3333333e+00
  9.9984342e-01  -1.7695407e-02  -9.9984344e-01   1.7694522e-02   3.3333333e+00
  9.9983365e-01  -1.8239205e-02  -9.9983367e-01   1.8238293e-02   3.3333333e+00
  9.9982351e-01  -1.8786927e-02  -9.9982353e-01   1.8785988e-02   3.3333333e+00
  9.9981299e-01  -1.9338873e-02  -9.9981301e-01   1.9337906e-02   3.3333333e+00
  9.9980207e-01  -1.9895368e-02  -9.9980209e-01   1.9894373e-02   3.3333333e+00
  9.9979074e-01  -2.0456759e-02  -9.9979076e-01   2.0455737e-02   3.3333333e+00
  9.9977898e-01  -2.1023422e-02  -9.9977901e-01   2.1022371e-02   3.3333333e+00
  9.9976678e-01  -2.1595761e-02  -9.9976681e-01   2.1594681e-02   3.3333333e+00
  9.9975412e-01  -2.2174214e-02  -9.9975415e-01   2.2173106e-02   3.3333333e+00
  9.9974097e-01  -2.2759257e-02  -9.9974100e-01   2.2758119e-02   3.3333333e+00
  9.9972732e-01  -2.3351405e-02  -9.9972735e-01   2.3350238e-02   3.3333333e+00
  9.9971313e-01  -2.3951224e-02  -9.9971316e-01   2.3950027e-02   3.3333333e+00
  9.9969837e-01  -2.4559330e-02  -9.9969840e-01   2.4558102e-02   3.3333333e+00
  9.9968302e-01  -2.5176399e-02  -9.9968306e-01   2.5175141e-02   3.3333333e+00
  9.9966704e-01  -2.5803178e-02  -9.9966708e-01   2.5801888e-02   3.3333333e+00
  9.9965039e-01  -2.6440491e-02  -9.9965042e-01   2.6439169e-02   3.3333333e+00
  9.9963302e-01  -2.7089253e-02  -9.9963306e-01   2.7087899e-02   3.3333333e+00
  9.9961488e-01  -2.7750484e-02  -9.9961492e-01   2.7749097e-02   3.3333333e+00
  9.9959592e-01  -2.8425328e-02  -9.9959596e-01   2.8423907e-02   3.3333333e+00
  9.9957607e-01  -2.9115071e-02  -9.9957611e-01   2.9113616e-02   3.3333333e+00
  9.9955525e-01  -2.9821170e-02  -9.9955529e-01   2.9819680e-02   3.3333333e+00
  9.9953338e-01  -3.0545285e-02  -9.9953343e-01   3.0543758e-02   3.3333333e+00
  9.9951037e-01  -3.1289316e-02  -9.9951042e-01   3.1287752e-02   3.3333333e+00
  9.9948609e-01  -3.2055462e-02  -9.9948614e-01   3.2053860e-02   3.3333333e+00
  9.9946042e-01  -3.2846280e-02  -9.9946047e-01   3.2844638e-02   3.3333333e+00
  9.9943318e-01  -3.3664775e-02  -9.9943324e-01   3.3663092e-02   3.3333333e+00
  9.9940420e-01  -3.4514513e-02  -9.9940426e-01   3.4512788e-02   3.3333333e+00
  9.9937323e-01  -3.5399775e-02  -9.9937329e-01   3.5398006e-02   3.3333333e+00
  9.9934000e-01  -3.6325765e-02  -9.9934007e-01   3.6323950e-02   3.3333333e+00
  9.9930415e-01  -3.7298908e-02  -9.9930422e-01   3.7297045e-02   3.3333333e+00
  9.9926524e-01  -3.8327272e-02  -9.9926531e-01   3.8325357e-02   3.3333333e+00
  9.9922268e-01  -3.9421196e-02  -9.9922276e-01   3.9419227e-02   3.3333333e+00
  9.9917571e-01  -4.0594261e-02  -9.9917580e-01   4.0592233e-02   3.3333333e+00
  9.9912328e-01  -4.1864840e-02  -9.9912337e-01   4.1862748e-02   3.3333333e+00
  9.9906390e-01  -4.3258723e-02  -9.9906400e-01   4.3256562e-02   3.3333333e+00
  9.9899535e-01  -4.4813874e-02  -9.9899545e-01   4.4811635e-02   3.3333333e+00
  9.9891411e-01  -4.6589800e-02  -9.9891421e-01   4.6587473e-02   3.3333333e+00
  9.9881402e-01  -4.8688387e-02  -9.9881414e-01   4.8685955e-02   3.3333333e+00
  9.9868283e-01  -5.1309006e-02  -9.9868296e-01   5.1306444e-02   3.3333333e+00
  9.9848948e-01  -5.4943249e-02  -9.9848963e-01   5.4940507e-02   3.3333333e+00
  9.9809507e-01  -6.1694704e-02  -9.9809526e-01   6.1691625e-02   3.3333333e+00
  9.9002555e-01  -1.4088797e-01  -9.9002511e-01   1.4089103e-01   3.3333333e+00
  9.8905121e-01  -1.4757272e-01  -9.8905080e-01   1.4757544e-01   3.3333333e+00
  9.8850826e-01  -1.5116687e-01  -9.8850787e-01   1.5116941e-01   3.3333333e+00
  9.8810873e-01  -1.5375673e-01  -9.8810836e-01   1.5375914e-01   3.3333333e+00
  9.8778396e-01  -1.5582955e-01  -9.8778360e-01   1.5583186e-01   3.3333333e+00
  9.8750576e-01  -1.5758289e-01  -9.8750541e-01   1.5758511e-01   3.3333333e+00
  9.8725962e-01  -1.5911767e-01  -9.8725928e-01   1.5911981e-01   3.3333333e+00
  9.8703701e-01  -1.6049283e-01  -9.8703667e-01   1.6049490e-01   3.3333333e+00
  9.8683243e-01  -1.6174594e-01  -9.8683210e-01   1.6174795e-01   3.3333333e+00
  9.8664216e-01  -1.6290256e-01  -9.8664184e-01   1.6290451e-01   3.3333333e+00
  9.8646352e-01  -1.6398086e-01  -9.8646321e-01   1.6398275e-01   3.3333333e+00
  9.8629452e-01  -1.6499428e-01  -9.8629421e-01   1.6499613e-01   3.3333333e+00
  9.8613365e-01  -1.6595307e-01  -9.8613335e-01   1.6595486e-01   3.3333333e+00
  9.8597972e-01  -1.6686519e-01  -9.8597942e-01   1.6686694e-01   3.3333333e+00
  9.8583178e-01  -1.6773702e-01  -9.8583149e-01   1.6773873e-01   3.3333333e+00
  9.8568905e-01  -1.6857370e-01  -9.8568877e-01   1.6857536e-01   3.3333333e+00
  9.8555091e-01  -1.6937945e-01  -9.8555063e-01   1.6938108e-01   3.3333333e+00
  9.8541682e-01  -1.7015782e-01  -9.8541655e-01   1.7015941e-01   3.3333333e+00
  9.8528634e-01  -1.7091177e-01  -9.8528607e-01   1.7091332e-01   3.3333333e+00
  9.8515907e-01  -1.7164384e-01  -9.8515881e-01   1.7164535e-01   3.3333333e+00
  9.8503469e-01  -1.7235618e-01  -9.8503443e-01   1.7235766e-01   3.3333333e+00
  9.8491292e-01  -1.7305070e-01  -9.8491266e-01   1.7305214e-01   3.3333333e+00
  9.8479349e-01  -1.7372902e-01  -9.8479325e-01   1.7373043e-01   3.3333333e+00
  9.8467620e-01  -1.7439259e-01  -9.8467596e-01   1.7439396e-01   3.3333333e+00
  9.8456085e-01  -1.7504268e-01  -9.8456061e-01   1.7504402e-01   3.3333333e+00
  9.8444725e-01  -1.7568042e-01  -9.8444702e-01   1.7568172e-01   3.3333333e+00
  9.8433526e-01  -1.7630681e-01  -9.8433503e-01   1.7630809e-01   3.3333333e+00
  9.8422474e-01  -1.7692277e-01  -9.8422451e-01   1.7692402e-01   3.3333333e+00
  9.8411555e-01  -1.7752911e-01  -9.8411533e-01   1.7753032e-01   3.3333333e+00
  9.8400759e-01  -1.7812656e-01  -9.8400737e-01   1.7812774e-01   3.3333333e+00
  9.8390074e-01  -1.7871579e-01  -9.8390053e-01   1.7871695e-01   3.3333333e+00
  9.8379492e-01  -1.7929742e-01  -9.8379471e-01   1.7929854e-01   3.3333333e+00
  9.8369002e-01  -1.7987200e-01  -9.8368982e-01   1.7987309e-01   3.3333333e+00
  9.8358599e-01  -1.8044004e-01  -9.8358579e-01   1.8044110e-01   3.3333333e+00
  9.8348273e-01  -1.8100201e-01  -9.8348254e-01   1.8100305e-01   3.3333333e+00
  9.8338018e-01  -1.8155834e-01  -9.8337999e-01   1.8155935e-01   3.3333333e+00
  9.8327827e-01  -1.8210944e-01  -9.8327809e-01   1.8211042e-01   3.3333333e+00
  9.8317695e-01  -1.8265567e-01  -9.8317677e-01   1.8265663e-01   3.3333333e+00
  9.8307615e-01  -1.8319738e-01  -9.8307598e-01   1.8319831e-01   3.3333333e+00
  9.8297583e-01  -1.8373489e-01  -9.8297566e-01   1.8373580e-01   3.3333333e+00
  9.8287594e-01  -1.8426850e-01  -9.8287578e-01   1.8426938e-01   3.3333333e+00
  9.8277644e-01  -1.8479848e-01  -9.8277628e-01   1.8479933e-01   3.3333333e+00
  9.8267727e-01  -1.8532510e-01  -9.8267711e-01   1.8532592e-01   3.3333333e+00
  9.8257839e-01  -1.8584859e-01  -9.8257824e-01   1.8584939e-01   3.3333333e+00
  9.8247978e-01  -1.8636919e-01  -9.8247964e-01   1.8636996e-01   3.3333333e+00
  9.8238140e-01  -1.8688711e-01  -9.8238125e-01   1.8688786e-01   3.3333333e+00
  9.8228320e-01  -1.8740256e-01  -9.8228306e-01   1.8740328e-01   3.3333333e+00
  9.8218516e-01  -1.8791571e-01  -9.8218503e-01   1.8791641e-01   3.3333333e+00
  9.8208724e-01  -1.8842676e-01  -9.8208712e-01   1.8842743e-01   3.3333333e+00
  9.8198943e-01  -1.8893586e-01  -9.8198931e-01   1.8893651e-01   3.3333333e+00
  9.8189168e-01  -1.8944318e-01  -9.8189157e-01   1.8944380e-01   3.3333333e+00
  9.8179398e-01  -1.8994887e-01  -9.8179387e-01   1.8994946e-01   3.3333333e+00
  9.8169630e-01  -1.9045306e-01  -9.8169619e-01   1.9045362e-01   3.3333333e+00
  9.8159862e-01  -1.9095588e-01  -9.8159851e-01   1.9095642e-01   3.3333333e+00
  9.8150091e-01  -1.9145747e-01  -9.8150081e-01   1.9145799e-01   3.3333333e+00
  9.8140315e-01  -1.9195794e-01  -9.8140306e-01   1.9195843e-01   3.3333333e+00
  9.8130533e-01  -1.9245740e-01  -9.8130524e-01   1.9245786e-01   3.3333333e+00
  9.8120742e-01  -1.9295594e-01  -9.8120733e-01   1.9295639e-01   3.3333333e+00
  9.8110941e-01  -1.9345368e-01  -9.8110933e-01   1.9345410e-01   3.3333333e+00
  9.8101128e-01  -1.9395070e-01  -9.8101120e-01   1.9395109e-01   3.3333333e+00
  9.8091301e-01  -1.9444709e-01  -9.8091294e-01   1.9444746e-01   3.3333333e+00
  9.8081459e-01  -1.9494292e-01  -9.8081452e-01   1.9494326e-01   3.3333333e+00
  9.8071601e-01  -1.9543827e-01  -9.8071594e-01   1.9543858e-01   3.3333333e+00
  9.8061724e-01  -1.9593320e-01  -9.8061719e-01   1.9593349e-01   3.3333333e+00
  9.8051829e-01  -1.9642778e-01  -9.8051824e-01   1.9642805e-01   3.3333333e+00
  9.8041914e-01  -1.9692207e-01  -9.8041909e-01   1.9692232e-01   3.3333333e+00
  9.8031978e-01  -1.9741612e-01  -9.8031974e-01   1.9741634e-01   3.3333333e+00
  9.8022020e-01  -1.9790997e-01  -9.8022016e-01   1.9791017e-01   3.3333333e+00
  9.8012039e-01  -1.9840367e-01  -9.8012036e-01   1.9840384e-01   3.3333333e+00
  9.8002035e-01  -1.9889725e-01  -9.8002032e-01   1.9889740e-01   3.3333333e+00
  9.7992006e-01  -1.9939075e-01  -9.7992004e-01   1.9939087e-01   3.3333333e+00
  9.7981953e-01  -1.9988418e-01  -9.7981951e-01   1.9988428e-01   3.3333333e+00
  9.7971875e-01  -2.0037759e-01  -9.7971873e-01   2.0037766e-01   3.3333333e+00
  9.7961771e-01  -2.0087097e-01  -9.7961770e-01   2.0087101e-01   3.3333333e+00
  9.7951641e-01  -2.0136434e-01  -9.7951641e-01   2.0136436e-01   3.3333333e+00
  9.7941486e-01  -2.0185771e-01  -9.7941486e-01   2.0185770e-01   3.3333333e+00
  9.7931305e-01  -2.0235108e-01  -9.7931305e-01   2.0235105e-01   3.3333333e+00
  9.7921097e-01  -2.0284445e-01  -9.7921098e-01   2.0284440e-01   3.3333333e+00
  9.7910864e-01  -2.0333783e-01  -9.7910865e-01   2.0333776e-01   3.3333333e+00
  9.7900604e-01  -2.0383124e-01  -9.7900606e-01   2.0383114e-01   3.3333333e+00
  9.7890317e-01  -2.0432470e-01  -9.7890320e-01   2.0432457e-01   3.3333333e+00
  9.7880003e-01  -2.0481822e-01  -9.7880006e-01   2.0481807e-01   3.3333333e+00
  9.7869661e-01  -2.0531184e-01  -9.7869664e-01   2.0531166e-01   3.3333333e+00
  9.7859290e-01  -2.0580559e-01  -9.7859294e-01   2.0580538e-01   3.3333333e+00
  9.7848889e-01  -2.0629950e-01  -9.7848894e-01   2.0629927e-01   3.3333333e+00
  9.7838459e-01  -2.0679363e-01  -9.7838464e-01   2.0679338e-01   3.3333333e+00
  9.7827996e-01  -2.0728801e-01  -9.7828002e-01   2.0728774e-01   3.3333333e+00
  9.7817501e-01  -2.0778271e-01  -9.7817507e-01   2.0778241e-01   3.3333333e+00
  9.7806971e-01  -2.0827779e-01  -9.7806978e-01   2.0827746e-01   3.3333333e+00
  9.7796406e-01  -2.0877330e-01  -9.7796414e-01   2.0877295e-01   3.3333333e+00
  9.7785804e-01  -2.0926932e-01  -9.7785812e-01   2.0926895e-01   3.3333333e+00
  9.7775163e-01  -2.0976593e-01  -9.7775172e-01   2.0976553e-01   3.3333333e+00
  9.7764482e-01  -2.1026320e-01  -9.7764491e-01   2.1026278e-01   3.3333333e+00
  9.7753757e-01  -2.1076123e-01  -9.7753767e-01   2.1076078e-01   3.3333333e+00
  9.7742988e-01  -2.1126011e-01  -9.7742998e-01   2.1125964e-01   3.3333333e+00
  9.7732171e-01  -2.1175994e-01  -9.7732182e-01   2.1175944e-01   3.3333333e+00
  9.7721305e-01  -2.1226082e-01  -9.7721316e-01   2.1226030e-01   3.3333333e+00
  9.7710386e-01  -2.1276287e-01  -9.7710398e-01   2.1276233e-01   3.3333333e+00
  9.7699412e-01  -2.1326622e-01  -9.7699425e-01   2.1326565e-01   3.3333333e+00
  9.7688380e-01  -2.1377099e-01  -9.7688393e-01   2.1377039e-01   3.3333333e+00
  9.7677287e-01  -2.1427731e-01  -9.7677300e-01   2.1427669e-01   3.3333333e+00
  9.7666128e-01  -2.1478534e-01  -9.7666142e-01   2.1478469e-01   3.3333333e+00
  9.7654901e-01  -2.1529523e-01  -9.7654916e-01   2.1529455e-01   3.3333333e+00
  9.7643601e-01  -2.1580714e-01  -9.7643616e-01   2.1580644e-01   3.3333333e+00
  9.7632224e-01  -2.1632124e-01  -9.7632240e-01   2.1632052e-01   3.3333333e+00
  9.7620766e-01  -2.1683773e-01  -9.7620783e-01   2.1683698e-01   3.3333333e+00
  9.7609222e-01  -2.1735680e-01  -9.7609239e-01   2.1735602e-01   3.3333333e+00
  9.7597587e-01  -2.1787866e-01  -9.7597605e-01   2.1787785e-01   3.3333333e+00
  9.7585854e-01  -2.1840353e-01  -9.7585873e-01   2.1840270e-01   3.3333333e+00
  9.7574020e-01  -2.1893165e-01  -9.7574039e-01   2.1893080e-01   3.3333333e+00
  9.7562076e-01  -2.1946329e-01  -9.7562096e-01   2.1946241e-01   3.3333333e+00
  9.7550016e-01  -2.1999870e-01  -9.7550037e-01   2.1999779e-01   3.3333333e+00
  9.7537834e-01  -2.2053819e-01  -9.7537855e-01   2.2053726e-01   3.3333333e+00
  9.7525521e-01  -2.2108207e-01  -9.7525543e-01   2.2108111e-01   3.3333333e+00
  9.7513068e-01  -2.2163067e-01  -9.7513091e-01   2.2162968e-01   3.3333333e+00
  9.7500467e-01  -2.2218437e-01  -9.7500490e-01   2.2218335e-01   3.3333333e+00
  9.7487708e-01  -2.2274354e-01  -9.7487732e-01   2.2274250e-01   3.3333333e+00
  9.7474779e-01  -2.2330863e-01  -9.7474804e-01   2.2330755e-01   3.3333333e+00
  9.7461670e-01  -2.2388008e-01  -9.7461695e-01   2.2387898e-01   3.3333333e+00
  9.7448367e-01  -2.2445841e-01  -9.7448393e-01   2.2445727e-01   3.3333333e+00
  9.7434857e-01  -2.2504415e-01  -9.7434884e-01   2.2504299e-01   3.3333333e+00
  9.7421124e-01  -2.2563791e-01  -9.7421151e-01   2.2563672e-01   3.3333333e+00
  9.7407151e-01  -2.2624034e-01  -9.7407179e-01   2.2623912e-01   3.3333333e+00
  9.7392920e-01  -2.2685217e-01  -9.7392949e-01   2.2685092e-01   3.3333333e+00
  9.7378411e-01  -2.2747420e-01  -9.7378441e-01   2.2747292e-01   3.3333333e+00
  9.7363600e-01  -2.2810731e-01  -9.7363630e-01   2.2810600e-01   3.3333333e+00
  9.7348461e-01  -2.2875250e-01  -9.7348493e-01   2.2875115e-01   3.3333333e+00
  9.7332967e-01  -2.2941087e-01  -9.7333000e-01   2.2940949e-01   3.3333333e+00
  9.7317085e-01  -2.3008367e-01  -9.7317118e-01   2.3008226e-01   3.3333333e+00
  9.7300778e-01  -2.3077233e-01  -9.7300812e-01   2.3077088e-01   3.3333333e+00
  9.7284004e-01  -2.3147843e-01  -9.7284039e-01   2.3147695e-01   3.3333333e+00
  9.7266715e-01  -2.3220384e-01  -9.7266751e-01   2.3220232e-01   3.3333333e+00
  9.7248855e-01  -2.3295068e-01  -9.7248892e-01   2.3294913e-01   3.3333333e+00
  9.7230360e-01  -2.3372143e-01  -9.7230398e-01   2.3371984e-01   3.3333333e+00
  9.7211153e-01  -2.3451901e-01  -9.7211193e-01   2.3451737e-01   3.3333333e+00
  9.7191144e-01  -2.3534687e-01  -9.7191185e-01   2.3534520e-01   3.3333333e+00
  9.7170223e-01  -2.3620916e-01  -9.7170265e-01   2.3620745e-01   3.3333333e+00
  9.7148258e-01  -2.3711094e-01  -9.7148301e-01   2.3710918e-01   3.3333333e+00
  9.7125084e-01  -2.3805843e-01  -9.7125128e-01   2.3805662e-01   3.3333333e+00
  9.7100494e-01  -2.3905944e-01  -9.7100539e-01   2.3905758e-01   3.3333333e+00
  9.7074222e-01  -2.4012400e-01  -9.7074269e-01   2.4012210e-01   3.3333333e+00
  9.7045920e-01  -2.4126528e-01  -9.7045969e-01   2.4126332e-01   3.3333333e+00
  9.7015114e-01  -2.4250107e-01  -9.7015164e-01   2.4249905e-01   3.3333333e+00
  9.6981136e-01  -2.4385637e-01  -9.6981189e-01   2.4385427e-01   3.3333333e+00
  9.6943003e-01  -2.4536793e-01  -9.6943058e-01   2.4536577e-01   3.3333333e+00
  9.6899166e-01  -2.4709341e-01  -9.6899224e-01   2.4709116e-01   3.3333333e+00
  9.6846968e-01  -2.4913145e-01  -9.6847028e-01   2.4912910e-01   3.3333333e+00
  9.6781179e-01  -2.5167506e-01  -9.6781244e-01   2.5167258e-01   3.3333333e+00
  9.6688831e-01  -2.5519993e-01  -9.6688901e-01   2.5519727e-01   3.3333333e+00
  9.6513831e-01  -2.6174040e-01  -9.6513912e-01   2.6173742e-01   3.3333333e+00
  9.9002555e-01  -1.4088797e-01  -9.9002511e-01   1.4089103e-01   3.3333333e+00
  9.8905121e-01  -1.4757272e-01  -9.8905080e-01   1.4757544e-01   3.3333333e+00
  9.8850826e-01  -1.5116687e-01  -9.8850787e-01   1.5116941e-01   3.3333333e+00
  9.8810873e-01  -1.5375673e-01  -9.8810836e-01   1.5375914e-01   3.3333333e+00
  9.8778396e-01  -1.5582955e-01  -9.8778360e-01   1.5583186e-01   3.3333333e+00
  9.8750576e-01  -1.5758289e-01  -9.8750541e-01   1.5758511e-01   3.3333333e+00
  9.8725962e-01  -1.5911767e-01  -9.8725928e-01   1.5911981e-01   3.3333333e+00
  9.8703701e-01  -1.6049283e-01  -9.8703667e-01   1.6049490e-01   3.3333333e+00
  9.8683243e-01  -1.6174594e-01  -9.8683210e-01   1.6174795e-01   3.3333333e+00
  9.8664216e-01  -1.6290256e-01  -9.8664184e-01   1.6290451e-01   3.3333333e+00
  9.8646352e-01  -1.6398086e-01  -9.8646321e-01   1.6398275e-01   3.3333333e+00
  9.8629452e-01  -1.6499428e-01  -9.8629421e-01   1.6499613e-01   3.3333333e+00
  9.8613365e-01  -1.6595307e-01  -9.8613335e-01   1.6595486e-01   3.3333333e+00
  9.8597972e-01  -1.6686519e-01  -9.8597942e-01   1.6686694e-01   3.3333333e+00
  9.8583178e-01  -1.6773702e-01  -9.8583149e-01   1.6773873e-01   3.3333333e+00
  9.8568905e-01  -1.6857370e-01  -9.8568877e-01   1.6857536e-01   3.3333333e+00
  9.8555091e-01  -1.6937945e-01  -9.8555063e-01   1.6938108e-01   3.3333333e+00
  9.8541682e-01  -1.7015782e-01  -9.8541655e-01   1.7015941e-01   3.3333333e+00
  9.8528634e-01  -1.7091177e-01  -9.8528607e-01   1.7091332e-01   3.3333333e+00
  9.8515907e-01  -1.7164384e-01  -9.8515881e-01   1.7164535e-01   3.3333333e+00
  9.8503469e-01  -1.7235618e-01  -9.8503443e-01   1.7235766e-01   3.3333333e+00
  9.8491292e-01  -1.7305070e-01  -9.8491266e-01   1.7305214e-01   3.3333333e+00
  9.8479349e-01  -1.7372902e-01  -9.8479325e-01   1.7373043e-01   3.3333333e+00
  9.8467620e-01  -1.7439259e-01  -9.8467596e-01   1.7439396e-01   3.3333333e+00
  9.8456085e-01  -1.7504268e-01  -9.8456061e-01   1.7504402e-01   3.3333333e+00
  9.8444725e-01  -1.7568042e-01  -9.8444702e-01   1.7568172e-01   3.3333333e+00
  9.8433526e-01  -1.7630681e-01  -9.8433503e-01   1.7630809e-01   3.3333333e+00
  9.8422474e-01  -1.7692277e-01  -9.8422451e-01   1.7692402e-01   3.3333333e+00
  9.8411555e-01  -1.7752911e-01  -9.8411533e-01   1.7753032e-01   3.3333333e+00
  9.8400759e-01  -1.7812656e-01  -9.8400737e-01   1.7812774e-01   3.3333333e+00
  9.8390074e-01  -1.7871579e-01  -9.8390053e-01   1.7871695e-01   3.3333333e+00
  9.8379492e-01  -1.7929742e-01  -9.8379471e-01   1.7929854e-01   3.3333333e+00
  9.8369002e-01  -1.7987200e-01  -9.8368982e-01   1.7987309e-01   3.3333333e+00
  9.8358599e-01  -1.8044004e-01  -9.8358579e-01   1.8044110e-01   3.3333333e+00
  9.8348273e-01  -1.8100201e-01  -9.8348254e-01   1.8100305e-01   3.3333333e+00
  9.8338018e-01  -1.8155834e-01  -9.8337999e-01   1.8155935e-01   3.3333333e+00
  9.8327827e-01  -1.8210944e-01  -9.8327809e-01   1.8211042e-01   3.3333333e+00
  9.8317695e-01  -1.8265567e-01  -9.8317677e-01   1.8265663e-01   3.3333333e+00
  9.8307615e-01  -1.8319738e-01  -9.8307598e-01   1.8319831e-01   3.3333333e+00
  9.8297583e-01  -1.8373489e-01  -9.8297566e-01   1.8373580e-01   3.3333333e+00
  9.8287594e-01  -1.8426850e-01  -9.8287578e-01   1.8426938e-01   3.3333333e+00
  9.8277644e-01  -1.8479848e-01  -9.8277628e-01   1.8479933e-01   3.3333333e+00
  9.8267727e-01  -1.8532510e-01  -9.8267711e-01   1.8532592e-01   3.3333333e+00
  9.8257839e-01  -1.8584859e-01  -9.8257824e-01   1.8584939e-01   3.3333333e+00
  9.8247978e-01  -1.8636919e-01  -9.8247964e-01   1.8636996e-01   3.3333333e+00
  9.8238140e-01  -1.8688711e-01  -9.8238125e-01   1.8688786e-01   3.3333333e+00
  9.8228320e-01  -1.8740256e-01  -9.8228306e-01   1.8740328e-01   3.3333333e+00
  9.8218516e-01  -1.8791571e-01  -9.8218503e-01   1.8791641e-01   3.3333333e+00
  9.8208724e-01  -1.8842676e-01  -9.8208712e-01   1.8842743e-01   3.3333333e+00
  9.8198943e-01  -1.8893586e-01  -9.8198931e-01   1.8893651e-01   3.3333333e+00
  9.8189168e-01  -1.8944318e-01  -9.8189157e-01   1.8944380e-01   3.3333333e+00
  9.8179398e-01  -1.8994887e-01  -9.8179387e-01   1.8994946e-01   3.3333333e+00
  9.8169630e-01  -1.9045306e-01  -9.8169619e-01   1.9045362e-01   3.3333333e+00
  9.8159862e-01  -1.9095588e-01  -9.8159851e-01   1.9095642e-01   3.3333333e+00
  9.8150091e-01  -1.9145747e-01  -9.8150081e-01   1.9145799e-01   3.3333333e+00
  9.8140315e-01  -1.9195794e-01  -9.8140306e-01   1.9195843e-01   3.3333333e+00
  9.8130533e-01  -1.9245740e-01  -9.8130524e-01   1.9245786e-01   3.3333333e+00
  9.8120742e-01  -1.9295594e-01  -9.8120733e-01   1.9295639e-01   3.3333333e+00
  9.8110941e-01  -1.9345368e-01  -9.8110933e-01   1.9345410e-01   3.3333333e+00
  9.8101128e-01  -1.9395070e-01  -9.8101120e-01   1.9395109e-01   3.3333333e+00
  9.8091301e-01  -1.9444709e-01  -9.8091294e-01   1.9444746e-01   3.3333333e+00
  9.8081459e-01  -1.9494292e-01  -9.8081452e-01   1.9494326e-01   3.3333333e+00
  9.8071601e-01  -1.9543827e-01  -9.8071594e-01   1.9543858e-01   3.3333333e+00
  9.8061724e-01  -1.9593320e-01  -9.8061719e-01   1.9593349e-01   3.3333333e+00
  9.8051829e-01  -1.9642778e-01  -9.8051824e-01   1.9642805e-01   3.3333333e+00
  9.8041914e-01  -1.9692207e-01  -9.8041909e-01   1.9692232e-01   3.3333333e+00
  9.8031978e-01  -1.9741612e-01  -9.8031974e-01   1.9741634e-01   3.3333333e+00
  9.8022020e-01  -1.9790997e-01  -9.8022016e-01   1.9791017e-01   3.3333333e+00
  9.8012039e-01  -1.9840367e-01  -9.8012036e-01   1.9840384e-01   3.3333333e+00
  9.8002035e-01  -1.9889725e-01  -9.8002032e-01   1.9889740e-01   3.3333333e+00
  9.7992006e-01  -1.9939075e-01  -9.7992004e-01   1.9939087e-01   3.3333333e+00
  9.7981953e-01  -1.9988418e-01  -9.7981951e-01   1.9988428e-01   3.3333333e+00
  9.7971875e-01  -2.0037759e-01  -9.7971873e-01   2.0037766e-01   3.3333333e+00
  9.7961771e-01  -2.0087097e-01  -9.7961770e-01   2.0087101e-01   3.3333333e+00
  9.7951641e-01  -2.0136434e-01  -9.7951641e-01   2.0136436e-01   3.3333333e+00
  9.7941486e-01  -2.0185771e-01  -9.7941486e-01   2.0185770e-01   3.3333333e+00
  9.7931305e-01  -2.0235108e-01  -9.7931305e-01   2.0235105e-01   3.3333333e+00
  9.7921097e-01  -2.0284445e-01  -9.7921098e-01   2.0284440e-01   3.3333333e+00
  9.7910864e-01  -2.0333783e-01  -9.7910865e-01   2.0333776e-01   3.3333333e+00
  9.7900604e-01  -2.0383124e-01  -9.7900606e-01   2.0383114e-01   3.3333333e+00
  9.7890317e-01  -2.0432470e-01  -9.7890320e-01   2.0432457e-01   3.3333333e+00
  9.7880003e-01  -2.0481822e-01  -9.7880006e-01   2.0481807e-01   3.3333333e+00
  9.7869661e-01  -2.0531184e-01  -9.7869664e-01   2.0531166e-01   3.3333333e+00
  9.7859290e-01  -2.0580559e-01  -9.7859294e-01   2.0580538e-01   3.3333333e+00
  9.7848889e-01  -2.0629950e-01  -9.7848894e-01   2.0629927e-01   3.3333333e+00
  9.7838459e-01  -2.0679363e-01  -9.7838464e-01   2.0679338e-01   3.3333333e+00
  9.7827996e-01  -2.0728801e-01  -9.7828002e-01   2.0728774e-01   3.3333333e+00
  9.7817501e-01  -2.0778271e-01  -9.7817507e-01   2.0778241e-01   3.3333333e+00
  9.7806971e-01  -2.0827779e-01  -9.7806978e-01   2.0827746e-01   3.3333333e+00
  9.7796406e-01  -2.0877330e-01  -9.7796414e-01   2.0877295e-01   3.3333333e+00
  9.7785804e-01  -2.0926932e-01  -9.7785812e-01   2.0926895e-01   3.3333333e+00
  9.7775163e-01  -2.0976593e-01  -9.7775172e-01   2.0976553e-01   3.3333333e+00
  9.7764482e-01  -2.1026320e-01  -9.7764491e-01   2.1026278e-01   3.3333333e+00
  9.7753757e-01  -2.1076123e-01  -9.7753767e-01   2.1076078e-01   3.3333333e+00
  9.7742988e-01  -2.1126011e-01  -9.7742998e-01   2.1125964e-01   3.3333333e+00
  9.7732171e-01  -2.1175994e-01  -9.7732182e-01   2.1175944e-01   3.3333333e+00
  9.7721305e-01  -2.1226082e-01  -9.7721316e-01   2.1226030e-01   3.3333333e+00
  9.7710386e-01  -2.1276287e-01  -9.7710398e-01   2.1276233e-01   3.3333333e+00
  9.7699412e-01  -2.1326622e-01  -9.7699425e-01   2.1326565e-01   3.3333333e+00
  9.7688380e-01  -2.1377099e-01  -9.7688393e-01   2.1377039e-01   3.3333333e+00
  9.7677287e-01  -2.1427731e-01  -9.7677300e-01   2.1427669e-01   3.3333333e+00
  9.7666128e-01  -2.1478534e-01  -9.7666142e-01   2.1478469e-01   3.3333333e+00
  9.7654901e-01  -2.1529523e-01  -9.7654916e-01   2.1529455e-01   3.3333333e+00
  9.7643601e-01  -2.1580714e-01  -9.7643616e-01   2.1580644e-01   3.3333333e+00
  9.7632224e-01  -2.1632124e-01  -9.7632240e-01   2.1632052e-01   3.3333333e+00
  9.7620766e-01  -2.1683773e-01  -9.7620783e-01   2.1683698e-01   3.3333333e+00
  9.7609222e-01  -2.1735680e-01  -9.7609239e-01   2.1735602e-01   3.3333333e+00
  9.7597587e-01  -2.1787866e-01  -9.7597605e-01   2.1787785e-01   3.3333333e+00
  9.7585854e-01  -2.1840353e-01  -9.7585873e-01   2.1840270e-01   3.3333333e+00
  9.7574020e-01  -2.1893165e-01  -9.7574039e-01   2.1893080e-01   3.3333333e+00
  9.7562076e-01  -2.1946329e-01  -9.7562096e-01   2.1946241e-01   3.3333333e+00
  9.7550016e-01  -2.1999870e-01  -9.7550037e-01   2.1999779e-01   3.3333333e+00
  9.7537834e-01  -2.2053819e-01  -9.7537855e-01   2.2053726e-01   3.3333333e+00
  9.7525521e-01  -2.2108207e-01  -9.7525543e-01   2.2108111e-01   3.3333333e+00
  9.7513068e-01  -2.2163067e-01  -9.7513091e-01   2.2162968e-01   3.3333333e+00
  9.7500467e-01  -2.2218437e-01  -9.7500490e-01   2.2218335e-01   3.3333333e+00
  9.7487708e-01  -2.2274354e-01  -9.7487732e-01   2.2274250e-01   3.3333333e+00
  9.7474779e-01  -2.2330863e-01  -9.7474804e-01   2.2330755e-01   3.3333333e+00
  9.7461670e-01  -2.2388008e-01  -9.7461695e-01   2.2387898e-01   3.3333333e+00
  9.7448367e-01  -2.2445841e-01  -9.7448393e-01   2.2445727e-01   3.3333333e+00
  9.7434857e-01  -2.2504415e-01  -9.7434884e-01   2.2504299e-01   3.3333333e+00
  9.7421124e-01  -2.2563791e-01  -9.7421151e-01   2.2563672e-01   3.3333333e+00
  9.7407151e-01  -2.2624034e-01  -9.7407179e-01   2.2623912e-01   3.3333333e+00
  9.7392920e-01  -2.2685217e-01  -9.7392949e-01   2.2685092e-01   3.3333333e+00
  9.7378411e-01  -2.2747420e-01  -9.7378441e-01   2.2747292e-01   3.3333333e+00
  9.7363600e-01  -2.2810731e-01  -9.7363630e-01   2.2810600e-01   3.3333333e+00
  9.7348461e-01  -2.2875250e-01  -9.7348493e-01   2.2875115e-01   3.3333333e+00
  9.7332967e-01  -2.2941087e-01  -9.7333000e-01   2.2940949e-01   3.3333333e+00
  9.7317085e-01  -2.3008367e-01  -9.7317118e-01   2.3008226e-01   3.3333333e+00
  9.7300778e-01  -2.3077233e-01  -9.7300812e-01   2.3077088e-01   3.3333333e+00
  9.7284004e-01  -2.3147843e-01  -9.7284039e-01   2.3147695e-01   3.3333333e+00
  9.7266715e-01  -2.3220384e-01  -9.7266751e-01   2.3220232e-01   3.3333333e+00
  9.7248855e-01  -2.3295068e-01  -9.7248892e-01   2.3294913e-01   3.3333333e+00
  9.7230360e-01  -2.3372143e-01  -9.7230398e-01   2.3371984e-01   3.3333333e+00
  9.7211153e-01  -2.3451901e-01  -9.7211193e-01   2.3451737e-01   3.3333333e+00
  9.7191144e-01  -2.3534687e-01  -9.7191185e-01   2.3534520e-01   3.3333333e+00
  9.7170223e-01  -2.3620916e-01  -9.7170265e-01   2.3620745e-01   3.3333333e+00
  9.7148258e-01  -2.3711094e-01  -9.7148301e-01   2.3710918e-01   3.3333333e+00
  9.7125084e-01  -2.3805843e-01  -9.7125128e-01   2.3805662e-01   3.3333333e+00
  9.7100494e-01  -2.3905944e-01  -9.7100539e-01   2.3905758e-01   3.3333333e+00
  9.7074222e-01  -2.4012400e-01  -9.7074269e-01   2.4012210e-01   3.3333333e+00
  9.7045920e-01  -2.4126528e-01  -9.7045969e-01   2.4126332e-01   3.3333333e+00
  9.7015114e-01  -2.4250107e-01  -9.7015164e-01   2.4249905e-01   3.3333333e+00
  9.6981136e-01  -2.4385637e-01  -9.6981189e-01   2.4385427e-01   3.3333333e+00
  9.6943003e-01  -2.4536793e-01  -9.6943058e-01   2.4536577e-01   3.3333333e+00
  9.6899166e-01  -2.4709341e-01  -9.6899224e-01   2.4709116e-01   3.3333333e+00
  9.6846968e-01  -2.4913145e-01  -9.6847028e-01   2.4912910e-01   3.3333333e+00
  9.6781179e-01  -2.5167506e-01  -9.6781244e-01   2.5167258e-01   3.3333333e+00
  9.6688831e-01  -2.5519993e-01  -9.6688901e-01   2.5519727e-01   3.3333333e+00
  9.6513831e-01  -2.6174040e-01  -9.6513912e-01   2.6173742e-01   3.3333333e+00
  9.9002555e-01  -1.4088797e-01  -9.9002511e-01   1.4089103e-01   3.3333333e+00
  9.8905121e-01  -1.4757272e-01  -9.8905080e-01   1.4757544e-01   3.3333333e+00
  9.8850826e-01  -1.5116687e-01  -9.8850787e-01   1.5116941e-01   3.3333333e+00
  9.8810873e-01  -1.5375673e-01  -9.8810836e-01   1.5375914e-01   3.3333333e+00
  9.8778396e-01  -1.5582955e-01  -9.8778360e-01   1.5583186e-01   3.3333333e+00
  9.8750576e-01  -1.5758289e-01  -9.8750541e-01   1.5758511e-01   3.3333333e+00
  9.8725962e-01  -1.5911767e-01  -9.8725928e-01   1.5911981e-01   3.3333333e+00
  9.8703701e-01  -1.6049283e-01  -9.8703667e-01   1.6049490e-01   3.3333333e+00
  9.8683243e-01  -1.6174594e-01  -9.8683210e-01   1.6174795e-01   3.3333333e+00
  9.8664216e-01  -1.6290256e-01  -9.8664184e-01   1.6290451e-01   3.3333333e+00
  9.8646352e-01  -1.6398086e-01  -9.8646321e-01   1.6398275e-01   3.3333333e+00
  9.8629452e-01  -1.6499428e-01  -9.8629421e-01   1.6499613e-01   3.3333333e+00
  9.8613365e-01  -1.6595307e-01  -9.8613335e-01   1.6595486e-01   3.3333333e+00
  9.8597972e-01  -1.6686519e-01  -9.8597942e-01   1.6686694e-01   3.3333333e+00
  9.8583178e-01  -1.6773702e-01  -9.8583149e-01   1.6773873e-01   3.3333333e+00
  9.8568905e-01  -1.6857370e-01  -9.8568877e-01   1.6857536e-01   3.3333333e+00
  9.8555091e-01  -1.6937945e-01  -9.8555063e-01   1.6938108e-01   3.3333333e+00
  9.8541682e-01  -1.7015782e-01  -9.8541655e-01   1.7015941e-01   3.3333333e+00
  9.8528634e-01  -1.7091177e-01  -9.8528607e-01   1.7091332e-01   3.3333333e+00
  9.8515907e-01  -1.7164384e-01  -9.8515881e-01   1.7164535e-01   3.3333333e+00
  9.8503469e-01  -1.7235618e-01  -9.8503443e-01   1.7235766e-01   3.3333333e+00
  9.8491292e-01  -1.7305070e-01  -9.8491266e-01   1.7305214e-01   3.3333333e+00
  9.8479349e-01  -1.7372902e-01  -9.8479325e-01   1.7373043e-01   3.3333333e+00
  9.8467620e-01  -1.7439259e-01  -9.8467596e-01   1.7439396e-01   3.3333333e+00
  9.8456085e-01  -1.7504268e-01  -9.8456061e-01   1.7504402e-01   3.3333333e+00
  9.8444725e-01  -1.7568042e-01  -9.8444702e-01   1.7568172e-01   3.3333333e+00
  9.8433526e-01  -1.7630681e-01  -9.8433503e-01   1.7630809e-01   3.3333333e+00
  9.8422474e-01  -1.7692277e-01  -9.8422451e-01   1.7692402e-01   3.3333333e+00
  9.8411555e-01  -1.7752911e-01  -9.8411533e-01   1.7753032e-01   3.3333333e+00
  9.8400759e-01  -1.7812656e-01  -9.8400737e-01   1.7812774e-01   3.3333333e+00
  9.8390074e-01  -1.7871579e-01  -9.8390053e-01   1.7871695e-01   3.3333333e+00
  9.8379492e-01  -1.7929742e-01  -9.8379471e-01   1.7929854e-01   3.3333333e+00
  9.8369002e-01  -1.7987200e-01  -9.8368982e-01   1.7987309e-01   3.3333333e+00
  9.8358599e-01  -1.8044004e-01  -9.8358579e-01   1.8044110e-01   3.3333333e+00
  9.8348273e-01  -1.8100201e-01  -9.8348254e-01   1.8100305e-01   3.3333333e+00
  9.8338018e-01  -1.8155834e-01  -9.8337999e-01   1.8155935e-01   3.3333333e+00
  9.8327827e-01  -1.8210944e-01  -9.8327809e-01   1.8211042e-01   3.3333333e+00
  9.8317695e-01  -1.8265567e-01  -9.8317677e-01   1.8265663e-01   3.3333333e+00
  9.8307615e-01  -1.8319738e-01  -9.8307598e-01   1.8319831e-01   3.3333333e+00
  9.8297583e-01  -1.8373489e-01  -9.8297566e-01   1.8373580e-01   3.3333333e+00
  9.8287594e-01  -1.8426850e-01  -9.8287578e-01   1.8426938e-01   3.3333333e+00
  9.8277644e-01  -1.8479848e-01  -9.8277628e-01   1.8479933e-01   3.3333333e+00
  9.8267727e-01  -1.8532510e-01  -9.8267711e-01   1.8532592e-01   3.3333333e+00
  9.8257839e-01  -1.8584859e-01  -9.8257824e-01   1.8584939e-01   3.3333333e+00
  9.8247978e-01  -1.8636919e-01  -9.8247964e-01   1.8636996e-01   3.3333333e+00
  9.8238140e-01  -1.8688711e-01  -9.8238125e-01   1.8688786e-01   3.3333333e+00
  9.8228320e-01  -1.8740256e-01  -9.8228306e-01   1.8740328e-01   3.3333333e+00
  9.8218516e-01  -1.8791571e-01  -9.8218503e-01   1.8791641e-01   3.3333333e+00
  9.8208724e-01  -1.8842676e-01  -9.8208712e-01   1.8842743e-01   3.3333333e+00
  9.8198943e-01  -1.8893586e-01  -9.8198931e-01   1.8893651e-01   3.3333333e+00
  9.8189168e-01  -1.8944318e-01  -9.8189157e-01   1.8944380e-01   3.3333333e+00
  9.8179398e-01  -1.8994887e-01  -9.8179387e-01   1.8994946e-01   3.3333333e+00
  9.8169630e-01  -1.9045306e-01  -9.8169619e-01   1.9045362e-01   3.3333333e+00
  9.8159862e-01  -1.9095588e-01  -9.8159851e-01   1.9095642e-01   3.3333333e+00
  9.8150091e-01  -1.9145747e-01  -9.8150081e-01   1.9145799e-01   3.3333333e+00
  9.8140315e-01  -1.9195794e-01  -9.8140306e-01   1.9195843e-01   3.3333333e+00
  9.8130533e-01  -1.9245740e-01  -9.8130524e-01   1.9245786e-01   3.3333333e+00
  9.8120742e-01  -1.9295594e-01  -9.8120733e-01   1.9295639e-01   3.3333333e+00
  9.8110941e-01  -1.9345368e-01  -9.8110933e-01   1.9345410e-01   3.3333333e+00
  9.8101128e-01  -1.9395070e-01  -9.8101120e-01   1.9395109e-01   3.3333333e+00
  9.8091301e-01  -1.9444709e-01  -9.8091294e-01   1.9444746e-01   3.3333333e+00
  9.8081459e-01  -1.9494292e-01  -9.8081452e-01   1.9494326e-01   3.3333333e+00
  9.8071601e-01  -1.9543827e-01  -9.8071594e-01   1.9543858e-01   3.3333333e+00
  9.8061724e-01  -1.9593320e-01  -9.8061719e-01   1.9593349e-01   3.3333333e+00
  9.8051829e-01  -1.9642778e-01  -9.8051824e-01   1.9642805e-01   3.3333333e+00
  9.8041914e-01  -1.9692207e-01  -9.8041909e-01   1.9692232e-01   3.3333333e+00
  9.8031978e-01  -1.9741612e-01  -9.8031974e-01   1.9741634e-01   3.3333333e+00
  9.8022020e-01  -1.9790997e-01  -9.8022016e-01   1.9791017e-01   3.3333333e+00
  9.8012039e-01  -1.9840367e-01  -9.8012036e-01   1.9840384e-01   3.3333333e+00
  9.8002035e-01  -1.9889725e-01  -9.8002032e-01   1.9889740e-01   3.3333333e+00
  9.7992006e-01  -1.9939075e-01  -9.7992004e-01   1.9939087e-01   3.3333333e+00
  9.7981953e-01  -1.9988418e-01  -9.7981951e-01   1.9988428e-01   3.3333333e+00
  9.7971875e-01  -2.0037759e-01  -9.7971873e-01   2.0037766e-01   3.3333333e+00
  9.7961771e-01  -2.0087097e-01  -9.7961770e-01   2.0087101e-01   3.3333333e+00
  9.7951641e-01  -2.0136434e-01  -9.7951641e-01   2.0136436e-01   3.3333333e+00
  9.7941486e-01  -2.0185771e-01  -9.7941486e-01   2.0185770e-01   3.3333333e+00
  9.7931305e-01  -2.0235108e-01  -9.7931305e-01   2.0235105e-01   3.3333333e+00
  9.7921097e-01  -2.0284445e-01  -9.7921098e-01   2.0284440e-01   3.3333333e+00
  9.7910864e-01  -2.0333783e-01  -9.7910865e-01   2.0333776e-01   3.3333333e+00
  9.7900604e-01  -2.0383124e-01  -9.7900606e-01   2.0383114e-01   3.3333333e+00
  9.7890317e-01  -2.0432470e-01  -9.7890320e-01   2.0432457e-01   3.3333333e+00
  9.7880003e-01  -2.0481822e-01  -9.7880006e-01   2.0481807e-01   3.3333333e+00
  9.7869661e-01  -2.0531184e-01  -9.7869664e-01   2.0531166e-01   3.3333333e+00
  9.7859290e-01  -2.0580559e-01  -9.7859294e-01   2.0580538e-01   3.3333333e+00
  9.7848889e-01  -2.0629950e-01  -9.7848894e-01   2.0629927e-01   3.3333333e+00
  9.7838459e-01  -2.0679363e-01  -9.7838464e-01   2.0679338e-01   3.3333333e+00
  9.7827996e-01  -2.0728801e-01  -9.7828002e-01   2.0728774e-01   3.3333333e+00
  9.7817501e-01  -2.0778271e-01  -9.7817507e-01   2.0778241e-01   3.3333333e+00
  9.7806971e-01  -2.0827779e-01  -9.7806978e-01   2.0827746e-01   3.3333333e+00
  9.7796406e-01  -2.0877330e-01  -9.7796414e-01   2.0877295e-01   3.3333333e+00
  9.7785804e-01  -2.0926932e-01  -9.7785812e-01   2.0926895e-01   3.3333333e+00
  9.7775163e-01  -2.0976593e-01  -9.7775172e-01   2.0976553e-01   3.3333333e+00
  9.7764482e-01  -2.1026320e-01  -9.7764491e-01   2.1026278e-01   3.3333333e+00
  9.7753757e-01  -2.1076123e-01  -9.7753767e-01   2.1076078e-01   3.3333333e+00
  9.7742988e-01  -2.1126011e-01  -9.7742998e-01   2.1125964e-01   3.3333333e+00
  9.7732171e-01  -2.1175994e-01  -9.7732182e-01   2.1175944e-01   3.3333333e+00
  9.7721305e-01  -2.1226082e-01  -9.7721316e-01   2.1226030e-01   3.3333333e+00
  9.7710386e-01  -2.1276287e-01  -9.7710398e-01   2.1276233e-01   3.3333333e+00
  9.7699412e-01  -2.1326622e-01  -9.7699425e-01   2.1326565e-01   3.3333333e+00
  9.7688380e-01  -2.1377099e-01  -9.7688393e-01   2.1377039e-01   3.3333333e+00
  9.7677287e-01  -2.1427731e-01  -9.7677300e-01   2.1427669e-01   3.3333333e+00
  9.7666128e-01  -2.1478534e-01  -9.7666142e-01   2.1478469e-01   3.3333333e+00
  9.7654901e-01  -2.1529523e-01  -9.7654916e-01   2.1529455e-01   3.3333333e+00
  9.7643601e-01  -2.1580714e-01  -9.7643616e-01   2.1580644e-01   3.3333333e+00
  9.7632224e-01  -2.1632124e-01  -9.7632240e-01   2.1632052e-01   3.3333333e+00
  9.7620766e-01  -2.1683773e-01  -9.7620783e-01   2.1683698e-01   3.3333333e+00
  9.7609222e-01  -2.1735680e-01  -9.7609239e-01   2.1735602e-01   3.3333333e+00
  9.7597587e-01  -2.1787866e-01  -9.7597605e-01   2.1787785e-01   3.3333333e+00
  9.7585854e-01  -2.1840353e-01  -9.7585873e-01   2.1840270e-01   3.3333333e+00
  9.7574020e-01  -2.1893165e-01  -9.7574039e-01   2.1893080e-01   3.3333333e+00
  9.7562076e-01  -2.1946329e-01  -9.7562096e-01   2.1946241e-01   3.3333333e+00
  9.7550016e-01  -2.1999870e-01  -9.7550037e-01   2.1999779e-01   3.3333333e+00
  9.7537834e-01  -2.2053819e-01  -9.7537855e-01   2.2053726e-01   3.3333333e+00
  9.7525521e-01  -2.2108207e-01  -9.7525543e-01   2.2108111e-01   3.3333333e+00
  9.7513068e-01  -2.2163067e-01  -9.7513091e-01   2.2162968e-01   3.3333333e+00
  9.7500467e-01  -2.2218437e-01  -9.7500490e-01   2.2218335e-01   3.3333333e+00
  9.7487708e-01  -2.2274354e-01  -9.7487732e-01   2.2274250e-01   3.3333333e+00
  9.7474779e-01  -2.2330863e-01  -9.7474804e-01   2.2330755e-01   3.3333333e+00
  9.7461670e-01  -2.2388008e-01  -9.7461695e-01   2.2387898e-01   3.3333333e+00
  9.7448367e-01  -2.2445841e-01  -9.7448393e-01   2.2445727e-01   3.3333333e+00
  9.7434857e-01  -2.2504415e-01  -9.7434884e-01   2.2504299e-01   3.3333333e+00
  9.7421124e-01  -2.2563791e-01  -9.7421151e-01   2.2563672e-01   3.3333333e+00
  9.7407151e-01  -2.2624034e-01  -9.7407179e-01   2.2623912e-01   3.3333333e+00
  9.7392920e-01  -2.2685217e-01  -9.7392949e-01   2.2685092e-01   3.3333333e+00
  9.7378411e-01  -2.2747420e-01  -9.7378441e-01   2.2747292e-01   3.3333333e+00
  9.7363600e-01  -2.2810731e-01  -9.7363630e-01   2.2810600e-01   3.3333333e+00
  9.7348461e-01  -2.2875250e-01  -9.7348493e-01   2.2875115e-01   3.3333333e+00
  9.7332967e-01  -2.2941087e-01  -9.7333000e-01   2.2940949e-01   3.3333333e+00
  9.7317085e-01  -2.3008367e-01  -9.7317118e-01   2.3008226e-01   3.3333333e+00
  9.7300778e-01  -2.3077233e-01  -9.7300812e-01   2.3077088e-01   3.3333333e+00
  9.7284004e-01  -2.3147843e-01  -9.7284039e-01   2.3147695e-01   3.3333333e+00
  9.7266715e-01  -2.3220384e-01  -9.7266751e-01   2.3220232e-01   3.3333333e+00
  9.7248855e-01  -2.3295068e-01  -9.7248892e-01   2.3294913e-01   3.3333333e+00
  9.7230360e-01  -2.3372143e-01  -9.7230398e-01   2.3371984e-01   3.3333333e+00
  9.7211153e-01  -2.3451901e-01  -9.7211193e-01   2.3451737e-01   3.3333333e+00
  9.7191144e-01  -2.3534687e-01  -9.7191185e-01   2.3534520e-01   3.3333333e+00
  9.7170223e-01  -2.3620916e-01  -9.7170265e-01   2.3620745e-01   3.3333333e+00
  9.7148258e-01  -2.3711094e-01  -9.7148301e-01   2.3710918e-01   3.3333333e+00
  9.7125084e-01  -2.3805843e-01  -9.7125128e-01   2.3805662e-01   3.3333333e+00
  9.7100494e-01  -2.3905944e-01  -9.7100539e-01   2.3905758e-01   3.3333333e+00
  9.7074222e-01  -2.4012400e-01  -9.7074269e-01   2.4012210e-01   3.3333333e+00
  9.7045920e-01  -2.4126528e-01  -9.7045969e-01   2.4126332e-01   3.3333333e+00
  9.7015114e-01  -2.4250107e-01  -9.7015164e-01   2.4249905e-01   3.3333333e+00
  9.6981136e-01  -2.4385637e-01  -9.6981189e-01   2.4385427e-01   3.3333333e+00
  9.6943003e-01  -2.4536793e-01  -9.6943058e-01   2.4536577e-01   3.3333333e+00
  9.6899166e-01  -2.4709341e-01  -9.6899224e-01   2.4709116e-01   3.3333333e+00
  9.6846968e-01  -2.4913145e-01  -9.6847028e-01   2.4912910e-01   3.3333333e+00
  9.6781179e-01  -2.5167506e-01  -9.6781244e-01   2.5167258e-01   3.3333333e+00
  9.6688831e-01  -2.5519993e-01  -9.6688901e-01   2.5519727e-01   3.3333333e+00
  9.6513831e-01  -2.6174040e-01  -9.6513912e-01   2.6173742e-01   3.3333333e+00
  9.9002555e-01  -1.4088797e-01  -9.9002511e-01   1.4089103e-01   3.3333333e+00
  9.8905121e-01  -1.4757272e-01  -9.8905080e-01   1.4757544e-01   3.3333333e+00
  9.8850826e-01  -1.5116687e-01  -9.8850787e-01   1.5116941e-01   3.3333333e+00
  9.8810873e-01  -1.5375673e-01  -9.8810836e-01   1.5375914e-01   3.3333333e+00
  9.8778396e-01  -1.5582955e-01  -9.8778360e-01   1.5583186e-01   3.3333333e+00
  9.8750576e-01  -1.5758289e-01  -9.8750541e-01   1.5758511e-01   3.3333333e+00
  9.8725962e-01  -1.5911767e-01  -9.8725928e-01   1.5911981e-01   3.3333333e+00
  9.8703701e-01  -1.6049283e-01  -9.8703667e-01   1.6049490e-01   3.3333333e+00
  9.8683243e-01  -1.6174594e-01  -9.8683210e-01   1.6174795e-01   3.3333333e+00
  9.8664216e-01  -1.6290256e-01  -9.8664184e-01   1.6290451e-01   3.3333333e+00
  9.8646352e-01  -1.6398086e-01  -9.8646321e-01   1.6398275e-01   3.3333333e+00
  9.8629452e-01  -1.6499428e-01  -9.8629421e-01   1.6499613e-01   3.3333333e+00
  9.8613365e-01  -1.6595307e-01  -9.8613335e-01   1.6595486e-01   3.3333333e+00
  9.8597972e-01  -1.6686519e-01  -9.8597942e-01   1.6686694e-01   3.3333333e+00
  9.8583178e-01  -1.6773702e-01  -9.8583149e-01   1.6773873e-01   3.3333333e+00
  9.8568905e-01  -1.6857370e-01  -9.8568877e-01   1.6857536e-01   3.3333333e+00
  9.8555091e-01  -1.6937945e-01  -9.8555063e-01   1.6938108e-01   3.3333333e+00
  9.8541682e-01  -1.7015782e-01  -9.8541655e-01   1.7015941e-01   3.3333333e+00
  9.8528634e-01  -1.7091177e-01  -9.8528607e-01   1.7091332e-01   3.3333333e+00
  9.8515907e-01  -1.7164384e-01  -9.8515881e-01   1.7164535e-01   3.3333333e+00
  9.8503469e-01  -1.7235618e-01  -9.8503443e-01   1.7235766e-01   3.3333333e+00
  9.8491292e-01  -1.7305070e-01  -9.8491266e-01   1.7305214e-01   3.3333333e+00
  9.8479349e-01  -1.7372902e-01  -9.8479325e-01   1.7373043e-01   3.3333333e+00
  9.8467620e-01  -1.7439259e-01  -9.8467596e-01   1.7439396e-01   3.3333333e+00
  9.8456085e-01  -1.7504268e-01  -9.8456061e-01   1.7504402e-01   3.3333333e+00
  9.8444725e-01  -1.7568042e-01  -9.8444702e-01   1.7568172e-01   3.3333333e+00
  9.8433526e-01  -1.7630681e-01  -9.8433503e-01   1.7630809e-01   3.3333333e+00
  9.8422474e-01  -1.7692277e-01  -9.8422451e-01   1.7692402e-01   3.3333333e+00
  9.8411555e-01  -1.7752911e-01  -9.8411533e-01   1.7753032e-01   3.3333333e+00
  9.8400759e-01  -1.7812656e-01  -9.8400737e-01   1.7812774e-01   3.3333333e+00
  9.8390074e-01  -1.7871579e-01  -9.8390053e-01   1.7871695e-01   3.3333333e+00
  9.8379492e-01  -1.7929742e-01  -9.8379471e-01   1.7929854e-01   3.3333333e+00
  9.8369002e-01  -1.7987200e-01  -9.8368982e-01   1.7987309e-01   3.3333333e+00
  9.8358599e-01  -1.8044004e-01  -9.8358579e-01   1.8044110e-01   3.3333333e+00
  9.8348273e-01  -1.8100201e-01  -9.8348254e-01   1.8100305e-01   3.3333333e+00
  9.8338018e-01  -1.8155834e-01  -9.8337999e-01   1.8155935e-01   3.3333333e+00
  9.8327827e-01  -1.8210944e-01  -9.8327809e-01   1.8211042e-01   3.3333333e+00
  9.8317695e-01  -1.8265567e-01  -9.8317677e-01   1.8265663e-01   3.3333333e+00
  9.8307615e-01  -1.8319738e-01  -9.8307598e-01   1.8319831e-01   3.3333333e+00
  9.8297583e-01  -1.8373489e-01  -9.8297566e-01   1.8373580e-01   3.3333333e+00
  9.8287594e-01  -1.8426850e-01  -9.8287578e-01   1.8426938e-01   3.3333333e+00
  9.8277644e-01  -1.8479848e-01  -9.8277628e-01   1.8479933e-01   3.3333333e+00
  9.8267727e-01  -1.8532510e-01  -9.8267711e-01   1.8532592e-01   3.3333333e+00
  9.8257839e-01  -1.8584859e-01  -9.8257824e-01   1.8584939e-01   3.3333333e+00
  9.8247978e-01  -1.8636919e-01  -9.8247964e-01   1.8636996e-01   3.3333333e+00
  9.8238140e-01  -1.8688711e-01  -9.8238125e-01   1.8688786e-01   3.3333333e+00
  9.8228320e-01  -1.8740256e-01  -9.8228306e-01   1.8740328e-01   3.3333333e+00
  9.8218516e-01  -1.8791571e-01  -9.8218503e-01   1.8791641e-01   3.3333333e+00
  9.8208724e-01  -1.8842676e-01  -9.8208712e-01   1.8842743e-01   3.3333333e+00
  9.8198943e-01  -1.8893586e-01  -9.8198931e-01   1.8893651e-01   3.3333333e+00
  9.8189168e-01  -1.8944318e-01  -9.8189157e-01   1.8944380e-01   3.3333333e+00
  9.8179398e-01  -1.8994887e-01  -9.8179387e-01   1.8994946e-01   3.3333333e+00
  9.8169630e-01  -1.9045306e-01  -9.8169619e-01   1.9045362e-01   3.3333333e+00
  9.8159862e-01  -1.9095588e-01  -9.8159851e-01   1.9095642e-01   3.3333333e+00
  9.8150091e-01  -1.9145747e-01  -9.8150081e-01   1.9145799e-01   3.3333333e+00
  9.8140315e-01  -1.9195794e-01  -9.8140306e-01   1.9195843e-01   3.3333333e+00
  9.8130533e-01  -1.9245740e-01  -9.8130524e-01   1.9245786e-01   3.3333333e+00
  9.8120742e-01  -1.9295594e-01  -9.8120733e-01   1.9295639e-01   3.3333333e+00
  9.8110941e-01  -1.9345368e-01  -9.8110933e-01   1.9345410e-01   3.3333333e+00
  9.8101128e-01  -1.9395070e-01  -9.8101120e-01   1.9395109e-01   3.3333333e+00
  9.8091301e-01  -1.9444709e-01  -9.8091294e-01   1.9444746e-01   3.3333333e+00
  9.8081459e-01  -1.9494292e-01  -9.8081452e-01   1.9494326e-01   3.3333333e+00
  9.8071601e-01  -1.9543827e-01  -9.8071594e-01   1.9543858e-01   3.3333333e+00
  9.8061724e-01  -1.9593320e-01  -9.8061719e-01   1.9593349e-01   3.3333333e+00
  9.8051829e-01  -1.9642778e-01  -9.8051824e-01   1.9642805e-01   3.3333333e+00
  9.8041914e-01  -1.9692207e-01  -9.8041909e-01   1.9692232e-01   3.3333333e+00
  9.8031978e-01  -1.9741612e-01  -9.8031974e-01   1.9741634e-01   3.3333333e+00
  9.8022020e-01  -1.9790997e-01  -9.8022016e-01   1.9791017e-01   3.3333333e+00
  9.8012039e-01  -1.9840367e-01  -9.8012036e-01   1.9840384e-01   3.3333333e+00
  9.8002035e-01  -1.9889725e-01  -9.8002032e-01   1.9889740e-01   3.3333333e+00
  9.7992006e-01  -1.9939075e-01  -9.7992004e-01   1.9939087e-01   3.3333333e+00
  9.7981953e-01  -1.9988418e-01  -9.7981951e-01   1.9988428e-01   3.3333333e+00
  9.7971875e-01  -2.0037759e-01  -9.7971873e-01   2.0037766e-01   3.3333333e+00
  9.7961771e-01  -2.0087097e-01  -9.7961770e-01   2.0087101e-01   3.3333333e+00
  9.7951641e-01  -2.0136434e-01  -9.7951641e-01   2.0136436e-01   3.3333333e+00
  9.7941486e-01  -2.0185771e-01  -9.7941486e-01   2.0185770e-01   3.3333333e+00
  9.7931305e-01  -2.0235108e-01  -9.7931305e-01   2.0235105e-01   3.3333333e+00
  9.7921097e-01  -2.0284445e-01  -9.7921098e-01   2.0284440e-01   3.3333333e+00
  9.7910864e-01  -2.0333783e-01  -9.7910865e-01   2.0333776e-01   3.3333333e+00
  9.7900604e-01  -2.0383124e-01  -9.7900606e-01   2.0383114e-01   3.3333333e+00
  9.7890317e-01  -2.0432470e-01  -9.7890320e-01   2.0432457e-01   3.3333333e+00
  9.7880003e-01  -2.0481822e-01  -9.7880006e-01   2.0481807e-01   3.3333333e+00
  9.7869661e-01  -2.0531184e-01  -9.7869664e-01   2.0531166e-01   3.3333333e+00
  9.7859290e-01  -2.0580559e-01  -9.7859294e-01   2.0580538e-01   3.3333333e+00
  9.7848889e-01  -2.0629950e-01  -9.7848894e-01   2.0629927e-01   3.3333333e+00
  9.7838459e-01  -2.0679363e-01  -9.7838464e-01   2.0679338e-01   3.3333333e+00
  9.7827996e-01  -2.0728801e-01  -9.7828002e-01   2.0728774e-01   3.3333333e+00
  9.7817501e-01  -2.0778271e-01  -9.7817507e-01   2.0778241e-01   3.3333333e+00
  9.7806971e-01  -2.0827779e-01  -9.7806978e-01   2.0827746e-01   3.3333333e+00
  9.7796406e-01  -2.0877330e-01  -9.7796414e-01   2.0877295e-01   3.3333333e+00
  9.7785804e-01  -2.0926932e-01  -9.7785812e-01   2.0926895e-01   3.3333333e+00
  9.7775163e-01  -2.0976593e-01  -9.7775172e-01   2.0976553e-01   3.3333333e+00
  9.7764482e-01  -2.1026320e-01  -9.7764491e-01   2.1026278e-01   3.3333333e+00
  9.7753757e-01  -2.1076123e-01  -9.7753767e-01   2.1076078e-01   3.3333333e+00
  9.7742988e-01  -2.1126011e-01  -9.7742998e-01   2.1125964e-01   3.3333333e+00
  9.7732171e-01  -2.1175994e-01  -9.7732182e-01   2.1175944e-01   3.3333333e+00
  9.7721305e-01  -2.1226082e-01  -9.7721316e-01   2.1226030e-01   3.3333333e+00
  9.7710386e-01  -2.1276287e-01  -9.7710398e-01   2.1276233e-01   3.3333333e+00
  9.7699412e-01  -2.1326622e-01  -9.7699425e-01   2.1326565e-01   3.3333333e+00
  9.7688380e-01  -2.1377099e-01  -9.7688393e-01   2.1377039e-01   3.3333333e+00
  9.7677287e-01  -2.1427731e-01  -9.7677300e-01   2.1427669e-01   3.3333333e+00
  9.7666128e-01  -2.1478534e-01  -9.7666142e-01   2.1478469e-01   3.3333333e+00
  9.7654901e-01  -2.1529523e-01  -9.7654916e-01   2.1529455e-01   3.3333333e+00
  9.7643601e-01  -2.1580714e-01  -9.7643616e-01   2.1580644e-01   3.3333333e+00
  9.7632224e-01  -2.1632124e-01  -9.7632240e-01   2.1632052e-01   3.3333333e+00
  9.7620766e-01  -2.1683773e-01  -9.7620783e-01   2.1683698e-01   3.3333333e+00
  9.7609222e-01  -2.1735680e-01  -9.7609239e-01   2.1735602e-01   3.3333333e+00
  9.7597587e-01  -2.1787866e-01  -9.7597605e-01   2.1787785e-01   3.3333333e+00
  9.7585854e-01  -2.1840353e-01  -9.7585873e-01   2.1840270e-01   3.3333333e+00
  9.7574020e-01  -2.1893165e-01  -9.7574039e-01   2.1893080e-01   3.3333333e+00
  9.7562076e-01  -2.1946329e-01  -9.7562096e-01   2.1946241e-01   3.3333333e+00
  9.7550016e-01  -2.1999870e-01  -9.7550037e-01   2.1999779e-01   3.3333333e+00
  9.7537834e-01  -2.2053819e-01  -9.7537855e-01   2.2053726e-01   3.3333333e+00
  9.7525521e-01  -2.2108207e-01  -9.7525543e-01   2.2108111e-01   3.3333333e+00
  9.7513068e-01  -2.2163067e-01  -9.7513091e-01   2.2162968e-01   3.3333333e+00
  9.7500467e-01  -2.2218437e-01  -9.7500490e-01   2.2218335e-01   3.3333333e+00
  9.7487708e-01  -2.2274354e-01  -9.7487732e-01   2.2274250e-01   3.3333333e+00
  9.7474779e-01  -2.2330863e-01  -9.7474804e-01   2.2330755e-01   3.3333333e+00
  9.7461670e-01  -2.2388008e-01  -9.7461695e-01   2.2387898e-01   3.3333333e+00
  9.7448367e-01  -2.2445841e-01  -9.7448393e-01   2.2445727e-01   3.3333333e+00
  9.7434857e-01  -2.2504415e-01  -9.7434884e-01   2.2504299e-01   3.3333333e+00
  9.7421124e-01  -2.2563791e-01  -9.7421151e-01   2.2563672e-01   3.3333333e+00
  9.7407151e-01  -2.2624034e-01  -9.7407179e-01   2.2623912e-01   3.3333333e+00
  9.7392920e-01  -2.2685217e-01  -9.7392949e-01   2.2685092e-01   3.3333333e+00
  9.7378411e-01  -2.2747420e-01  -9.7378441e-01   2.2747292e-01   3.3333333e+00
  9.7363600e-01  -2.2810731e-01  -9.7363630e-01   2.2810600e-01   3.3333333e+00
  9.7348461e-01  -2.2875250e-01  -9.7348493e-01   2.2875115e-01   3.3333333e+00
  9.7332967e-01  -2.2941087e-01  -9.7333000e-01   2.2940949e-01   3.3333333e+00
  9.7317085e-01  -2.3008367e-01  -9.7317118e-01   2.3008226e-01   3.3333333e+00
  9.7300778e-01  -2.3077233e-01  -9.7300812e-01   2.3077088e-01   3.3333333e+00
  9.7284004e-01  -2.3147843e-01  -9.7284039e-01   2.3147695e-01   3.3333333e+00
  9.7266715e-01  -2.3220384e-01  -9.7266751e-01   2.3220232e-01   3.3333333e+00
  9.7248855e-01  -2.3295068e-01  -9.7248892e-01   2.3294913e-01   3.3333333e+00
  9.7230360e-01  -2.3372143e-01  -9.7230398e-01   2.3371984e-01   3.3333333e+00
  9.7211153e-01  -2.3451901e-01  -9.7211193e-01   2.3451737e-01   3.3333333e+00
  9.7191144e-01  -2.3534687e-01  -9.7191185e-01   2.3534520e-01   3.3333333e+00
  9.7170223e-01  -2.3620916e-01  -9.7170265e-01   2.3620745e-01   3.3333333e+00
  9.7148258e-01  -2.3711094e-01  -9.7148301e-01   2.3710918e-01   3.3333333e+00
  9.7125084e-01  -2.3805843e-01  -9.7125128e-01   2.3805662e-01   3.3333333e+00
  9.7100494e-01  -2.3905944e-01  -9.7100539e-01   2.3905758e-01   3.3333333e+00
  9.7074222e-01  -2.4012400e-01  -9.7074269e-01   2.4012210e-01   3.3333333e+00
  9.7045920e-01  -2.4126528e-01  -9.7045969e-01   2.4126332e-01   3.3333333e+00
  9.7015114e-01  -2.4250107e-01  -9.7015164e-01   2.4249905e-01   3.3333333e+00
  9.6981136e-01  -2.4385637e-01  -9.6981189e-01   2.4385427e-01   3.3333333e+00
  9.6943003e-01  -2.4536793e-01  -9.6943058e-01   2.4536577e-01   3.3333333e+00
  9.6899166e-01  -2.4709341e-01  -9.6899224e-01   2.4709116e-01   3.3333333e+00
  9.6846968e-01  -2.4913145e-01  -9.6847028e-01   2.4912910e-01   3.3333333e+00
  9.6781179e-01  -2.5167506e-01  -9.6781244e-01   2.5167258e-01   3.3333333e+00
  9.6688831e-01  -2.5519993e-01  -9.6688901e-01   2.5519727e-01   3.3333333e+00
  9.6513831e-01  -2.6174040e-01  -9.6513912e-01   2.6173742e-01   3.3333333e+00
  9.9002555e-01  -1.4088797e-01  -9.9002511e-01   1.4089103e-01   3.3333333e+00
  9.8905121e-01  -1.4757272e-01  -9.8905080e-01   1.4757544e-01   3.3333333e+00
  9.8850826e-01  -1.5116687e-01  -9.8850787e-01   1.5116941e-01   3.3333333e+00
  9.8810873e-01  -1.5375673e-01  -9.8810836e-01   1.5375914e-01   3.3333333e+00
  9.8778396e-01  -1.5582955e-01  -9.8778360e-01   1.5583186e-01   3.3333333e+00
  9.8750576e-01  -1.5758289e-01  -9.8750541e-01   1.5758511e-01   3.3333333e+00
  9.8725962e-01  -1.5911767e-01  -9.8725928e-01   1.5911981e-01   3.3333333e+00
  9.8703701e-01  -1.6049283e-01  -9.8703667e-01   1.6049490e-01   3.3333333e+00
  9.8683243e-01  -1.6174594e-01  -9.8683210e-01   1.6174795e-01   3.3333333e+00
  9.8664216e-01  -1.6290256e-01  -9.8664184e-01   1.6290451e-01   3.3333333e+00
  9.8646352e-01  -1.6398086e-01  -9.8646321e-01   1.6398275e-01   3.3333333e+00
  9.8629452e-01  -1.6499428e-01  -9.8629421e-01   1.6499613e-01   3.3333333e+00
  9.8613365e-01  -1.6595307e-01  -9.8613335e-01   1.6595486e-01   3.3333333e+00
  9.8597972e-01  -1.6686519e-01  -9.8597942e-01   1.6686694e-01   3.3333333e+00
  9.8583178e-01  -1.6773702e-01  -9.8583149e-01   1.6773873e-01   3.3333333e+00
  9.8568905e-01  -1.6857370e-01  -9.8568877e-01   1.6857536e-01   3.3333333e+00
  9.8555091e-01  -1.6937945e-01  -9.8555063e-01   1.6938108e-01   3.3333333e+00
  9.8541682e-01  -1.7015782e-01  -9.8541655e-01   1.7015941e-01   3.3333333e+00
  9.8528634e-01  -1.7091177e-01  -9.8528607e-01   1.7091332e-01   3.3333333e+00
  9.8515907e-01  -1.7164384e-01  -9.8515881e-01   1.7164535e-01   3.3333333e+00
  9.8503469e-01  -1.7235618e-01  -9.8503443e-01   1.7235766e-01   3.3333333e+00
  9.8491292e-01  -1.7305070e-01  -9.8491266e-01   1.7305214e-01   3.3333333e+00
  9.8479349e-01  -1.7372902e-01  -9.8479325e-01   1.7373043e-01   3.3333333e+00
  9.8467620e-01  -1.7439259e-01  -9.8467596e-01   1.7439396e-01   3.3333333e+00
  9.8456085e-01  -1.7504268e-01  -9.8456061e-01   1.7504402e-01   3.3333333e+00
  9.8444725e-01  -1.7568042e-01  -9.8444702e-01   1.7568172e-01   3.3333333e+00
  9.8433526e-01  -1.7630681e-01  -9.8433503e-01   1.7630809e-01   3.3333333e+00
  9.8422474e-01  -1.7692277e-01  -9.8422451e-01   1.7692402e-01   3.3333333e+00
  9.8411555e-01  -1.7752911e-01  -9.8411533e-01   1.7753032e-01   3.3333333e+00
  9.8400759e-01  -1.7812656e-01  -9.8400737e-01   1.7812774e-01   3.3333333e+00
  9.8390074e-01  -1.7871579e-01  -9.8390053e-01   1.7871695e-01   3.3333333e+00
  9.8379492e-01  -1.7929742e-01  -9.8379471e-01   1.7929854e-01   3.3333333e+00
  9.8369002e-01  -1.7987200e-01  -9.8368982e-01   1.7987309e-01   3.3333333e+00
  9.8358599e-01  -1.8044004e-01  -9.8358579e-01   1.8044110e-01   3.3333333e+00
  9.8348273e-01  -1.8100201e-01  -9.8348254e-01   1.8100305e-01   3.3333333e+00
  9.8338018e-01  -1.8155834e-01  -9.8337999e-01   1.8155935e-01   3.3333333e+00
  9.8327827e-01  -1.8210944e-01  -9.8327809e-01   1.8211042e-01   3.3333333e+00
  9.8317695e-01  -1.8265567e-01  -9.8317677e-01   1.8265663e-01   3.3333333e+00
  9.8307615e-01  -1.8319738e-01  -9.8307598e-01   1.8319831e-01   3.3333333e+00
  9.8297583e-01  -1.8373489e-01  -9.8297566e-01   1.8373580e-01   3.3333333e+00
  9.8287594e-01  -1.8426850e-01  -9.8287578e-01   1.8426938e-01   3.3333333e+00
  9.8277644e-01  -1.8479848e-01  -9.8277628e-01   1.8479933e-01   3.3333333e+00
  9.8267727e-01  -1.8532510e-01  -9.8267711e-01   1.8532592e-01   3.3333333e+00
  9.8257839e-01  -1.8584859e-01  -9.8257824e-01   1.8584939e-01   3.3333333e+00
  9.8247978e-01  -1.8636919e-01  -9.8247964e-01   1.8636996e-01   3.3333333e+00
  9.8238140e-01  -1.8688711e-01  -9.8238125e-01   1.8688786e-01   3.3333333e+00
  9.8228320e-01  -1.8740256e-01  -9.8228306e-01   1.8740328e-01   3.3333333e+00
  9.8218516e-01  -1.8791571e-01  -9.8218503e-01   1.8791641e-01   3.3333333e+00
  9.8208724e-01  -1.8842676e-01  -9.8208712e-01   1.8842743e-01   3.3333333e+00
  9.8198943e-01  -1.8893586e-01  -9.8198931e-01   1.8893651e-01   3.3333333e+00
  9.8189168e-01  -1.8944318e-01  -9.8189157e-01   1.8944380e-01   3.3333333e+00
  9.8179398e-01  -1.8994887e-01  -9.8179387e-01   1.8994946e-01   3.3333333e+00
  9.8169630e-01  -1.9045306e-01  -9.8169619e-01   1.9045362e-01   3.3333333e+00
  9.8159862e-01  -1.9095588e-01  -9.8159851e-01   1.9095642e-01   3.3333333e+00
  9.8150091e-01  -1.9145747e-01  -9.8150081e-01   1.9145799e-01   3.3333333e+00
  9.8140315e-01  -1.9195794e-01  -9.8140306e-01   1.9195843e-01   3.3333333e+00
  9.8130533e-01  -1.9245740e-01  -9.8130524e-01   1.9245786e-01   3.3333333e+00
  9.8120742e-01  -1.9295594e-01  -9.8120733e-01   1.9295639e-01   3.3333333e+00
  9.8110941e-01  -1.9345368e-01  -9.8110933e-01   1.9345410e-01   3.3333333e+00
  9.8101128e-01  -1.9395070e-01  -9.8101120e-01   1.9395109e-01   3.3333333e+00
  9.8091301e-01  -1.9444709e-01  -9.8091294e-01   1.9444746e-01   3.3333333e+00
  9.8081459e-01  -1.9494292e-01  -9.8081452e-01   1.9494326e-01   3.3333333e+00
  9.8071601e-01  -1.9543827e-01  -9.8071594e-01   1.9543858e-01   3.3333333e+00
  9.8061724e-01  -1.9593320e-01  -9.8061719e-01   1.9593349e-01   3.3333333e+00
  9.8051829e-01  -1.9642778e-01  -9.8051824e-01   1.9642805e-01   3.3333333e+00
  9.8041914e-01  -1.9692207e-01  -9.8041909e-01   1.9692232e-01   3.3333333e+00
  9.8031978e-01  -1.9741612e-01  -9.8031974e-01   1.9741634e-01   3.3333333e+00
  9.8022020e-01  -1.9790997e-01  -9.8022016e-01   1.9791017e-01   3.3333333e+00
  9.8012039e-01  -1.9840367e-01  -9.8012036e-01   1.9840384e-01   3.3333333e+00
  9.8002035e-01  -1.9889725e-01  -9.8002032e-01   1.9889740e-01   3.3333333e+00
  9.7992006e-01  -1.9939075e-01  -9.7992004e-01   1.9939087e-01   3.3333333e+00
  9.7981953e-01  -1.9988418e-01  -9.7981951e-01   1.9988428e-01   3.3333333e+00
  9.7971875e-01  -2.0037759e-01  -9.7971873e-01   2.0037766e-01   3.3333333e+00
  9.7961771e-01  -2.0087097e-01  -9.7961770e-01   2.0087101e-01   3.3333333e+00
  9.7951641e-01  -2.0136434e-01  -9.7951641e-01   2.0136436e-01   3.3333333e+00
  9.7941486e-01  -2.0185771e-01  -9.7941486e-01   2.0185770e-01   3.3333333e+00
  9.7931305e-01  -2.0235108e-01  -9.7931305e-01   2.0235105e-01   3.3333333e+00
  9.7921097e-01  -2.0284445e-01  -9.7921098e-01   2.0284440e-01   3.3333333e+00
  9.7910864e-01  -2.0333783e-01  -9.7910865e-01   2.0333776e-01   3.3333333e+00
  9.7900604e-01  -2.0383124e-01  -9.7900606e-01   2.0383114e-01   3.3333333e+00
  9.7890317e-01  -2.0432470e-01  -9.7890320e-01   2.0432457e-01   3.3333333e+00
  9.7880003e-01  -2.0481822e-01  -9.7880006e-01   2.0481807e-01   3.3333333e+00
  9.7869661e-01  -2.0531184e-01  -9.7869664e-01   2.0531166e-01   3.3333333e+00
  9.7859290e-01  -2.0580559e-01  -9.7859294e-01   2.0580538e-01   3.3333333e+00
  9.7848889e-01  -2.0629950e-01  -9.7848894e-01   2.0629927e-01   3.3333333e+00
  9.7838459e-01  -2.0679363e-01  -9.7838464e-01   2.0679338e-01   3.3333333e+00
  9.7827996e-01  -2.0728801e-01  -9.7828002e-01   2.0728774e-01   3.3333333e+00
  9.7817501e-01  -2.0778271e-01  -9.7817507e-01   2.0778241e-01   3.3333333e+00
  9.7806971e-01  -2.0827779e-01  -9.7806978e-01   2.0827746e-01   3.3333333e+00
  9.7796406e-01  -2.0877330e-01  -9.7796414e-01   2.0877295e-01   3.3333333e+00
  9.7785804e-01  -2.0926932e-01  -9.7785812e-01   2.0926895e-01   3.3333333e+00
  9.7775163e-01  -2.0976593e-01  -9.7775172e-01   2.0976553e-01   3.3333333e+00
  9.7764482e-01  -2.1026320e-01  -9.7764491e-01   2.1026278e-01   3.3333333e+00
  9.7753757e-01  -2.1076123e-01  -9.7753767e-01   2.1076078e-01   3.3333333e+00
  9.7742988e-01  -2.1126011e-01  -9.7742998e-01   2.1125964e-01   3.3333333e+00
  9.7732171e-01  -2.1175994e-01  -9.7732182e-01   2.1175944e-01   3.3333333e+00
  9.7721305e-01  -2.1226082e-01  -9.7721316e-01   2.1226030e-01   3.3333333e+00
  9.7710386e-01  -2.1276287e-01  -9.7710398e-01   2.1276233e-01   3.3333333e+00
  9.7699412e-01  -2.1326622e-01  -9.7699425e-01   2.1326565e-01   3.3333333e+00
  9.7688380e-01  -2.1377099e-01  -9.7688393e-01   2.1377039e-01   3.3333333e+00
  9.7677287e-01  -2.1427731e-01  -9.7677300e-01   2.1427669e-01   3.3333333e+00
  9.7666128e-01  -2.1478534e-01  -9.7666142e-01   2.1478469e-01   3.3333333e+00
  9.7654901e-01  -2.1529523e-01  -9.7654916e-01   2.1529455e-01   3.3333333e+00
  9.7643601e-01  -2.1580714e-01  -9.7643616e-01   2.1580644e-01   3.3333333e+00
  9.7632224e-01  -2.1632124e-01  -9.7632240e-01   2.1632052e-01   3.3333333e+00
  9.7620766e-01  -2.1683773e-01  -9.7620783e-01   2.1683698e-01   3.3333333e+00
  9.7609222e-01  -2.1735680e-01  -9.7609239e-01   2.1735602e-01   3.3333333e+00
  9.7597587e-01  -2.1787866e-01  -9.7597605e-01   2.1787785e-01   3.3333333e+00
  9.7585854e-01  -2.1840353e-01  -9.7585873e-01   2.1840270e-01   3.3333333e+00
  9.7574020e-01  -2.1893165e-01  -9.7574039e-01   2.1893080e-01   3.3333333e+00
  9.7562076e-01  -2.1946329e-01  -9.7562096e-01   2.1946241e-01   3.3333333e+00
  9.7550016e-01  -2.1999870e-01  -9.7550037e-01   2.1999779e-01   3.3333333e+00
  9.7537834e-01  -2.2053819e-01  -9.7537855e-01   2.2053726e-01   3.3333333e+00
  9.7525521e-01  -2.2108207e-01  -9.7525543e-01   2.2108111e-01   3.3333333e+00
  9.7513068e-01  -2.2163067e-01  -9.7513091e-01   2.2162968e-01   3.3333333e+00
  9.7500467e-01  -2.2218437e-01  -9.7500490e-01   2.2218335e-01   3.3333333e+00
  9.7487708e-01  -2.2274354e-01  -9.7487732e-01   2.2274250e-01   3.3333333e+00
  9.7474779e-01  -2.2330863e-01  -9.7474804e-01   2.2330755e-01   3.3333333e+00
  9.7461670e-01  -2.2388008e-01  -9.7461695e-01   2.2387898e-01   3.3333333e+00
  9.7448367e-01  -2.2445841e-01  -9.7448393e-01   2.2445727e-01   3.3333333e+00
  9.7434857e-01  -2.2504415e-01  -9.7434884e-01   2.2504299e-01   3.3333333e+00
  9.7421124e-01  -2.2563791e-01  -9.7421151e-01   2.2563672e-01   3.3333333e+00
  9.7407151e-01  -2.2624034e-01  -9.7407179e-01   2.2623912e-01   3.3333333e+00
  9.7392920e-01  -2.2685217e-01  -9.7392949e-01   2.2685092e-01   3.3333333e+00
  9.7378411e-01  -2.2747420e-01  -9.7378441e-01   2.2747292e-01   3.3333333e+00
  9.7363600e-01  -2.2810731e-01  -9.7363630e-01   2.2810600e-01   3.3333333e+00
  9.7348461e-01  -2.2875250e-01  -9.7348493e-01   2.2875115e-01   3.3333333e+00
  9.7332967e-01  -2.2941087e-01  -9.7333000e-01   2.2940949e-01   3.3333333e+00
  9.7317085e-01  -2.3008367e-01  -9.7317118e-01   2.3008226e-01   3.3333333e+00
  9.7300778e-01  -2.3077233e-01  -9.7300812e-01   2.3077088e-01   3.3333333e+00
  9.7284004e-01  -2.3147843e-01  -9.7284039e-01   2.3147695e-01   3.3333333e+00
  9.7266715e-01  -2.3220384e-01  -9.7266751e-01   2.3220232e-01   3.3333333e+00
  9.7248855e-01  -2.3295068e-01  -9.7248892e-01   2.3294913e-01   3.3333333e+00
  9.7230360e-01  -2.3372143e-01  -9.7230398e-01   2.3371984e-01   3.3333333e+00
  9.7211153e-01  -2.3451901e-01  -9.7211193e-01   2.3451737e-01   3.3333333e+00
  9.7191144e-01  -2.3534687e-01  -9.7191185e-01   2.3534520e-01   3.3333333e+00
  9.7170223e-01  -2.3620916e-01  -9.7170265e-01   2.3620745e-01   3.3333333e+00
  9.7148258e-01  -2.3711094e-01  -9.7148301e-01   2.3710918e-01   3.3333333e+00
  9.7125084e-01  -2.3805843e-01  -9.7125128e-01   2.3805662e-01   3.3333333e+00
  9.7100494e-01  -2.3905944e-01  -9.7100539e-01   2.3905758e-01   3.3333333e+00
  9.7074222e-01  -2.4012400e-01  -9.7074269e-01   2.4012210e-01   3.3333333e+00
  9.7045920e-01  -2.4126528e-01  -9.7045969e-01   2.4126332e-01   3.3333333e+00
  9.7015114e-01  -2.4250107e-01  -9.7015164e-01   2.4249905e-01   3.3333333e+00
  9.6981136e-01  -2.4385637e-01  -9.6981189e-01   2.4385427e-01   3.3333333e+00
  9.6943003e-01  -2.4536793e-01  -9.6943058e-01   2.4536577e-01   3.3333333e+00
  9.6899166e-01  -2.4709341e-01  -9.6899224e-01   2.4709116e-01   3.3333333e+00
  9.6846968e-01  -2.4913145e-01  -9.6847028e-01   2.4912910e-01   3.3333333e+00
  9.6781179e-01  -2.5167506e-01  -9.6781244e-01   2.5167258e-01   3.3333333e+00
  9.6688831e-01  -2.5519993e-01  -9.6688901e-01   2.5519727e-01   3.3333333e+00
  9.6513831e-01  -2.6174040e-01  -9.6513912e-01   2.6173742e-01   3.3333333e+00
  9.9002555e-01  -1.4088797e-01  -9.9002511e-01   1.4089103e-01   3.3333333e+00
  9.8905121e-01  -1.4757272e-01  -9.8905080e-01   1.4757544e-01   3.3333333e+00
  9.8850826e-01  -1.5116687e-01  -9.8850787e-01   1.5116941e-01   3.3333333e+00
  9.8810873e-01  -1.5375673e-01  -9.8810836e-01   1.5375914e-01   3.3333333e+00
  9.8778396e-01  -1.5582955e-01  -9.8778360e-01   1.5583186e-01   3.3333333e+00
  9.8750576e-01  -1.5758289e-01  -9.8750541e-01   1.5758511e-01   3.3333333e+00
  9.8725962e-01  -1.5911767e-01  -9.8725928e-01   1.5911981e-01   3.3333333e+00
  9.8703701e-01  -1.6049283e-01  -9.8703667e-01   1.6049490e-01   3.3333333e+00
  9.8683243e-01  -1.6174594e-01  -9.8683210e-01   1.6174795e-01   3.3333333e+00
  9.8664216e-01  -1.6290256e-01  -9.8664184e-01   1.6290451e-01   3.3333333e+00
  9.8646352e-01  -1.6398086e-01  -9.8646321e-01   1.6398275e-01   3.3333333e+00
  9.8629452e-01  -1.6499428e-01  -9.8629421e-01   1.6499613e-01   3.3333333e+00
  9.8613365e-01  -1.6595307e-01  -9.8613335e-01   1.6595486e-01   3.3333333e+00
  9.8597972e-01  -1.6686519e-01  -9.8597942e-01   1.6686694e-01   3.3333333e+00
  9.8583178e-01  -1.6773702e-01  -9.8583149e-01   1.6773873e-01   3.3333333e+00
  9.8568905e-01  -1.6857370e-01  -9.8568877e-01   1.6857536e-01   3.3333333e+00
  9.8555091e-01  -1.6937945e-01  -9.8555063e-01   1.6938108e-01   3.3333333e+00
  9.8541682e-01  -1.7015782e-01  -9.8541655e-01   1.7015941e-01   3.3333333e+00
  9.8528634e-01  -1.7091177e-01  -9.8528607e-01   1.7091332e-01   3.3333333e+00
  9.8515907e-01  -1.7164384e-01  -9.8515881e-01   1.7164535e-01   3.3333333e+00
  9.8503469e-01  -1.7235618e-01  -9.8503443e-01   1.7235766e-01   3.3333333e+00
  9.8491292e-01  -1.7305070e-01  -9.8491266e-01   1.7305214e-01   3.3333333e+00
  9.8479349e-01  -1.7372902e-01  -9.8479325e-01   1.7373043e-01   3.3333333e+00
  9.8467620e-01  -1.7439259e-01  -9.8467596e-01   1.7439396e-01   3.3333333e+00
  9.8456085e-01  -1.7504268e-01  -9.8456061e-01   1.7504402e-01   3.3333333e+00
  9.8444725e-01  -1.7568042e-01  -9.8444702e-01   1.7568172e-01   3.3333333e+00
  9.8433526e-01  -1.7630681e-01  -9.8433503e-01   1.7630809e-01   3.3333333e+00
  9.8422474e-01  -1.7692277e-01  -9.8422451e-01   1.7692402e-01   3.3333333e+00
  9.8411555e-01  -1.7752911e-01  -9.8411533e-01   1.7753032e-01   3.3333333e+00
  9.8400759e-01  -1.7812656e-01  -9.8400737e-01   1.7812774e-01   3.3333333e+00
  9.8390074e-01  -1.7871579e-01  -9.8390053e-01   1.7871695e-01   3.3333333e+00
  9.8379492e-01  -1.7929742e-01  -9.8379471e-01   1.7929854e-01   3.3333333e+00
  9.8369002e-01  -1.7987200e-01  -9.8368982e-01   1.7987309e-01   3.3333333e+00
  9.8358599e-01  -1.8044004e-01  -9.8358579e-01   1.8044110e-01   3.3333333e+00
  9.8348273e-01  -1.8100201e-01  -9.8348254e-01   1.8100305e-01   3.3333333e+00
  9.8338018e-01  -1.8155834e-01  -9.8337999e-01   1.8155935e-01   3.3333333e+00
  9.8327827e-01  -1.8210944e-01  -9.8327809e-01   1.8211042e-01   3.3333333e+00
  9.8317695e-01  -1.8265567e-01  -9.8317677e-01   1.8265663e-01   3.3333333e+00
  9.8307615e-01  -1.8319738e-01  -9.8307598e-01   1.8319831e-01   3.3333333e+00
  9.8297583e-01  -1.8373489e-01  -9.8297566e-01   1.8373580e-01   3.3333333e+00
  9.8287594e-01  -1.8426850e-01  -9.8287578e-01   1.8426938e-01   3.3333333e+00
  9.8277644e-01  -1.8479848e-01  -9.8277628e-01   1.8479933e-01   3.3333333e+00
  9.8267727e-01  -1.8532510e-01  -9.8267711e-01   1.8532592e-01   3.3333333e+00
  9.8257839e-01  -1.8584859e-01  -9.8257824e-01   1.8584939e-01   3.3333333e+00
  9.8247978e-01  -1.8636919e-01  -9.8247964e-01   1.8636996e-01   3.3333333e+00
  9.8238140e-01  -1.8688711e-01  -9.8238125e-01   1.8688786e-01   3.3333333e+00
  9.8228320e-01  -1.8740256e-01  -9.8228306e-01   1.8740328e-01   3.3333333e+00
  9.8218516e-01  -1.8791571e-01  -9.8218503e-01   1.8791641e-01   3.3333333e+00
  9.8208724e-01  -1.8842676e-01  -9.8208712e-01   1.8842743e-01   3.3333333e+00
  9.8198943e-01  -1.8893586e-01  -9.8198931e-01   1.8893651e-01   3.3333333e+00
  9.8189168e-01  -1.8944318e-01  -9.8189157e-01   1.8944380e-01   3.3333333e+00
  9.8179398e-01  -1.8994887e-01  -9.8179387e-01   1.8994946e-01   3.3333333e+00
  9.8169630e-01  -1.9045306e-01  -9.8169619e-01   1.9045362e-01   3.3333333e+00
  9.8159862e-01  -1.9095588e-01  -9.8159851e-01   1.9095642e-01   3.3333333e+00
  9.8150091e-01  -1.9145747e-01  -9.8150081e-01   1.9145799e-01   3.3333333e+00
  9.8140315e-01  -1.9195794e-01  -9.8140306e-01   1.9195843e-01   3.3333333e+00
  9.8130533e-01  -1.9245740e-01  -9.8130524e-01   1.9245786e-01   3.3333333e+00
  9.8120742e-01  -1.9295594e-01  -9.8120733e-01   1.9295639e-01   3.3333333e+00
  9.8110941e-01  -1.9345368e-01  -9.8110933e-01   1.9345410e-01   3.3333333e+00
  9.8101128e-01  -1.9395070e-01  -9.8101120e-01   1.9395109e-01   3.3333333e+00
  9.8091301e-01  -1.9444709e-01  -9.8091294e-01   1.9444746e-01   3.3333333e+00
  9.8081459e-01  -1.9494292e-01  -9.8081452e-01   1.9494326e-01   3.3333333e+00
  9.8071601e-01  -1.9543827e-01  -9.8071594e-01   1.9543858e-01   3.3333333e+00
  9.8061724e-01  -1.9593320e-01  -9.8061719e-01   1.9593349e-01   3.3333333e+00
  9.8051829e-01  -1.9642778e-01  -9.8051824e-01   1.9642805e-01   3.3333333e+00
  9.8041914e-01  -1.9692207e-01  -9.8041909e-01   1.9692232e-01   3.3333333e+00
  9.8031978e-01  -1.9741612e-01  -9.8031974e-01   1.9741634e-01   3.3333333e+00
  9.8022020e-01  -1.9790997e-01  -9.8022016e-01   1.9791017e-01   3.3333333e+00
  9.8012039e-01  -1.9840367e-01  -9.8012036e-01   1.9840384e-01   3.3333333e+00
  9.8002035e-01  -1.9889725e-01  -9.8002032e-01   1.9889740e-01   3.3333333e+00
  9.7992006e-01  -1.9939075e-01  -9.7992004e-01   1.9939087e-01   3.3333333e+00
  9.7981953e-01  -1.9988418e-01  -9.7981951e-01   1.9988428e-01   3.3333333e+00
  9.7971875e-01  -2.0037759e-01  -9.7971873e-01   2.0037766e-01   3.3333333e+00
  9.7961771e-01  -2.0087097e-01  -9.7961770e-01   2.0087101e-01   3.3333333e+00
  9.7951641e-01  -2.0136434e-01  -9.7951641e-01   2.0136436e-01   3.3333333e+00
  9.7941486e-01  -2.0185771e-01  -9.7941486e-01   2.0185770e-01   3.3333333e+00
  9.7931305e-01  -2.0235108e-01  -9.7931305e-01   2.0235105e-01   3.3333333e+00
  9.7921097e-01  -2.0284445e-01  -9.7921098e-01   2.0284440e-01   3.3333333e+00
  9.7910864e-01  -2.0333783e-01  -9.7910865e-01   2.0333776e-01   3.3333333e+00
  9.7900604e-01  -2.0383124e-01  -9.7900606e-01   2.0383114e-01   3.3333333e+00
  9.7890317e-01  -2.0432470e-01  -9.7890320e-01   2.0432457e-01   3.3333333e+00
  9.7880003e-01  -2.0481822e-01  -9.7880006e-01   2.0481807e-01   3.3333333e+00
  9.7869661e-01  -2.0531184e-01  -9.7869664e-01   2.0531166e-01   3.3333333e+00
  9.7859290e-01  -2.0580559e-01  -9.7859294e-01   2.0580538e-01   3.3333333e+00
  9.7848889e-01  -2.0629950e-01  -9.7848894e-01   2.0629927e-01   3.3333333e+00
  9.7838459e-01  -2.0679363e-01  -9.7838464e-01   2.0679338e-01   3.3333333e+00
  9.7827996e-01  -2.0728801e-01  -9.7828002e-01   2.0728774e-01   3.3333333e+00
  9.7817501e-01  -2.0778271e-01  -9.7817507e-01   2.0778241e-01   3.3333333e+00
  9.7806971e-01  -2.0827779e-01  -9.7806978e-01   2.0827746e-01   3.3333333e+00
  9.7796406e-01  -2.0877330e-01  -9.7796414e-01   2.0877295e-01   3.3333333e+00
  9.7785804e-01  -2.0926932e-01  -9.7785812e-01   2.0926895e-01   3.3333333e+00
  9.7775163e-01  -2.0976593e-01  -9.7775172e-01   2.0976553e-01   3.3333333e+00
  9.7764482e-01  -2.1026320e-01  -9.7764491e-01   2.1026278e-01   3.3333333e+00
  9.7753757e-01  -2.1076123e-01  -9.7753767e-01   2.1076078e-01   3.3333333e+00
  9.7742988e-01  -2.1126011e-01  -9.7742998e-01   2.1125964e-01   3.3333333e+00
  9.7732171e-01  -2.1175994e-01  -9.7732182e-01   2.1175944e-01   3.3333333e+00
  9.7721305e-01  -2.1226082e-01  -9.7721316e-01   2.1226030e-01   3.3333333e+00
  9.7710386e-01  -2.1276287e-01  -9.7710398e-01   2.1276233e-01   3.3333333e+00
  9.7699412e-01  -2.1326622e-01  -9.7699425e-01   2.1326565e-01   3.3333333e+00
  9.7688380e-01  -2.1377099e-01  -9.7688393e-01   2.1377039e-01   3.3333333e+00
  9.7677287e-01  -2.1427731e-01  -9.7677300e-01   2.1427669e-01   3.3333333e+00
  9.7666128e-01  -2.1478534e-01  -9.7666142e-01   2.1478469e-01   3.3333333e+00
  9.7654901e-01  -2.1529523e-01  -9.7654916e-01   2.1529455e-01   3.3333333e+00
  9.7643601e-01  -2.1580714e-01  -9.7643616e-01   2.1580644e-01   3.3333333e+00
  9.7632224e-01  -2.1632124e-01  -9.7632240e-01   2.1632052e-01   3.3333333e+00
  9.7620766e-01  -2.1683773e-01  -9.7620783e-01   2.1683698e-01   3.3333333e+00
  9.7609222e-01  -2.1735680e-01  -9.7609239e-01   2.1735602e-01   3.3333333e+00
  9.7597587e-01  -2.1787866e-01  -9.7597605e-01   2.1787785e-01   3.3333333e+00
  9.7585854e-01  -2.1840353e-01  -9.7585873e-01   2.1840270e-01   3.3333333e+00
  9.7574020e-01  -2.1893165e-01  -9.7574039e-01   2.1893080e-01   3.3333333e+00
  9.7562076e-01  -2.1946329e-01  -9.7562096e-01   2.1946241e-01   3.3333333e+00
  9.7550016e-01  -2.1999870e-01  -9.7550037e-01   2.1999779e-01   3.3333333e+00
  9.7537834e-01  -2.2053819e-01  -9.7537855e-01   2.2053726e-01   3.3333333e+00
  9.7525521e-01  -2.2108207e-01  -9.7525543e-01   2.2108111e-01   3.3333333e+00
  9.7513068e-01  -2.2163067e-01  -9.7513091e-01   2.2162968e-01   3.3333333e+00
  9.7500467e-01  -2.2218437e-01  -9.7500490e-01   2.2218335e-01   3.3333333e+00
  9.7487708e-01  -2.2274354e-01  -9.7487732e-01   2.2274250e-01   3.3333333e+00
  9.7474779e-01  -2.2330863e-01  -9.7474804e-01   2.2330755e-01   3.3333333e+00
  9.7461670e-01  -2.2388008e-01  -9.7461695e-01   2.2387898e-01   3.3333333e+00
  9.7448367e-01  -2.2445841e-01  -9.7448393e-01   2.2445727e-01   3.3333333e+00
  9.7434857e-01  -2.2504415e-01  -9.7434884e-01   2.2504299e-01   3.3333333e+00
  9.7421124e-01  -2.2563791e-01  -9.7421151e-01   2.2563672e-01   3.3333333e+00
  9.7407151e-01  -2.2624034e-01  -9.7407179e-01   2.2623912e-01   3.3333333e+00
  9.7392920e-01  -2.2685217e-01  -9.7392949e-01   2.2685092e-01   3.3333333e+00
  9.7378411e-01  -2.2747420e-01  -9.7378441e-01   2.2747292e-01   3.3333333e+00
  9.7363600e-01  -2.2810731e-01  -9.7363630e-01   2.2810600e-01   3.3333333e+00
  9.7348461e-01  -2.2875250e-01  -9.7348493e-01   2.2875115e-01   3.3333333e+00
  9.7332967e-01  -2.2941087e-01  -9.7333000e-01   2.2940949e-01   3.3333333e+00
  9.7317085e-01  -2.3008367e-01  -9.7317118e-01   2.3008226e-01   3.3333333e+00
  9.7300778e-01  -2.3077233e-01  -9.7300812e-01   2.3077088e-01   3.3333333e+00
  9.7284004e-01  -2.3147843e-01  -9.7284039e-01   2.3147695e-01   3.3333333e+00
  9.7266715e-01  -2.3220384e-01  -9.7266751e-01   2.3220232e-01   3.3333333e+00
  9.7248855e-01  -2.3295068e-01  -9.7248892e-01   2.3294913e-01   3.3333333e+00
  9.7230360e-01  -2.3372143e-01  -9.7230398e-01   2.3371984e-01   3.3333333e+00
  9.7211153e-01  -2.3451901e-01  -9.7211193e-01   2.3451737e-01   3.3333333e+00
  9.7191144e-01  -2.3534687e-01  -9.7191185e-01   2.3534520e-01   3.3333333e+00
  9.7170223e-01  -2.3620916e-01  -9.7170265e-01   2.3620745e-01   3.3333333e+00
  9.7148258e-01  -2.3711094e-01  -9.7148301e-01   2.3710918e-01   3.3333333e+00
  9.7125084e-01  -2.3805843e-01  -9.7125128e-01   2.3805662e-01   3.3333333e+00
  9.7100494e-01  -2.3905944e-01  -9.7100539e-01   2.3905758e-01   3.3333333e+00
  9.7074222e-01  -2.4012400e-01  -9.7074269e-01   2.4012210e-01   3.3333333e+00
  9.7045920e-01  -2.4126528e-01  -9.7045969e-01   2.4126332e-01   3.3333333e+00
  9.7015114e-01  -2.4250107e-01  -9.7015164e-01   2.4249905e-01   3.3333333e+00
  9.6981136e-01  -2.4385637e-01  -9.6981189e-01   2.4385427e-01   3.3333333e+00
  9.6943003e-01  -2.4536793e-01  -9.6943058e-01   2.4536577e-01   3.3333333e+00
  9.6899166e-01  -2.4709341e-01  -9.6899224e-01   2.4709116e-01   3.3333333e+00
  9.6846968e-01  -2.4913145e-01  -9.6847028e-01   2.4912910e-01   3.3333333e+00
  9.6781179e-01  -2.5167506e-01  -9.6781244e-01   2.5167258e-01   3.3333333e+00
  9.6688831e-01  -2.5519993e-01  -9.6688901e-01   2.5519727e-01   3.3333333e+00
  9.6513831e-01  -2.6174040e-01  -9.6513912e-01   2.6173742e-01   3.3333333e+00
  9.6358066e-01  -2.6741786e-01  -9.6357983e-01   2.6742084e-01   3.3333333e+00
  9.6175358e-01  -2.7391614e-01  -9.6175282e-01   2.7391879e-01   3.3333333e+00
  9.6075240e-01  -2.7740734e-01  -9.6075168e-01   2.7740981e-01   3.3333333e+00
  9.6002280e-01  -2.7992181e-01  -9.6002212e-01   2.7992416e-01   3.3333333e+00
  9.5943393e-01  -2.8193357e-01  -9.5943327e-01   2.8193582e-01   3.3333333e+00
  9.5893239e-01  -2.8363476e-01  -9.5893175e-01   2.8363691e-01   3.3333333e+00
  9.5849079e-01  -2.8512349e-01  -9.5849017e-01   2.8512558e-01   3.3333333e+00
  9.5809307e-01  -2.8645709e-01  -9.5809247e-01   2.8645910e-01   3.3333333e+00
  9.5772897e-01  -2.8767209e-01  -9.5772838e-01   2.8767404e-01   3.3333333e+00
  9.5739147e-01  -2.8879330e-01  -9.5739090e-01   2.8879520e-01   3.3333333e+00
  9.5707559e-01  -2.8983842e-01  -9.5707503e-01   2.8984026e-01   3.3333333e+00
  9.5677763e-01  -2.9082050e-01  -9.5677709e-01   2.9082229e-01   3.3333333e+00
  9.5649477e-01  -2.9174948e-01  -9.5649424e-01   2.9175122e-01   3.3333333e+00
  9.5622479e-01  -2.9263312e-01  -9.5622427e-01   2.9263482e-01   3.3333333e+00
  9.5596595e-01  -2.9347761e-01  -9.5596544e-01   2.9347927e-01   3.3333333e+00
  9.5571681e-01  -2.9428793e-01  -9.5571631e-01   2.9428955e-01   3.3333333e+00
  9.5547619e-01  -2.9506822e-01  -9.5547570e-01   2.9506980e-01   3.3333333e+00
  9.5524312e-01  -2.9582188e-01  -9.5524264e-01   2.9582342e-01   3.3333333e+00
  9.5501676e-01  -2.9655182e-01  -9.5501630e-01   2.9655333e-01   3.3333333e+00
  9.5479642e-01  -2.9726049e-01  -9.5479596e-01   2.9726196e-01   3.3333333e+00
  9.5458148e-01  -2.9794999e-01  -9.5458103e-01   2.9795143e-01   3.3333333e+00
  9.5437142e-01  -2.9862216e-01  -9.5437098e-01   2.9862356e-01   3.3333333e+00
  9.5416577e-01  -2.9927859e-01  -9.5416534e-01   2.9927996e-01   3.3333333e+00
  9.5396414e-01  -2.9992068e-01  -9.5396372e-01   2.9992202e-01   3.3333333e+00
  9.5376617e-01  -3.0054966e-01  -9.5376576e-01   3.0055097e-01   3.3333333e+00
  9.5357153e-01  -3.0116664e-01  -9.5357113e-01   3.0116791e-01   3.3333333e+00
  9.5337994e-01  -3.0177258e-01  -9.5337955e-01   3.0177382e-01   3.3333333e+00
  9.5319115e-01  -3.0236837e-01  -9.5319077e-01   3.0236958e-01   3.3333333e+00
  9.5300492e-01  -3.0295481e-01  -9.5300455e-01   3.0295599e-01   3.3333333e+00
  9.5282106e-01  -3.0353259e-01  -9.5282069e-01   3.0353375e-01   3.3333333e+00
  9.5263935e-01  -3.0410239e-01  -9.5263899e-01   3.0410351e-01   3.3333333e+00
  9.5245964e-01  -3.0466478e-01  -9.5245929e-01   3.0466588e-01   3.3333333e+00
  9.5228177e-01  -3.0522031e-01  -9.5228142e-01   3.0522138e-01   3.3333333e+00
  9.5210558e-01  -3.0576948e-01  -9.5210524e-01   3.0577052e-01   3.3333333e+00
  9.5193094e-01  -3.0631273e-01  -9.5193061e-01   3.0631374e-01   3.3333333e+00
  9.5175773e-01  -3.0685050e-01  -9.5175741e-01   3.0685148e-01   3.3333333e+00
  9.5158583e-01  -3.0738316e-01  -9.5158552e-01   3.0738412e-01   3.3333333e+00
  9.5141514e-01  -3.0791109e-01  -9.5141483e-01   3.0791202e-01   3.3333333e+00
  9.5124555e-01  -3.0843461e-01  -9.5124526e-01   3.0843551e-01   3.3333333e+00
  9.5107697e-01  -3.0895403e-01  -9.5107669e-01   3.0895491e-01   3.3333333e+00
  9.5090932e-01  -3.0946964e-01  -9.5090905e-01   3.0947049e-01   3.3333333e+00
  9.5074252e-01  -3.0998172e-01  -9.5074225e-01   3.0998254e-01   3.3333333e+00
  9.5057648e-01  -3.1049051e-01  -9.5057622e-01   3.1049131e-01   3.3333333e+00
  9.5041114e-01  -3.1099625e-01  -9.5041088e-01   3.1099703e-01   3.3333333e+00
  9.5024642e-01  -3.1149917e-01  -9.5024618e-01   3.1149992e-01   3.3333333e+00
  9.5008227e-01  -3.1199947e-01  -9.5008204e-01   3.1200020e-01   3.3333333e+00
  9.4991863e-01  -3.1249735e-01  -9.4991840e-01   3.1249805e-01   3.3333333e+00
  9.4975544e-01  -3.1299299e-01  -9.4975521e-01   3.1299367e-01   3.3333333e+00
  9.4959263e-01  -3.1348657e-01  -9.4959242e-01   3.1348722e-01   3.3333333e+00
  9.4943018e-01  -3.1397824e-01  -9.4942997e-01   3.1397887e-01   3.3333333e+00
  9.4926802e-01  -3.1446817e-01  -9.4926782e-01   3.1446877e-01   3.3333333e+00
  9.4910611e-01  -3.1495649e-01  -9.4910592e-01   3.1495706e-01   3.3333333e+00
  9.4894441e-01  -3.1544334e-01  -9.4894423e-01   3.1544389e-01   3.3333333e+00
  9.4878288e-01  -3.1592886e-01  -9.4878271e-01   3.1592938e-01   3.3333333e+00
  9.4862148e-01  -3.1641315e-01  -9.4862131e-01   3.1641366e-01   3.3333333e+00
  9.4846018e-01  -3.1689635e-01  -9.4846001e-01   3.1689683e-01   3.3333333e+00
  9.4829893e-01  -3.1737855e-01  -9.4829878e-01   3.1737900e-01   3.3333333e+00
  9.4813771e-01  -3.1785985e-01  -9.4813756e-01   3.1786028e-01   3.3333333e+00
  9.4797649e-01  -3.1834036e-01  -9.4797635e-01   3.1834076e-01   3.3333333e+00
  9.4781523e-01  -3.1882015e-01  -9.4781510e-01   3.1882053e-01   3.3333333e+00
  9.4765392e-01  -3.1929931e-01  -9.4765380e-01   3.1929967e-01   3.3333333e+00
  9.4749252e-01  -3.1977793e-01  -9.4749241e-01   3.1977826e-01   3.3333333e+00
  9.4733102e-01  -3.2025606e-01  -9.4733091e-01   3.2025637e-01   3.3333333e+00
  9.4716938e-01  -3.2073378e-01  -9.4716929e-01   3.2073407e-01   3.3333333e+00
  9.4700760e-01  -3.2121115e-01  -9.4700751e-01   3.2121141e-01   3.3333333e+00
  9.4684565e-01  -3.2168822e-01  -9.4684557e-01   3.2168846e-01   3.3333333e+00
  9.4668352e-01  -3.2216505e-01  -9.4668344e-01   3.2216527e-01   3.3333333e+00
  9.4652118e-01  -3.2264168e-01  -9.4652111e-01   3.2264187e-01   3.3333333e+00
  9.4635863e-01  -3.2311816e-01  -9.4635857e-01   3.2311833e-01   3.3333333e+00
  9.4619585e-01  -3.2359451e-01  -9.4619580e-01   3.2359466e-01   3.3333333e+00
  9.4603284e-01  -3.2407078e-01  -9.4603280e-01   3.2407090e-01   3.3333333e+00
  9.4586958e-01  -3.2454698e-01  -9.4586954e-01   3.2454708e-01   3.3333333e+00
  9.4570606e-01  -3.2502315e-01  -9.4570604e-01   3.2502322e-01   3.3333333e+00
  9.4554228e-01  -3.2549929e-01  -9.4554227e-01   3.2549934e-01   3.3333333e+00
  9.4537824e-01  -3.2597542e-01  -9.4537824e-01   3.2597545e-01   3.3333333e+00
  9.4521394e-01  -3.2645155e-01  -9.4521394e-01   3.2645155e-01   3.3333333e+00
  9.4504936e-01  -3.2692768e-01  -9.4504937e-01   3.2692765e-01   3.3333333e+00
  9.4488452e-01  -3.2740381e-01  -9.4488453e-01   3.2740376e-01   3.3333333e+00
  9.4471940e-01  -3.2787995e-01  -9.4471942e-01   3.2787988e-01   3.3333333e+00
  9.4455400e-01  -3.2835611e-01  -9.4455404e-01   3.2835602e-01   3.3333333e+00
  9.4438833e-01  -3.2883231e-01  -9.4438837e-01   3.2883219e-01   3.3333333e+00
  9.4422236e-01  -3.2930857e-01  -9.4422241e-01   3.2930843e-01   3.3333333e+00
  9.4405610e-01  -3.2978491e-01  -9.4405615e-01   3.2978475e-01   3.3333333e+00
  9.4388952e-01  -3.3026137e-01  -9.4388959e-01   3.3026118e-01   3.3333333e+00
  9.4372262e-01  -3.3073799e-01  -9.4372269e-01   3.3073778e-01   3.3333333e+00
  9.4355538e-01  -3.3121480e-01  -9.4355546e-01   3.3121456e-01   3.3333333e+00
  9.4338779e-01  -3.3169185e-01  -9.4338788e-01   3.3169159e-01   3.3333333e+00
  9.4321982e-01  -3.3216919e-01  -9.4321992e-01   3.3216890e-01   3.3333333e+00
  9.4305146e-01  -3.3264688e-01  -9.4305157e-01   3.3264657e-01   3.3333333e+00
  9.4288268e-01  -3.3312498e-01  -9.4288280e-01   3.3312465e-01   3.3333333e+00
  9.4271346e-01  -3.3360355e-01  -9.4271359e-01   3.3360320e-01   3.3333333e+00
  9.4254377e-01  -3.3408268e-01  -9.4254391e-01   3.3408230e-01   3.3333333e+00
  9.4237359e-01  -3.3456243e-01  -9.4237373e-01   3.3456203e-01   3.3333333e+00
  9.4220288e-01  -3.3504289e-01  -9.4220303e-01   3.3504246e-01   3.3333333e+00
  9.4203160e-01  -3.3552415e-01  -9.4203176e-01   3.3552370e-01   3.3333333e+00
  9.4185973e-01  -3.3600631e-01  -9.4185990e-01   3.3600584e-01   3.3333333e+00
  9.4168723e-01  -3.3648947e-01  -9.4168741e-01   3.3648897e-01   3.3333333e+00
  9.4151405e-01  -3.3697374e-01  -9.4151423e-01   3.3697321e-01   3.3333333e+00
  9.4134015e-01  -3.3745923e-01  -9.4134034e-01   3.3745868e-01   3.3333333e+00
  9.4116548e-01  -3.3794607e-01  -9.4116568e-01   3.3794549e-01   3.3333333e+00
  9.4098999e-01  -3.3843438e-01  -9.4099021e-01   3.3843378e-01   3.3333333e+00
  9.4081364e-01  -3.3892431e-01  -9.4081387e-01   3.3892369e-01   3.3333333e+00
  9.4063636e-01  -3.3941601e-01  -9.4063660e-01   3.3941537e-01   3.3333333e+00
  9.4045810e-01  -3.3990964e-01  -9.4045834e-01   3.3990897e-01   3.3333333e+00
  9.4027879e-01  -3.4040535e-01  -9.4027904e-01   3.4040465e-01   3.3333333e+00
  9.4009836e-01  -3.4090333e-01  -9.4009862e-01   3.4090261e-01   3.3333333e+00
  9.3991673e-01  -3.4140377e-01  -9.3991700e-01   3.4140302e-01   3.3333333e+00
  9.3973384e-01  -3.4190687e-01  -9.3973412e-01   3.4190610e-01   3.3333333e+00
  9.3954960e-01  -3.4241284e-01  -9.3954989e-01   3.4241204e-01   3.3333333e+00
  9.3936391e-01  -3.4292191e-01  -9.3936421e-01   3.4292109e-01   3.3333333e+00
  9.3917669e-01  -3.4343433e-01  -9.3917700e-01   3.4343349e-01   3.3333333e+00
  9.3898783e-01  -3.4395036e-01  -9.3898815e-01   3.4394949e-01   3.3333333e+00
  9.3879722e-01  -3.4447029e-01  -9.3879755e-01   3.4446939e-01   3.3333333e+00
  9.3860474e-01  -3.4499440e-01  -9.3860508e-01   3.4499348e-01   3.3333333e+00
  9.3841027e-01  -3.4552303e-01  -9.3841062e-01   3.4552208e-01   3.3333333e+00
  9.3821367e-01  -3.4605652e-01  -9.3821403e-01   3.4605555e-01   3.3333333e+00
  9.3801478e-01  -3.4659526e-01  -9.3801515e-01   3.4659425e-01   3.3333333e+00
  9.3781345e-01  -3.4713964e-01  -9.3781383e-01   3.4713861e-01   3.3333333e+00
  9.3760951e-01  -3.4769011e-01  -9.3760990e-01   3.4768906e-01   3.3333333e+00
  9.3740275e-01  -3.4824716e-01  -9.3740315e-01   3.4824608e-01   3.3333333e+00
  9.3719298e-01  -3.4881131e-01  -9.3719339e-01   3.4881019e-01   3.3333333e+00
  9.3697995e-01  -3.4938312e-01  -9.3698038e-01   3.4938198e-01   3.3333333e+00
  9.3676343e-01  -3.4996324e-01  -9.3676387e-01   3.4996207e-01   3.3333333e+00
  9.3654314e-01  -3.5055235e-01  -9.3654359e-01   3.5055115e-01   3.3333333e+00
  9.3631876e-01  -3.5115123e-01  -9.3631922e-01   3.5115000e-01   3.3333333e+00
  9.3608995e-01  -3.5176072e-01  -9.3609042e-01   3.5175946e-01   3.3333333e+00
  9.3585634e-01  -3.5238177e-01  -9.3585682e-01   3.5238048e-01   3.3333333e+00
  9.3561749e-01  -3.5301545e-01  -9.3561799e-01   3.5301413e-01   3.3333333e+00
  9.3537293e-01  -3.5366296e-01  -9.3537344e-01   3.5366160e-01   3.3333333e+00
  9.3512210e-01  -3.5432564e-01  -9.3512262e-01   3.5432426e-01   3.3333333e+00
  9.3486438e-01  -3.5500505e-01  -9.3486492e-01   3.5500363e-01   3.3333333e+00
  9.3459907e-01  -3.5570294e-01  -9.3459962e-01   3.5570149e-01   3.3333333e+00
  9.3432532e-01  -3.5642137e-01  -9.3432589e-01   3.5641988e-01   3.3333333e+00
  9.3404218e-01  -3.5716271e-01  -9.3404276e-01   3.5716119e-01   3.3333333e+00
  9.3374851e-01  -3.5792976e-01  -9.3374911e-01   3.5792820e-01   3.3333333e+00
  9.3344297e-01  -3.5872583e-01  -9.3344359e-01   3.5872422e-01   3.3333333e+00
  9.3312394e-01  -3.5955489e-01  -9.3312457e-01   3.5955325e-01   3.3333333e+00
  9.3278944e-01  -3.6042179e-01  -9.3279009e-01   3.6042010e-01   3.3333333e+00
  9.3243704e-01  -3.6133249e-01  -9.3243771e-01   3.6133076e-01   3.3333333e+00
  9.3206368e-01  -3.6229448e-01  -9.3206437e-01   3.6229270e-01   3.3333333e+00
  9.3166544e-01  -3.6331737e-01  -9.3166615e-01   3.6331555e-01   3.3333333e+00
  9.3123713e-01  -3.6441377e-01  -9.3123787e-01   3.6441189e-01   3.3333333e+00
  9.3077178e-01  -3.6560074e-01  -9.3077254e-01   3.6559880e-01   3.3333333e+00
  9.3025952e-01  -3.6690220e-01  -9.3026031e-01   3.6690020e-01   3.3333333e+00
  9.2968585e-01  -3.6835338e-01  -9.2968667e-01   3.6835131e-01   3.3333333e+00
  9.2902798e-01  -3.7000949e-01  -9.2902884e-01   3.7000733e-01   3.3333333e+00
  9.2824677e-01  -3.7196497e-01  -9.2824767e-01   3.7196272e-01   3.3333333e+00
  9.2726544e-01  -3.7440460e-01  -9.2726640e-01   3.7440223e-01   3.3333333e+00
  9.2589388e-01  -3.7778370e-01  -9.2589492e-01   3.7778116e-01   3.3333333e+00
  9.2331291e-01  -3.8404854e-01  -9.2331409e-01   3.8404569e-01   3.3333333e+00
  9.6358066e-01  -2.6741786e-01  -9.6357983e-01   2.6742084e-01   3.3333333e+00
  9.6175358e-01  -2.7391614e-01  -9.6175282e-01   2.7391879e-01   3.3333333e+00
  9.6075240e-01  -2.7740734e-01  -9.6075168e-01   2.7740981e-01   3.3333333e+00
  9.6002280e-01  -2.7992181e-01  -9.6002212e-01   2.7992416e-01   3.3333333e+00
  9.5943393e-01  -2.8193357e-01  -9.5943327e-01   2.8193582e-01   3.3333333e+00
  9.5893239e-01  -2.8363476e-01  -9.5893175e-01   2.8363691e-01   3.3333333e+00
  9.5849079e-01  -2.8512349e-01  -9.5849017e-01   2.8512558e-01   3.3333333e+00
  9.5809307e-01  -2.8645709e-01  -9.5809247e-01   2.8645910e-01   3.3333333e+00
  9.5772897e-01  -2.8767209e-01  -9.5772838e-01   2.8767404e-01   3.3333333e+00
  9.5739147e-01  -2.8879330e-01  -9.5739090e-01   2.8879520e-01   3.3333333e+00
  9.5707559e-01  -2.8983842e-01  -9.5707503e-01   2.8984026e-01   3.3333333e+00
  9.5677763e-01  -2.9082050e-01  -9.5677709e-01   2.9082229e-01   3.3333333e+00
  9.5649477e-01  -2.9174948e-01  -9.5649424e-01   2.9175122e-01   3.3333333e+00
  9.5622479e-01  -2.9263312e-01  -9.5622427e-01   2.9263482e-01   3.3333333e+00
  9.5596595e-01  -2.9347761e-01  -9.5596544e-01   2.9347927e-01   3.3333333e+00
  9.5571681e-01  -2.9428793e-01  -9.5571631e-01   2.9428955e-01   3.3333333e+00
  9.5547619e-01  -2.9506822e-01  -9.5547570e-01   2.9506980e-01   3.3333333e+00
  9.5524312e-01  -2.9582188e-01  -9.5524264e-01   2.9582342e-01   3.3333333e+00
  9.5501676e-01  -2.9655182e-01  -9.5501630e-01   2.9655333e-01   3.3333333e+00
  9.5479642e-01  -2.9726049e-01  -9.5479596e-01   2.9726196e-01   3.3333333e+00
  9.5458148e-01  -2.9794999e-01  -9.5458103e-01   2.9795143e-01   3.3333333e+00
  9.5437142e-01  -2.9862216e-01  -9.5437098e-01   2.9862356e-01   3.3333333e+00
  9.5416577e-01  -2.9927859e-01  -9.5416534e-01   2.9927996e-01   3.3333333e+00
  9.5396414e-01  -2.9992068e-01  -9.5396372e-01   2.9992202e-01   3.3333333e+00
  9.5376617e-01  -3.0054966e-01  -9.5376576e-01   3.0055097e-01   3.3333333e+00
  9.5357153e-01  -3.0116664e-01  -9.5357113e-01   3.0116791e-01   3.3333333e+00
  9.5337994e-01  -3.0177258e-01  -9.5337955e-01   3.0177382e-01   3.3333333e+00
  9.5319115e-01  -3.0236837e-01  -9.5319077e-01   3.0236958e-01   3.3333333e+00
  9.5300492e-01  -3.0295481e-01  -9.5300455e-01   3.0295599e-01   3.3333333e+00
  9.5282106e-01  -3.0353259e-01  -9.5282069e-01   3.0353375e-01   3.3333333e+00
  9.5263935e-01  -3.0410239e-01  -9.5263899e-01   3.0410351e-01   3.3333333e+00
  9.5245964e-01  -3.0466478e-01  -9.5245929e-01   3.0466588e-01   3.3333333e+00
  9.5228177e-01  -3.0522031e-01  -9.5228142e-01   3.0522138e-01   3.3333333e+00
  9.5210558e-01  -3.0576948e-01  -9.5210524e-01   3.0577052e-01   3.3333333e+00
  9.5193094e-01  -3.0631273e-01  -9.5193061e-01   3.0631374e-01   3.3333333e+00
  9.5175773e-01  -3.0685050e-01  -9.5175741e-01   3.0685148e-01   3.3333333e+00
  9.5158583e-01  -3.0738316e-01  -9.5158552e-01   3.0738412e-01   3.3333333e+00
  9.5141514e-01  -3.0791109e-01  -9.5141483e-01   3.0791202e-01   3.3333333e+00
  9.5124555e-01  -3.0843461e-01  -9.5124526e-01   3.0843551e-01   3.3333333e+00
  9.5107697e-01  -3.0895403e-01  -9.5107669e-01   3.0895491e-01   3.3333333e+00
  9.5090932e-01  -3.0946964e-01  -9.5090905e-01   3.0947049e-01   3.3333333e+00
  9.5074252e-01  -3.0998172e-01  -9.5074225e-01   3.0998254e-01   3.3333333e+00
  9.5057648e-01  -3.1049051e-01  -9.5057622e-01   3.1049131e-01   3.3333333e+00
  9.5041114e-01  -3.1099625e-01  -9.5041088e-01   3.1099703e-01   3.3333333e+00
  9.5024642e-01  -3.1149917e-01  -9.5024618e-01   3.1149992e-01   3.3333333e+00
  9.5008227e-01  -3.1199947e-01  -9.5008204e-01   3.1200020e-01   3.3333333e+00
  9.4991863e-01  -3.1249735e-01  -9.4991840e-01   3.1249805e-01   3.3333333e+00
  9.4975544e-01  -3.1299299e-01  -9.4975521e-01   3.1299367e-01   3.3333333e+00
  9.4959263e-01  -3.1348657e-01  -9.4959242e-01   3.1348722e-01   3.3333333e+00
  9.4943018e-01  -3.1397824e-01  -9.4942997e-01   3.1397887e-01   3.3333333e+00
  9.4926802e-01  -3.1446817e-01  -9.4926782e-01   3.1446877e-01   3.3333333e+00
  9.4910611e-01  -3.1495649e-01  -9.4910592e-01   3.1495706e-01   3.3333333e+00
  9.4894441e-01  -3.1544334e-01  -9.4894423e-01   3.1544389e-01   3.3333333e+00
  9.4878288e-01  -3.1592886e-01  -9.4878271e-01   3.1592938e-01   3.3333333e+00
  9.4862148e-01  -3.1641315e-01  -9.4862131e-01   3.1641366e-01   3.3333333e+00
  9.4846018e-01  -3.1689635e-01  -9.4846001e-01   3.1689683e-01   3.3333333e+00
  9.4829893e-01  -3.1737855e-01  -9.4829878e-01   3.1737900e-01   3.3333333e+00
  9.4813771e-01  -3.1785985e-01  -9.4813756e-01   3.1786028e-01   3.3333333e+00
  9.4797649e-01  -3.1834036e-01  -9.4797635e-01   3.1834076e-01   3.3333333e+00
  9.4781523e-01  -3.1882015e-01  -9.4781510e-01   3.1882053e-01   3.3333333e+00
  9.4765392e-01  -3.1929931e-01  -9.4765380e-01   3.1929967e-01   3.3333333e+00
  9.4749252e-01  -3.1977793e-01  -9.4749241e-01   3.1977826e-01   3.3333333e+00
  9.4733102e-01  -3.2025606e-01  -9.4733091e-01   3.2025637e-01   3.3333333e+00
  9.4716938e-01  -3.2073378e-01  -9.4716929e-01   3.2073407e-01   3.3333333e+00
  9.4700760e-01  -3.2121115e-01  -9.4700751e-01   3.2121141e-01   3.3333333e+00
  9.4684565e-01  -3.2168822e-01  -9.4684557e-01   3.2168846e-01   3.3333333e+00
  9.4668352e-01  -3.2216505e-01  -9.4668344e-01   3.2216527e-01   3.3333333e+00
  9.4652118e-01  -3.2264168e-01  -9.4652111e-01   3.2264187e-01   3.3333333e+00
  9.4635863e-01  -3.2311816e-01  -9.4635857e-01   3.2311833e-01   3.3333333e+00
  9.4619585e-01  -3.2359451e-01  -9.4619580e-01   3.2359466e-01   3.3333333e+00
  9.4603284e-01  -3.2407078e-01  -9.4603280e-01   3.2407090e-01   3.3333333e+00
  9.4586958e-01  -3.2454698e-01  -9.4586954e-01   3.2454708e-01   3.3333333e+00
  9.4570606e-01  -3.2502315e-01  -9.4570604e-01   3.2502322e-01   3.3333333e+00
  9.4554228e-01  -3.2549929e-01  -9.4554227e-01   3.2549934e-01   3.3333333e+00
  9.4537824e-01  -3.2597542e-01  -9.4537824e-01   3.2597545e-01   3.3333333e+00
  9.4521394e-01  -3.2645155e-01  -9.4521394e-01   3.2645155e-01   3.3333333e+00
  9.4504936e-01  -3.2692768e-01  -9.4504937e-01   3.2692765e-01   3.3333333e+00
  9.4488452e-01  -3.2740381e-01  -9.4488453e-01   3.2740376e-01   3.3333333e+00
  9.4471940e-01  -3.2787995e-01  -9.4471942e-01   3.2787988e-01   3.3333333e+00
  9.4455400e-01  -3.2835611e-01  -9.4455404e-01   3.2835602e-01   3.3333333e+00
  9.4438833e-01  -3.2883231e-01  -9.4438837e-01   3.2883219e-01   3.3333333e+00
  9.4422236e-01  -3.2930857e-01  -9.4422241e-01   3.2930843e-01   3.3333333e+00
  9.4405610e-01  -3.2978491e-01  -9.4405615e-01   3.2978475e-01   3.3333333e+00
  9.4388952e-01  -3.3026137e-01  -9.4388959e-01   3.3026118e-01   3.3333333e+00
  9.4372262e-01  -3.3073799e-01  -9.4372269e-01   3.3073778e-01   3.3333333e+00
  9.4355538e-01  -3.3121480e-01  -9.4355546e-01   3.3121456e-01   3.3333333e+00
  9.4338779e-01  -3.3169185e-01  -9.4338788e-01   3.3169159e-01   3.3333333e+00
  9.4321982e-01  -3.3216919e-01  -9.4321992e-01   3.3216890e-01   3.3333333e+00
  9.4305146e-01  -3.3264688e-01  -9.4305157e-01   3.3264657e-01   3.3333333e+00
  9.4288268e-01  -3.3312498e-01  -9.4288280e-01   3.3312465e-01   3.3333333e+00
  9.4271346e-01  -3.3360355e-01  -9.4271359e-01   3.3360320e-01   3.3333333e+00
  9.4254377e-01  -3.3408268e-01  -9.4254391e-01   3.3408230e-01   3.3333333e+00
  9.4237359e-01  -3.3456243e-01  -9.4237373e-01   3.3456203e-01   3.3333333e+00
  9.4220288e-01  -3.3504289e-01  -9.4220303e-01   3.3504246e-01   3.3333333e+00
  9.4203160e-01  -3.3552415e-01  -9.4203176e-01   3.3552370e-01   3.3333333e+00
  9.4185973e-01  -3.3600631e-01  -9.4185990e-01   3.3600584e-01   3.3333333e+00
  9.4168723e-01  -3.3648947e-01  -9.4168741e-01   3.3648897e-01   3.3333333e+00
  9.4151405e-01  -3.3697374e-01  -9.4151423e-01   3.3697321e-01   3.3333333e+00
  9.4134015e-01  -3.3745923e-01  -9.4134034e-01   3.3745868e-01   3.3333333e+00
  9.4116548e-01  -3.3794607e-01  -9.4116568e-01   3.3794549e-01   3.3333333e+00
  9.4098999e-01  -3.3843438e-01  -9.4099021e-01   3.3843378e-01   3.3333333e+00
  9.4081364e-01  -3.3892431e-01  -9.4081387e-01   3.3892369e-01   3.3333333e+00
  9.4063636e-01  -3.3941601e-01  -9.4063660e-01   3.3941537e-01   3.3333333e+00
  9.4045810e-01  -3.3990964e-01  -9.4045834e-01   3.3990897e-01   3.3333333e+00
  9.4027879e-01  -3.4040535e-01  -9.4027904e-01   3.4040465e-01   3.3333333e+00
  9.4009836e-01  -3.4090333e-01  -9.4009862e-01   3.4090261e-01   3.3333333e+00
  9.3991673e-01  -3.4140377e-01  -9.3991700e-01   3.4140302e-01   3.3333333e+00
  9.3973384e-01  -3.4190687e-01  -9.3973412e-01   3.4190610e-01   3.3333333e+00
  9.3954960e-01  -3.4241284e-01  -9.3954989e-01   3.4241204e-01   3.3333333e+00
  9.3936391e-01  -3.4292191e-01  -9.3936421e-01   3.4292109e-01   3.3333333e+00
  9.3917669e-01  -3.4343433e-01  -9.3917700e-01   3.4343349e-01   3.3333333e+00
  9.3898783e-01  -3.4395036e-01  -9.3898815e-01   3.4394949e-01   3.3333333e+00
  9.3879722e-01  -3.4447029e-01  -9.3879755e-01   3.4446939e-01   3.3333333e+00
  9.3860474e-01  -3.4499440e-01  -9.3860508e-01   3.4499348e-01   3.3333333e+00
  9.3841027e-01  -3.4552303e-01  -9.3841062e-01   3.4552208e-01   3.3333333e+00
  9.3821367e-01  -3.4605652e-01  -9.3821403e-01   3.4605555e-01   3.3333333e+00
  9.3801478e-01  -3.4659526e-01  -9.3801515e-01   3.4659425e-01   3.3333333e+00
  9.3781345e-01  -3.4713964e-01  -9.3781383e-01   3.4713861e-01   3.3333333e+00
  9.3760951e-01  -3.4769011e-01  -9.3760990e-01   3.4768906e-01   3.3333333e+00
  9.3740275e-01  -3.4824716e-01  -9.3740315e-01   3.4824608e-01   3.3333333e+00
  9.3719298e-01  -3.4881131e-01  -9.3719339e-01   3.4881019e-01   3.3333333e+00
  9.3697995e-01  -3.4938312e-01  -9.3698038e-01   3.4938198e-01   3.3333333e+00
  9.3676343e-01  -3.4996324e-01  -9.3676387e-01   3.4996207e-01   3.3333333e+00
  9.3654314e-01  -3.5055235e-01  -9.3654359e-01   3.5055115e-01   3.3333333e+00
  9.3631876e-01  -3.5115123e-01  -9.3631922e-01   3.5115000e-01   3.3333333e+00
  9.3608995e-01  -3.5176072e-01  -9.3609042e-01   3.5175946e-01   3.3333333e+00
  9.3585634e-01  -3.5238177e-01  -9.3585682e-01   3.5238048e-01   3.3333333e+00
  9.3561749e-01  -3.5301545e-01  -9.3561799e-01   3.5301413e-01   3.3333333e+00
  9.3537293e-01  -3.5366296e-01  -9.3537344e-01   3.5366160e-01   3.3333333e+00
  9.3512210e-01  -3.5432564e-01  -9.3512262e-01   3.5432426e-01   3.3333333e+00
  9.3486438e-01  -3.5500505e-01  -9.3486492e-01   3.5500363e-01   3.3333333e+00
  9.3459907e-01  -3.5570294e-01  -9.3459962e-01   3.5570149e-01   3.3333333e+00
  9.3432532e-01  -3.5642137e-01  -9.3432589e-01   3.5641988e-01   3.3333333e+00
  9.3404218e-01  -3.5716271e-01  -9.3404276e-01   3.5716119e-01   3.3333333e+00
  9.3374851e-01  -3.5792976e-01  -9.3374911e-01   3.5792820e-01   3.3333333e+00
  9.3344297e-01  -3.5872583e-01  -9.3344359e-01   3.5872422e-01   3.3333333e+00
  9.3312394e-01  -3.5955489e-01  -9.3312457e-01   3.5955325e-01   3.3333333e+00
  9.3278944e-01  -3.6042179e-01  -9.3279009e-01   3.6042010e-01   3.3333333e+00
  9.3243704e-01  -3.6133249e-01  -9.3243771e-01   3.6133076e-01   3.3333333e+00
  9.3206368e-01  -3.6229448e-01  -9.3206437e-01   3.6229270e-01   3.3333333e+00
  9.3166544e-01  -3.6331737e-01  -9.3166615e-01   3.6331555e-01   3.3333333e+00
  9.3123713e-01  -3.6441377e-01  -9.3123787e-01   3.6441189e-01   3.3333333e+00
  9.3077178e-01  -3.6560074e-01  -9.3077254e-01   3.6559880e-01   3.3333333e+00
  9.3025952e-01  -3.6690220e-01  -9.3026031e-01   3.6690020e-01   3.3333333e+00
  9.2968585e-01  -3.6835338e-01  -9.2968667e-01   3.6835131e-01   3.3333333e+00
  9.2902798e-01  -3.7000949e-01  -9.2902884e-01   3.7000733e-01   3.3333333e+00
  9.2824677e-01  -3.7196497e-01  -9.2824767e-01   3.7196272e-01   3.3333333e+00
  9.2726544e-01  -3.7440460e-01  -9.2726640e-01   3.7440223e-01   3.3333333e+00
  9.2589388e-01  -3.7778370e-01  -9.2589492e-01   3.7778116e-01   3.3333333e+00
  9.2331291e-01  -3.8404854e-01  -9.2331409e-01   3.8404569e-01   3.3333333e+00
  9.6358066e-01  -2.6741786e-01  -9.6357983e-01   2.6742084e-01   3.3333333e+00
  9.6175358e-01  -2.7391614e-01  -9.6175282e-01   2.7391879e-01   3.3333333e+00
  9.6075240e-01  -2.7740734e-01  -9.6075168e-01   2.7740981e-01   3.3333333e+00
  9.6002280e-01  -2.7992181e-01  -9.6002212e-01   2.7992416e-01   3.3333333e+00
  9.5943393e-01  -2.8193357e-01  -9.5943327e-01   2.8193582e-01   3.3333333e+00
  9.5893239e-01  -2.8363476e-01  -9.5893175e-01   2.8363691e-01   3.3333333e+00
  9.5849079e-01  -2.8512349e-01  -9.5849017e-01   2.8512558e-01   3.3333333e+00
  9.5809307e-01  -2.8645709e-01  -9.5809247e-01   2.8645910e-01   3.3333333e+00
  9.5772897e-01  -2.8767209e-01  -9.5772838e-01   2.8767404e-01   3.3333333e+00
  9.5739147e-01  -2.8879330e-01  -9.5739090e-01   2.8879520e-01   3.3333333e+00
  9.5707559e-01  -2.8983842e-01  -9.5707503e-01   2.8984026e-01   3.3333333e+00
  9.5677763e-01  -2.9082050e-01  -9.5677709e-01   2.9082229e-01   3.3333333e+00
  9.5649477e-01  -2.9174948e-01  -9.5649424e-01   2.9175122e-01   3.3333333e+00
  9.5622479e-01  -2.9263312e-01  -9.5622427e-01   2.9263482e-01   3.3333333e+00
  9.5596595e-01  -2.9347761e-01  -9.5596544e-01   2.9347927e-01   3.3333333e+00
  9.5571681e-01  -2.9428793e-01  -9.5571631e-01   2.9428955e-01   3.3333333e+00
  9.5547619e-01  -2.9506822e-01  -9.5547570e-01   2.9506980e-01   3.3333333e+00
  9.5524312e-01  -2.9582188e-01  -9.5524264e-01   2.9582342e-01   3.3333333e+00
  9.5501676e-01  -2.9655182e-01  -9.5501630e-01   2.9655333e-01   3.3333333e+00
  9.5479642e-01  -2.9726049e-01  -9.5479596e-01   2.9726196e-01   3.3333333e+00
  9.5458148e-01  -2.9794999e-01  -9.5458103e-01   2.9795143e-01   3.3333333e+00
  9.5437142e-01  -2.9862216e-01  -9.5437098e-01   2.9862356e-01   3.3333333e+00
  9.5416577e-01  -2.9927859e-01  -9.5416534e-01   2.9927996e-01   3.3333333e+00
  9.5396414e-01  -2.9992068e-01  -9.5396372e-01   2.9992202e-01   3.3333333e+00
  9.5376617e-01  -3.0054966e-01  -9.5376576e-01   3.0055097e-01   3.3333333e+00
  9.5357153e-01  -3.0116664e-01  -9.5357113e-01   3.0116791e-01   3.3333333e+00
  9.5337994e-01  -3.0177258e-01  -9.5337955e-01   3.0177382e-01   3.3333333e+00
  9.5319115e-01  -3.0236837e-01  -9.5319077e-01   3.0236958e-01   3.3333333e+00
  9.5300492e-01  -3.0295481e-01  -9.5300455e-01   3.0295599e-01   3.3333333e+00
  9.5282106e-01  -3.0353259e-01  -9.5282069e-01   3.0353375e-01   3.3333333e+00
  9.5263935e-01  -3.0410239e-01  -9.5263899e-01   3.0410351e-01   3.3333333e+00
  9.5245964e-01  -3.0466478e-01  -9.5245929e-01   3.0466588e-01   3.3333333e+00
  9.5228177e-01  -3.0522031e-01  -9.5228142e-01   3.0522138e-01   3.3333333e+00
  9.5210558e-01  -3.0576948e-01  -9.5210524e-01   3.0577052e-01   3.3333333e+00
  9.5193094e-01  -3.0631273e-01  -9.5193061e-01   3.0631374e-01   3.3333333e+00
  9.5175773e-01  -3.0685050e-01  -9.5175741e-01   3.0685148e-01   3.3333333e+00
  9.5158583e-01  -3.0738316e-01  -9.5158552e-01   3.0738412e-01   3.3333333e+00
  9.5141514e-01  -3.0791109e-01  -9.5141483e-01   3.0791202e-01   3.3333333e+00
  9.5124555e-01  -3.0843461e-01  -9.5124526e-01   3.0843551e-01   3.3333333e+00
  9.5107697e-01  -3.0895403e-01  -9.5107669e-01   3.0895491e-01   3.3333333e+00
  9.5090932e-01  -3.0946964e-01  -9.5090905e-01   3.0947049e-01   3.3333333e+00
  9.5074252e-01  -3.0998172e-01  -9.5074225e-01   3.0998254e-01   3.3333333e+00
  9.5057648e-01  -3.1049051e-01  -9.5057622e-01   3.1049131e-01   3.3333333e+00
  9.5041114e-01  -3.1099625e-01  -9.5041088e-01   3.1099703e-01   3.3333333e+00
  9.5024642e-01  -3.1149917e-01  -9.5024618e-01   3.1149992e-01   3.3333333e+00
  9.5008227e-01  -3.1199947e-01  -9.5008204e-01   3.1200020e-01   3.3333333e+00
  9.4991863e-01  -3.1249735e-01  -9.4991840e-01   3.1249805e-01   3.3333333e+00
  9.4975544e-01  -3.1299299e-01  -9.4975521e-01   3.1299367e-01   3.3333333e+00
  9.4959263e-01  -3.1348657e-01  -9.4959242e-01   3.1348722e-01   3.3333333e+00
  9.4943018e-01  -3.1397824e-01  -9.4942997e-01   3.1397887e-01   3.3333333e+00
  9.4926802e-01  -3.1446817e-01  -9.4926782e-01   3.1446877e-01   3.3333333e+00
  9.4910611e-01  -3.1495649e-01  -9.4910592e-01   3.1495706e-01   3.3333333e+00
  9.4894441e-01  -3.1544334e-01  -9.4894423e-01   3.1544389e-01   3.3333333e+00
  9.4878288e-01  -3.1592886e-01  -9.4878271e-01   3.1592938e-01   3.3333333e+00
  9.4862148e-01  -3.1641315e-01  -9.4862131e-01   3.1641366e-01   3.3333333e+00
  9.4846018e-01  -3.1689635e-01  -9.4846001e-01   3.1689683e-01   3.3333333e+00
  9.4829893e-01  -3.1737855e-01  -9.4829878e-01   3.1737900e-01   3.3333333e+00
  9.4813771e-01  -3.1785985e-01  -9.4813756e-01   3.1786028e-01   3.3333333e+00
  9.4797649e-01  -3.1834036e-01  -9.4797635e-01   3.1834076e-01   3.3333333e+00
  9.4781523e-01  -3.1882015e-01  -9.4781510e-01   3.1882053e-01   3.3333333e+00
  9.4765392e-01  -3.1929931e-01  -9.4765380e-01   3.1929967e-01   3.3333333e+00
  9.4749252e-01  -3.1977793e-01  -9.4749241e-01   3.1977826e-01   3.3333333e+00
  9.4733102e-01  -3.2025606e-01  -9.4733091e-01   3.2025637e-01   3.3333333e+00
  9.4716938e-01  -3.2073378e-01  -9.4716929e-01   3.2073407e-01   3.3333333e+00
  9.4700760e-01  -3.2121115e-01  -9.4700751e-01   3.2121141e-01   3.3333333e+00
  9.4684565e-01  -3.2168822e-01  -9.4684557e-01   3.2168846e-01   3.3333333e+00
  9.4668352e-01  -3.2216505e-01  -9.4668344e-01   3.2216527e-01   3.3333333e+00
  9.4652118e-01  -3.2264168e-01  -9.4652111e-01   3.2264187e-01   3.3333333e+00
  9.4635863e-01  -3.2311816e-01  -9.4635857e-01   3.2311833e-01   3.3333333e+00
  9.4619585e-01  -3.2359451e-01  -9.4619580e-01   3.2359466e-01   3.3333333e+00
  9.4603284e-01  -3.2407078e-01  -9.4603280e-01   3.2407090e-01   3.3333333e+00
  9.4586958e-01  -3.2454698e-01  -9.4586954e-01   3.2454708e-01   3.3333333e+00
  9.4570606e-01  -3.2502315e-01  -9.4570604e-01   3.2502322e-01   3.3333333e+00
  9.4554228e-01  -3.2549929e-01  -9.4554227e-01   3.2549934e-01   3.3333333e+00
  9.4537824e-01  -3.2597542e-01  -9.4537824e-01   3.2597545e-01   3.3333333e+00
  9.4521394e-01  -3.2645155e-01  -9.4521394e-01   3.2645155e-01   3.3333333e+00
  9.4504936e-01  -3.2692768e-01  -9.4504937e-01   3.2692765e-01   3.3333333e+00
  9.4488452e-01  -3.2740381e-01  -9.4488453e-01   3.2740376e-01   3.3333333e+00
  9.4471940e-01  -3.2787995e-01  -9.4471942e-01   3.2787988e-01   3.3333333e+00
  9.4455400e-01  -3.2835611e-01  -9.4455404e-01   3.2835602e-01   3.3333333e+00
  9.4438833e-01  -3.2883231e-01  -9.4438837e-01   3.2883219e-01   3.3333333e+00
  9.4422236e-01  -3.2930857e-01  -9.4422241e-01   3.2930843e-01   3.3333333e+00
  9.4405610e-01  -3.2978491e-01  -9.4405615e-01   3.2978475e-01   3.3333333e+00
  9.4388952e-01  -3.3026137e-01  -9.4388959e-01   3.3026118e-01   3.3333333e+00
  9.4372262e-01  -3.3073799e-01  -9.4372269e-01   3.3073778e-01   3.3333333e+00
  9.4355538e-01  -3.3121480e-01  -9.4355546e-01   3.3121456e-01   3.3333333e+00
  9.4338779e-01  -3.3169185e-01  -9.4338788e-01   3.3169159e-01   3.3333333e+00
  9.4321982e-01  -3.3216919e-01  -9.4321992e-01   3.3216890e-01   3.3333333e+00
  9.4305146e-01  -3.3264688e-01  -9.4305157e-01   3.3264657e-01   3.3333333e+00
  9.4288268e-01  -3.3312498e-01  -9.4288280e-01   3.3312465e-01   3.3333333e+00
  9.4271346e-01  -3.3360355e-01  -9.4271359e-01   3.3360320e-01   3.3333333e+00
  9.4254377e-01  -3.3408268e-01  -9.4254391e-01   3.3408230e-01   3.3333333e+00
  9.4237359e-01  -3.3456243e-01  -9.4237373e-01   3.3456203e-01   3.3333333e+00
  9.4220288e-01  -3.3504289e-01  -9.4220303e-01   3.3504246e-01   3.3333333e+00
  9.4203160e-01  -3.3552415e-01  -9.4203176e-01   3.3552370e-01   3.3333333e+00
  9.4185973e-01  -3.3600631e-01  -9.4185990e-01   3.3600584e-01   3.3333333e+00
  9.4168723e-01  -3.3648947e-01  -9.4168741e-01   3.3648897e-01   3.3333333e+00
  9.4151405e-01  -3.3697374e-01  -9.4151423e-01   3.3697321e-01   3.3333333e+00
  9.4134015e-01  -3.3745923e-01  -9.4134034e-01   3.3745868e-01   3.3333333e+00
  9.4116548e-01  -3.3794607e-01  -9.4116568e-01   3.3794549e-01   3.3333333e+00
  9.4098999e-01  -3.3843438e-01  -9.4099021e-01   3.3843378e-01   3.3333333e+00
  9.4081364e-01  -3.3892431e-01  -9.4081387e-01   3.3892369e-01   3.3333333e+00
  9.4063636e-01  -3.3941601e-01  -9.4063660e-01   3.3941537e-01   3.3333333e+00
  9.4045810e-01  -3.3990964e-01  -9.4045834e-01   3.3990897e-01   3.3333333e+00
  9.4027879e-01  -3.4040535e-01  -9.4027904e-01   3.4040465e-01   3.3333333e+00
  9.4009836e-01  -3.4090333e-01  -9.4009862e-01   3.4090261e-01   3.3333333e+00
  9.3991673e-01  -3.4140377e-01  -9.3991700e-01   3.4140302e-01   3.3333333e+00
  9.3973384e-01  -3.4190687e-01  -9.3973412e-01   3.4190610e-01   3.3333333e+00
  9.3954960e-01  -3.4241284e-01  -9.3954989e-01   3.4241204e-01   3.3333333e+00
  9.3936391e-01  -3.4292191e-01  -9.3936421e-01   3.4292109e-01   3.3333333e+00
  9.3917669e-01  -3.4343433e-01  -9.3917700e-01   3.4343349e-01   3.3333333e+00
  9.3898783e-01  -3.4395036e-01  -9.3898815e-01   3.4394949e-01   3.3333333e+00
  9.3879722e-01  -3.4447029e-01  -9.3879755e-01   3.4446939e-01   3.3333333e+00
  9.3860474e-01  -3.4499440e-01  -9.3860508e-01   3.4499348e-01   3.3333333e+00
  9.3841027e-01  -3.4552303e-01  -9.3841062e-01   3.4552208e-01   3.3333333e+00
  9.3821367e-01  -3.4605652e-01  -9.3821403e-01   3.4605555e-01   3.3333333e+00
  9.3801478e-01  -3.4659526e-01  -9.3801515e-01   3.4659425e-01   3.3333333e+00
  9.3781345e-01  -3.4713964e-01  -9.3781383e-01   3.4713861e-01   3.3333333e+00
  9.3760951e-01  -3.4769011e-01  -9.3760990e-01   3.4768906e-01   3.3333333e+00
  9.3740275e-01  -3.4824716e-01  -9.3740315e-01   3.4824608e-01   3.3333333e+00
  9.3719298e-01  -3.4881131e-01  -9.3719339e-01   3.4881019e-01   3.3333333e+00
  9.3697995e-01  -3.4938312e-01  -9.3698038e-01   3.4938198e-01   3.3333333e+00
  9.3676343e-01  -3.4996324e-01  -9.3676387e-01   3.4996207e-01   3.3333333e+00
  9.3654314e-01  -3.5055235e-01  -9.3654359e-01   3.5055115e-01   3.3333333e+00
  9.3631876e-01  -3.5115123e-01  -9.3631922e-01   3.5115000e-01   3.3333333e+00
  9.3608995e-01  -3.5176072e-01  -9.3609042e-01   3.5175946e-01   3.3333333e+00
  9.3585634e-01  -3.5238177e-01  -9.3585682e-01   3.5238048e-01   3.3333333e+00
  9.3561749e-01  -3.5301545e-01  -9.3561799e-01   3.5301413e-01   3.3333333e+00
  9.3537293e-01  -3.5366296e-01  -9.3537344e-01   3.5366160e-01   3.3333333e+00
  9.3512210e-01  -3.5432564e-01  -9.3512262e-01   3.5432426e-01   3.3333333e+00
  9.3486438e-01  -3.5500505e-01  -9.3486492e-01   3.5500363e-01   3.3333333e+00
  9.3459907e-01  -3.5570294e-01  -9.3459962e-01   3.5570149e-01   3.3333333e+00
  9.3432532e-01  -3.5642137e-01  -9.3432589e-01   3.5641988e-01   3.3333333e+00
  9.3404218e-01  -3.5716271e-01  -9.3404276e-01   3.5716119e-01   3.3333333e+00
  9.3374851e-01  -3.5792976e-01  -9.3374911e-01   3.5792820e-01   3.3333333e+00
  9.3344297e-01  -3.5872583e-01  -9.3344359e-01   3.5872422e-01   3.3333333e+00
  9.3312394e-01  -3.5955489e-01  -9.3312457e-01   3.5955325e-01   3.3333333e+00
  9.3278944e-01  -3.6042179e-01  -9.3279009e-01   3.6042010e-01   3.3333333e+00
  9.3243704e-01  -3.6133249e-01  -9.3243771e-01   3.6133076e-01   3.3333333e+00
  9.3206368e-01  -3.6229448e-01  -9.3206437e-01   3.6229270e-01   3.3333333e+00
  9.3166544e-01  -3.6331737e-01  -9.3166615e-01   3.6331555e-01   3.3333333e+00
  9.3123713e-01  -3.6441377e-01  -9.3123787e-01   3.6441189e-01   3.3333333e+00
  9.3077178e-01  -3.6560074e-01  -9.3077254e-01   3.6559880e-01   3.3333333e+00
  9.3025952e-01  -3.6690220e-01  -9.3026031e-01   3.6690020e-01   3.3333333e+00
  9.2968585e-01  -3.6835338e-01  -9.2968667e-01   3.6835131e-01   3.3333333e+00
  9.2902798e-01  -3.7000949e-01  -9.2902884e-01   3.7000733e-01   3.3333333e+00
  9.2824677e-01  -3.7196497e-01  -9.2824767e-01   3.7196272e-01   3.3333333e+00
  9.2726544e-01  -3.7440460e-01  -9.2726640e-01   3.7440223e-01   3.3333333e+00
  9.2589388e-01  -3.7778370e-01  -9.2589492e-01   3.7778116e-01   3.3333333e+00
  9.2331291e-01  -3.8404854e-01  -9.2331409e-01   3.8404569e-01   3.3333333e+00
  9.6358066e-01  -2.6741786e-01  -9.6357983e-01   2.6742084e-01   3.3333333e+00
  9.6175358e-01  -2.7391614e-01  -9.6175282e-01   2.7391879e-01   3.3333333e+00
  9.6075240e-01  -2.7740734e-01  -9.6075168e-01   2.7740981e-01   3.3333333e+00
  9.6002280e-01  -2.7992181e-01  -9.6002212e-01   2.7992416e-01   3.3333333e+00
  9.5943393e-01  -2.8193357e-01  -9.5943327e-01   2.8193582e-01   3.3333333e+00
  9.5893239e-01  -2.8363476e-01  -9.5893175e-01   2.8363691e-01   3.3333333e+00
  9.5849079e-01  -2.8512349e-01  -9.5849017e-01   2.8512558e-01   3.3333333e+00
  9.5809307e-01  -2.8645709e-01  -9.5809247e-01   2.8645910e-01   3.3333333e+00
  9.5772897e-01  -2.8767209e-01  -9.5772838e-01   2.8767404e-01   3.3333333e+00
  9.5739147e-01  -2.8879330e-01  -9.5739090e-01   2.8879520e-01   3.3333333e+00
  9.5707559e-01  -2.8983842e-01  -9.5707503e-01   2.8984026e-01   3.3333333e+00
  9.5677763e-01  -2.9082050e-01  -9.5677709e-01   2.9082229e-01   3.3333333e+00
  9.5649477e-01  -2.9174948e-01  -9.5649424e-01   2.9175122e-01   3.3333333e+00
  9.5622479e-01  -2.9263312e-01  -9.5622427e-01   2.9263482e-01   3.3333333e+00
  9.5596595e-01  -2.9347761e-01  -9.5596544e-01   2.9347927e-01   3.3333333e+00
  9.5571681e-01  -2.9428793e-01  -9.5571631e-01   2.9428955e-01   3.3333333e+00
  9.5547619e-01  -2.9506822e-01  -9.5547570e-01   2.9506980e-01   3.3333333e+00
  9.5524312e-01  -2.9582188e-01  -9.5524264e-01   2.9582342e-01   3.3333333e+00
  9.5501676e-01  -2.9655182e-01  -9.5501630e-01   2.9655333e-01   3.3333333e+00
  9.5479642e-01  -2.9726049e-01  -9.5479596e-01   2.9726196e-01   3.3333333e+00
  9.5458148e-01  -2.9794999e-01  -9.5458103e-01   2.9795143e-01   3.3333333e+00
  9.5437142e-01  -2.9862216e-01  -9.5437098e-01   2.9862356e-01   3.3333333e+00
  9.5416577e-01  -2.9927859e-01  -9.5416534e-01   2.9927996e-01   3.3333333e+00
  9.5396414e-01  -2.9992068e-01  -9.5396372e-01   2.9992202e-01   3.3333333e+00
  9.5376617e-01  -3.0054966e-01  -9.5376576e-01   3.0055097e-01   3.3333333e+00
  9.5357153e-01  -3.0116664e-01  -9.5357113e-01   3.0116791e-01   3.3333333e+00
  9.5337994e-01  -3.0177258e-01  -9.5337955e-01   3.0177382e-01   3.3333333e+00
  9.5319115e-01  -3.0236837e-01  -9.5319077e-01   3.0236958e-01   3.3333333e+00
  9.5300492e-01  -3.0295481e-01  -9.5300455e-01   3.0295599e-01   3.3333333e+00
  9.5282106e-01  -3.0353259e-01  -9.5282069e-01   3.0353375e-01   3.3333333e+00
  9.5263935e-01  -3.0410239e-01  -9.5263899e-01   3.0410351e-01   3.3333333e+00
  9.5245964e-01  -3.0466478e-01  -9.5245929e-01   3.0466588e-01   3.3333333e+00
  9.5228177e-01  -3.0522031e-01  -9.5228142e-01   3.0522138e-01   3.3333333e+00
  9.5210558e-01  -3.0576948e-01  -9.5210524e-01   3.0577052e-01   3.3333333e+00
  9.5193094e-01  -3.0631273e-01  -9.5193061e-01   3.0631374e-01   3.3333333e+00
  9.5175773e-01  -3.0685050e-01  -9.5175741e-01   3.0685148e-01   3.3333333e+00
  9.5158583e-01  -3.0738316e-01  -9.5158552e-01   3.0738412e-01   3.3333333e+00
  9.5141514e-01  -3.0791109e-01  -9.5141483e-01   3.0791202e-01   3.3333333e+00
  9.5124555e-01  -3.0843461e-01  -9.5124526e-01   3.0843551e-01   3.3333333e+00
  9.5107697e-01  -3.0895403e-01  -9.5107669e-01   3.0895491e-01   3.3333333e+00
  9.5090932e-01  -3.0946964e-01  -9.5090905e-01   3.0947049e-01   3.3333333e+00
  9.5074252e-01  -3.0998172e-01  -9.5074225e-01   3.0998254e-01   3.3333333e+00
  9.5057648e-01  -3.1049051e-01  -9.5057622e-01   3.1049131e-01   3.3333333e+00
  9.5041114e-01  -3.1099625e-01  -9.5041088e-01   3.1099703e-01   3.3333333e+00
  9.5024642e-01  -3.1149917e-01  -9.5024618e-01   3.1149992e-01   3.3333333e+00
  9.5008227e-01  -3.1199947e-01  -9.5008204e-01   3.1200020e-01   3.3333333e+00
  9.4991863e-01  -3.1249735e-01  -9.4991840e-01   3.1249805e-01   3.3333333e+00
  9.4975544e-01  -3.1299299e-01  -9.4975521e-01   3.1299367e-01   3.3333333e+00
  9.4959263e-01  -3.1348657e-01  -9.4959242e-01   3.1348722e-01   3.3333333e+00
  9.4943018e-01  -3.1397824e-01  -9.4942997e-01   3.1397887e-01   3.3333333e+00
  9.4926802e-01  -3.1446817e-01  -9.4926782e-01   3.1446877e-01   3.3333333e+00
  9.4910611e-01  -3.1495649e-01  -9.4910592e-01   3.1495706e-01   3.3333333e+00
  9.4894441e-01  -3.1544334e-01  -9.4894423e-01   3.1544389e-01   3.3333333e+00
  9.4878288e-01  -3.1592886e-01  -9.4878271e-01   3.1592938e-01   3.3333333e+00
  9.4862148e-01  -3.1641315e-01  -9.4862131e-01   3.1641366e-01   3.3333333e+00
  9.4846018e-01  -3.1689635e-01  -9.4846001e-01   3.1689683e-01   3.3333333e+00
  9.4829893e-01  -3.1737855e-01  -9.4829878e-01   3.1737900e-01   3.3333333e+00
  9.4813771e-01  -3.1785985e-01  -9.4813756e-01   3.1786028e-01   3.3333333e+00
  9.4797649e-01  -3.1834036e-01  -9.4797635e-01   3.1834076e-01   3.3333333e+00
  9.4781523e-01  -3.1882015e-01  -9.4781510e-01   3.1882053e-01   3.3333333e+00
  9.4765392e-01  -3.1929931e-01  -9.4765380e-01   3.1929967e-01   3.3333333e+00
  9.4749252e-01  -3.1977793e-01  -9.4749241e-01   3.1977826e-01   3.3333333e+00
  9.4733102e-01  -3.2025606e-01  -9.4733091e-01   3.2025637e-01   3.3333333e+00
  9.4716938e-01  -3.2073378e-01  -9.4716929e-01   3.2073407e-01   3.3333333e+00
  9.4700760e-01  -3.2121115e-01  -9.4700751e-01   3.2121141e-01   3.3333333e+00
  9.4684565e-01  -3.2168822e-01  -9.4684557e-01   3.2168846e-01   3.3333333e+00
  9.4668352e-01  -3.2216505e-01  -9.4668344e-01   3.2216527e-01   3.3333333e+00
  9.4652118e-01  -3.2264168e-01  -9.4652111e-01   3.2264187e-01   3.3333333e+00
  9.4635863e-01  -3.2311816e-01  -9.4635857e-01   3.2311833e-01   3.3333333e+00
  9.4619585e-01  -3.2359451e-01  -9.4619580e-01   3.2359466e-01   3.3333333e+00
  9.4603284e-01  -3.2407078e-01  -9.4603280e-01   3.2407090e-01   3.3333333e+00
  9.4586958e-01  -3.2454698e-01  -9.4586954e-01   3.2454708e-01   3.3333333e+00
  9.4570606e-01  -3.2502315e-01  -9.4570604e-01   3.2502322e-01   3.3333333e+00
  9.4554228e-01  -3.2549929e-01  -9.4554227e-01   3.2549934e-01   3.3333333e+00
  9.4537824e-01  -3.2597542e-01  -9.4537824e-01   3.2597545e-01   3.3333333e+00
  9.4521394e-01  -3.2645155e-01  -9.4521394e-01   3.2645155e-01   3.3333333e+00
  9.4504936e-01  -3.2692768e-01  -9.4504937e-01   3.2692765e-01   3.3333333e+00
  9.4488452e-01  -3.2740381e-01  -9.4488453e-01   3.2740376e-01   3.3333333e+00
  9.4471940e-01  -3.2787995e-01  -9.4471942e-01   3.2787988e-01   3.3333333e+00
  9.4455400e-01  -3.2835611e-01  -9.4455404e-01   3.2835602e-01   3.3333333e+00
  9.4438833e-01  -3.2883231e-01  -9.4438837e-01   3.2883219e-01   3.3333333e+00
  9.4422236e-01  -3.2930857e-01  -9.4422241e-01   3.2930843e-01   3.3333333e+00
  9.4405610e-01  -3.2978491e-01  -9.4405615e-01   3.2978475e-01   3.3333333e+00
  9.4388952e-01  -3.3026137e-01  -9.4388959e-01   3.3026118e-01   3.3333333e+00
  9.4372262e-01  -3.3073799e-01  -9.4372269e-01   3.3073778e-01   3.3333333e+00
  9.4355538e-01  -3.3121480e-01  -9.4355546e-01   3.3121456e-01   3.3333333e+00
  9.4338779e-01  -3.3169185e-01  -9.4338788e-01   3.3169159e-01   3.3333333e+00
  9.4321982e-01  -3.3216919e-01  -9.4321992e-01   3.3216890e-01   3.3333333e+00
  9.4305146e-01  -3.3264688e-01  -9.4305157e-01   3.3264657e-01   3.3333333e+00
  9.4288268e-01  -3.3312498e-01  -9.4288280e-01   3.3312465e-01   3.3333333e+00
  9.4271346e-01  -3.3360355e-01  -9.4271359e-01   3.3360320e-01   3.3333333e+00
  9.4254377e-01  -3.3408268e-01  -9.4254391e-01   3.3408230e-01   3.3333333e+00
  9.4237359e-01  -3.3456243e-01  -9.4237373e-01   3.3456203e-01   3.3333333e+00
  9.4220288e-01  -3.3504289e-01  -9.4220303e-01   3.3504246e-01   3.3333333e+00
  9.4203160e-01  -3.3552415e-01  -9.4203176e-01   3.3552370e-01   3.3333333e+00
  9.4185973e-01  -3.3600631e-01  -9.4185990e-01   3.3600584e-01   3.3333333e+00
  9.4168723e-01  -3.3648947e-01  -9.4168741e-01   3.3648897e-01   3.3333333e+00
  9.4151405e-01  -3.3697374e-01  -9.4151423e-01   3.3697321e-01   3.3333333e+00
  9.4134015e-01  -3.3745923e-01  -9.4134034e-01   3.3745868e-01   3.3333333e+00
  9.4116548e-01  -3.3794607e-01  -9.4116568e-01   3.3794549e-01   3.3333333e+00
  9.4098999e-01  -3.3843438e-01  -9.4099021e-01   3.3843378e-01   3.3333333e+00
  9.4081364e-01  -3.3892431e-01  -9.4081387e-01   3.3892369e-01   3.3333333e+00
  9.4063636e-01  -3.3941601e-01  -9.4063660e-01   3.3941537e-01   3.3333333e+00
  9.4045810e-01  -3.3990964e-01  -9.4045834e-01   3.3990897e-01   3.3333333e+00
  9.4027879e-01  -3.4040535e-01  -9.4027904e-01   3.4040465e-01   3.3333333e+00
  9.4009836e-01  -3.4090333e-01  -9.4009862e-01   3.4090261e-01   3.3333333e+00
  9.3991673e-01  -3.4140377e-01  -9.3991700e-01   3.4140302e-01   3.3333333e+00
  9.3973384e-01  -3.4190687e-01  -9.3973412e-01   3.4190610e-01   3.3333333e+00
  9.3954960e-01  -3.4241284e-01  -9.3954989e-01   3.4241204e-01   3.3333333e+00
  9.3936391e-01  -3.4292191e-01  -9.3936421e-01   3.4292109e-01   3.3333333e+00
  9.3917669e-01  -3.4343433e-01  -9.3917700e-01   3.4343349e-01   3.3333333e+00
  9.3898783e-01  -3.4395036e-01  -9.3898815e-01   3.4394949e-01   3.3333333e+00
  9.3879722e-01  -3.4447029e-01  -9.3879755e-01   3.4446939e-01   3.3333333e+00
  9.3860474e-01  -3.4499440e-01  -9.3860508e-01   3.4499348e-01   3.3333333e+00
  9.3841027e-01  -3.4552303e-01  -9.3841062e-01   3.4552208e-01   3.3333333e+00
  9.3821367e-01  -3.4605652e-01  -9.3821403e-01   3.4605555e-01   3.3333333e+00
  9.3801478e-01  -3.4659526e-01  -9.3801515e-01   3.4659425e-01   3.3333333e+00
  9.3781345e-01  -3.4713964e-01  -9.3781383e-01   3.4713861e-01   3.3333333e+00
  9.3760951e-01  -3.4769011e-01  -9.3760990e-01   3.4768906e-01   3.3333333e+00
  9.3740275e-01  -3.4824716e-01  -9.3740315e-01   3.4824608e-01   3.3333333e+00
  9.3719298e-01  -3.4881131e-01  -9.3719339e-01   3.4881019e-01   3.3333333e+00
  9.3697995e-01  -3.4938312e-01  -9.3698038e-01   3.4938198e-01   3.3333333e+00
  9.3676343e-01  -3.4996324e-01  -9.3676387e-01   3.4996207e-01   3.3333333e+00
  9.3654314e-01  -3.5055235e-01  -9.3654359e-01   3.5055115e-01   3.3333333e+00
  9.3631876e-01  -3.5115123e-01  -9.3631922e-01   3.5115000e-01   3.3333333e+00
  9.3608995e-01  -3.5176072e-01  -9.3609042e-01   3.5175946e-01   3.3333333e+00
  9.3585634e-01  -3.5238177e-01  -9.3585682e-01   3.5238048e-01   3.3333333e+00
  9.3561749e-01  -3.5301545e-01  -9.3561799e-01   3.5301413e-01   3.3333333e+00
  9.3537293e-01  -3.5366296e-01  -9.3537344e-01   3.5366160e-01   3.3333333e+00
  9.3512210e-01  -3.5432564e-01  -9.3512262e-01   3.5432426e-01   3.3333333e+00
  9.3486438e-01  -3.5500505e-01  -9.3486492e-01   3.5500363e-01   3.3333333e+00
  9.3459907e-01  -3.5570294e-01  -9.3459962e-01   3.5570149e-01   3.3333333e+00
  9.3432532e-01  -3.5642137e-01  -9.3432589e-01   3.5641988e-01   3.3333333e+00
  9.3404218e-01  -3.5716271e-01  -9.3404276e-01   3.5716119e-01   3.3333333e+00
  9.3374851e-01  -3.5792976e-01  -9.3374911e-01   3.5792820e-01   3.3333333e+00
  9.3344297e-01  -3.5872583e-01  -9.3344359e-01   3.5872422e-01   3.3333333e+00
  9.3312394e-01  -3.5955489e-01  -9.3312457e-01   3.5955325e-01   3.3333333e+00
  9.3278944e-01  -3.6042179e-01  -9.3279009e-01   3.6042010e-01   3.3333333e+00
  9.3243704e-01  -3.6133249e-01  -9.3243771e-01   3.6133076e-01   3.3333333e+00
  9.3206368e-01  -3.6229448e-01  -9.3206437e-01   3.6229270e-01   3.3333333e+00
  9.3166544e-01  -3.6331737e-01  -9.3166615e-01   3.6331555e-01   3.3333333e+00
  9.3123713e-01  -3.6441377e-01  -9.3123787e-01   3.6441189e-01   3.3333333e+00
  9.3077178e-01  -3.6560074e-01  -9.3077254e-01   3.6559880e-01   3.3333333e+00
  9.3025952e-01  -3.6690220e-01  -9.3026031e-01   3.6690020e-01   3.3333333e+00
  9.2968585e-01  -3.6835338e-01  -9.2968667e-01   3.6835131e-01   3.3333333e+00
  9.2902798e-01  -3.7000949e-01  -9.2902884e-01   3.7000733e-01   3.3333333e+00
  9.2824677e-01  -3.7196497e-01  -9.2824767e-01   3.7196272e-01   3.3333333e+00
  9.2726544e-01  -3.7440460e-01  -9.2726640e-01   3.7440223e-01   3.3333333e+00
  9.2589388e-01  -3.7778370e-01  -9.2589492e-01   3.7778116e-01   3.3333333e+00
  9.2331291e-01  -3.8404854e-01  -9.2331409e-01   3.8404569e-01   3.3333333e+00
  9.3816870e-01  -3.4617841e-01  -9.3816763e-01   3.4618131e-01   3.3333333e+00
  9.3581179e-01  -3.5250007e-01  -9.3581082e-01   3.5250265e-01   3.3333333e+00
  9.3452610e-01  -3.5589459e-01  -9.3452519e-01   3.5589700e-01   3.3333333e+00
  9.3359167e-01  -3.5833865e-01  -9.3359080e-01   3.5834093e-01   3.3333333e+00
  9.3283896e-01  -3.6029360e-01  -9.3283812e-01   3.6029578e-01   3.3333333e+00
  9.3219891e-01  -3.6194640e-01  -9.3219809e-01   3.6194850e-01   3.3333333e+00
  9.3163612e-01  -3.6339255e-01  -9.3163533e-01   3.6339457e-01   3.3333333e+00
  9.3112986e-01  -3.6468779e-01  -9.3112909e-01   3.6468975e-01   3.3333333e+00
  9.3066688e-01  -3.6586768e-01  -9.3066613e-01   3.6586958e-01   3.3333333e+00
  9.3023816e-01  -3.6695636e-01  -9.3023743e-01   3.6695820e-01   3.3333333e+00
  9.2983726e-01  -3.6797102e-01  -9.2983655e-01   3.6797281e-01   3.3333333e+00
  9.2945942e-01  -3.6892437e-01  -9.2945872e-01   3.6892612e-01   3.3333333e+00
  9.2910100e-01  -3.6982609e-01  -9.2910032e-01   3.6982779e-01   3.3333333e+00
  9.2875916e-01  -3.7068372e-01  -9.2875850e-01   3.7068537e-01   3.3333333e+00
  9.2843165e-01  -3.7150325e-01  -9.2843101e-01   3.7150487e-01   3.3333333e+00
  9.2811663e-01  -3.7228957e-01  -9.2811600e-01   3.7229115e-01   3.3333333e+00
  9.2781258e-01  -3.7304667e-01  -9.2781196e-01   3.7304821e-01   3.3333333e+00
  9.2751824e-01  -3.7377789e-01  -9.2751764e-01   3.7377939e-01   3.3333333e+00
  9.2723256e-01  -3.7448602e-01  -9.2723197e-01   3.7448748e-01   3.3333333e+00
  9.2695462e-01  -3.7517347e-01  -9.2695404e-01   3.7517489e-01   3.3333333e+00
  9.2668365e-01  -3.7584227e-01  -9.2668308e-01   3.7584367e-01   3.3333333e+00
  9.2641897e-01  -3.7649422e-01  -9.2641842e-01   3.7649558e-01   3.3333333e+00
  9.2615999e-01  -3.7713085e-01  -9.2615945e-01   3.7713218e-01   3.3333333e+00
  9.2590619e-01  -3.7775353e-01  -9.2590566e-01   3.7775482e-01   3.3333333e+00
  9.2565712e-01  -3.7836346e-01  -9.2565660e-01   3.7836472e-01   3.3333333e+00
  9.2541236e-01  -3.7896170e-01  -9.2541185e-01   3.7896294e-01   3.3333333e+00
  9.2517155e-01  -3.7954921e-01  -9.2517105e-01   3.7955042e-01   3.3333333e+00
  9.2493437e-01  -3.8012684e-01  -9.2493388e-01   3.8012802e-01   3.3333333e+00
  9.2470051e-01  -3.8069537e-01  -9.2470004e-01   3.8069652e-01   3.3333333e+00
  9.2446972e-01  -3.8125548e-01  -9.2446926e-01   3.8125660e-01   3.3333333e+00
  9.2424174e-01  -3.8180781e-01  -9.2424129e-01   3.8180890e-01   3.3333333e+00
  9.2401636e-01  -3.8235293e-01  -9.2401592e-01   3.8235400e-01   3.3333333e+00
  9.2379337e-01  -3.8289137e-01  -9.2379294e-01   3.8289241e-01   3.3333333e+00
  9.2357259e-01  -3.8342362e-01  -9.2357217e-01   3.8342463e-01   3.3333333e+00
  9.2335384e-01  -3.8395010e-01  -9.2335343e-01   3.8395109e-01   3.3333333e+00
  9.2313697e-01  -3.8447124e-01  -9.2313657e-01   3.8447220e-01   3.3333333e+00
  9.2292182e-01  -3.8498742e-01  -9.2292143e-01   3.8498835e-01   3.3333333e+00
  9.2270827e-01  -3.8549897e-01  -9.2270789e-01   3.8549987e-01   3.3333333e+00
  9.2249618e-01  -3.8600623e-01  -9.2249581e-01   3.8600711e-01   3.3333333e+00
  9.2228543e-01  -3.8650949e-01  -9.2228507e-01   3.8651034e-01   3.3333333e+00
  9.2207592e-01  -3.8700904e-01  -9.2207557e-01   3.8700987e-01   3.3333333e+00
  9.2186754e-01  -3.8750514e-01  -9.2186720e-01   3.8750595e-01   3.3333333e+00
  9.2166020e-01  -3.8799804e-01  -9.2165987e-01   3.8799882e-01   3.3333333e+00
  9.2145380e-01  -3.8848797e-01  -9.2145348e-01   3.8848872e-01   3.3333333e+00
  9.2124825e-01  -3.8897514e-01  -9.2124794e-01   3.8897587e-01   3.3333333e+00
  9.2104349e-01  -3.8945975e-01  -9.2104319e-01   3.8946045e-01   3.3333333e+00
  9.2083942e-01  -3.8994199e-01  -9.2083913e-01   3.8994268e-01   3.3333333e+00
  9.2063599e-01  -3.9042205e-01  -9.2063571e-01   3.9042271e-01   3.3333333e+00
  9.2043311e-01  -3.9090009e-01  -9.2043284e-01   3.9090073e-01   3.3333333e+00
  9.2023074e-01  -3.9137627e-01  -9.2023048e-01   3.9137689e-01   3.3333333e+00
  9.2002880e-01  -3.9185075e-01  -9.2002855e-01   3.9185133e-01   3.3333333e+00
  9.1982724e-01  -3.9232365e-01  -9.1982700e-01   3.9232421e-01   3.3333333e+00
  9.1962601e-01  -3.9279511e-01  -9.1962578e-01   3.9279565e-01   3.3333333e+00
  9.1942505e-01  -3.9326527e-01  -9.1942483e-01   3.9326578e-01   3.3333333e+00
  9.1922432e-01  -3.9373423e-01  -9.1922411e-01   3.9373472e-01   3.3333333e+00
  9.1902377e-01  -3.9420211e-01  -9.1902357e-01   3.9420258e-01   3.3333333e+00
  9.1882336e-01  -3.9466901e-01  -9.1882317e-01   3.9466946e-01   3.3333333e+00
  9.1862305e-01  -3.9513503e-01  -9.1862287e-01   3.9513546e-01   3.3333333e+00
  9.1842279e-01  -3.9560027e-01  -9.1842262e-01   3.9560067e-01   3.3333333e+00
  9.1822256e-01  -3.9606480e-01  -9.1822240e-01   3.9606518e-01   3.3333333e+00
  9.1802232e-01  -3.9652872e-01  -9.1802217e-01   3.9652907e-01   3.3333333e+00
  9.1782203e-01  -3.9699209e-01  -9.1782189e-01   3.9699242e-01   3.3333333e+00
  9.1762167e-01  -3.9745499e-01  -9.1762154e-01   3.9745529e-01   3.3333333e+00
  9.1742121e-01  -3.9791748e-01  -9.1742109e-01   3.9791776e-01   3.3333333e+00
  9.1722063e-01  -3.9837962e-01  -9.1722052e-01   3.9837988e-01   3.3333333e+00
  9.1701989e-01  -3.9884147e-01  -9.1701979e-01   3.9884170e-01   3.3333333e+00
  9.1681899e-01  -3.9930307e-01  -9.1681890e-01   3.9930328e-01   3.3333333e+00
  9.1661789e-01  -3.9976447e-01  -9.1661781e-01   3.9976466e-01   3.3333333e+00
  9.1641659e-01  -4.0022572e-01  -9.1641652e-01   4.0022589e-01   3.3333333e+00
  9.1621507e-01  -4.0068685e-01  -9.1621500e-01   4.0068699e-01   3.3333333e+00
  9.1601330e-01  -4.0114789e-01  -9.1601325e-01   4.0114801e-01   3.3333333e+00
  9.1581129e-01  -4.0160886e-01  -9.1581125e-01   4.0160896e-01   3.3333333e+00
  9.1560902e-01  -4.0206979e-01  -9.1560899e-01   4.0206987e-01   3.3333333e+00
  9.1540649e-01  -4.0253070e-01  -9.1540646e-01   4.0253075e-01   3.3333333e+00
  9.1520368e-01  -4.0299160e-01  -9.1520367e-01   4.0299162e-01   3.3333333e+00
  9.1500060e-01  -4.0345249e-01  -9.1500059e-01   4.0345249e-01   3.3333333e+00
  9.1479724e-01  -4.0391338e-01  -9.1479724e-01   4.0391336e-01   3.3333333e+00
  9.1459360e-01  -4.0437427e-01  -9.1459361e-01   4.0437423e-01   3.3333333e+00
  9.1438968e-01  -4.0483518e-01  -9.1438971e-01   4.0483511e-01   3.3333333e+00
  9.1418547e-01  -4.0529610e-01  -9.1418551e-01   4.0529601e-01   3.3333333e+00
  9.1398097e-01  -4.0575705e-01  -9.1398102e-01   4.0575694e-01   3.3333333e+00
  9.1377617e-01  -4.0621806e-01  -9.1377623e-01   4.0621792e-01   3.3333333e+00
  9.1357106e-01  -4.0667914e-01  -9.1357112e-01   4.0667899e-01   3.3333333e+00
  9.1336561e-01  -4.0714034e-01  -9.1336569e-01   4.0714016e-01   3.3333333e+00
  9.1315983e-01  -4.0760168e-01  -9.1315992e-01   4.0760148e-01   3.3333333e+00
  9.1295368e-01  -4.0806320e-01  -9.1295378e-01   4.0806297e-01   3.3333333e+00
  9.1274716e-01  -4.0852494e-01  -9.1274727e-01   4.0852470e-01   3.3333333e+00
  9.1254023e-01  -4.0898697e-01  -9.1254035e-01   4.0898669e-01   3.3333333e+00
  9.1233287e-01  -4.0944931e-01  -9.1233300e-01   4.0944902e-01   3.3333333e+00
  9.1212505e-01  -4.0991205e-01  -9.1212519e-01   4.0991173e-01   3.3333333e+00
  9.1191675e-01  -4.1037524e-01  -9.1191691e-01   4.1037490e-01   3.3333333e+00
  9.1170793e-01  -4.1083895e-01  -9.1170810e-01   4.1083859e-01   3.3333333e+00
  9.1149856e-01  -4.1130325e-01  -9.1149874e-01   4.1130287e-01   3.3333333e+00
  9.1128860e-01  -4.1176824e-01  -9.1128879e-01   4.1176783e-01   3.3333333e+00
  9.1107801e-01  -4.1223398e-01  -9.1107821e-01   4.1223355e-01   3.3333333e+00
  9.1086675e-01  -4.1270058e-01  -9.1086695e-01   4.1270012e-01   3.3333333e+00
  9.1065476e-01  -4.1316813e-01  -9.1065498e-01   4.1316765e-01   3.3333333e+00
  9.1044201e-01  -4.1363674e-01  -9.1044223e-01   4.1363624e-01   3.3333333e+00
  9.1022843e-01  -4.1410652e-01  -9.1022867e-01   4.1410599e-01   3.3333333e+00
  9.1001397e-01  -4.1457759e-01  -9.1001422e-01   4.1457704e-01   3.3333333e+00
  9.0979857e-01  -4.1505007e-01  -9.0979883e-01   4.1504950e-01   3.3333333e+00
  9.0958217e-01  -4.1552410e-01  -9.0958244e-01   4.1552351e-01   3.3333333e+00
  9.0936469e-01  -4.1599982e-01  -9.0936498e-01   4.1599920e-01   3.3333333e+00
  9.0914607e-01  -4.1647739e-01  -9.0914637e-01   4.1647675e-01   3.3333333e+00
  9.0892623e-01  -4.1695696e-01  -9.0892654e-01   4.1695629e-01   3.3333333e+00
  9.0870508e-01  -4.1743870e-01  -9.0870540e-01   4.1743801e-01   3.3333333e+00
  9.0848254e-01  -4.1792281e-01  -9.0848287e-01   4.1792209e-01   3.3333333e+00
  9.0825851e-01  -4.1840946e-01  -9.0825885e-01   4.1840872e-01   3.3333333e+00
  9.0803289e-01  -4.1889887e-01  -9.0803325e-01   4.1889811e-01   3.3333333e+00
  9.0780558e-01  -4.1939126e-01  -9.0780594e-01   4.1939047e-01   3.3333333e+00
  9.0757645e-01  -4.1988687e-01  -9.0757683e-01   4.1988605e-01   3.3333333e+00
  9.0734539e-01  -4.2038594e-01  -9.0734578e-01   4.2038510e-01   3.3333333e+00
  9.0711226e-01  -4.2088876e-01  -9.0711266e-01   4.2088789e-01   3.3333333e+00
  9.0687692e-01  -4.2139560e-01  -9.0687733e-01   4.2139471e-01   3.3333333e+00
  9.0663922e-01  -4.2190678e-01  -9.0663964e-01   4.2190586e-01   3.3333333e+00
  9.0639898e-01  -4.2242264e-01  -9.0639942e-01   4.2242170e-01   3.3333333e+00
  9.0615604e-01  -4.2294354e-01  -9.0615649e-01   4.2294257e-01   3.3333333e+00
  9.0591019e-01  -4.2346987e-01  -9.0591065e-01   4.2346888e-01   3.3333333e+00
  9.0566122e-01  -4.2400206e-01  -9.0566170e-01   4.2400105e-01   3.3333333e+00
  9.0540891e-01  -4.2454058e-01  -9.0540940e-01   4.2453954e-01   3.3333333e+00
  9.0515300e-01  -4.2508593e-01  -9.0515350e-01   4.2508485e-01   3.3333333e+00
  9.0489322e-01  -4.2563865e-01  -9.0489373e-01   4.2563756e-01   3.3333333e+00
  9.0462926e-01  -4.2619937e-01  -9.0462979e-01   4.2619825e-01   3.3333333e+00
  9.0436079e-01  -4.2676875e-01  -9.0436133e-01   4.2676760e-01   3.3333333e+00
  9.0408744e-01  -4.2734753e-01  -9.0408800e-01   4.2734634e-01   3.3333333e+00
  9.0380879e-01  -4.2793652e-01  -9.0380937e-01   4.2793531e-01   3.3333333e+00
  9.0352440e-01  -4.2853665e-01  -9.0352499e-01   4.2853541e-01   3.3333333e+00
  9.0323374e-01  -4.2914894e-01  -9.0323435e-01   4.2914766e-01   3.3333333e+00
  9.0293624e-01  -4.2977453e-01  -9.0293686e-01   4.2977323e-01   3.3333333e+00
  9.0263123e-01  -4.3041475e-01  -9.0263187e-01   4.3041342e-01   3.3333333e+00
  9.0231798e-01  -4.3107107e-01  -9.0231863e-01   4.3106971e-01   3.3333333e+00
  9.0199561e-01  -4.3174521e-01  -9.0199628e-01   4.3174381e-01   3.3333333e+00
  9.0166314e-01  -4.3243912e-01  -9.0166382e-01   4.3243768e-01   3.3333333e+00
  9.0131940e-01  -4.3315509e-01  -9.0132011e-01   4.3315362e-01   3.3333333e+00
  9.0096304e-01  -4.3389583e-01  -9.0096377e-01   4.3389433e-01   3.3333333e+00
  9.0059244e-01  -4.3466453e-01  -9.0059319e-01   4.3466298e-01   3.3333333e+00
  9.0020566e-01  -4.3546500e-01  -9.0020643e-01   4.3546342e-01   3.3333333e+00
  8.9980033e-01  -4.3630193e-01  -8.9980111e-01   4.3630031e-01   3.3333333e+00
  8.9937352e-01  -4.3718105e-01  -8.9937433e-01   4.3717938e-01   3.3333333e+00
  8.9892157e-01  -4.3810958e-01  -8.9892241e-01   4.3810787e-01   3.3333333e+00
  8.9843977e-01  -4.3909678e-01  -8.9844063e-01   4.3909501e-01   3.3333333e+00
  8.9792192e-01  -4.4015478e-01  -8.9792281e-01   4.4015297e-01   3.3333333e+00
  8.9735962e-01  -4.4130002e-01  -8.9736054e-01   4.4129815e-01   3.3333333e+00
  8.9674110e-01  -4.4255554e-01  -8.9674205e-01   4.4255361e-01   3.3333333e+00
  8.9604895e-01  -4.4395527e-01  -8.9604994e-01   4.4395327e-01   3.3333333e+00
  8.9525589e-01  -4.4555235e-01  -8.9525692e-01   4.4555027e-01   3.3333333e+00
  8.9431509e-01  -4.4743773e-01  -8.9431617e-01   4.4743556e-01   3.3333333e+00
  8.9313470e-01  -4.4978929e-01  -8.9313585e-01   4.4978700e-01   3.3333333e+00
  8.9148752e-01  -4.5304525e-01  -8.9148876e-01   4.5304281e-01   3.3333333e+00
  8.8839578e-01  -4.5907835e-01  -8.8839719e-01   4.5907562e-01   3.3333333e+00
  9.3816870e-01  -3.4617841e-01  -9.3816763e-01   3.4618131e-01   3.3333333e+00
  9.3581179e-01  -3.5250007e-01  -9.3581082e-01   3.5250265e-01   3.3333333e+00
  9.3452610e-01  -3.5589459e-01  -9.3452519e-01   3.5589700e-01   3.3333333e+00
  9.3359167e-01  -3.5833865e-01  -9.3359080e-01   3.5834093e-01   3.3333333e+00
  9.3283896e-01  -3.6029360e-01  -9.3283812e-01   3.6029578e-01   3.3333333e+00
  9.3219891e-01  -3.6194640e-01  -9.3219809e-01   3.6194850e-01   3.3333333e+00
  9.3163612e-01  -3.6339255e-01  -9.3163533e-01   3.6339457e-01   3.3333333e+00
  9.3112986e-01  -3.6468779e-01  -9.3112909e-01   3.6468975e-01   3.3333333e+00
  9.3066688e-01  -3.6586768e-01  -9.3066613e-01   3.6586958e-01   3.3333333e+00
  9.3023816e-01  -3.6695636e-01  -9.3023743e-01   3.6695820e-01   3.3333333e+00
  9.2983726e-01  -3.6797102e-01  -9.2983655e-01   3.6797281e-01   3.3333333e+00
  9.2945942e-01  -3.6892437e-01  -9.2945872e-01   3.6892612e-01   3.3333333e+00
  9.2910100e-01  -3.6982609e-01  -9.2910032e-01   3.6982779e-01   3.3333333e+00
  9.2875916e-01  -3.7068372e-01  -9.2875850e-01   3.7068537e-01   3.3333333e+00
  9.2843165e-01  -3.7150325e-01  -9.2843101e-01   3.7150487e-01   3.3333333e+00
  9.2811663e-01  -3.7228957e-01  -9.2811600e-01   3.7229115e-01   3.3333333e+00
  9.2781258e-01  -3.7304667e-01  -9.2781196e-01   3.7304821e-01   3.3333333e+00
  9.2751824e-01  -3.7377789e-01  -9.2751764e-01   3.7377939e-01   3.3333333e+00
  9.2723256e-01  -3.7448602e-01  -9.2723197e-01   3.7448748e-01   3.3333333e+00
  9.2695462e-01  -3.7517347e-01  -9.2695404e-01   3.7517489e-01   3.3333333e+00
  9.2668365e-01  -3.7584227e-01  -9.2668308e-01   3.7584367e-01   3.3333333e+00
  9.2641897e-01  -3.7649422e-01  -9.2641842e-01   3.7649558e-01   3.3333333e+00
  9.2615999e-01  -3.7713085e-01  -9.2615945e-01   3.7713218e-01   3.3333333e+00
  9.2590619e-01  -3.7775353e-01  -9.2590566e-01   3.7775482e-01   3.3333333e+00
  9.2565712e-01  -3.7836346e-01  -9.2565660e-01   3.7836472e-01   3.3333333e+00
  9.2541236e-01  -3.7896170e-01  -9.2541185e-01   3.7896294e-01   3.3333333e+00
  9.2517155e-01  -3.7954921e-01  -9.2517105e-01   3.7955042e-01   3.3333333e+00
  9.2493437e-01  -3.8012684e-01  -9.2493388e-01   3.8012802e-01   3.3333333e+00
  9.2470051e-01  -3.8069537e-01  -9.2470004e-01   3.8069652e-01   3.3333333e+00
  9.2446972e-01  -3.8125548e-01  -9.2446926e-01   3.8125660e-01   3.3333333e+00
  9.2424174e-01  -3.8180781e-01  -9.2424129e-01   3.8180890e-01   3.3333333e+00
  9.2401636e-01  -3.8235293e-01  -9.2401592e-01   3.8235400e-01   3.3333333e+00
  9.2379337e-01  -3.8289137e-01  -9.2379294e-01   3.8289241e-01   3.3333333e+00
  9.2357259e-01  -3.8342362e-01  -9.2357217e-01   3.8342463e-01   3.3333333e+00
  9.2335384e-01  -3.8395010e-01  -9.2335343e-01   3.8395109e-01   3.3333333e+00
  9.2313697e-01  -3.8447124e-01  -9.2313657e-01   3.8447220e-01   3.3333333e+00
  9.2292182e-01  -3.8498742e-01  -9.2292143e-01   3.8498835e-01   3.3333333e+00
  9.2270827e-01  -3.8549897e-01  -9.2270789e-01   3.8549987e-01   3.3333333e+00
  9.2249618e-01  -3.8600623e-01  -9.2249581e-01   3.8600711e-01   3.3333333e+00
  9.2228543e-01  -3.8650949e-01  -9.2228507e-01   3.8651034e-01   3.3333333e+00
  9.2207592e-01  -3.8700904e-01  -9.2207557e-01   3.8700987e-01   3.3333333e+00
  9.2186754e-01  -3.8750514e-01  -9.2186720e-01   3.8750595e-01   3.3333333e+00
  9.2166020e-01  -3.8799804e-01  -9.2165987e-01   3.8799882e-01   3.3333333e+00
  9.2145380e-01  -3.8848797e-01  -9.2145348e-01   3.8848872e-01   3.3333333e+00
  9.2124825e-01  -3.8897514e-01  -9.2124794e-01   3.8897587e-01   3.3333333e+00
  9.2104349e-01  -3.8945975e-01  -9.2104319e-01   3.8946045e-01   3.3333333e+00
  9.2083942e-01  -3.8994199e-01  -9.2083913e-01   3.8994268e-01   3.3333333e+00
  9.2063599e-01  -3.9042205e-01  -9.2063571e-01   3.9042271e-01   3.3333333e+00
  9.2043311e-01  -3.9090009e-01  -9.2043284e-01   3.9090073e-01   3.3333333e+00
  9.2023074e-01  -3.9137627e-01  -9.2023048e-01   3.9137689e-01   3.3333333e+00
  9.2002880e-01  -3.9185075e-01  -9.2002855e-01   3.9185133e-01   3.3333333e+00
  9.1982724e-01  -3.9232365e-01  -9.1982700e-01   3.9232421e-01   3.3333333e+00
  9.1962601e-01  -3.9279511e-01  -9.1962578e-01   3.9279565e-01   3.3333333e+00
  9.1942505e-01  -3.9326527e-01  -9.1942483e-01   3.9326578e-01   3.3333333e+00
  9.1922432e-01  -3.9373423e-01  -9.1922411e-01   3.9373472e-01   3.3333333e+00
  9.1902377e-01  -3.9420211e-01  -9.1902357e-01   3.9420258e-01   3.3333333e+00
  9.1882336e-01  -3.9466901e-01  -9.1882317e-01   3.9466946e-01   3.3333333e+00
  9.1862305e-01  -3.9513503e-01  -9.1862287e-01   3.9513546e-01   3.3333333e+00
  9.1842279e-01  -3.9560027e-01  -9.1842262e-01   3.9560067e-01   3.3333333e+00
  9.1822256e-01  -3.9606480e-01  -9.1822240e-01   3.9606518e-01   3.3333333e+00
  9.1802232e-01  -3.9652872e-01  -9.1802217e-01   3.9652907e-01   3.3333333e+00
  9.1782203e-01  -3.9699209e-01  -9.1782189e-01   3.9699242e-01   3.3333333e+00
  9.1762167e-01  -3.9745499e-01  -9.1762154e-01   3.9745529e-01   3.3333333e+00
  9.1742121e-01  -3.9791748e-01  -9.1742109e-01   3.9791776e-01   3.3333333e+00
  9.1722063e-01  -3.9837962e-01  -9.1722052e-01   3.9837988e-01   3.3333333e+00
  9.1701989e-01  -3.9884147e-01  -9.1701979e-01   3.9884170e-01   3.3333333e+00
  9.1681899e-01  -3.9930307e-01  -9.1681890e-01   3.9930328e-01   3.3333333e+00
  9.1661789e-01  -3.9976447e-01  -9.1661781e-01   3.9976466e-01   3.3333333e+00
  9.1641659e-01  -4.0022572e-01  -9.1641652e-01   4.0022589e-01   3.3333333e+00
  9.1621507e-01  -4.0068685e-01  -9.1621500e-01   4.0068699e-01   3.3333333e+00
  9.1601330e-01  -4.0114789e-01  -9.1601325e-01   4.0114801e-01   3.3333333e+00
  9.1581129e-01  -4.0160886e-01  -9.1581125e-01   4.0160896e-01   3.3333333e+00
  9.1560902e-01  -4.0206979e-01  -9.1560899e-01   4.0206987e-01   3.3333333e+00
  9.1540649e-01  -4.0253070e-01  -9.1540646e-01   4.0253075e-01   3.3333333e+00
  9.1520368e-01  -4.0299160e-01  -9.1520367e-01   4.0299162e-01   3.3333333e+00
  9.1500060e-01  -4.0345249e-01  -9.1500059e-01   4.0345249e-01   3.3333333e+00
  9.1479724e-01  -4.0391338e-01  -9.1479724e-01   4.0391336e-01   3.3333333e+00
  9.1459360e-01  -4.0437427e-01  -9.1459361e-01   4.0437423e-01   3.3333333e+00
  9.1438968e-01  -4.0483518e-01  -9.1438971e-01   4.0483511e-01   3.3333333e+00
  9.1418547e-01  -4.0529610e-01  -9.1418551e-01   4.0529601e-01   3.3333333e+00
  9.1398097e-01  -4.0575705e-01  -9.1398102e-01   4.0575694e-01   3.3333333e+00
  9.1377617e-01  -4.0621806e-01  -9.1377623e-01   4.0621792e-01   3.3333333e+00
  9.1357106e-01  -4.0667914e-01  -9.1357112e-01   4.0667899e-01   3.3333333e+00
  9.1336561e-01  -4.0714034e-01  -9.1336569e-01   4.0714016e-01   3.3333333e+00
  9.1315983e-01  -4.0760168e-01  -9.1315992e-01   4.0760148e-01   3.3333333e+00
  9.1295368e-01  -4.0806320e-01  -9.1295378e-01   4.0806297e-01   3.3333333e+00
  9.1274716e-01  -4.0852494e-01  -9.1274727e-01   4.0852470e-01   3.3333333e+00
  9.1254023e-01  -4.0898697e-01  -9.1254035e-01   4.0898669e-01   3.3333333e+00
  9.1233287e-01  -4.0944931e-01  -9.1233300e-01   4.0944902e-01   3.3333333e+00
  9.1212505e-01  -4.0991205e-01  -9.1212519e-01   4.0991173e-01   3.3333333e+00
  9.1191675e-01  -4.1037524e-01  -9.1191691e-01   4.1037490e-01   3.3333333e+00
  9.1170793e-01  -4.1083895e-01  -9.1170810e-01   4.1083859e-01   3.3333333e+00
  9.1149856e-01  -4.1130325e-01  -9.1149874e-01   4.1130287e-01   3.3333333e+00
  9.1128860e-01  -4.1176824e-01  -9.1128879e-01   4.1176783e-01   3.3333333e+00
  9.1107801e-01  -4.1223398e-01  -9.1107821e-01   4.1223355e-01   3.3333333e+00
  9.1086675e-01  -4.1270058e-01  -9.1086695e-01   4.1270012e-01   3.3333333e+00
  9.1065476e-01  -4.1316813e-01  -9.1065498e-01   4.1316765e-01   3.3333333e+00
  9.1044201e-01  -4.1363674e-01  -9.1044223e-01   4.1363624e-01   3.3333333e+00
  9.1022843e-01  -4.1410652e-01  -9.1022867e-01   4.1410599e-01   3.3333333e+00
  9.1001397e-01  -4.1457759e-01  -9.1001422e-01   4.1457704e-01   3.3333333e+00
  9.0979857e-01  -4.1505007e-01  -9.0979883e-01   4.1504950e-01   3.3333333e+00
  9.0958217e-01  -4.1552410e-01  -9.0958244e-01   4.1552351e-01   3.3333333e+00
  9.0936469e-01  -4.1599982e-01  -9.0936498e-01   4.1599920e-01   3.3333333e+00
  9.0914607e-01  -4.1647739e-01  -9.0914637e-01   4.1647675e-01   3.3333333e+00
  9.0892623e-01  -4.1695696e-01  -9.0892654e-01   4.1695629e-01   3.3333333e+00
  9.0870508e-01  -4.1743870e-01  -9.0870540e-01   4.1743801e-01   3.3333333e+00
  9.0848254e-01  -4.1792281e-01  -9.0848287e-01   4.1792209e-01   3.3333333e+00
  9.0825851e-01  -4.1840946e-01  -9.0825885e-01   4.1840872e-01   3.3333333e+00
  9.0803289e-01  -4.1889887e-01  -9.0803325e-01   4.1889811e-01   3.3333333e+00
  9.0780558e-01  -4.1939126e-01  -9.0780594e-01   4.1939047e-01   3.3333333e+00
  9.0757645e-01  -4.1988687e-01  -9.0757683e-01   4.1988605e-01   3.3333333e+00
  9.0734539e-01  -4.2038594e-01  -9.0734578e-01   4.2038510e-01   3.3333333e+00
  9.0711226e-01  -4.2088876e-01  -9.0711266e-01   4.2088789e-01   3.3333333e+00
  9.0687692e-01  -4.2139560e-01  -9.0687733e-01   4.2139471e-01   3.3333333e+00
  9.0663922e-01  -4.2190678e-01  -9.0663964e-01   4.2190586e-01   3.3333333e+00
  9.0639898e-01  -4.2242264e-01  -9.0639942e-01   4.2242170e-01   3.3333333e+00
  9.0615604e-01  -4.2294354e-01  -9.0615649e-01   4.2294257e-01   3.3333333e+00
  9.0591019e-01  -4.2346987e-01  -9.0591065e-01   4.2346888e-01   3.3333333e+00
  9.0566122e-01  -4.2400206e-01  -9.0566170e-01   4.2400105e-01   3.3333333e+00
  9.0540891e-01  -4.2454058e-01  -9.0540940e-01   4.2453954e-01   3.3333333e+00
  9.0515300e-01  -4.2508593e-01  -9.0515350e-01   4.2508485e-01   3.3333333e+00
  9.0489322e-01  -4.2563865e-01  -9.0489373e-01   4.2563756e-01   3.3333333e+00
  9.0462926e-01  -4.2619937e-01  -9.0462979e-01   4.2619825e-01   3.3333333e+00
  9.0436079e-01  -4.2676875e-01  -9.0436133e-01   4.2676760e-01   3.3333333e+00
  9.0408744e-01  -4.2734753e-01  -9.0408800e-01   4.2734634e-01   3.3333333e+00
  9.0380879e-01  -4.2793652e-01  -9.0380937e-01   4.2793531e-01   3.3333333e+00
  9.0352440e-01  -4.2853665e-01  -9.0352499e-01   4.2853541e-01   3.3333333e+00
  9.0323374e-01  -4.2914894e-01  -9.0323435e-01   4.2914766e-01   3.3333333e+00
  9.0293624e-01  -4.2977453e-01  -9.0293686e-01   4.2977323e-01   3.3333333e+00
  9.0263123e-01  -4.3041475e-01  -9.0263187e-01   4.3041342e-01   3.3333333e+00
  9.0231798e-01  -4.3107107e-01  -9.0231863e-01   4.3106971e-01   3.3333333e+00
  9.0199561e-01  -4.3174521e-01  -9.0199628e-01   4.3174381e-01   3.3333333e+00
  9.0166314e-01  -4.3243912e-01  -9.0166382e-01   4.3243768e-01   3.3333333e+00
  9.0131940e-01  -4.3315509e-01  -9.0132011e-01   4.3315362e-01   3.3333333e+00
  9.0096304e-01  -4.3389583e-01  -9.0096377e-01   4.3389433e-01   3.3333333e+00
  9.0059244e-01  -4.3466453e-01  -9.0059319e-01   4.3466298e-01   3.3333333e+00
  9.0020566e-01  -4.3546500e-01  -9.0020643e-01   4.3546342e-01   3.3333333e+00
  8.9980033e-01  -4.3630193e-01  -8.9980111e-01   4.3630031e-01   3.3333333e+00
  8.9937352e-01  -4.3718105e-01  -8.9937433e-01   4.3717938e-01   3.3333333e+00
  8.9892157e-01  -4.3810958e-01  -8.9892241e-01   4.3810787e-01   3.3333333e+00
  8.9843977e-01  -4.3909678e-01  -8.9844063e-01   4.3909501e-01   3.3333333e+00
  8.9792192e-01  -4.4015478e-01  -8.9792281e-01   4.4015297e-01   3.3333333e+00
  8.9735962e-01  -4.4130002e-01  -8.9736054e-01   4.4129815e-01   3.3333333e+00
  8.9674110e-01  -4.4255554e-01  -8.9674205e-01   4.4255361e-01   3.3333333e+00
  8.9604895e-01  -4.4395527e-01  -8.9604994e-01   4.4395327e-01   3.3333333e+00
  8.9525589e-01  -4.4555235e-01  -8.9525692e-01   4.4555027e-01   3.3333333e+00
  8.9431509e-01  -4.4743773e-01  -8.9431617e-01   4.4743556e-01   3.3333333e+00
  8.9313470e-01  -4.4978929e-01  -8.9313585e-01   4.4978700e-01   3.3333333e+00
  8.9148752e-01  -4.5304525e-01  -8.9148876e-01   4.5304281e-01   3.3333333e+00
  8.8839578e-01  -4.5907835e-01  -8.8839719e-01   4.5907562e-01   3.3333333e+00
  9.3816870e-01  -3.4617841e-01  -9.3816763e-01   3.4618131e-01   3.3333333e+00
  9.3581179e-01  -3.5250007e-01  -9.3581082e-01   3.5250265e-01   3.3333333e+00
  9.3452610e-01  -3.5589459e-01  -9.3452519e-01   3.5589700e-01   3.3333333e+00
  9.3359167e-01  -3.5833865e-01  -9.3359080e-01   3.5834093e-01   3.3333333e+00
  9.3283896e-01  -3.6029360e-01  -9.3283812e-01   3.6029578e-01   3.3333333e+00
  9.3219891e-01  -3.6194640e-01  -9.3219809e-01   3.6194850e-01   3.3333333e+00
  9.3163612e-01  -3.6339255e-01  -9.3163533e-01   3.6339457e-01   3.3333333e+00
  9.3112986e-01  -3.6468779e-01  -9.3112909e-01   3.6468975e-01   3.3333333e+00
  9.3066688e-01  -3.6586768e-01  -9.3066613e-01   3.6586958e-01   3.3333333e+00
  9.3023816e-01  -3.6695636e-01  -9.3023743e-01   3.6695820e-01   3.3333333e+00
  9.2983726e-01  -3.6797102e-01  -9.2983655e-01   3.6797281e-01   3.3333333e+00
  9.2945942e-01  -3.6892437e-01  -9.2945872e-01   3.6892612e-01   3.3333333e+00
  9.2910100e-01  -3.6982609e-01  -9.2910032e-01   3.6982779e-01   3.3333333e+00
  9.2875916e-01  -3.7068372e-01  -9.2875850e-01   3.7068537e-01   3.3333333e+00
  9.2843165e-01  -3.7150325e-01  -9.2843101e-01   3.7150487e-01   3.3333333e+00
  9.2811663e-01  -3.7228957e-01  -9.2811600e-01   3.7229115e-01   3.3333333e+00
  9.2781258e-01  -3.7304667e-01  -9.2781196e-01   3.7304821e-01   3.3333333e+00
  9.2751824e-01  -3.7377789e-01  -9.2751764e-01   3.7377939e-01   3.3333333e+00
  9.2723256e-01  -3.7448602e-01  -9.2723197e-01   3.7448748e-01   3.3333333e+00
  9.2695462e-01  -3.7517347e-01  -9.2695404e-01   3.7517489e-01   3.3333333e+00
  9.2668365e-01  -3.7584227e-01  -9.2668308e-01   3.7584367e-01   3.3333333e+00
  9.2641897e-01  -3.7649422e-01  -9.2641842e-01   3.7649558e-01   3.3333333e+00
  9.2615999e-01  -3.7713085e-01  -9.2615945e-01   3.7713218e-01   3.3333333e+00
  9.2590619e-01  -3.7775353e-01  -9.2590566e-01   3.7775482e-01   3.3333333e+00
  9.2565712e-01  -3.7836346e-01  -9.2565660e-01   3.7836472e-01   3.3333333e+00
  9.2541236e-01  -3.7896170e-01  -9.2541185e-01   3.7896294e-01   3.3333333e+00
  9.2517155e-01  -3.7954921e-01  -9.2517105e-01   3.7955042e-01   3.3333333e+00
  9.2493437e-01  -3.8012684e-01  -9.2493388e-01   3.8012802e-01   3.3333333e+00
  9.2470051e-01  -3.8069537e-01  -9.2470004e-01   3.8069652e-01   3.3333333e+00
  9.2446972e-01  -3.8125548e-01  -9.2446926e-01   3.8125660e-01   3.3333333e+00
  9.2424174e-01  -3.8180781e-01  -9.2424129e-01   3.8180890e-01   3.3333333e+00
  9.2401636e-01  -3.8235293e-01  -9.2401592e-01   3.8235400e-01   3.3333333e+00
  9.2379337e-01  -3.8289137e-01  -9.2379294e-01   3.8289241e-01   3.3333333e+00
  9.2357259e-01  -3.8342362e-01  -9.2357217e-01   3.8342463e-01   3.3333333e+00
  9.2335384e-01  -3.8395010e-01  -9.2335343e-01   3.8395109e-01   3.3333333e+00
  9.2313697e-01  -3.8447124e-01  -9.2313657e-01   3.8447220e-01   3.3333333e+00
  9.2292182e-01  -3.8498742e-01  -9.2292143e-01   3.8498835e-01   3.3333333e+00
  9.2270827e-01  -3.8549897e-01  -9.2270789e-01   3.8549987e-01   3.3333333e+00
  9.2249618e-01  -3.8600623e-01  -9.2249581e-01   3.8600711e-01   3.3333333e+00
  9.2228543e-01  -3.8650949e-01  -9.2228507e-01   3.8651034e-01   3.3333333e+00
  9.2207592e-01  -3.8700904e-01  -9.2207557e-01   3.8700987e-01   3.3333333e+00
  9.2186754e-01  -3.8750514e-01  -9.2186720e-01   3.8750595e-01   3.3333333e+00
  9.2166020e-01  -3.8799804e-01  -9.2165987e-01   3.8799882e-01   3.3333333e+00
  9.2145380e-01  -3.8848797e-01  -9.2145348e-01   3.8848872e-01   3.3333333e+00
  9.2124825e-01  -3.8897514e-01  -9.2124794e-01   3.8897587e-01   3.3333333e+00
  9.2104349e-01  -3.8945975e-01  -9.2104319e-01   3.8946045e-01   3.3333333e+00
  9.2083942e-01  -3.8994199e-01  -9.2083913e-01   3.8994268e-01   3.3333333e+00
  9.2063599e-01  -3.9042205e-01  -9.2063571e-01   3.9042271e-01   3.3333333e+00
  9.2043311e-01  -3.9090009e-01  -9.2043284e-01   3.9090073e-01   3.3333333e+00
  9.2023074e-01  -3.9137627e-01  -9.2023048e-01   3.9137689e-01   3.3333333e+00
  9.2002880e-01  -3.9185075e-01  -9.2002855e-01   3.9185133e-01   3.3333333e+00
  9.1982724e-01  -3.9232365e-01  -9.1982700e-01   3.9232421e-01   3.3333333e+00
  9.1962601e-01  -3.9279511e-01  -9.1962578e-01   3.9279565e-01   3.3333333e+00
  9.1942505e-01  -3.9326527e-01  -9.1942483e-01   3.9326578e-01   3.3333333e+00
  9.1922432e-01  -3.9373423e-01  -9.1922411e-01   3.9373472e-01   3.3333333e+00
  9.1902377e-01  -3.9420211e-01  -9.1902357e-01   3.9420258e-01   3.3333333e+00
  9.1882336e-01  -3.9466901e-01  -9.1882317e-01   3.9466946e-01   3.3333333e+00
  9.1862305e-01  -3.9513503e-01  -9.1862287e-01   3.9513546e-01   3.3333333e+00
  9.1842279e-01  -3.9560027e-01  -9.1842262e-01   3.9560067e-01   3.3333333e+00
  9.1822256e-01  -3.9606480e-01  -9.1822240e-01   3.9606518e-01   3.3333333e+00
  9.1802232e-01  -3.9652872e-01  -9.1802217e-01   3.9652907e-01   3.3333333e+00
  9.1782203e-01  -3.9699209e-01  -9.1782189e-01   3.9699242e-01   3.3333333e+00
  9.1762167e-01  -3.9745499e-01  -9.1762154e-01   3.9745529e-01   3.3333333e+00
  9.1742121e-01  -3.9791748e-01  -9.1742109e-01   3.9791776e-01   3.3333333e+00
  9.1722063e-01  -3.9837962e-01  -9.1722052e-01   3.9837988e-01   3.3333333e+00
  9.1701989e-01  -3.9884147e-01  -9.1701979e-01   3.9884170e-01   3.3333333e+00
  9.1681899e-01  -3.9930307e-01  -9.1681890e-01   3.9930328e-01   3.3333333e+00
  9.1661789e-01  -3.9976447e-01  -9.1661781e-01   3.9976466e-01   3.3333333e+00
  9.1641659e-01  -4.0022572e-01  -9.1641652e-01   4.0022589e-01   3.3333333e+00
  9.1621507e-01  -4.0068685e-01  -9.1621500e-01   4.0068699e-01   3.3333333e+00
  9.1601330e-01  -4.0114789e-01  -9.1601325e-01   4.0114801e-01   3.3333333e+00
  9.1581129e-01  -4.0160886e-01  -9.1581125e-01   4.0160896e-01   3.3333333e+00
  9.1560902e-01  -4.0206979e-01  -9.1560899e-01   4.0206987e-01   3.3333333e+00
  9.1540649e-01  -4.0253070e-01  -9.1540646e-01   4.0253075e-01   3.3333333e+00
  9.1520368e-01  -4.0299160e-01  -9.1520367e-01   4.0299162e-01   3.3333333e+00
  9.1500060e-01  -4.0345249e-01  -9.1500059e-01   4.0345249e-01   3.3333333e+00
  9.1479724e-01  -4.0391338e-01  -9.1479724e-01   4.0391336e-01   3.3333333e+00
  9.1459360e-01  -4.0437427e-01  -9.1459361e-01   4.0437423e-01   3.3333333e+00
  9.1438968e-01  -4.0483518e-01  -9.1438971e-01   4.0483511e-01   3.3333333e+00
  9.1418547e-01  -4.0529610e-01  -9.1418551e-01   4.0529601e-01   3.3333333e+00
  9.1398097e-01  -4.0575705e-01  -9.1398102e-01   4.0575694e-01   3.3333333e+00
  9.1377617e-01  -4.0621806e-01  -9.1377623e-01   4.0621792e-01   3.3333333e+00
  9.1357106e-01  -4.0667914e-01  -9.1357112e-01   4.0667899e-01   3.3333333e+00
  9.1336561e-01  -4.0714034e-01  -9.1336569e-01   4.0714016e-01   3.3333333e+00
  9.1315983e-01  -4.0760168e-01  -9.1315992e-01   4.0760148e-01   3.3333333e+00
  9.1295368e-01  -4.0806320e-01  -9.1295378e-01   4.0806297e-01   3.3333333e+00
  9.1274716e-01  -4.0852494e-01  -9.1274727e-01   4.0852470e-01   3.3333333e+00
  9.1254023e-01  -4.0898697e-01  -9.1254035e-01   4.0898669e-01   3.3333333e+00
  9.1233287e-01  -4.0944931e-01  -9.1233300e-01   4.0944902e-01   3.3333333e+00
  9.1212505e-01  -4.0991205e-01  -9.1212519e-01   4.0991173e-01   3.3333333e+00
  9.1191675e-01  -4.1037524e-01  -9.1191691e-01   4.1037490e-01   3.3333333e+00
  9.1170793e-01  -4.1083895e-01  -9.1170810e-01   4.1083859e-01   3.3333333e+00
  9.1149856e-01  -4.1130325e-01  -9.1149874e-01   4.1130287e-01   3.3333333e+00
  9.1128860e-01  -4.1176824e-01  -9.1128879e-01   4.1176783e-01   3.3333333e+00
  9.1107801e-01  -4.1223398e-01  -9.1107821e-01   4.1223355e-01   3.3333333e+00
  9.1086675e-01  -4.1270058e-01  -9.1086695e-01   4.1270012e-01   3.3333333e+00
  9.1065476e-01  -4.1316813e-01  -9.1065498e-01   4.1316765e-01   3.3333333e+00
  9.1044201e-01  -4.1363674e-01  -9.1044223e-01   4.1363624e-01   3.3333333e+00
  9.1022843e-01  -4.1410652e-01  -9.1022867e-01   4.1410599e-01   3.3333333e+00
  9.1001397e-01  -4.1457759e-01  -9.1001422e-01   4.1457704e-01   3.3333333e+00
  9.0979857e-01  -4.1505007e-01  -9.0979883e-01   4.1504950e-01   3.3333333e+00
  9.0958217e-01  -4.1552410e-01  -9.0958244e-01   4.1552351e-01   3.3333333e+00
  9.0936469e-01  -4.1599982e-01  -9.0936498e-01   4.1599920e-01   3.3333333e+00
  9.0914607e-01  -4.1647739e-01  -9.0914637e-01   4.1647675e-01   3.3333333e+00
  9.0892623e-01  -4.1695696e-01  -9.0892654e-01   4.1695629e-01   3.3333333e+00
  9.0870508e-01  -4.1743870e-01  -9.0870540e-01   4.1743801e-01   3.3333333e+00
  9.0848254e-01  -4.1792281e-01  -9.0848287e-01   4.1792209e-01   3.3333333e+00
  9.0825851e-01  -4.1840946e-01  -9.0825885e-01   4.1840872e-01   3.3333333e+00
  9.0803289e-01  -4.1889887e-01  -9.0803325e-01   4.1889811e-01   3.3333333e+00
  9.0780558e-01  -4.1939126e-01  -9.0780594e-01   4.1939047e-01   3.3333333e+00
  9.0757645e-01  -4.1988687e-01  -9.0757683e-01   4.1988605e-01   3.3333333e+00
  9.0734539e-01  -4.2038594e-01  -9.0734578e-01   4.2038510e-01   3.3333333e+00
  9.0711226e-01  -4.2088876e-01  -9.0711266e-01   4.2088789e-01   3.3333333e+00
  9.0687692e-01  -4.2139560e-01  -9.0687733e-01   4.2139471e-01   3.3333333e+00
  9.0663922e-01  -4.2190678e-01  -9.0663964e-01   4.2190586e-01   3.3333333e+00
  9.0639898e-01  -4.2242264e-01  -9.0639942e-01   4.2242170e-01   3.3333333e+00
  9.0615604e-01  -4.2294354e-01  -9.0615649e-01   4.2294257e-01   3.3333333e+00
  9.0591019e-01  -4.2346987e-01  -9.0591065e-01   4.2346888e-01   3.3333333e+00
  9.0566122e-01  -4.2400206e-01  -9.0566170e-01   4.2400105e-01   3.3333333e+00
  9.0540891e-01  -4.2454058e-01  -9.0540940e-01   4.2453954e-01   3.3333333e+00
  9.0515300e-01  -4.2508593e-01  -9.0515350e-01   4.2508485e-01   3.3333333e+00
  9.0489322e-01  -4.2563865e-01  -9.0489373e-01   4.2563756e-01   3.3333333e+00
  9.0462926e-01  -4.2619937e-01  -9.0462979e-01   4.2619825e-01   3.3333333e+00
  9.0436079e-01  -4.2676875e-01  -9.0436133e-01   4.2676760e-01   3.3333333e+00
  9.0408744e-01  -4.2734753e-01  -9.0408800e-01   4.2734634e-01   3.3333333e+00
  9.0380879e-01  -4.2793652e-01  -9.0380937e-01   4.2793531e-01   3.3333333e+00
  9.0352440e-01  -4.2853665e-01  -9.0352499e-01   4.2853541e-01   3.3333333e+00
  9.0323374e-01  -4.2914894e-01  -9.0323435e-01   4.2914766e-01   3.3333333e+00
  9.0293624e-01  -4.2977453e-01  -9.0293686e-01   4.2977323e-01   3.3333333e+00
  9.0263123e-01  -4.3041475e-01  -9.0263187e-01   4.3041342e-01   3.3333333e+00
  9.0231798e-01  -4.3107107e-01  -9.0231863e-01   4.3106971e-01   3.3333333e+00
  9.0199561e-01  -4.3174521e-01  -9.0199628e-01   4.3174381e-01   3.3333333e+00
  9.0166314e-01  -4.3243912e-01  -9.0166382e-01   4.3243768e-01   3.3333333e+00
  9.0131940e-01  -4.3315509e-01  -9.0132011e-01   4.3315362e-01   3.3333333e+00
  9.0096304e-01  -4.3389583e-01  -9.0096377e-01   4.3389433e-01   3.3333333e+00
  9.0059244e-01  -4.3466453e-01  -9.0059319e-01   4.3466298e-01   3.3333333e+00
  9.0020566e-01  -4.3546500e-01  -9.0020643e-01   4.3546342e-01   3.3333333e+00
  8.9980033e-01  -4.3630193e-01  -8.9980111e-01   4.3630031e-01   3.3333333e+00
  8.9937352e-01  -4.3718105e-01  -8.9937433e-01   4.3717938e-01   3.3333333e+00
  8.9892157e-01  -4.3810958e-01  -8.9892241e-01   4.3810787e-01   3.3333333e+00
  8.9843977e-01  -4.3909678e-01  -8.9844063e-01   4.3909501e-01   3.3333333e+00
  8.9792192e-01  -4.4015478e-01  -8.9792281e-01   4.4015297e-01   3.3333333e+00
  8.9735962e-01  -4.4130002e-01  -8.9736054e-01   4.4129815e-01   3.3333333e+00
  8.9674110e-01  -4.4255554e-01  -8.9674205e-01   4.4255361e-01   3.3333333e+00
  8.9604895e-01  -4.4395527e-01  -8.9604994e-01   4.4395327e-01   3.3333333e+00
  8.9525589e-01  -4.4555235e-01  -8.9525692e-01   4.4555027e-01   3.3333333e+00
  8.9431509e-01  -4.4743773e-01  -8.9431617e-01   4.4743556e-01   3.3333333e+00
  8.9313470e-01  -4.4978929e-01  -8.9313585e-01   4.4978700e-01   3.3333333e+00
  8.9148752e-01  -4.5304525e-01  -8.9148876e-01   4.5304281e-01   3.3333333e+00
  8.8839578e-01  -4.5907835e-01  -8.8839719e-01   4.5907562e-01   3.3333333e+00
  9.3816870e-01  -3.4617841e-01  -9.3816763e-01   3.4618131e-01   3.3333333e+00
  9.3581179e-01  -3.5250007e-01  -9.3581082e-01   3.5250265e-01   3.3333333e+00
  9.3452610e-01  -3.5589459e-01  -9.3452519e-01   3.5589700e-01   3.3333333e+00
  9.3359167e-01  -3.5833865e-01  -9.3359080e-01   3.5834093e-01   3.3333333e+00
  9.3283896e-01  -3.6029360e-01  -9.3283812e-01   3.6029578e-01   3.3333333e+00
  9.3219891e-01  -3.6194640e-01  -9.3219809e-01   3.6194850e-01   3.3333333e+00
  9.3163612e-01  -3.6339255e-01  -9.3163533e-01   3.6339457e-01   3.3333333e+00
  9.3112986e-01  -3.6468779e-01  -9.3112909e-01   3.6468975e-01   3.3333333e+00
  9.3066688e-01  -3.6586768e-01  -9.3066613e-01   3.6586958e-01   3.3333333e+00
  9.3023816e-01  -3.6695636e-01  -9.3023743e-01   3.6695820e-01   3.3333333e+00
  9.2983726e-01  -3.6797102e-01  -9.2983655e-01   3.6797281e-01   3.3333333e+00
  9.2945942e-01  -3.6892437e-01  -9.2945872e-01   3.6892612e-01   3.3333333e+00
  9.2910100e-01  -3.6982609e-01  -9.2910032e-01   3.6982779e-01   3.3333333e+00
  9.2875916e-01  -3.7068372e-01  -9.2875850e-01   3.7068537e-01   3.3333333e+00
  9.2843165e-01  -3.7150325e-01  -9.2843101e-01   3.7150487e-01   3.3333333e+00
  9.2811663e-01  -3.7228957e-01  -9.2811600e-01   3.7229115e-01   3.3333333e+00
  9.2781258e-01  -3.7304667e-01  -9.2781196e-01   3.7304821e-01   3.3333333e+00
  9.2751824e-01  -3.7377789e-01  -9.2751764e-01   3.7377939e-01   3.3333333e+00
  9.2723256e-01  -3.7448602e-01  -9.2723197e-01   3.7448748e-01   3.3333333e+00
  9.2695462e-01  -3.7517347e-01  -9.2695404e-01   3.7517489e-01   3.3333333e+00
  9.2668365e-01  -3.7584227e-01  -9.2668308e-01   3.7584367e-01   3.3333333e+00
  9.2641897e-01  -3.7649422e-01  -9.2641842e-01   3.7649558e-01   3.3333333e+00
  9.2615999e-01  -3.7713085e-01  -9.2615945e-01   3.7713218e-01   3.3333333e+00
  9.2590619e-01  -3.7775353e-01  -9.2590566e-01   3.7775482e-01   3.3333333e+00
  9.2565712e-01  -3.7836346e-01  -9.2565660e-01   3.7836472e-01   3.3333333e+00
  9.2541236e-01  -3.7896170e-01  -9.2541185e-01   3.7896294e-01   3.3333333e+00
  9.2517155e-01  -3.7954921e-01  -9.2517105e-01   3.7955042e-01   3.3333333e+00
  9.2493437e-01  -3.8012684e-01  -9.2493388e-01   3.8012802e-01   3.3333333e+00
  9.2470051e-01  -3.8069537e-01  -9.2470004e-01   3.8069652e-01   3.3333333e+00
  9.2446972e-01  -3.8125548e-01  -9.2446926e-01   3.8125660e-01   3.3333333e+00
  9.2424174e-01  -3.8180781e-01  -9.2424129e-01   3.8180890e-01   3.3333333e+00
  9.2401636e-01  -3.8235293e-01  -9.2401592e-01   3.8235400e-01   3.3333333e+00
  9.2379337e-01  -3.8289137e-01  -9.2379294e-01   3.8289241e-01   3.3333333e+00
  9.2357259e-01  -3.8342362e-01  -9.2357217e-01   3.8342463e-01   3.3333333e+00
  9.2335384e-01  -3.8395010e-01  -9.2335343e-01   3.8395109e-01   3.3333333e+00
  9.2313697e-01  -3.8447124e-01  -9.2313657e-01   3.8447220e-01   3.3333333e+00
  9.2292182e-01  -3.8498742e-01  -9.2292143e-01   3.8498835e-01   3.3333333e+00
  9.2270827e-01  -3.8549897e-01  -9.2270789e-01   3.8549987e-01   3.3333333e+00
  9.2249618e-01  -3.8600623e-01  -9.2249581e-01   3.8600711e-01   3.3333333e+00
  9.2228543e-01  -3.8650949e-01  -9.2228507e-01   3.8651034e-01   3.3333333e+00
  9.2207592e-01  -3.8700904e-01  -9.2207557e-01   3.8700987e-01   3.3333333e+00
  9.2186754e-01  -3.8750514e-01  -9.2186720e-01   3.8750595e-01   3.3333333e+00
  9.2166020e-01  -3.8799804e-01  -9.2165987e-01   3.8799882e-01   3.3333333e+00
  9.2145380e-01  -3.8848797e-01  -9.2145348e-01   3.8848872e-01   3.3333333e+00
  9.2124825e-01  -3.8897514e-01  -9.2124794e-01   3.8897587e-01   3.3333333e+00
  9.2104349e-01  -3.8945975e-01  -9.2104319e-01   3.8946045e-01   3.3333333e+00
  9.2083942e-01  -3.8994199e-01  -9.2083913e-01   3.8994268e-01   3.3333333e+00
  9.2063599e-01  -3.9042205e-01  -9.2063571e-01   3.9042271e-01   3.3333333e+00
  9.2043311e-01  -3.9090009e-01  -9.2043284e-01   3.9090073e-01   3.3333333e+00
  9.2023074e-01  -3.9137627e-01  -9.2023048e-01   3.9137689e-01   3.3333333e+00
  9.2002880e-01  -3.9185075e-01  -9.2002855e-01   3.9185133e-01   3.3333333e+00
  9.1982724e-01  -3.9232365e-01  -9.1982700e-01   3.9232421e-01   3.3333333e+00
  9.1962601e-01  -3.9279511e-01  -9.1962578e-01   3.9279565e-01   3.3333333e+00
  9.1942505e-01  -3.9326527e-01  -9.1942483e-01   3.9326578e-01   3.3333333e+00
  9.1922432e-01  -3.9373423e-01  -9.1922411e-01   3.9373472e-01   3.3333333e+00
  9.1902377e-01  -3.9420211e-01  -9.1902357e-01   3.9420258e-01   3.3333333e+00
  9.1882336e-01  -3.9466901e-01  -9.1882317e-01   3.9466946e-01   3.3333333e+00
  9.1862305e-01  -3.9513503e-01  -9.1862287e-01   3.9513546e-01   3.3333333e+00
  9.1842279e-01  -3.9560027e-01  -9.1842262e-01   3.9560067e-01   3.3333333e+00
  9.1822256e-01  -3.9606480e-01  -9.1822240e-01   3.9606518e-01   3.3333333e+00
  9.1802232e-01  -3.9652872e-01  -9.1802217e-01   3.9652907e-01   3.3333333e+00
  9.1782203e-01  -3.9699209e-01  -9.1782189e-01   3.9699242e-01   3.3333333e+00
  9.1762167e-01  -3.9745499e-01  -9.1762154e-01   3.9745529e-01   3.3333333e+00
  9.1742121e-01  -3.9791748e-01  -9.1742109e-01   3.9791776e-01   3.3333333e+00
  9.1722063e-01  -3.9837962e-01  -9.1722052e-01   3.9837988e-01   3.3333333e+00
  9.1701989e-01  -3.9884147e-01  -9.1701979e-01   3.9884170e-01   3.3333333e+00
  9.1681899e-01  -3.9930307e-01  -9.1681890e-01   3.9930328e-01   3.3333333e+00
  9.1661789e-01  -3.9976447e-01  -9.1661781e-01   3.9976466e-01   3.3333333e+00
  9.1641659e-01  -4.0022572e-01  -9.1641652e-01   4.0022589e-01   3.3333333e+00
  9.1621507e-01  -4.0068685e-01  -9.1621500e-01   4.0068699e-01   3.3333333e+00
  9.1601330e-01  -4.0114789e-01  -9.1601325e-01   4.0114801e-01   3.3333333e+00
  9.1581129e-01  -4.0160886e-01  -9.1581125e-01   4.0160896e-01   3.3333333e+00
  9.1560902e-01  -4.0206979e-01  -9.1560899e-01   4.0206987e-01   3.3333333e+00
  9.1540649e-01  -4.0253070e-01  -9.1540646e-01   4.0253075e-01   3.3333333e+00
  9.1520368e-01  -4.0299160e-01  -9.1520367e-01   4.0299162e-01   3.3333333e+00
  9.1500060e-01  -4.0345249e-01  -9.1500059e-01   4.0345249e-01   3.3333333e+00
  9.1479724e-01  -4.0391338e-01  -9.1479724e-01   4.0391336e-01   3.3333333e+00
  9.1459360e-01  -4.0437427e-01  -9.1459361e-01   4.0437423e-01   3.3333333e+00
  9.1438968e-01  -4.0483518e-01  -9.1438971e-01   4.0483511e-01   3.3333333e+00
  9.1418547e-01  -4.0529610e-01  -9.1418551e-01   4.0529601e-01   3.3333333e+00
  9.1398097e-01  -4.0575705e-01  -9.1398102e-01   4.0575694e-01   3.3333333e+00
  9.1377617e-01  -4.0621806e-01  -9.1377623e-01   4.0621792e-01   3.3333333e+00
  9.1357106e-01  -4.0667914e-01  -9.1357112e-01   4.0667899e-01   3.3333333e+00
  9.1336561e-01  -4.0714034e-01  -9.1336569e-01   4.0714016e-01   3.3333333e+00
  9.1315983e-01  -4.0760168e-01  -9.1315992e-01   4.0760148e-01   3.3333333e+00
  9.1295368e-01  -4.0806320e-01  -9.1295378e-01   4.0806297e-01   3.3333333e+00
  9.1274716e-01  -4.0852494e-01  -9.1274727e-01   4.0852470e-01   3.3333333e+00
  9.1254023e-01  -4.0898697e-01  -9.1254035e-01   4.0898669e-01   3.3333333e+00
  9.1233287e-01  -4.0944931e-01  -9.1233300e-01   4.0944902e-01   3.3333333e+00
  9.1212505e-01  -4.0991205e-01  -9.1212519e-01   4.0991173e-01   3.3333333e+00
  9.1191675e-01  -4.1037524e-01  -9.1191691e-01   4.1037490e-01   3.3333333e+00
  9.1170793e-01  -4.1083895e-01  -9.1170810e-01   4.1083859e-01   3.3333333e+00
  9.1149856e-01  -4.1130325e-01  -9.1149874e-01   4.1130287e-01   3.3333333e+00
  9.1128860e-01  -4.1176824e-01  -9.1128879e-01   4.1176783e-01   3.3333333e+00
  9.1107801e-01  -4.1223398e-01  -9.1107821e-01   4.1223355e-01   3.3333333e+00
  9.1086675e-01  -4.1270058e-01  -9.1086695e-01   4.1270012e-01   3.3333333e+00
  9.1065476e-01  -4.1316813e-01  -9.1065498e-01   4.1316765e-01   3.3333333e+00
  9.1044201e-01  -4.1363674e-01  -9.1044223e-01   4.1363624e-01   3.3333333e+00
  9.1022843e-01  -4.1410652e-01  -9.1022867e-01   4.1410599e-01   3.3333333e+00
  9.1001397e-01  -4.1457759e-01  -9.1001422e-01   4.1457704e-01   3.3333333e+00
  9.0979857e-01  -4.1505007e-01  -9.0979883e-01   4.1504950e-01   3.3333333e+00
  9.0958217e-01  -4.1552410e-01  -9.0958244e-01   4.1552351e-01   3.3333333e+00
  9.0936469e-01  -4.1599982e-01  -9.0936498e-01   4.1599920e-01   3.3333333e+00
  9.0914607e-01  -4.1647739e-01  -9.0914637e-01   4.1647675e-01   3.3333333e+00
  9.0892623e-01  -4.1695696e-01  -9.0892654e-01   4.1695629e-01   3.3333333e+00
  9.0870508e-01  -4.1743870e-01  -9.0870540e-01   4.1743801e-01   3.3333333e+00
  9.0848254e-01  -4.1792281e-01  -9.0848287e-01   4.1792209e-01   3.3333333e+00
  9.0825851e-01  -4.1840946e-01  -9.0825885e-01   4.1840872e-01   3.3333333e+00
  9.0803289e-01  -4.1889887e-01  -9.0803325e-01   4.1889811e-01   3.3333333e+00
  9.0780558e-01  -4.1939126e-01  -9.0780594e-01   4.1939047e-01   3.3333333e+00
  9.0757645e-01  -4.1988687e-01  -9.0757683e-01   4.1988605e-01   3.3333333e+00
  9.0734539e-01  -4.2038594e-01  -9.0734578e-01   4.2038510e-01   3.3333333e+00
  9.0711226e-01  -4.2088876e-01  -9.0711266e-01   4.2088789e-01   3.3333333e+00
  9.0687692e-01  -4.2139560e-01  -9.0687733e-01   4.2139471e-01   3.3333333e+00
  9.0663922e-01  -4.2190678e-01  -9.0663964e-01   4.2190586e-01   3.3333333e+00
  9.0639898e-01  -4.2242264e-01  -9.0639942e-01   4.2242170e-01   3.3333333e+00
  9.0615604e-01  -4.2294354e-01  -9.0615649e-01   4.2294257e-01   3.3333333e+00
  9.0591019e-01  -4.2346987e-01  -9.0591065e-01   4.2346888e-01   3.3333333e+00
  9.0566122e-01  -4.2400206e-01  -9.0566170e-01   4.2400105e-01   3.3333333e+00
  9.0540891e-01  -4.2454058e-01  -9.0540940e-01   4.2453954e-01   3.3333333e+00
  9.0515300e-01  -4.2508593e-01  -9.0515350e-01   4.2508485e-01   3.3333333e+00
  9.0489322e-01  -4.2563865e-01  -9.0489373e-01   4.2563756e-01   3.3333333e+00
  9.0462926e-01  -4.2619937e-01  -9.0462979e-01   4.2619825e-01   3.3333333e+00
  9.0436079e-01  -4.2676875e-01  -9.0436133e-01   4.2676760e-01   3.3333333e+00
  9.0408744e-01  -4.2734753e-01  -9.0408800e-01   4.2734634e-01   3.3333333e+00
  9.0380879e-01  -4.2793652e-01  -9.0380937e-01   4.2793531e-01   3.3333333e+00
  9.0352440e-01  -4.2853665e-01  -9.0352499e-01   4.2853541e-01   3.3333333e+00
  9.0323374e-01  -4.2914894e-01  -9.0323435e-01   4.2914766e-01   3.3333333e+00
  9.0293624e-01  -4.2977453e-01  -9.0293686e-01   4.2977323e-01   3.3333333e+00
  9.0263123e-01  -4.3041475e-01  -9.0263187e-01   4.3041342e-01   3.3333333e+00
  9.0231798e-01  -4.3107107e-01  -9.0231863e-01   4.3106971e-01   3.3333333e+00
  9.0199561e-01  -4.3174521e-01  -9.0199628e-01   4.3174381e-01   3.3333333e+00
  9.0166314e-01  -4.3243912e-01  -9.0166382e-01   4.3243768e-01   3.3333333e+00
  9.0131940e-01  -4.3315509e-01  -9.0132011e-01   4.3315362e-01   3.3333333e+00
  9.0096304e-01  -4.3389583e-01  -9.0096377e-01   4.3389433e-01   3.3333333e+00
  9.0059244e-01  -4.3466453e-01  -9.0059319e-01   4.3466298e-01   3.3333333e+00
  9.0020566e-01  -4.3546500e-01  -9.0020643e-01   4.3546342e-01   3.3333333e+00
  8.9980033e-01  -4.3630193e-01  -8.9980111e-01   4.3630031e-01   3.3333333e+00
  8.9937352e-01  -4.3718105e-01  -8.9937433e-01   4.3717938e-01   3.3333333e+00
  8.9892157e-01  -4.3810958e-01  -8.9892241e-01   4.3810787e-01   3.3333333e+00
  8.9843977e-01  -4.3909678e-01  -8.9844063e-01   4.3909501e-01   3.3333333e+00
  8.9792192e-01  -4.4015478e-01  -8.9792281e-01   4.4015297e-01   3.3333333e+00
  8.9735962e-01  -4.4130002e-01  -8.9736054e-01   4.4129815e-01   3.3333333e+00
  8.9674110e-01  -4.4255554e-01  -8.9674205e-01   4.4255361e-01   3.3333333e+00
  8.9604895e-01  -4.4395527e-01  -8.9604994e-01   4.4395327e-01   3.3333333e+00
  8.9525589e-01  -4.4555235e-01  -8.9525692e-01   4.4555027e-01   3.3333333e+00
  8.9431509e-01  -4.4743773e-01  -8.9431617e-01   4.4743556e-01   3.3333333e+00
  8.9313470e-01  -4.4978929e-01  -8.9313585e-01   4.4978700e-01   3.3333333e+00
  8.9148752e-01  -4.5304525e-01  -8.9148876e-01   4.5304281e-01   3.3333333e+00
  8.8839578e-01  -4.5907835e-01  -8.8839719e-01   4.5907562e-01   3.3333333e+00
  7.9642817e-01  -6.0473313e-01  -7.9642630e-01   6.0473560e-01   3.3333333e+00
  7.9233955e-01  -6.1008036e-01  -7.9233786e-01   6.1008255e-01   3.3333333e+00
  7.9012541e-01  -6.1294521e-01  -7.9012383e-01   6.1294725e-01   3.3333333e+00
  7.8852317e-01  -6.1500505e-01  -7.8852166e-01   6.1500699e-01   3.3333333e+00
  7.8723670e-01  -6.1665093e-01  -7.8723525e-01   6.1665278e-01   3.3333333e+00
  7.8614569e-01  -6.1804122e-01  -7.8614429e-01   6.1804300e-01   3.3333333e+00
  7.8518855e-01  -6.1925677e-01  -7.8518720e-01   6.1925848e-01   3.3333333e+00
  7.8432927e-01  -6.2034474e-01  -7.8432796e-01   6.2034640e-01   3.3333333e+00
  7.8354486e-01  -6.2133521e-01  -7.8354359e-01   6.2133682e-01   3.3333333e+00
  7.8281969e-01  -6.2224861e-01  -7.8281845e-01   6.2225017e-01   3.3333333e+00
  7.8214260e-01  -6.2309947e-01  -7.8214139e-01   6.2310099e-01   3.3333333e+00
  7.8150535e-01  -6.2389854e-01  -7.8150417e-01   6.2390001e-01   3.3333333e+00
  7.8090166e-01  -6.2465398e-01  -7.8090052e-01   6.2465541e-01   3.3333333e+00
  7.8032663e-01  -6.2537216e-01  -7.8032551e-01   6.2537356e-01   3.3333333e+00
  7.7977635e-01  -6.2605818e-01  -7.7977526e-01   6.2605954e-01   3.3333333e+00
  7.7924765e-01  -6.2671612e-01  -7.7924658e-01   6.2671745e-01   3.3333333e+00
  7.7873792e-01  -6.2734938e-01  -7.7873688e-01   6.2735068e-01   3.3333333e+00
  7.7824500e-01  -6.2796076e-01  -7.7824398e-01   6.2796203e-01   3.3333333e+00
  7.7776705e-01  -6.2855264e-01  -7.7776605e-01   6.2855388e-01   3.3333333e+00
  7.7730250e-01  -6.2912703e-01  -7.7730153e-01   6.2912824e-01   3.3333333e+00
  7.7685003e-01  -6.2968566e-01  -7.7684907e-01   6.2968684e-01   3.3333333e+00
  7.7640846e-01  -6.3023004e-01  -7.7640753e-01   6.3023119e-01   3.3333333e+00
  7.7597679e-01  -6.3076147e-01  -7.7597587e-01   6.3076259e-01   3.3333333e+00
  7.7555411e-01  -6.3128109e-01  -7.7555322e-01   6.3128219e-01   3.3333333e+00
  7.7513966e-01  -6.3178992e-01  -7.7513879e-01   6.3179099e-01   3.3333333e+00
  7.7473272e-01  -6.3228887e-01  -7.7473187e-01   6.3228991e-01   3.3333333e+00
  7.7433267e-01  -6.3277872e-01  -7.7433184e-01   6.3277974e-01   3.3333333e+00
  7.7393895e-01  -6.3326021e-01  -7.7393814e-01   6.3326121e-01   3.3333333e+00
  7.7355106e-01  -6.3373398e-01  -7.7355026e-01   6.3373495e-01   3.3333333e+00
  7.7316853e-01  -6.3420062e-01  -7.7316775e-01   6.3420157e-01   3.3333333e+00
  7.7279095e-01  -6.3466066e-01  -7.7279019e-01   6.3466158e-01   3.3333333e+00
  7.7241794e-01  -6.3511458e-01  -7.7241719e-01   6.3511548e-01   3.3333333e+00
  7.7204915e-01  -6.3556283e-01  -7.7204842e-01   6.3556371e-01   3.3333333e+00
  7.7168426e-01  -6.3600582e-01  -7.7168355e-01   6.3600668e-01   3.3333333e+00
  7.7132298e-01  -6.3644392e-01  -7.7132229e-01   6.3644475e-01   3.3333333e+00
  7.7096504e-01  -6.3687746e-01  -7.7096437e-01   6.3687828e-01   3.3333333e+00
  7.7061019e-01  -6.3730678e-01  -7.7060954e-01   6.3730757e-01   3.3333333e+00
  7.7025819e-01  -6.3773217e-01  -7.7025756e-01   6.3773293e-01   3.3333333e+00
  7.6990884e-01  -6.3815389e-01  -7.6990822e-01   6.3815463e-01   3.3333333e+00
  7.6956192e-01  -6.3857220e-01  -7.6956131e-01   6.3857293e-01   3.3333333e+00
  7.6921724e-01  -6.3898735e-01  -7.6921666e-01   6.3898805e-01   3.3333333e+00
  7.6887465e-01  -6.3939955e-01  -7.6887408e-01   6.3940023e-01   3.3333333e+00
  7.6853396e-01  -6.3980900e-01  -7.6853340e-01   6.3980966e-01   3.3333333e+00
  7.6819502e-01  -6.4021591e-01  -7.6819449e-01   6.4021655e-01   3.3333333e+00
  7.6785769e-01  -6.4062045e-01  -7.6785717e-01   6.4062107e-01   3.3333333e+00
  7.6752184e-01  -6.4102280e-01  -7.6752133e-01   6.4102340e-01   3.3333333e+00
  7.6718732e-01  -6.4142312e-01  -7.6718684e-01   6.4142370e-01   3.3333333e+00
  7.6685403e-01  -6.4182155e-01  -7.6685356e-01   6.4182211e-01   3.3333333e+00
  7.6652184e-01  -6.4221824e-01  -7.6652139e-01   6.4221878e-01   3.3333333e+00
  7.6619065e-01  -6.4261332e-01  -7.6619022e-01   6.4261384e-01   3.3333333e+00
  7.6586036e-01  -6.4300692e-01  -7.6585994e-01   6.4300742e-01   3.3333333e+00
  7.6553087e-01  -6.4339917e-01  -7.6553047e-01   6.4339965e-01   3.3333333e+00
  7.6520209e-01  -6.4379016e-01  -7.6520170e-01   6.4379062e-01   3.3333333e+00
  7.6487392e-01  -6.4418001e-01  -7.6487355e-01   6.4418045e-01   3.3333333e+00
  7.6454630e-01  -6.4456882e-01  -7.6454594e-01   6.4456924e-01   3.3333333e+00
  7.6421914e-01  -6.4495667e-01  -7.6421880e-01   6.4495708e-01   3.3333333e+00
  7.6389236e-01  -6.4534367e-01  -7.6389204e-01   6.4534406e-01   3.3333333e+00
  7.6356591e-01  -6.4572990e-01  -7.6356560e-01   6.4573026e-01   3.3333333e+00
  7.6323971e-01  -6.4611543e-01  -7.6323942e-01   6.4611577e-01   3.3333333e+00
  7.6291371e-01  -6.4650033e-01  -7.6291343e-01   6.4650065e-01   3.3333333e+00
  7.6258784e-01  -6.4688468e-01  -7.6258758e-01   6.4688499e-01   3.3333333e+00
  7.6226205e-01  -6.4726854e-01  -7.6226181e-01   6.4726883e-01   3.3333333e+00
  7.6193629e-01  -6.4765198e-01  -7.6193607e-01   6.4765224e-01   3.3333333e+00
  7.6161052e-01  -6.4803504e-01  -7.6161031e-01   6.4803529e-01   3.3333333e+00
  7.6128469e-01  -6.4841778e-01  -7.6128450e-01   6.4841801e-01   3.3333333e+00
  7.6095876e-01  -6.4880025e-01  -7.6095858e-01   6.4880046e-01   3.3333333e+00
  7.6063269e-01  -6.4918249e-01  -7.6063253e-01   6.4918268e-01   3.3333333e+00
  7.6030645e-01  -6.4956455e-01  -7.6030631e-01   6.4956472e-01   3.3333333e+00
  7.5998001e-01  -6.4994645e-01  -7.5997988e-01   6.4994660e-01   3.3333333e+00
  7.5965334e-01  -6.5032823e-01  -7.5965322e-01   6.5032836e-01   3.3333333e+00
  7.5932641e-01  -6.5070992e-01  -7.5932631e-01   6.5071004e-01   3.3333333e+00
  7.5899921e-01  -6.5109155e-01  -7.5899913e-01   6.5109164e-01   3.3333333e+00
  7.5867171e-01  -6.5147313e-01  -7.5867165e-01   6.5147320e-01   3.3333333e+00
  7.5834391e-01  -6.5185467e-01  -7.5834386e-01   6.5185473e-01   3.3333333e+00
  7.5801579e-01  -6.5223621e-01  -7.5801575e-01   6.5223624e-01   3.3333333e+00
  7.5768733e-01  -6.5261773e-01  -7.5768732e-01   6.5261775e-01   3.3333333e+00
  7.5735855e-01  -6.5299925e-01  -7.5735855e-01   6.5299925e-01   3.3333333e+00
  7.5702943e-01  -6.5338078e-01  -7.5702945e-01   6.5338076e-01   3.3333333e+00
  7.5669997e-01  -6.5376230e-01  -7.5670001e-01   6.5376226e-01   3.3333333e+00
  7.5637017e-01  -6.5414384e-01  -7.5637022e-01   6.5414378e-01   3.3333333e+00
  7.5604002e-01  -6.5452539e-01  -7.5604009e-01   6.5452532e-01   3.3333333e+00
  7.5570950e-01  -6.5490698e-01  -7.5570958e-01   6.5490688e-01   3.3333333e+00
  7.5537860e-01  -6.5528862e-01  -7.5537870e-01   6.5528850e-01   3.3333333e+00
  7.5504729e-01  -6.5567033e-01  -7.5504741e-01   6.5567020e-01   3.3333333e+00
  7.5471557e-01  -6.5605214e-01  -7.5471570e-01   6.5605199e-01   3.3333333e+00
  7.5438339e-01  -6.5643408e-01  -7.5438354e-01   6.5643391e-01   3.3333333e+00
  7.5405073e-01  -6.5681618e-01  -7.5405090e-01   6.5681599e-01   3.3333333e+00
  7.5371755e-01  -6.5719849e-01  -7.5371774e-01   6.5719827e-01   3.3333333e+00
  7.5338382e-01  -6.5758103e-01  -7.5338403e-01   6.5758080e-01   3.3333333e+00
  7.5304950e-01  -6.5796386e-01  -7.5304972e-01   6.5796362e-01   3.3333333e+00
  7.5271454e-01  -6.5834704e-01  -7.5271477e-01   6.5834677e-01   3.3333333e+00
  7.5237889e-01  -6.5873061e-01  -7.5237914e-01   6.5873032e-01   3.3333333e+00
  7.5204249e-01  -6.5911463e-01  -7.5204276e-01   6.5911432e-01   3.3333333e+00
  7.5170529e-01  -6.5949917e-01  -7.5170558e-01   6.5949884e-01   3.3333333e+00
  7.5136723e-01  -6.5988429e-01  -7.5136754e-01   6.5988395e-01   3.3333333e+00
  7.5102824e-01  -6.6027008e-01  -7.5102856e-01   6.6026972e-01   3.3333333e+00
  7.5068825e-01  -6.6065661e-01  -7.5068859e-01   6.6065622e-01   3.3333333e+00
  7.5034718e-01  -6.6104396e-01  -7.5034753e-01   6.6104355e-01   3.3333333e+00
  7.5000494e-01  -6.6143222e-01  -7.5000532e-01   6.6143180e-01   3.3333333e+00
  7.4966146e-01  -6.6182149e-01  -7.4966185e-01   6.6182105e-01   3.3333333e+00
  7.4931664e-01  -6.6221188e-01  -7.4931705e-01   6.6221142e-01   3.3333333e+00
  7.4897038e-01  -6.6260348e-01  -7.4897080e-01   6.6260300e-01   3.3333333e+00
  7.4862257e-01  -6.6299642e-01  -7.4862301e-01   6.6299592e-01   3.3333333e+00
  7.4827309e-01  -6.6339082e-01  -7.4827355e-01   6.6339030e-01   3.3333333e+00
  7.4792184e-01  -6.6378680e-01  -7.4792232e-01   6.6378626e-01   3.3333333e+00
  7.4756868e-01  -6.6418451e-01  -7.4756918e-01   6.6418395e-01   3.3333333e+00
  7.4721348e-01  -6.6458409e-01  -7.4721399e-01   6.6458352e-01   3.3333333e+00
  7.4685608e-01  -6.6498571e-01  -7.4685661e-01   6.6498511e-01   3.3333333e+00
  7.4649634e-01  -6.6538952e-01  -7.4649689e-01   6.6538891e-01   3.3333333e+00
  7.4613408e-01  -6.6579572e-01  -7.4613465e-01   6.6579508e-01   3.3333333e+00
  7.4576913e-01  -6.6620448e-01  -7.4576971e-01   6.6620382e-01   3.3333333e+00
  7.4540129e-01  -6.6661602e-01  -7.4540190e-01   6.6661534e-01   3.3333333e+00
  7.4503036e-01  -6.6703055e-01  -7.4503099e-01   6.6702985e-01   3.3333333e+00
  7.4465613e-01  -6.6744831e-01  -7.4465677e-01   6.6744760e-01   3.3333333e+00
  7.4427834e-01  -6.6786956e-01  -7.4427901e-01   6.6786882e-01   3.3333333e+00
  7.4389675e-01  -6.6829456e-01  -7.4389743e-01   6.6829380e-01   3.3333333e+00
  7.4351108e-01  -6.6872362e-01  -7.4351178e-01   6.6872284e-01   3.3333333e+00
  7.4312102e-01  -6.6915704e-01  -7.4312174e-01   6.6915624e-01   3.3333333e+00
  7.4272625e-01  -6.6959519e-01  -7.4272699e-01   6.6959436e-01   3.3333333e+00
  7.4232642e-01  -6.7003842e-01  -7.4232718e-01   6.7003758e-01   3.3333333e+00
  7.4192113e-01  -6.7048717e-01  -7.4192191e-01   6.7048630e-01   3.3333333e+00
  7.4150996e-01  -6.7094186e-01  -7.4151076e-01   6.7094097e-01   3.3333333e+00
  7.4109244e-01  -6.7140300e-01  -7.4109327e-01   6.7140209e-01   3.3333333e+00
  7.4066806e-01  -6.7187114e-01  -7.4066891e-01   6.7187020e-01   3.3333333e+00
  7.4023625e-01  -6.7234686e-01  -7.4023712e-01   6.7234590e-01   3.3333333e+00
  7.3979636e-01  -6.7283084e-01  -7.3979726e-01   6.7282986e-01   3.3333333e+00
  7.3934771e-01  -6.7332382e-01  -7.3934862e-01   6.7332281e-01   3.3333333e+00
  7.3888948e-01  -6.7382663e-01  -7.3889042e-01   6.7382560e-01   3.3333333e+00
  7.3842080e-01  -6.7434021e-01  -7.3842177e-01   6.7433915e-01   3.3333333e+00
  7.3794065e-01  -6.7486561e-01  -7.3794164e-01   6.7486453e-01   3.3333333e+00
  7.3744787e-01  -6.7540405e-01  -7.3744889e-01   6.7540295e-01   3.3333333e+00
  7.3694115e-01  -6.7595691e-01  -7.3694219e-01   6.7595577e-01   3.3333333e+00
  7.3641896e-01  -6.7652577e-01  -7.3642002e-01   6.7652461e-01   3.3333333e+00
  7.3587951e-01  -6.7711251e-01  -7.3588060e-01   6.7711132e-01   3.3333333e+00
  7.3532072e-01  -6.7771930e-01  -7.3532184e-01   6.7771808e-01   3.3333333e+00
  7.3474009e-01  -6.7834873e-01  -7.3474125e-01   6.7834748e-01   3.3333333e+00
  7.3413466e-01  -6.7900390e-01  -7.3413585e-01   6.7900262e-01   3.3333333e+00
  7.3350079e-01  -6.7968860e-01  -7.3350201e-01   6.7968728e-01   3.3333333e+00
  7.3283399e-01  -6.8040748e-01  -7.3283525e-01   6.8040613e-01   3.3333333e+00
  7.3212865e-01  -6.8116638e-01  -7.3212994e-01   6.8116500e-01   3.3333333e+00
  7.3137753e-01  -6.8197281e-01  -7.3137886e-01   6.8197138e-01   3.3333333e+00
  7.3057115e-01  -6.8283658e-01  -7.3057252e-01   6.8283511e-01   3.3333333e+00
  7.2969667e-01  -6.8377099e-01  -7.2969808e-01   6.8376948e-01   3.3333333e+00
  7.2873604e-01  -6.8479471e-01  -7.2873750e-01   6.8479315e-01   3.3333333e+00
  7.2766268e-01  -6.8593515e-01  -7.2766420e-01   6.8593353e-01   3.3333333e+00
  7.2643490e-01  -6.8723529e-01  -7.2643649e-01   6.8723361e-01   3.3333333e+00
  7.2498123e-01  -6.8876862e-01  -7.2498290e-01   6.8876687e-01   3.3333333e+00
  7.2316167e-01  -6.9067880e-01  -7.2316342e-01   6.9067696e-01   3.3333333e+00
  7.2063036e-01  -6.9331946e-01  -7.2063225e-01   6.9331750e-01   3.3333333e+00
  7.1590293e-01  -6.9819983e-01  -7.1590507e-01   6.9819763e-01   3.3333333e+00
  7.9642817e-01  -6.0473313e-01  -7.9642630e-01   6.0473560e-01   3.3333333e+00
  7.9233955e-01  -6.1008036e-01  -7.9233786e-01   6.1008255e-01   3.3333333e+00
  7.9012541e-01  -6.1294521e-01  -7.9012383e-01   6.1294725e-01   3.3333333e+00
  7.8852317e-01  -6.1500505e-01  -7.8852166e-01   6.1500699e-01   3.3333333e+00
  7.8723670e-01  -6.1665093e-01  -7.8723525e-01   6.1665278e-01   3.3333333e+00
  7.8614569e-01  -6.1804122e-01  -7.8614429e-01   6.1804300e-01   3.3333333e+00
  7.8518855e-01  -6.1925677e-01  -7.8518720e-01   6.1925848e-01   3.3333333e+00
  7.8432927e-01  -6.2034474e-01  -7.8432796e-01   6.2034640e-01   3.3333333e+00
  7.8354486e-01  -6.2133521e-01  -7.8354359e-01   6.2133682e-01   3.3333333e+00
  7.8281969e-01  -6.2224861e-01  -7.8281845e-01   6.2225017e-01   3.3333333e+00
  7.8214260e-01  -6.2309947e-01  -7.8214139e-01   6.2310099e-01   3.3333333e+00
  7.8150535e-01  -6.2389854e-01  -7.8150417e-01   6.2390001e-01   3.3333333e+00
  7.8090166e-01  -6.2465398e-01  -7.8090052e-01   6.2465541e-01   3.3333333e+00
  7.8032663e-01  -6.2537216e-01  -7.8032551e-01   6.2537356e-01   3.3333333e+00
  7.7977635e-01  -6.2605818e-01  -7.7977526e-01   6.2605954e-01   3.3333333e+00
  7.7924765e-01  -6.2671612e-01  -7.7924658e-01   6.2671745e-01   3.3333333e+00
  7.7873792e-01  -6.2734938e-01  -7.7873688e-01   6.2735068e-01   3.3333333e+00
  7.7824500e-01  -6.2796076e-01  -7.7824398e-01   6.2796203e-01   3.3333333e+00
  7.7776705e-01  -6.2855264e-01  -7.7776605e-01   6.2855388e-01   3.3333333e+00
  7.7730250e-01  -6.2912703e-01  -7.7730153e-01   6.2912824e-01   3.3333333e+00
  7.7685003e-01  -6.2968566e-01  -7.7684907e-01   6.2968684e-01   3.3333333e+00
  7.7640846e-01  -6.3023004e-01  -7.7640753e-01   6.3023119e-01   3.3333333e+00
  7.7597679e-01  -6.3076147e-01  -7.7597587e-01   6.3076259e-01   3.3333333e+00
  7.7555411e-01  -6.3128109e-01  -7.7555322e-01   6.3128219e-01   3.3333333e+00
  7.7513966e-01  -6.3178992e-01  -7.7513879e-01   6.3179099e-01   3.3333333e+00
  7.7473272e-01  -6.3228887e-01  -7.7473187e-01   6.3228991e-01   3.3333333e+00
  7.7433267e-01  -6.3277872e-01  -7.7433184e-01   6.3277974e-01   3.3333333e+00
  7.7393895e-01  -6.3326021e-01  -7.7393814e-01   6.3326121e-01   3.3333333e+00
  7.7355106e-01  -6.3373398e-01  -7.7355026e-01   6.3373495e-01   3.3333333e+00
  7.7316853e-01  -6.3420062e-01  -7.7316775e-01   6.3420157e-01   3.3333333e+00
  7.7279095e-01  -6.3466066e-01  -7.7279019e-01   6.3466158e-01   3.3333333e+00
  7.7241794e-01  -6.3511458e-01  -7.7241719e-01   6.3511548e-01   3.3333333e+00
  7.7204915e-01  -6.3556283e-01  -7.7204842e-01   6.3556371e-01   3.3333333e+00
  7.7168426e-01  -6.3600582e-01  -7.7168355e-01   6.3600668e-01   3.3333333e+00
  7.7132298e-01  -6.3644392e-01  -7.7132229e-01   6.3644475e-01   3.3333333e+00
  7.7096504e-01  -6.3687746e-01  -7.7096437e-01   6.3687828e-01   3.3333333e+00
  7.7061019e-01  -6.3730678e-01  -7.7060954e-01   6.3730757e-01   3.3333333e+00
  7.7025819e-01  -6.3773217e-01  -7.7025756e-01   6.3773293e-01   3.3333333e+00
  7.6990884e-01  -6.3815389e-01  -7.6990822e-01   6.3815463e-01   3.3333333e+00
  7.6956192e-01  -6.3857220e-01  -7.6956131e-01   6.3857293e-01   3.3333333e+00
  7.6921724e-01  -6.3898735e-01  -7.6921666e-01   6.3898805e-01   3.3333333e+00
  7.6887465e-01  -6.3939955e-01  -7.6887408e-01   6.3940023e-01   3.3333333e+00
  7.6853396e-01  -6.3980900e-01  -7.6853340e-01   6.3980966e-01   3.3333333e+00
  7.6819502e-01  -6.4021591e-01  -7.6819449e-01   6.4021655e-01   3.3333333e+00
  7.6785769e-01  -6.4062045e-01  -7.6785717e-01   6.4062107e-01   3.3333333e+00
  7.6752184e-01  -6.4102280e-01  -7.6752133e-01   6.4102340e-01   3.3333333e+00
  7.6718732e-01  -6.4142312e-01  -7.6718684e-01   6.4142370e-01   3.3333333e+00
  7.6685403e-01  -6.4182155e-01  -7.6685356e-01   6.4182211e-01   3.3333333e+00
  7.6652184e-01  -6.4221824e-01  -7.6652139e-01   6.4221878e-01   3.3333333e+00
  7.6619065e-01  -6.4261332e-01  -7.6619022e-01   6.4261384e-01   3.3333333e+00
  7.6586036e-01  -6.4300692e-01  -7.6585994e-01   6.4300742e-01   3.3333333e+00
  7.6553087e-01  -6.4339917e-01  -7.6553047e-01   6.4339965e-01   3.3333333e+00
  7.6520209e-01  -6.4379016e-01  -7.6520170e-01   6.4379062e-01   3.3333333e+00
  7.6487392e-01  -6.4418001e-01  -7.6487355e-01   6.4418045e-01   3.3333333e+00
  7.6454630e-01  -6.4456882e-01  -7.6454594e-01   6.4456924e-01   3.3333333e+00
  7.6421914e-01  -6.4495667e-01  -7.6421880e-01   6.4495708e-01   3.3333333e+00
  7.6389236e-01  -6.4534367e-01  -7.6389204e-01   6.4534406e-01   3.3333333e+00
  7.6356591e-01  -6.4572990e-01  -7.6356560e-01   6.4573026e-01   3.3333333e+00
  7.6323971e-01  -6.4611543e-01  -7.6323942e-01   6.4611577e-01   3.3333333e+00
  7.6291371e-01  -6.4650033e-01  -7.6291343e-01   6.4650065e-01   3.3333333e+00
  7.6258784e-01  -6.4688468e-01  -7.6258758e-01   6.4688499e-01   3.3333333e+00
  7.6226205e-01  -6.4726854e-01  -7.6226181e-01   6.4726883e-01   3.3333333e+00
  7.6193629e-01  -6.4765198e-01  -7.6193607e-01   6.4765224e-01   3.3333333e+00
  7.6161052e-01  -6.4803504e-01  -7.6161031e-01   6.4803529e-01   3.3333333e+00
  7.6128469e-01  -6.4841778e-01  -7.6128450e-01   6.4841801e-01   3.3333333e+00
  7.6095876e-01  -6.4880025e-01  -7.6095858e-01   6.4880046e-01   3.3333333e+00
  7.6063269e-01  -6.4918249e-01  -7.6063253e-01   6.4918268e-01   3.3333333e+00
  7.6030645e-01  -6.4956455e-01  -7.6030631e-01   6.4956472e-01   3.3333333e+00
  7.5998001e-01  -6.4994645e-01  -7.5997988e-01   6.4994660e-01   3.3333333e+00
  7.5965334e-01  -6.5032823e-01  -7.5965322e-01   6.5032836e-01   3.3333333e+00
  7.5932641e-01  -6.5070992e-01  -7.5932631e-01   6.5071004e-01   3.3333333e+00
  7.5899921e-01  -6.5109155e-01  -7.5899913e-01   6.5109164e-01   3.3333333e+00
  7.5867171e-01  -6.5147313e-01  -7.5867165e-01   6.5147320e-01   3.3333333e+00
  7.5834391e-01  -6.5185467e-01  -7.5834386e-01   6.5185473e-01   3.3333333e+00
  7.5801579e-01  -6.5223621e-01  -7.5801575e-01   6.5223624e-01   3.3333333e+00
  7.5768733e-01  -6.5261773e-01  -7.5768732e-01   6.5261775e-01   3.3333333e+00
  7.5735855e-01  -6.5299925e-01  -7.5735855e-01   6.5299925e-01   3.3333333e+00
  7.5702943e-01  -6.5338078e-01  -7.5702945e-01   6.5338076e-01   3.3333333e+00
  7.5669997e-01  -6.5376230e-01  -7.5670001e-01   6.5376226e-01   3.3333333e+00
  7.5637017e-01  -6.5414384e-01  -7.5637022e-01   6.5414378e-01   3.3333333e+00
  7.5604002e-01  -6.5452539e-01  -7.5604009e-01   6.5452532e-01   3.3333333e+00
  7.5570950e-01  -6.5490698e-01  -7.5570958e-01   6.5490688e-01   3.3333333e+00
  7.5537860e-01  -6.5528862e-01  -7.5537870e-01   6.5528850e-01   3.3333333e+00
  7.5504729e-01  -6.5567033e-01  -7.5504741e-01   6.5567020e-01   3.3333333e+00
  7.5471557e-01  -6.5605214e-01  -7.5471570e-01   6.5605199e-01   3.3333333e+00
  7.5438339e-01  -6.5643408e-01  -7.5438354e-01   6.5643391e-01   3.3333333e+00
  7.5405073e-01  -6.5681618e-01  -7.5405090e-01   6.5681599e-01   3.3333333e+00
  7.5371755e-01  -6.5719849e-01  -7.5371774e-01   6.5719827e-01   3.3333333e+00
  7.5338382e-01  -6.5758103e-01  -7.5338403e-01   6.5758080e-01   3.3333333e+00
  7.5304950e-01  -6.5796386e-01  -7.5304972e-01   6.5796362e-01   3.3333333e+00
  7.5271454e-01  -6.5834704e-01  -7.5271477e-01   6.5834677e-01   3.3333333e+00
  7.5237889e-01  -6.5873061e-01  -7.5237914e-01   6.5873032e-01   3.3333333e+00
  7.5204249e-01  -6.5911463e-01  -7.5204276e-01   6.5911432e-01   3.3333333e+00
  7.5170529e-01  -6.5949917e-01  -7.5170558e-01   6.5949884e-01   3.3333333e+00
  7.5136723e-01  -6.5988429e-01  -7.5136754e-01   6.5988395e-01   3.3333333e+00
  7.5102824e-01  -6.6027008e-01  -7.5102856e-01   6.6026972e-01   3.3333333e+00
  7.5068825e-01  -6.6065661e-01  -7.5068859e-01   6.6065622e-01   3.3333333e+00
  7.5034718e-01  -6.6104396e-01  -7.5034753e-01   6.6104355e-01   3.3333333e+00
  7.5000494e-01  -6.6143222e-01  -7.5000532e-01   6.6143180e-01   3.3333333e+00
  7.4966146e-01  -6.6182149e-01  -7.4966185e-01   6.6182105e-01   3.3333333e+00
  7.4931664e-01  -6.6221188e-01  -7.4931705e-01   6.6221142e-01   3.3333333e+00
  7.4897038e-01  -6.6260348e-01  -7.4897080e-01   6.6260300e-01   3.3333333e+00
  7.4862257e-01  -6.6299642e-01  -7.4862301e-01   6.6299592e-01   3.3333333e+00
  7.4827309e-01  -6.6339082e-01  -7.4827355e-01   6.6339030e-01   3.3333333e+00
  7.4792184e-01  -6.6378680e-01  -7.4792232e-01   6.6378626e-01   3.3333333e+00
  7.4756868e-01  -6.6418451e-01  -7.4756918e-01   6.6418395e-01   3.3333333e+00
  7.4721348e-01  -6.6458409e-01  -7.4721399e-01   6.6458352e-01   3.3333333e+00
  7.4685608e-01  -6.6498571e-01  -7.4685661e-01   6.6498511e-01   3.3333333e+00
  7.4649634e-01  -6.6538952e-01  -7.4649689e-01   6.6538891e-01   3.3333333e+00
  7.4613408e-01  -6.6579572e-01  -7.4613465e-01   6.6579508e-01   3.3333333e+00
  7.4576913e-01  -6.6620448e-01  -7.4576971e-01   6.6620382e-01   3.3333333e+00
  7.4540129e-01  -6.6661602e-01  -7.4540190e-01   6.6661534e-01   3.3333333e+00
  7.4503036e-01  -6.6703055e-01  -7.4503099e-01   6.6702985e-01   3.3333333e+00
  7.4465613e-01  -6.6744831e-01  -7.4465677e-01   6.6744760e-01   3.3333333e+00
  7.4427834e-01  -6.6786956e-01  -7.4427901e-01   6.6786882e-01   3.3333333e+00
  7.4389675e-01  -6.6829456e-01  -7.4389743e-01   6.6829380e-01   3.3333333e+00
  7.4351108e-01  -6.6872362e-01  -7.4351178e-01   6.6872284e-01   3.3333333e+00
  7.4312102e-01  -6.6915704e-01  -7.4312174e-01   6.6915624e-01   3.3333333e+00
  7.4272625e-01  -6.6959519e-01  -7.4272699e-01   6.6959436e-01   3.3333333e+00
  7.4232642e-01  -6.7003842e-01  -7.4232718e-01   6.7003758e-01   3.3333333e+00
  7.4192113e-01  -6.7048717e-01  -7.4192191e-01   6.7048630e-01   3.3333333e+00
  7.4150996e-01  -6.7094186e-01  -7.4151076e-01   6.7094097e-01   3.3333333e+00
  7.4109244e-01  -6.7140300e-01  -7.4109327e-01   6.7140209e-01   3.3333333e+00
  7.4066806e-01  -6.7187114e-01  -7.4066891e-01   6.7187020e-01   3.3333333e+00
  7.4023625e-01  -6.7234686e-01  -7.4023712e-01   6.7234590e-01   3.3333333e+00
  7.3979636e-01  -6.7283084e-01  -7.3979726e-01   6.7282986e-01   3.3333333e+00
  7.3934771e-01  -6.7332382e-01  -7.3934862e-01   6.7332281e-01   3.3333333e+00
  7.3888948e-01  -6.7382663e-01  -7.3889042e-01   6.7382560e-01   3.3333333e+00
  7.3842080e-01  -6.7434021e-01  -7.3842177e-01   6.7433915e-01   3.3333333e+00
  7.3794065e-01  -6.7486561e-01  -7.3794164e-01   6.7486453e-01   3.3333333e+00
  7.3744787e-01  -6.7540405e-01  -7.3744889e-01   6.7540295e-01   3.3333333e+00
  7.3694115e-01  -6.7595691e-01  -7.3694219e-01   6.7595577e-01   3.3333333e+00
  7.3641896e-01  -6.7652577e-01  -7.3642002e-01   6.7652461e-01   3.3333333e+00
  7.3587951e-01  -6.7711251e-01  -7.3588060e-01   6.7711132e-01   3.3333333e+00
  7.3532072e-01  -6.7771930e-01  -7.3532184e-01   6.7771808e-01   3.3333333e+00
  7.3474009e-01  -6.7834873e-01  -7.3474125e-01   6.7834748e-01   3.3333333e+00
  7.3413466e-01  -6.7900390e-01  -7.3413585e-01   6.7900262e-01   3.3333333e+00
  7.3350079e-01  -6.7968860e-01  -7.3350201e-01   6.7968728e-01   3.3333333e+00
  7.3283399e-01  -6.8040748e-01  -7.3283525e-01   6.8040613e-01   3.3333333e+00
  7.3212865e-01  -6.8116638e-01  -7.3212994e-01   6.8116500e-01   3.3333333e+00
  7.3137753e-01  -6.8197281e-01  -7.3137886e-01   6.8197138e-01   3.3333333e+00
  7.3057115e-01  -6.8283658e-01  -7.3057252e-01   6.8283511e-01   3.3333333e+00
  7.2969667e-01  -6.8377099e-01  -7.2969808e-01   6.8376948e-01   3.3333333e+00
  7.2873604e-01  -6.8479471e-01  -7.2873750e-01   6.8479315e-01   3.3333333e+00
  7.2766268e-01  -6.8593515e-01  -7.2766420e-01   6.8593353e-01   3.3333333e+00
  7.2643490e-01  -6.8723529e-01  -7.2643649e-01   6.8723361e-01   3.3333333e+00
  7.2498123e-01  -6.8876862e-01  -7.2498290e-01   6.8876687e-01   3.3333333e+00
  7.2316167e-01  -6.9067880e-01  -7.2316342e-01   6.9067696e-01   3.3333333e+00
  7.2063036e-01  -6.9331946e-01  -7.2063225e-01   6.9331750e-01   3.3333333e+00
  7.1590293e-01  -6.9819983e-01  -7.1590507e-01   6.9819763e-01   3.3333333e+00
  7.9642817e-01  -6.0473313e-01  -7.9642630e-01   6.0473560e-01   3.3333333e+00
  7.9233955e-01  -6.1008036e-01  -7.9233786e-01   6.1008255e-01   3.3333333e+00
  7.9012541e-01  -6.1294521e-01  -7.9012383e-01   6.1294725e-01   3.3333333e+00
  7.8852317e-01  -6.1500505e-01  -7.8852166e-01   6.1500699e-01   3.3333333e+00
  7.8723670e-01  -6.1665093e-01  -7.8723525e-01   6.1665278e-01   3.3333333e+00
  7.8614569e-01  -6.1804122e-01  -7.8614429e-01   6.1804300e-01   3.3333333e+00
  7.8518855e-01  -6.1925677e-01  -7.8518720e-01   6.1925848e-01   3.3333333e+00
  7.8432927e-01  -6.2034474e-01  -7.8432796e-01   6.2034640e-01   3.3333333e+00
  7.8354486e-01  -6.2133521e-01  -7.8354359e-01   6.2133682e-01   3.3333333e+00
  7.8281969e-01  -6.2224861e-01  -7.8281845e-01   6.2225017e-01   3.3333333e+00
  7.8214260e-01  -6.2309947e-01  -7.8214139e-01   6.2310099e-01   3.3333333e+00
  7.8150535e-01  -6.2389854e-01  -7.8150417e-01   6.2390001e-01   3.3333333e+00
  7.8090166e-01  -6.2465398e-01  -7.8090052e-01   6.2465541e-01   3.3333333e+00
  7.8032663e-01  -6.2537216e-01  -7.8032551e-01   6.2537356e-01   3.3333333e+00
  7.7977635e-01  -6.2605818e-01  -7.7977526e-01   6.2605954e-01   3.3333333e+00
  7.7924765e-01  -6.2671612e-01  -7.7924658e-01   6.2671745e-01   3.3333333e+00
  7.7873792e-01  -6.2734938e-01  -7.7873688e-01   6.2735068e-01   3.3333333e+00
  7.7824500e-01  -6.2796076e-01  -7.7824398e-01   6.2796203e-01   3.3333333e+00
  7.7776705e-01  -6.2855264e-01  -7.7776605e-01   6.2855388e-01   3.3333333e+00
  7.7730250e-01  -6.2912703e-01  -7.7730153e-01   6.2912824e-01   3.3333333e+00
  7.7685003e-01  -6.2968566e-01  -7.7684907e-01   6.2968684e-01   3.3333333e+00
  7.7640846e-01  -6.3023004e-01  -7.7640753e-01   6.3023119e-01   3.3333333e+00
  7.7597679e-01  -6.3076147e-01  -7.7597587e-01   6.3076259e-01   3.3333333e+00
  7.7555411e-01  -6.3128109e-01  -7.7555322e-01   6.3128219e-01   3.3333333e+00
  7.7513966e-01  -6.3178992e-01  -7.7513879e-01   6.3179099e-01   3.3333333e+00
  7.7473272e-01  -6.3228887e-01  -7.7473187e-01   6.3228991e-01   3.3333333e+00
  7.7433267e-01  -6.3277872e-01  -7.7433184e-01   6.3277974e-01   3.3333333e+00
  7.7393895e-01  -6.3326021e-01  -7.7393814e-01   6.3326121e-01   3.3333333e+00
  7.7355106e-01  -6.3373398e-01  -7.7355026e-01   6.3373495e-01   3.3333333e+00
  7.7316853e-01  -6.3420062e-01  -7.7316775e-01   6.3420157e-01   3.3333333e+00
  7.7279095e-01  -6.3466066e-01  -7.7279019e-01   6.3466158e-01   3.3333333e+00
  7.7241794e-01  -6.3511458e-01  -7.7241719e-01   6.3511548e-01   3.3333333e+00
  7.7204915e-01  -6.3556283e-01  -7.7204842e-01   6.3556371e-01   3.3333333e+00
  7.7168426e-01  -6.3600582e-01  -7.7168355e-01   6.3600668e-01   3.3333333e+00
  7.7132298e-01  -6.3644392e-01  -7.7132229e-01   6.3644475e-01   3.3333333e+00
  7.7096504e-01  -6.3687746e-01  -7.7096437e-01   6.3687828e-01   3.3333333e+00
  7.7061019e-01  -6.3730678e-01  -7.7060954e-01   6.3730757e-01   3.3333333e+00
  7.7025819e-01  -6.3773217e-01  -7.7025756e-01   6.3773293e-01   3.3333333e+00
  7.6990884e-01  -6.3815389e-01  -7.6990822e-01   6.3815463e-01   3.3333333e+00
  7.6956192e-01  -6.3857220e-01  -7.6956131e-01   6.3857293e-01   3.3333333e+00
  7.6921724e-01  -6.3898735e-01  -7.6921666e-01   6.3898805e-01   3.3333333e+00
  7.6887465e-01  -6.3939955e-01  -7.6887408e-01   6.3940023e-01   3.3333333e+00
  7.6853396e-01  -6.3980900e-01  -7.6853340e-01   6.3980966e-01   3.3333333e+00
  7.6819502e-01  -6.4021591e-01  -7.6819449e-01   6.4021655e-01   3.3333333e+00
  7.6785769e-01  -6.4062045e-01  -7.6785717e-01   6.4062107e-01   3.3333333e+00
  7.6752184e-01  -6.4102280e-01  -7.6752133e-01   6.4102340e-01   3.3333333e+00
  7.6718732e-01  -6.4142312e-01  -7.6718684e-01   6.4142370e-01   3.3333333e+00
  7.6685403e-01  -6.4182155e-01  -7.6685356e-01   6.4182211e-01   3.3333333e+00
  7.6652184e-01  -6.4221824e-01  -7.6652139e-01   6.4221878e-01   3.3333333e+00
  7.6619065e-01  -6.4261332e-01  -7.6619022e-01   6.4261384e-01   3.3333333e+00
  7.6586036e-01  -6.4300692e-01  -7.6585994e-01   6.4300742e-01   3.3333333e+00
  7.6553087e-01  -6.4339917e-01  -7.6553047e-01   6.4339965e-01   3.3333333e+00
  7.6520209e-01  -6.4379016e-01  -7.6520170e-01   6.4379062e-01   3.3333333e+00
  7.6487392e-01  -6.4418001e-01  -7.6487355e-01   6.4418045e-01   3.3333333e+00
  7.6454630e-01  -6.4456882e-01  -7.6454594e-01   6.4456924e-01   3.3333333e+00
  7.6421914e-01  -6.4495667e-01  -7.6421880e-01   6.4495708e-01   3.3333333e+00
  7.6389236e-01  -6.4534367e-01  -7.6389204e-01   6.4534406e-01   3.3333333e+00
  7.6356591e-01  -6.4572990e-01  -7.6356560e-01   6.4573026e-01   3.3333333e+00
  7.6323971e-01  -6.4611543e-01  -7.6323942e-01   6.4611577e-01   3.3333333e+00
  7.6291371e-01  -6.4650033e-01  -7.6291343e-01   6.4650065e-01   3.3333333e+00
  7.6258784e-01  -6.4688468e-01  -7.6258758e-01   6.4688499e-01   3.3333333e+00
  7.6226205e-01  -6.4726854e-01  -7.6226181e-01   6.4726883e-01   3.3333333e+00
  7.6193629e-01  -6.4765198e-01  -7.6193607e-01   6.4765224e-01   3.3333333e+00
  7.6161052e-01  -6.4803504e-01  -7.6161031e-01   6.4803529e-01   3.3333333e+00
  7.6128469e-01  -6.4841778e-01  -7.6128450e-01   6.4841801e-01   3.3333333e+00
  7.6095876e-01  -6.4880025e-01  -7.6095858e-01   6.4880046e-01   3.3333333e+00
  7.6063269e-01  -6.4918249e-01  -7.6063253e-01   6.4918268e-01   3.3333333e+00
  7.6030645e-01  -6.4956455e-01  -7.6030631e-01   6.4956472e-01   3.3333333e+00
  7.5998001e-01  -6.4994645e-01  -7.5997988e-01   6.4994660e-01   3.3333333e+00
  7.5965334e-01  -6.5032823e-01  -7.5965322e-01   6.5032836e-01   3.3333333e+00
  7.5932641e-01  -6.5070992e-01  -7.5932631e-01   6.5071004e-01   3.3333333e+00
  7.5899921e-01  -6.5109155e-01  -7.5899913e-01   6.5109164e-01   3.3333333e+00
  7.5867171e-01  -6.5147313e-01  -7.5867165e-01   6.5147320e-01   3.3333333e+00
  7.5834391e-01  -6.5185467e-01  -7.5834386e-01   6.5185473e-01   3.3333333e+00
  7.5801579e-01  -6.5223621e-01  -7.5801575e-01   6.5223624e-01   3.3333333e+00
  7.5768733e-01  -6.5261773e-01  -7.5768732e-01   6.5261775e-01   3.3333333e+00
  7.5735855e-01  -6.5299925e-01  -7.5735855e-01   6.5299925e-01   3.3333333e+00
  7.5702943e-01  -6.5338078e-01  -7.5702945e-01   6.5338076e-01   3.3333333e+00
  7.5669997e-01  -6.5376230e-01  -7.5670001e-01   6.5376226e-01   3.3333333e+00
  7.5637017e-01  -6.5414384e-01  -7.5637022e-01   6.5414378e-01   3.3333333e+00
  7.5604002e-01  -6.5452539e-01  -7.5604009e-01   6.5452532e-01   3.3333333e+00
  7.5570950e-01  -6.5490698e-01  -7.5570958e-01   6.5490688e-01   3.3333333e+00
  7.5537860e-01  -6.5528862e-01  -7.5537870e-01   6.5528850e-01   3.3333333e+00
  7.5504729e-01  -6.5567033e-01  -7.5504741e-01   6.5567020e-01   3.3333333e+00
  7.5471557e-01  -6.5605214e-01  -7.5471570e-01   6.5605199e-01   3.3333333e+00
  7.5438339e-01  -6.5643408e-01  -7.5438354e-01   6.5643391e-01   3.3333333e+00
  7.5405073e-01  -6.5681618e-01  -7.5405090e-01   6.5681599e-01   3.3333333e+00
  7.5371755e-01  -6.5719849e-01  -7.5371774e-01   6.5719827e-01   3.3333333e+00
  7.5338382e-01  -6.5758103e-01  -7.5338403e-01   6.5758080e-01   3.3333333e+00
  7.5304950e-01  -6.5796386e-01  -7.5304972e-01   6.5796362e-01   3.3333333e+00
  7.5271454e-01  -6.5834704e-01  -7.5271477e-01   6.5834677e-01   3.3333333e+00
  7.5237889e-01  -6.5873061e-01  -7.5237914e-01   6.5873032e-01   3.3333333e+00
  7.5204249e-01  -6.5911463e-01  -7.5204276e-01   6.5911432e-01   3.3333333e+00
  7.5170529e-01  -6.5949917e-01  -7.5170558e-01   6.5949884e-01   3.3333333e+00
  7.5136723e-01  -6.5988429e-01  -7.5136754e-01   6.5988395e-01   3.3333333e+00
  7.5102824e-01  -6.6027008e-01  -7.5102856e-01   6.6026972e-01   3.3333333e+00
  7.5068825e-01  -6.6065661e-01  -7.5068859e-01   6.6065622e-01   3.3333333e+00
  7.5034718e-01  -6.6104396e-01  -7.5034753e-01   6.6104355e-01   3.3333333e+00
  7.5000494e-01  -6.6143222e-01  -7.5000532e-01   6.6143180e-01   3.3333333e+00
  7.4966146e-01  -6.6182149e-01  -7.4966185e-01   6.6182105e-01   3.3333333e+00
  7.4931664e-01  -6.6221188e-01  -7.4931705e-01   6.6221142e-01   3.3333333e+00
  7.4897038e-01  -6.6260348e-01  -7.4897080e-01   6.6260300e-01   3.3333333e+00
  7.4862257e-01  -6.6299642e-01  -7.4862301e-01   6.6299592e-01   3.3333333e+00
  7.4827309e-01  -6.6339082e-01  -7.4827355e-01   6.6339030e-01   3.3333333e+00
  7.4792184e-01  -6.6378680e-01  -7.4792232e-01   6.6378626e-01   3.3333333e+00
  7.4756868e-01  -6.6418451e-01  -7.4756918e-01   6.6418395e-01   3.3333333e+00
  7.4721348e-01  -6.6458409e-01  -7.4721399e-01   6.6458352e-01   3.3333333e+00
  7.4685608e-01  -6.6498571e-01  -7.4685661e-01   6.6498511e-01   3.3333333e+00
  7.4649634e-01  -6.6538952e-01  -7.4649689e-01   6.6538891e-01   3.3333333e+00
  7.4613408e-01  -6.6579572e-01  -7.4613465e-01   6.6579508e-01   3.3333333e+00
  7.4576913e-01  -6.6620448e-01  -7.4576971e-01   6.6620382e-01   3.3333333e+00
  7.4540129e-01  -6.6661602e-01  -7.4540190e-01   6.6661534e-01   3.3333333e+00
  7.4503036e-01  -6.6703055e-01  -7.4503099e-01   6.6702985e-01   3.3333333e+00
  7.4465613e-01  -6.6744831e-01  -7.4465677e-01   6.6744760e-01   3.3333333e+00
  7.4427834e-01  -6.6786956e-01  -7.4427901e-01   6.6786882e-01   3.3333333e+00
  7.4389675e-01  -6.6829456e-01  -7.4389743e-01   6.6829380e-01   3.3333333e+00
  7.4351108e-01  -6.6872362e-01  -7.4351178e-01   6.6872284e-01   3.3333333e+00
  7.4312102e-01  -6.6915704e-01  -7.4312174e-01   6.6915624e-01   3.3333333e+00
  7.4272625e-01  -6.6959519e-01  -7.4272699e-01   6.6959436e-01   3.3333333e+00
  7.4232642e-01  -6.7003842e-01  -7.4232718e-01   6.7003758e-01   3.3333333e+00
  7.4192113e-01  -6.7048717e-01  -7.4192191e-01   6.7048630e-01   3.3333333e+00
  7.4150996e-01  -6.7094186e-01  -7.4151076e-01   6.7094097e-01   3.3333333e+00
  7.4109244e-01  -6.7140300e-01  -7.4109327e-01   6.7140209e-01   3.3333333e+00
  7.4066806e-01  -6.7187114e-01  -7.4066891e-01   6.7187020e-01   3.3333333e+00
  7.4023625e-01  -6.7234686e-01  -7.4023712e-01   6.7234590e-01   3.3333333e+00
  7.3979636e-01  -6.7283084e-01  -7.3979726e-01   6.7282986e-01   3.3333333e+00
  7.3934771e-01  -6.7332382e-01  -7.3934862e-01   6.7332281e-01   3.3333333e+00
  7.3888948e-01  -6.7382663e-01  -7.3889042e-01   6.7382560e-01   3.3333333e+00
  7.3842080e-01  -6.7434021e-01  -7.3842177e-01   6.7433915e-01   3.3333333e+00
  7.3794065e-01  -6.7486561e-01  -7.3794164e-01   6.7486453e-01   3.3333333e+00
  7.3744787e-01  -6.7540405e-01  -7.3744889e-01   6.7540295e-01   3.3333333e+00
  7.3694115e-01  -6.7595691e-01  -7.3694219e-01   6.7595577e-01   3.3333333e+00
  7.3641896e-01  -6.7652577e-01  -7.3642002e-01   6.7652461e-01   3.3333333e+00
  7.3587951e-01  -6.7711251e-01  -7.3588060e-01   6.7711132e-01   3.3333333e+00
  7.3532072e-01  -6.7771930e-01  -7.3532184e-01   6.7771808e-01   3.3333333e+00
  7.3474009e-01  -6.7834873e-01  -7.3474125e-01   6.7834748e-01   3.3333333e+00
  7.3413466e-01  -6.7900390e-01  -7.3413585e-01   6.7900262e-01   3.3333333e+00
  7.3350079e-01  -6.7968860e-01  -7.3350201e-01   6.7968728e-01   3.3333333e+00
  7.3283399e-01  -6.8040748e-01  -7.3283525e-01   6.8040613e-01   3.3333333e+00
  7.3212865e-01  -6.8116638e-01  -7.3212994e-01   6.8116500e-01   3.3333333e+00
  7.3137753e-01  -6.8197281e-01  -7.3137886e-01   6.8197138e-01   3.3333333e+00
  7.3057115e-01  -6.8283658e-01  -7.3057252e-01   6.8283511e-01   3.3333333e+00
  7.2969667e-01  -6.8377099e-01  -7.2969808e-01   6.8376948e-01   3.3333333e+00
  7.2873604e-01  -6.8479471e-01  -7.2873750e-01   6.8479315e-01   3.3333333e+00
  7.2766268e-01  -6.8593515e-01  -7.2766420e-01   6.8593353e-01   3.3333333e+00
  7.2643490e-01  -6.8723529e-01  -7.2643649e-01   6.8723361e-01   3.3333333e+00
  7.2498123e-01  -6.8876862e-01  -7.2498290e-01   6.8876687e-01   3.3333333e+00
  7.2316167e-01  -6.9067880e-01  -7.2316342e-01   6.9067696e-01   3.3333333e+00
  7.2063036e-01  -6.9331946e-01  -7.2063225e-01   6.9331750e-01   3.3333333e+00
  7.1590293e-01  -6.9819983e-01  -7.1590507e-01   6.9819763e-01   3.3333333e+00
  7.9642817e-01  -6.0473313e-01  -7.9642630e-01   6.0473560e-01   3.3333333e+00
  7.9233955e-01  -6.1008036e-01  -7.9233786e-01   6.1008255e-01   3.3333333e+00
  7.9012541e-01  -6.1294521e-01  -7.9012383e-01   6.1294725e-01   3.3333333e+00
  7.8852317e-01  -6.1500505e-01  -7.8852166e-01   6.1500699e-01   3.3333333e+00
  7.8723670e-01  -6.1665093e-01  -7.8723525e-01   6.1665278e-01   3.3333333e+00
  7.8614569e-01  -6.1804122e-01  -7.8614429e-01   6.1804300e-01   3.3333333e+00
  7.8518855e-01  -6.1925677e-01  -7.8518720e-01   6.1925848e-01   3.3333333e+00
  7.8432927e-01  -6.2034474e-01  -7.8432796e-01   6.2034640e-01   3.3333333e+00
  7.8354486e-01  -6.2133521e-01  -7.8354359e-01   6.2133682e-01   3.3333333e+00
  7.8281969e-01  -6.2224861e-01  -7.8281845e-01   6.2225017e-01   3.3333333e+00
  7.8214260e-01  -6.2309947e-01  -7.8214139e-01   6.2310099e-01   3.3333333e+00
  7.8150535e-01  -6.2389854e-01  -7.8150417e-01   6.2390001e-01   3.3333333e+00
  7.8090166e-01  -6.2465398e-01  -7.8090052e-01   6.2465541e-01   3.3333333e+00
  7.8032663e-01  -6.2537216e-01  -7.8032551e-01   6.2537356e-01   3.3333333e+00
  7.7977635e-01  -6.2605818e-01  -7.7977526e-01   6.2605954e-01   3.3333333e+00
  7.7924765e-01  -6.2671612e-01  -7.7924658e-01   6.2671745e-01   3.3333333e+00
  7.7873792e-01  -6.2734938e-01  -7.7873688e-01   6.2735068e-01   3.3333333e+00
  7.7824500e-01  -6.2796076e-01  -7.7824398e-01   6.2796203e-01   3.3333333e+00
  7.7776705e-01  -6.2855264e-01  -7.7776605e-01   6.2855388e-01   3.3333333e+00
  7.7730250e-01  -6.2912703e-01  -7.7730153e-01   6.2912824e-01   3.3333333e+00
  7.7685003e-01  -6.2968566e-01  -7.7684907e-01   6.2968684e-01   3.3333333e+00
  7.7640846e-01  -6.3023004e-01  -7.7640753e-01   6.3023119e-01   3.3333333e+00
  7.7597679e-01  -6.3076147e-01  -7.7597587e-01   6.3076259e-01   3.3333333e+00
  7.7555411e-01  -6.3128109e-01  -7.7555322e-01   6.3128219e-01   3.3333333e+00
  7.7513966e-01  -6.3178992e-01  -7.7513879e-01   6.3179099e-01   3.3333333e+00
  7.7473272e-01  -6.3228887e-01  -7.7473187e-01   6.3228991e-01   3.3333333e+00
  7.7433267e-01  -6.3277872e-01  -7.7433184e-01   6.3277974e-01   3.3333333e+00
  7.7393895e-01  -6.3326021e-01  -7.7393814e-01   6.3326121e-01   3.3333333e+00
  7.7355106e-01  -6.3373398e-01  -7.7355026e-01   6.3373495e-01   3.3333333e+00
  7.7316853e-01  -6.3420062e-01  -7.7316775e-01   6.3420157e-01   3.3333333e+00
  7.7279095e-01  -6.3466066e-01  -7.7279019e-01   6.3466158e-01   3.3333333e+00
  7.7241794e-01  -6.3511458e-01  -7.7241719e-01   6.3511548e-01   3.3333333e+00
  7.7204915e-01  -6.3556283e-01  -7.7204842e-01   6.3556371e-01   3.3333333e+00
  7.7168426e-01  -6.3600582e-01  -7.7168355e-01   6.3600668e-01   3.3333333e+00
  7.7132298e-01  -6.3644392e-01  -7.7132229e-01   6.3644475e-01   3.3333333e+00
  7.7096504e-01  -6.3687746e-01  -7.7096437e-01   6.3687828e-01   3.3333333e+00
  7.7061019e-01  -6.3730678e-01  -7.7060954e-01   6.3730757e-01   3.3333333e+00
  7.7025819e-01  -6.3773217e-01  -7.7025756e-01   6.3773293e-01   3.3333333e+00
  7.6990884e-01  -6.3815389e-01  -7.6990822e-01   6.3815463e-01   3.3333333e+00
  7.6956192e-01  -6.3857220e-01  -7.6956131e-01   6.3857293e-01   3.3333333e+00
  7.6921724e-01  -6.3898735e-01  -7.6921666e-01   6.3898805e-01   3.3333333e+00
  7.6887465e-01  -6.3939955e-01  -7.6887408e-01   6.3940023e-01   3.3333333e+00
  7.6853396e-01  -6.3980900e-01  -7.6853340e-01   6.3980966e-01   3.3333333e+00
  7.6819502e-01  -6.4021591e-01  -7.6819449e-01   6.4021655e-01   3.3333333e+00
  7.6785769e-01  -6.4062045e-01  -7.6785717e-01   6.4062107e-01   3.3333333e+00
  7.6752184e-01  -6.4102280e-01  -7.6752133e-01   6.4102340e-01   3.3333333e+00
  7.6718732e-01  -6.4142312e-01  -7.6718684e-01   6.4142370e-01   3.3333333e+00
  7.6685403e-01  -6.4182155e-01  -7.6685356e-01   6.4182211e-01   3.3333333e+00
  7.6652184e-01  -6.4221824e-01  -7.6652139e-01   6.4221878e-01   3.3333333e+00
  7.6619065e-01  -6.4261332e-01  -7.6619022e-01   6.4261384e-01   3.3333333e+00
  7.6586036e-01  -6.4300692e-01  -7.6585994e-01   6.4300742e-01   3.3333333e+00
  7.6553087e-01  -6.4339917e-01  -7.6553047e-01   6.4339965e-01   3.3333333e+00
  7.6520209e-01  -6.4379016e-01  -7.6520170e-01   6.4379062e-01   3.3333333e+00
  7.6487392e-01  -6.4418001e-01  -7.6487355e-01   6.4418045e-01   3.3333333e+00
  7.6454630e-01  -6.4456882e-01  -7.6454594e-01   6.4456924e-01   3.3333333e+00
  7.6421914e-01  -6.4495667e-01  -7.6421880e-01   6.4495708e-01   3.3333333e+00
  7.6389236e-01  -6.4534367e-01  -7.6389204e-01   6.4534406e-01   3.3333333e+00
  7.6356591e-01  -6.4572990e-01  -7.6356560e-01   6.4573026e-01   3.3333333e+00
  7.6323971e-01  -6.4611543e-01  -7.6323942e-01   6.4611577e-01   3.3333333e+00
  7.6291371e-01  -6.4650033e-01  -7.6291343e-01   6.4650065e-01   3.3333333e+00
  7.6258784e-01  -6.4688468e-01  -7.6258758e-01   6.4688499e-01   3.3333333e+00
  7.6226205e-01  -6.4726854e-01  -7.6226181e-01   6.4726883e-01   3.3333333e+00
  7.6193629e-01  -6.4765198e-01  -7.6193607e-01   6.4765224e-01   3.3333333e+00
  7.6161052e-01  -6.4803504e-01  -7.6161031e-01   6.4803529e-01   3.3333333e+00
  7.6128469e-01  -6.4841778e-01  -7.6128450e-01   6.4841801e-01   3.3333333e+00
  7.6095876e-01  -6.4880025e-01  -7.6095858e-01   6.4880046e-01   3.3333333e+00
  7.6063269e-01  -6.4918249e-01  -7.6063253e-01   6.4918268e-01   3.3333333e+00
  7.6030645e-01  -6.4956455e-01  -7.6030631e-01   6.4956472e-01   3.3333333e+00
  7.5998001e-01  -6.4994645e-01  -7.5997988e-01   6.4994660e-01   3.3333333e+00
  7.5965334e-01  -6.5032823e-01  -7.5965322e-01   6.5032836e-01   3.3333333e+00
  7.5932641e-01  -6.5070992e-01  -7.5932631e-01   6.5071004e-01   3.3333333e+00
  7.5899921e-01  -6.5109155e-01  -7.5899913e-01   6.5109164e-01   3.3333333e+00
  7.5867171e-01  -6.5147313e-01  -7.5867165e-01   6.5147320e-01   3.3333333e+00
  7.5834391e-01  -6.5185467e-01  -7.5834386e-01   6.5185473e-01   3.3333333e+00
  7.5801579e-01  -6.5223621e-01  -7.5801575e-01   6.5223624e-01   3.3333333e+00
  7.5768733e-01  -6.5261773e-01  -7.5768732e-01   6.5261775e-01   3.3333333e+00
  7.5735855e-01  -6.5299925e-01  -7.5735855e-01   6.5299925e-01   3.3333333e+00
  7.5702943e-01  -6.5338078e-01  -7.5702945e-01   6.5338076e-01   3.3333333e+00
  7.5669997e-01  -6.5376230e-01  -7.5670001e-01   6.5376226e-01   3.3333333e+00
  7.5637017e-01  -6.5414384e-01  -7.5637022e-01   6.5414378e-01   3.3333333e+00
  7.5604002e-01  -6.5452539e-01  -7.5604009e-01   6.5452532e-01   3.3333333e+00
  7.5570950e-01  -6.5490698e-01  -7.5570958e-01   6.5490688e-01   3.3333333e+00
  7.5537860e-01  -6.5528862e-01  -7.5537870e-01   6.5528850e-01   3.3333333e+00
  7.5504729e-01  -6.5567033e-01  -7.5504741e-01   6.5567020e-01   3.3333333e+00
  7.5471557e-01  -6.5605214e-01  -7.5471570e-01   6.5605199e-01   3.3333333e+00
  7.5438339e-01  -6.5643408e-01  -7.5438354e-01   6.5643391e-01   3.3333333e+00
  7.5405073e-01  -6.5681618e-01  -7.5405090e-01   6.5681599e-01   3.3333333e+00
  7.5371755e-01  -6.5719849e-01  -7.5371774e-01   6.5719827e-01   3.3333333e+00
  7.5338382e-01  -6.5758103e-01  -7.5338403e-01   6.5758080e-01   3.3333333e+00
  7.5304950e-01  -6.5796386e-01  -7.5304972e-01   6.5796362e-01   3.3333333e+00
  7.5271454e-01  -6.5834704e-01  -7.5271477e-01   6.5834677e-01   3.3333333e+00
  7.5237889e-01  -6.5873061e-01  -7.5237914e-01   6.5873032e-01   3.3333333e+00
  7.5204249e-01  -6.5911463e-01  -7.5204276e-01   6.5911432e-01   3.3333333e+00
  7.5170529e-01  -6.5949917e-01  -7.5170558e-01   6.5949884e-01   3.3333333e+00
  7.5136723e-01  -6.5988429e-01  -7.5136754e-01   6.5988395e-01   3.3333333e+00
  7.5102824e-01  -6.6027008e-01  -7.5102856e-01   6.6026972e-01   3.3333333e+00
  7.5068825e-01  -6.6065661e-01  -7.5068859e-01   6.6065622e-01   3.3333333e+00
  7.5034718e-01  -6.6104396e-01  -7.5034753e-01   6.6104355e-01   3.3333333e+00
  7.5000494e-01  -6.6143222e-01  -7.5000532e-01   6.6143180e-01   3.3333333e+00
  7.4966146e-01  -6.6182149e-01  -7.4966185e-01   6.6182105e-01   3.3333333e+00
  7.4931664e-01  -6.6221188e-01  -7.4931705e-01   6.6221142e-01   3.3333333e+00
  7.4897038e-01  -6.6260348e-01  -7.4897080e-01   6.6260300e-01   3.3333333e+00
  7.4862257e-01  -6.6299642e-01  -7.4862301e-01   6.6299592e-01   3.3333333e+00
  7.4827309e-01  -6.6339082e-01  -7.4827355e-01   6.6339030e-01   3.3333333e+00
  7.4792184e-01  -6.6378680e-01  -7.4792232e-01   6.6378626e-01   3.3333333e+00
  7.4756868e-01  -6.6418451e-01  -7.4756918e-01   6.6418395e-01   3.3333333e+00
  7.4721348e-01  -6.6458409e-01  -7.4721399e-01   6.6458352e-01   3.3333333e+00
  7.4685608e-01  -6.6498571e-01  -7.4685661e-01   6.6498511e-01   3.3333333e+00
  7.4649634e-01  -6.6538952e-01  -7.4649689e-01   6.6538891e-01   3.3333333e+00
  7.4613408e-01  -6.6579572e-01  -7.4613465e-01   6.6579508e-01   3.3333333e+00
  7.4576913e-01  -6.6620448e-01  -7.4576971e-01   6.6620382e-01   3.3333333e+00
  7.4540129e-01  -6.6661602e-01  -7.4540190e-01   6.6661534e-01   3.3333333e+00
  7.4503036e-01  -6.6703055e-01  -7.4503099e-01   6.6702985e-01   3.3333333e+00
  7.4465613e-01  -6.6744831e-01  -7.4465677e-01   6.6744760e-01   3.3333333e+00
  7.4427834e-01  -6.6786956e-01  -7.4427901e-01   6.6786882e-01   3.3333333e+00
  7.4389675e-01  -6.6829456e-01  -7.4389743e-01   6.6829380e-01   3.3333333e+00
  7.4351108e-01  -6.6872362e-01  -7.4351178e-01   6.6872284e-01   3.3333333e+00
  7.4312102e-01  -6.6915704e-01  -7.4312174e-01   6.6915624e-01   3.3333333e+00
  7.4272625e-01  -6.6959519e-01  -7.4272699e-01   6.6959436e-01   3.3333333e+00
  7.4232642e-01  -6.7003842e-01  -7.4232718e-01   6.7003758e-01   3.3333333e+00
  7.4192113e-01  -6.7048717e-01  -7.4192191e-01   6.7048630e-01   3.3333333e+00
  7.4150996e-01  -6.7094186e-01  -7.4151076e-01   6.7094097e-01   3.3333333e+00
  7.4109244e-01  -6.7140300e-01  -7.4109327e-01   6.7140209e-01   3.3333333e+00
  7.4066806e-01  -6.7187114e-01  -7.4066891e-01   6.7187020e-01   3.3333333e+00
  7.4023625e-01  -6.7234686e-01  -7.4023712e-01   6.7234590e-01   3.3333333e+00
  7.3979636e-01  -6.7283084e-01  -7.3979726e-01   6.7282986e-01   3.3333333e+00
  7.3934771e-01  -6.7332382e-01  -7.3934862e-01   6.7332281e-01   3.3333333e+00
  7.3888948e-01  -6.7382663e-01  -7.3889042e-01   6.7382560e-01   3.3333333e+00
  7.3842080e-01  -6.7434021e-01  -7.3842177e-01   6.7433915e-01   3.3333333e+00
  7.3794065e-01  -6.7486561e-01  -7.3794164e-01   6.7486453e-01   3.3333333e+00
  7.3744787e-01  -6.7540405e-01  -7.3744889e-01   6.7540295e-01   3.3333333e+00
  7.3694115e-01  -6.7595691e-01  -7.3694219e-01   6.7595577e-01   3.3333333e+00
  7.3641896e-01  -6.7652577e-01  -7.3642002e-01   6.7652461e-01   3.3333333e+00
  7.3587951e-01  -6.7711251e-01  -7.3588060e-01   6.7711132e-01   3.3333333e+00
  7.3532072e-01  -6.7771930e-01  -7.3532184e-01   6.7771808e-01   3.3333333e+00
  7.3474009e-01  -6.7834873e-01  -7.3474125e-01   6.7834748e-01   3.3333333e+00
  7.3413466e-01  -6.7900390e-01  -7.3413585e-01   6.7900262e-01   3.3333333e+00
  7.3350079e-01  -6.7968860e-01  -7.3350201e-01   6.7968728e-01   3.3333333e+00
  7.3283399e-01  -6.8040748e-01  -7.3283525e-01   6.8040613e-01   3.3333333e+00
  7.3212865e-01  -6.8116638e-01  -7.3212994e-01   6.8116500e-01   3.3333333e+00
  7.3137753e-01  -6.8197281e-01  -7.3137886e-01   6.8197138e-01   3.3333333e+00
  7.3057115e-01  -6.8283658e-01  -7.3057252e-01   6.8283511e-01   3.3333333e+00
  7.2969667e-01  -6.8377099e-01  -7.2969808e-01   6.8376948e-01   3.3333333e+00
  7.2873604e-01  -6.8479471e-01  -7.2873750e-01   6.8479315e-01   3.3333333e+00
  7.2766268e-01  -6.8593515e-01  -7.2766420e-01   6.8593353e-01   3.3333333e+00
  7.2643490e-01  -6.8723529e-01  -7.2643649e-01   6.8723361e-01   3.3333333e+00
  7.2498123e-01  -6.8876862e-01  -7.2498290e-01   6.8876687e-01   3.3333333e+00
  7.2316167e-01  -6.9067880e-01  -7.2316342e-01   6.9067696e-01   3.3333333e+00
  7.2063036e-01  -6.9331946e-01  -7.2063225e-01   6.9331750e-01   3.3333333e+00
  7.1590293e-01  -6.9819983e-01  -7.1590507e-01   6.9819763e-01   3.3333333e+00
  7.2742228e-01  -6.8619008e-01  -7.2742015e-01   6.8619234e-01   3.3333333e+00
  7.2279215e-01  -6.9106549e-01  -7.2279023e-01   6.9106749e-01   3.3333333e+00
  7.2028833e-01  -6.9367479e-01  -7.2028654e-01   6.9367666e-01   3.3333333e+00
  7.1847802e-01  -6.9554966e-01  -7.1847631e-01   6.9555143e-01   3.3333333e+00
  7.1702545e-01  -6.9704699e-01  -7.1702381e-01   6.9704868e-01   3.3333333e+00
  7.1579422e-01  -6.9831127e-01  -7.1579264e-01   6.9831289e-01   3.3333333e+00
  7.1471457e-01  -6.9941624e-01  -7.1471304e-01   6.9941781e-01   3.3333333e+00
  7.1374570e-01  -7.0040494e-01  -7.1374422e-01   7.0040645e-01   3.3333333e+00
  7.1286157e-01  -7.0130477e-01  -7.1286013e-01   7.0130623e-01   3.3333333e+00
  7.1204448e-01  -7.0213436e-01  -7.1204308e-01   7.0213578e-01   3.3333333e+00
  7.1128181e-01  -7.0290695e-01  -7.1128044e-01   7.0290834e-01   3.3333333e+00
  7.1056422e-01  -7.0363235e-01  -7.1056289e-01   7.0363370e-01   3.3333333e+00
  7.0988461e-01  -7.0431799e-01  -7.0988331e-01   7.0431930e-01   3.3333333e+00
  7.0923743e-01  -7.0496969e-01  -7.0923616e-01   7.0497097e-01   3.3333333e+00
  7.0861825e-01  -7.0559207e-01  -7.0861701e-01   7.0559332e-01   3.3333333e+00
  7.0802349e-01  -7.0618888e-01  -7.0802229e-01   7.0619009e-01   3.3333333e+00
  7.0745021e-01  -7.0676318e-01  -7.0744903e-01   7.0676437e-01   3.3333333e+00
  7.0689595e-01  -7.0731755e-01  -7.0689479e-01   7.0731871e-01   3.3333333e+00
  7.0635862e-01  -7.0785415e-01  -7.0635749e-01   7.0785527e-01   3.3333333e+00
  7.0583648e-01  -7.0837480e-01  -7.0583538e-01   7.0837590e-01   3.3333333e+00
  7.0532800e-01  -7.0888110e-01  -7.0532692e-01   7.0888217e-01   3.3333333e+00
  7.0483188e-01  -7.0937439e-01  -7.0483082e-01   7.0937544e-01   3.3333333e+00
  7.0434695e-01  -7.0985588e-01  -7.0434592e-01   7.0985690e-01   3.3333333e+00
  7.0387223e-01  -7.1032661e-01  -7.0387122e-01   7.1032761e-01   3.3333333e+00
  7.0340681e-01  -7.1078749e-01  -7.0340582e-01   7.1078847e-01   3.3333333e+00
  7.0294991e-01  -7.1123936e-01  -7.0294894e-01   7.1124031e-01   3.3333333e+00
  7.0250081e-01  -7.1168294e-01  -7.0249987e-01   7.1168387e-01   3.3333333e+00
  7.0205890e-01  -7.1211888e-01  -7.0205798e-01   7.1211979e-01   3.3333333e+00
  7.0162359e-01  -7.1254778e-01  -7.0162269e-01   7.1254867e-01   3.3333333e+00
  7.0119436e-01  -7.1297017e-01  -7.0119348e-01   7.1297104e-01   3.3333333e+00
  7.0077075e-01  -7.1338654e-01  -7.0076989e-01   7.1338738e-01   3.3333333e+00
  7.0035233e-01  -7.1379732e-01  -7.0035149e-01   7.1379814e-01   3.3333333e+00
  6.9993870e-01  -7.1420292e-01  -6.9993788e-01   7.1420372e-01   3.3333333e+00
  6.9952951e-01  -7.1460372e-01  -6.9952871e-01   7.1460450e-01   3.3333333e+00
  6.9912441e-01  -7.1500004e-01  -6.9912364e-01   7.1500080e-01   3.3333333e+00
  6.9872312e-01  -7.1539220e-01  -6.9872236e-01   7.1539294e-01   3.3333333e+00
  6.9832534e-01  -7.1578050e-01  -6.9832460e-01   7.1578122e-01   3.3333333e+00
  6.9793081e-01  -7.1616520e-01  -6.9793009e-01   7.1616590e-01   3.3333333e+00
  6.9753928e-01  -7.1654654e-01  -6.9753858e-01   7.1654722e-01   3.3333333e+00
  6.9715054e-01  -7.1692477e-01  -6.9714986e-01   7.1692543e-01   3.3333333e+00
  6.9676436e-01  -7.1730010e-01  -6.9676370e-01   7.1730074e-01   3.3333333e+00
  6.9638055e-01  -7.1767272e-01  -6.9637991e-01   7.1767334e-01   3.3333333e+00
  6.9599892e-01  -7.1804283e-01  -6.9599829e-01   7.1804343e-01   3.3333333e+00
  6.9561930e-01  -7.1841060e-01  -6.9561869e-01   7.1841119e-01   3.3333333e+00
  6.9524152e-01  -7.1877621e-01  -6.9524093e-01   7.1877677e-01   3.3333333e+00
  6.9486542e-01  -7.1913979e-01  -6.9486485e-01   7.1914034e-01   3.3333333e+00
  6.9449087e-01  -7.1950151e-01  -6.9449032e-01   7.1950204e-01   3.3333333e+00
  6.9411773e-01  -7.1986150e-01  -6.9411720e-01   7.1986201e-01   3.3333333e+00
  6.9374586e-01  -7.2021988e-01  -6.9374535e-01   7.2022038e-01   3.3333333e+00
  6.9337514e-01  -7.2057679e-01  -6.9337465e-01   7.2057726e-01   3.3333333e+00
  6.9300547e-01  -7.2093233e-01  -6.9300499e-01   7.2093279e-01   3.3333333e+00
  6.9263672e-01  -7.2128661e-01  -6.9263626e-01   7.2128705e-01   3.3333333e+00
  6.9226879e-01  -7.2163974e-01  -6.9226835e-01   7.2164016e-01   3.3333333e+00
  6.9190159e-01  -7.2199182e-01  -6.9190117e-01   7.2199222e-01   3.3333333e+00
  6.9153503e-01  -7.2234293e-01  -6.9153463e-01   7.2234331e-01   3.3333333e+00
  6.9116901e-01  -7.2269315e-01  -6.9116863e-01   7.2269352e-01   3.3333333e+00
  6.9080346e-01  -7.2304259e-01  -6.9080309e-01   7.2304294e-01   3.3333333e+00
  6.9043829e-01  -7.2339130e-01  -6.9043794e-01   7.2339163e-01   3.3333333e+00
  6.9007343e-01  -7.2373936e-01  -6.9007310e-01   7.2373967e-01   3.3333333e+00
  6.8970882e-01  -7.2408684e-01  -6.8970850e-01   7.2408713e-01   3.3333333e+00
  6.8934438e-01  -7.2443380e-01  -6.8934408e-01   7.2443408e-01   3.3333333e+00
  6.8898005e-01  -7.2478030e-01  -6.8897978e-01   7.2478056e-01   3.3333333e+00
  6.8861579e-01  -7.2512640e-01  -6.8861553e-01   7.2512665e-01   3.3333333e+00
  6.8825152e-01  -7.2547215e-01  -6.8825128e-01   7.2547238e-01   3.3333333e+00
  6.8788721e-01  -7.2581760e-01  -6.8788699e-01   7.2581781e-01   3.3333333e+00
  6.8752281e-01  -7.2616279e-01  -6.8752260e-01   7.2616298e-01   3.3333333e+00
  6.8715826e-01  -7.2650776e-01  -6.8715808e-01   7.2650793e-01   3.3333333e+00
  6.8679355e-01  -7.2685255e-01  -6.8679338e-01   7.2685270e-01   3.3333333e+00
  6.8642862e-01  -7.2719719e-01  -6.8642847e-01   7.2719733e-01   3.3333333e+00
  6.8606345e-01  -7.2754171e-01  -6.8606332e-01   7.2754184e-01   3.3333333e+00
  6.8569801e-01  -7.2788615e-01  -6.8569789e-01   7.2788625e-01   3.3333333e+00
  6.8533227e-01  -7.2823051e-01  -6.8533217e-01   7.2823060e-01   3.3333333e+00
  6.8496621e-01  -7.2857483e-01  -6.8496613e-01   7.2857491e-01   3.3333333e+00
  6.8459982e-01  -7.2891912e-01  -6.8459976e-01   7.2891918e-01   3.3333333e+00
  6.8423308e-01  -7.2926339e-01  -6.8423303e-01   7.2926343e-01   3.3333333e+00
  6.8386597e-01  -7.2960766e-01  -6.8386595e-01   7.2960768e-01   3.3333333e+00
  6.8349850e-01  -7.2995192e-01  -6.8349850e-01   7.2995192e-01   3.3333333e+00
  6.8313066e-01  -7.3029617e-01  -6.8313067e-01   7.3029616e-01   3.3333333e+00
  6.8276244e-01  -7.3064044e-01  -6.8276248e-01   7.3064040e-01   3.3333333e+00
  6.8239385e-01  -7.3098470e-01  -6.8239390e-01   7.3098465e-01   3.3333333e+00
  6.8202487e-01  -7.3132898e-01  -6.8202494e-01   7.3132892e-01   3.3333333e+00
  6.8165549e-01  -7.3167329e-01  -6.8165557e-01   7.3167320e-01   3.3333333e+00
  6.8128569e-01  -7.3201763e-01  -6.8128579e-01   7.3201753e-01   3.3333333e+00
  6.8091545e-01  -7.3236204e-01  -6.8091557e-01   7.3236192e-01   3.3333333e+00
  6.8054475e-01  -7.3270652e-01  -6.8054489e-01   7.3270639e-01   3.3333333e+00
  6.8017355e-01  -7.3305112e-01  -6.8017371e-01   7.3305097e-01   3.3333333e+00
  6.7980183e-01  -7.3339585e-01  -6.7980202e-01   7.3339568e-01   3.3333333e+00
  6.7942955e-01  -7.3374074e-01  -6.7942975e-01   7.3374056e-01   3.3333333e+00
  6.7905667e-01  -7.3408585e-01  -6.7905689e-01   7.3408565e-01   3.3333333e+00
  6.7868314e-01  -7.3443120e-01  -6.7868338e-01   7.3443098e-01   3.3333333e+00
  6.7830892e-01  -7.3477685e-01  -6.7830917e-01   7.3477661e-01   3.3333333e+00
  6.7793394e-01  -7.3512283e-01  -6.7793421e-01   7.3512258e-01   3.3333333e+00
  6.7755815e-01  -7.3546921e-01  -6.7755844e-01   7.3546894e-01   3.3333333e+00
  6.7718149e-01  -7.3581603e-01  -6.7718180e-01   7.3581574e-01   3.3333333e+00
  6.7680388e-01  -7.3616337e-01  -6.7680421e-01   7.3616306e-01   3.3333333e+00
  6.7642526e-01  -7.3651128e-01  -6.7642561e-01   7.3651096e-01   3.3333333e+00
  6.7604555e-01  -7.3685984e-01  -6.7604592e-01   7.3685950e-01   3.3333333e+00
  6.7566465e-01  -7.3720912e-01  -6.7566504e-01   7.3720876e-01   3.3333333e+00
  6.7528248e-01  -7.3755920e-01  -6.7528289e-01   7.3755882e-01   3.3333333e+00
  6.7489895e-01  -7.3791016e-01  -6.7489938e-01   7.3790977e-01   3.3333333e+00
  6.7451395e-01  -7.3826210e-01  -6.7451440e-01   7.3826169e-01   3.3333333e+00
  6.7412737e-01  -7.3861512e-01  -6.7412784e-01   7.3861469e-01   3.3333333e+00
  6.7373909e-01  -7.3896931e-01  -6.7373958e-01   7.3896886e-01   3.3333333e+00
  6.7334899e-01  -7.3932478e-01  -6.7334950e-01   7.3932432e-01   3.3333333e+00
  6.7295694e-01  -7.3968166e-01  -6.7295747e-01   7.3968118e-01   3.3333333e+00
  6.7256279e-01  -7.4004006e-01  -6.7256334e-01   7.4003957e-01   3.3333333e+00
  6.7216639e-01  -7.4040012e-01  -6.7216696e-01   7.4039961e-01   3.3333333e+00
  6.7176759e-01  -7.4076198e-01  -6.7176817e-01   7.4076145e-01   3.3333333e+00
  6.7136620e-01  -7.4112578e-01  -6.7136681e-01   7.4112523e-01   3.3333333e+00
  6.7096205e-01  -7.4149169e-01  -6.7096267e-01   7.4149113e-01   3.3333333e+00
  6.7055493e-01  -7.4185988e-01  -6.7055558e-01   7.4185930e-01   3.3333333e+00
  6.7014463e-01  -7.4223054e-01  -6.7014530e-01   7.4222993e-01   3.3333333e+00
  6.6973094e-01  -7.4260385e-01  -6.6973163e-01   7.4260322e-01   3.3333333e+00
  6.6931359e-01  -7.4298002e-01  -6.6931430e-01   7.4297938e-01   3.3333333e+00
  6.6889233e-01  -7.4335930e-01  -6.6889307e-01   7.4335864e-01   3.3333333e+00
  6.6846688e-01  -7.4374191e-01  -6.6846764e-01   7.4374123e-01   3.3333333e+00
  6.6803692e-01  -7.4412813e-01  -6.6803770e-01   7.4412743e-01   3.3333333e+00
  6.6760213e-01  -7.4451823e-01  -6.6760293e-01   7.4451751e-01   3.3333333e+00
  6.6716214e-01  -7.4491253e-01  -6.6716296e-01   7.4491180e-01   3.3333333e+00
  6.6671656e-01  -7.4531137e-01  -6.6671740e-01   7.4531061e-01   3.3333333e+00
  6.6626495e-01  -7.4571510e-01  -6.6626582e-01   7.4571433e-01   3.3333333e+00
  6.6580685e-01  -7.4612415e-01  -6.6580774e-01   7.4612335e-01   3.3333333e+00
  6.6534174e-01  -7.4653893e-01  -6.6534265e-01   7.4653811e-01   3.3333333e+00
  6.6486904e-01  -7.4695994e-01  -6.6486998e-01   7.4695911e-01   3.3333333e+00
  6.6438813e-01  -7.4738772e-01  -6.6438910e-01   7.4738687e-01   3.3333333e+00
  6.6389831e-01  -7.4782286e-01  -6.6389930e-01   7.4782199e-01   3.3333333e+00
  6.6339879e-01  -7.4826603e-01  -6.6339980e-01   7.4826513e-01   3.3333333e+00
  6.6288869e-01  -7.4871796e-01  -6.6288973e-01   7.4871704e-01   3.3333333e+00
  6.6236703e-01  -7.4917950e-01  -6.6236810e-01   7.4917855e-01   3.3333333e+00
  6.6183269e-01  -7.4965158e-01  -6.6183378e-01   7.4965062e-01   3.3333333e+00
  6.6128438e-01  -7.5013530e-01  -6.6128550e-01   7.5013431e-01   3.3333333e+00
  6.6072065e-01  -7.5063188e-01  -6.6072180e-01   7.5063087e-01   3.3333333e+00
  6.6013981e-01  -7.5114275e-01  -6.6014099e-01   7.5114171e-01   3.3333333e+00
  6.5953989e-01  -7.5166956e-01  -6.5954110e-01   7.5166850e-01   3.3333333e+00
  6.5891857e-01  -7.5221428e-01  -6.5891981e-01   7.5221319e-01   3.3333333e+00
  6.5827310e-01  -7.5277920e-01  -6.5827437e-01   7.5277809e-01   3.3333333e+00
  6.5760018e-01  -7.5336711e-01  -6.5760149e-01   7.5336597e-01   3.3333333e+00
  6.5689580e-01  -7.5398137e-01  -6.5689715e-01   7.5398020e-01   3.3333333e+00
  6.5615500e-01  -7.5462614e-01  -6.5615638e-01   7.5462494e-01   3.3333333e+00
  6.5537155e-01  -7.5530665e-01  -6.5537298e-01   7.5530541e-01   3.3333333e+00
  6.5453747e-01  -7.5602956e-01  -6.5453894e-01   7.5602829e-01   3.3333333e+00
  6.5364226e-01  -7.5680367e-01  -6.5364377e-01   7.5680236e-01   3.3333333e+00
  6.5267172e-01  -7.5764083e-01  -6.5267328e-01   7.5763948e-01   3.3333333e+00
  6.5160589e-01  -7.5855769e-01  -6.5160751e-01   7.5855629e-01   3.3333333e+00
  6.5041540e-01  -7.5957870e-01  -6.5041709e-01   7.5957726e-01   3.3333333e+00
  6.4905417e-01  -7.6074219e-01  -6.4905592e-01   7.6074070e-01   3.3333333e+00
  6.4744321e-01  -7.6211370e-01  -6.4744505e-01   7.6211214e-01   3.3333333e+00
  6.4542784e-01  -7.6382125e-01  -6.4542979e-01   7.6381961e-01   3.3333333e+00
  6.4262613e-01  -7.6617991e-01  -6.4262822e-01   7.6617816e-01   3.3333333e+00
  6.3739965e-01  -7.7053338e-01  -6.3740201e-01   7.7053143e-01   3.3333333e+00
  7.2742228e-01  -6.8619008e-01  -7.2742015e-01   6.8619234e-01   3.3333333e+00
  7.2279215e-01  -6.9106549e-01  -7.2279023e-01   6.9106749e-01   3.3333333e+00
  7.2028833e-01  -6.9367479e-01  -7.2028654e-01   6.9367666e-01   3.3333333e+00
  7.1847802e-01  -6.9554966e-01  -7.1847631e-01   6.9555143e-01   3.3333333e+00
  7.1702545e-01  -6.9704699e-01  -7.1702381e-01   6.9704868e-01   3.3333333e+00
  7.1579422e-01  -6.9831127e-01  -7.1579264e-01   6.9831289e-01   3.3333333e+00
  7.1471457e-01  -6.9941624e-01  -7.1471304e-01   6.9941781e-01   3.3333333e+00
  7.1374570e-01  -7.0040494e-01  -7.1374422e-01   7.0040645e-01   3.3333333e+00
  7.1286157e-01  -7.0130477e-01  -7.1286013e-01   7.0130623e-01   3.3333333e+00
  7.1204448e-01  -7.0213436e-01  -7.1204308e-01   7.0213578e-01   3.3333333e+00
  7.1128181e-01  -7.0290695e-01  -7.1128044e-01   7.0290834e-01   3.3333333e+00
  7.1056422e-01  -7.0363235e-01  -7.1056289e-01   7.0363370e-01   3.3333333e+00
  7.0988461e-01  -7.0431799e-01  -7.0988331e-01   7.0431930e-01   3.3333333e+00
  7.0923743e-01  -7.0496969e-01  -7.0923616e-01   7.0497097e-01   3.3333333e+00
  7.0861825e-01  -7.0559207e-01  -7.0861701e-01   7.0559332e-01   3.3333333e+00
  7.0802349e-01  -7.0618888e-01  -7.0802229e-01   7.0619009e-01   3.3333333e+00
  7.0745021e-01  -7.0676318e-01  -7.0744903e-01   7.0676437e-01   3.3333333e+00
  7.0689595e-01  -7.0731755e-01  -7.0689479e-01   7.0731871e-01   3.3333333e+00
  7.0635862e-01  -7.0785415e-01  -7.0635749e-01   7.0785527e-01   3.3333333e+00
  7.0583648e-01  -7.0837480e-01  -7.0583538e-01   7.0837590e-01   3.3333333e+00
  7.0532800e-01  -7.0888110e-01  -7.0532692e-01   7.0888217e-01   3.3333333e+00
  7.0483188e-01  -7.0937439e-01  -7.0483082e-01   7.0937544e-01   3.3333333e+00
  7.0434695e-01  -7.0985588e-01  -7.0434592e-01   7.0985690e-01   3.3333333e+00
  7.0387223e-01  -7.1032661e-01  -7.0387122e-01   7.1032761e-01   3.3333333e+00
  7.0340681e-01  -7.1078749e-01  -7.0340582e-01   7.1078847e-01   3.3333333e+00
  7.0294991e-01  -7.1123936e-01  -7.0294894e-01   7.1124031e-01   3.3333333e+00
  7.0250081e-01  -7.1168294e-01  -7.0249987e-01   7.1168387e-01   3.3333333e+00
  7.0205890e-01  -7.1211888e-01  -7.0205798e-01   7.1211979e-01   3.3333333e+00
  7.0162359e-01  -7.1254778e-01  -7.0162269e-01   7.1254867e-01   3.3333333e+00
  7.0119436e-01  -7.1297017e-01  -7.0119348e-01   7.1297104e-01   3.3333333e+00
  7.0077075e-01  -7.1338654e-01  -7.0076989e-01   7.1338738e-01   3.3333333e+00
  7.0035233e-01  -7.1379732e-01  -7.0035149e-01   7.1379814e-01   3.3333333e+00
  6.9993870e-01  -7.1420292e-01  -6.9993788e-01   7.1420372e-01   3.3333333e+00
  6.9952951e-01  -7.1460372e-01  -6.9952871e-01   7.1460450e-01   3.3333333e+00
  6.9912441e-01  -7.1500004e-01  -6.9912364e-01   7.1500080e-01   3.3333333e+00
  6.9872312e-01  -7.1539220e-01  -6.9872236e-01   7.1539294e-01   3.3333333e+00
  6.9832534e-01  -7.1578050e-01  -6.9832460e-01   7.1578122e-01   3.3333333e+00
  6.9793081e-01  -7.1616520e-01  -6.9793009e-01   7.1616590e-01   3.3333333e+00
  6.9753928e-01  -7.1654654e-01  -6.9753858e-01   7.1654722e-01   3.3333333e+00
  6.9715054e-01  -7.1692477e-01  -6.9714986e-01   7.1692543e-01   3.3333333e+00
  6.9676436e-01  -7.1730010e-01  -6.9676370e-01   7.1730074e-01   3.3333333e+00
  6.9638055e-01  -7.1767272e-01  -6.9637991e-01   7.1767334e-01   3.3333333e+00
  6.9599892e-01  -7.1804283e-01  -6.9599829e-01   7.1804343e-01   3.3333333e+00
  6.9561930e-01  -7.1841060e-01  -6.9561869e-01   7.1841119e-01   3.3333333e+00
  6.9524152e-01  -7.1877621e-01  -6.9524093e-01   7.1877677e-01   3.3333333e+00
  6.9486542e-01  -7.1913979e-01  -6.9486485e-01   7.1914034e-01   3.3333333e+00
  6.9449087e-01  -7.1950151e-01  -6.9449032e-01   7.1950204e-01   3.3333333e+00
  6.9411773e-01  -7.1986150e-01  -6.9411720e-01   7.1986201e-01   3.3333333e+00
  6.9374586e-01  -7.2021988e-01  -6.9374535e-01   7.2022038e-01   3.3333333e+00
  6.9337514e-01  -7.2057679e-01  -6.9337465e-01   7.2057726e-01   3.3333333e+00
  6.9300547e-01  -7.2093233e-01  -6.9300499e-01   7.2093279e-01   3.3333333e+00
  6.9263672e-01  -7.2128661e-01  -6.9263626e-01   7.2128705e-01   3.3333333e+00
  6.9226879e-01  -7.2163974e-01  -6.9226835e-01   7.2164016e-01   3.3333333e+00
  6.9190159e-01  -7.2199182e-01  -6.9190117e-01   7.2199222e-01   3.3333333e+00
  6.9153503e-01  -7.2234293e-01  -6.9153463e-01   7.2234331e-01   3.3333333e+00
  6.9116901e-01  -7.2269315e-01  -6.9116863e-01   7.2269352e-01   3.3333333e+00
  6.9080346e-01  -7.2304259e-01  -6.9080309e-01   7.2304294e-01   3.3333333e+00
  6.9043829e-01  -7.2339130e-01  -6.9043794e-01   7.2339163e-01   3.3333333e+00
  6.9007343e-01  -7.2373936e-01  -6.9007310e-01   7.2373967e-01   3.3333333e+00
  6.8970882e-01  -7.2408684e-01  -6.8970850e-01   7.2408713e-01   3.3333333e+00
  6.8934438e-01  -7.2443380e-01  -6.8934408e-01   7.2443408e-01   3.3333333e+00
  6.8898005e-01  -7.2478030e-01  -6.8897978e-01   7.2478056e-01   3.3333333e+00
  6.8861579e-01  -7.2512640e-01  -6.8861553e-01   7.2512665e-01   3.3333333e+00
  6.8825152e-01  -7.2547215e-01  -6.8825128e-01   7.2547238e-01   3.3333333e+00
  6.8788721e-01  -7.2581760e-01  -6.8788699e-01   7.2581781e-01   3.3333333e+00
  6.8752281e-01  -7.2616279e-01  -6.8752260e-01   7.2616298e-01   3.3333333e+00
  6.8715826e-01  -7.2650776e-01  -6.8715808e-01   7.2650793e-01   3.3333333e+00
  6.8679355e-01  -7.2685255e-01  -6.8679338e-01   7.2685270e-01   3.3333333e+00
  6.8642862e-01  -7.2719719e-01  -6.8642847e-01   7.2719733e-01   3.3333333e+00
  6.8606345e-01  -7.2754171e-01  -6.8606332e-01   7.2754184e-01   3.3333333e+00
  6.8569801e-01  -7.2788615e-01  -6.8569789e-01   7.2788625e-01   3.3333333e+00
  6.8533227e-01  -7.2823051e-01  -6.8533217e-01   7.2823060e-01   3.3333333e+00
  6.8496621e-01  -7.2857483e-01  -6.8496613e-01   7.2857491e-01   3.3333333e+00
  6.8459982e-01  -7.2891912e-01  -6.8459976e-01   7.2891918e-01   3.3333333e+00
  6.8423308e-01  -7.2926339e-01  -6.8423303e-01   7.2926343e-01   3.3333333e+00
  6.8386597e-01  -7.2960766e-01  -6.8386595e-01   7.2960768e-01   3.3333333e+00
  6.8349850e-01  -7.2995192e-01  -6.8349850e-01   7.2995192e-01   3.3333333e+00
  6.8313066e-01  -7.3029617e-01  -6.8313067e-01   7.3029616e-01   3.3333333e+00
  6.8276244e-01  -7.3064044e-01  -6.8276248e-01   7.3064040e-01   3.3333333e+00
  6.8239385e-01  -7.3098470e-01  -6.8239390e-01   7.3098465e-01   3.3333333e+00
  6.8202487e-01  -7.3132898e-01  -6.8202494e-01   7.3132892e-01   3.3333333e+00
  6.8165549e-01  -7.3167329e-01  -6.8165557e-01   7.3167320e-01   3.3333333e+00
  6.8128569e-01  -7.3201763e-01  -6.8128579e-01   7.3201753e-01   3.3333333e+00
  6.8091545e-01  -7.3236204e-01  -6.8091557e-01   7.3236192e-01   3.3333333e+00
  6.8054475e-01  -7.3270652e-01  -6.8054489e-01   7.3270639e-01   3.3333333e+00
  6.8017355e-01  -7.3305112e-01  -6.8017371e-01   7.3305097e-01   3.3333333e+00
  6.7980183e-01  -7.3339585e-01  -6.7980202e-01   7.3339568e-01   3.3333333e+00
  6.7942955e-01  -7.3374074e-01  -6.7942975e-01   7.3374056e-01   3.3333333e+00
  6.7905667e-01  -7.3408585e-01  -6.7905689e-01   7.3408565e-01   3.3333333e+00
  6.7868314e-01  -7.3443120e-01  -6.7868338e-01   7.3443098e-01   3.3333333e+00
  6.7830892e-01  -7.3477685e-01  -6.7830917e-01   7.3477661e-01   3.3333333e+00
  6.7793394e-01  -7.3512283e-01  -6.7793421e-01   7.3512258e-01   3.3333333e+00
  6.7755815e-01  -7.3546921e-01  -6.7755844e-01   7.3546894e-01   3.3333333e+00
  6.7718149e-01  -7.3581603e-01  -6.7718180e-01   7.3581574e-01   3.3333333e+00
  6.7680388e-01  -7.3616337e-01  -6.7680421e-01   7.3616306e-01   3.3333333e+00
  6.7642526e-01  -7.3651128e-01  -6.7642561e-01   7.3651096e-01   3.3333333e+00
  6.7604555e-01  -7.3685984e-01  -6.7604592e-01   7.3685950e-01   3.3333333e+00
  6.7566465e-01  -7.3720912e-01  -6.7566504e-01   7.3720876e-01   3.3333333e+00
  6.7528248e-01  -7.3755920e-01  -6.7528289e-01   7.3755882e-01   3.3333333e+00
  6.7489895e-01  -7.3791016e-01  -6.7489938e-01   7.3790977e-01   3.3333333e+00
  6.7451395e-01  -7.3826210e-01  -6.7451440e-01   7.3826169e-01   3.3333333e+00
  6.7412737e-01  -7.3861512e-01  -6.7412784e-01   7.3861469e-01   3.3333333e+00
  6.7373909e-01  -7.3896931e-01  -6.7373958e-01   7.3896886e-01   3.3333333e+00
  6.7334899e-01  -7.3932478e-01  -6.7334950e-01   7.3932432e-01   3.3333333e+00
  6.7295694e-01  -7.3968166e-01  -6.7295747e-01   7.3968118e-01   3.3333333e+00
  6.7256279e-01  -7.4004006e-01  -6.7256334e-01   7.4003957e-01   3.3333333e+00
  6.7216639e-01  -7.4040012e-01  -6.7216696e-01   7.4039961e-01   3.3333333e+00
  6.7176759e-01  -7.4076198e-01  -6.7176817e-01   7.4076145e-01   3.3333333e+00
  6.7136620e-01  -7.4112578e-01  -6.7136681e-01   7.4112523e-01   3.3333333e+00
  6.7096205e-01  -7.4149169e-01  -6.7096267e-01   7.4149113e-01   3.3333333e+00
  6.7055493e-01  -7.4185988e-01  -6.7055558e-01   7.4185930e-01   3.3333333e+00
  6.7014463e-01  -7.4223054e-01  -6.7014530e-01   7.4222993e-01   3.3333333e+00
  6.6973094e-01  -7.4260385e-01  -6.6973163e-01   7.4260322e-01   3.3333333e+00
  6.6931359e-01  -7.4298002e-01  -6.6931430e-01   7.4297938e-01   3.3333333e+00
  6.6889233e-01  -7.4335930e-01  -6.6889307e-01   7.4335864e-01   3.3333333e+00
  6.6846688e-01  -7.4374191e-01  -6.6846764e-01   7.4374123e-01   3.3333333e+00
  6.6803692e-01  -7.4412813e-01  -6.6803770e-01   7.4412743e-01   3.3333333e+00
  6.6760213e-01  -7.4451823e-01  -6.6760293e-01   7.4451751e-01   3.3333333e+00
  6.6716214e-01  -7.4491253e-01  -6.6716296e-01   7.4491180e-01   3.3333333e+00
  6.6671656e-01  -7.4531137e-01  -6.6671740e-01   7.4531061e-01   3.3333333e+00
  6.6626495e-01  -7.4571510e-01  -6.6626582e-01   7.4571433e-01   3.3333333e+00
  6.6580685e-01  -7.4612415e-01  -6.6580774e-01   7.4612335e-01   3.3333333e+00
  6.6534174e-01  -7.4653893e-01  -6.6534265e-01   7.4653811e-01   3.3333333e+00
  6.6486904e-01  -7.4695994e-01  -6.6486998e-01   7.4695911e-01   3.3333333e+00
  6.6438813e-01  -7.4738772e-01  -6.6438910e-01   7.4738687e-01   3.3333333e+00
  6.6389831e-01  -7.4782286e-01  -6.6389930e-01   7.4782199e-01   3.3333333e+00
  6.6339879e-01  -7.4826603e-01  -6.6339980e-01   7.4826513e-01   3.3333333e+00
  6.6288869e-01  -7.4871796e-01  -6.6288973e-01   7.4871704e-01   3.3333333e+00
  6.6236703e-01  -7.4917950e-01  -6.6236810e-01   7.4917855e-01   3.3333333e+00
  6.6183269e-01  -7.4965158e-01  -6.6183378e-01   7.4965062e-01   3.3333333e+00
  6.6128438e-01  -7.5013530e-01  -6.6128550e-01   7.5013431e-01   3.3333333e+00
  6.6072065e-01  -7.5063188e-01  -6.6072180e-01   7.5063087e-01   3.3333333e+00
  6.6013981e-01  -7.5114275e-01  -6.6014099e-01   7.5114171e-01   3.3333333e+00
  6.5953989e-01  -7.5166956e-01  -6.5954110e-01   7.5166850e-01   3.3333333e+00
  6.5891857e-01  -7.5221428e-01  -6.5891981e-01   7.5221319e-01   3.3333333e+00
  6.5827310e-01  -7.5277920e-01  -6.5827437e-01   7.5277809e-01   3.3333333e+00
  6.5760018e-01  -7.5336711e-01  -6.5760149e-01   7.5336597e-01   3.3333333e+00
  6.5689580e-01  -7.5398137e-01  -6.5689715e-01   7.5398020e-01   3.3333333e+00
  6.5615500e-01  -7.5462614e-01  -6.5615638e-01   7.5462494e-01   3.3333333e+00
  6.5537155e-01  -7.5530665e-01  -6.5537298e-01   7.5530541e-01   3.3333333e+00
  6.5453747e-01  -7.5602956e-01  -6.5453894e-01   7.5602829e-01   3.3333333e+00
  6.5364226e-01  -7.5680367e-01  -6.5364377e-01   7.5680236e-01   3.3333333e+00
  6.5267172e-01  -7.5764083e-01  -6.5267328e-01   7.5763948e-01   3.3333333e+00
  6.5160589e-01  -7.5855769e-01  -6.5160751e-01   7.5855629e-01   3.3333333e+00
  6.5041540e-01  -7.5957870e-01  -6.5041709e-01   7.5957726e-01   3.3333333e+00
  6.4905417e-01  -7.6074219e-01  -6.4905592e-01   7.6074070e-01   3.3333333e+00
  6.4744321e-01  -7.6211370e-01  -6.4744505e-01   7.6211214e-01   3.3333333e+00
  6.4542784e-01  -7.6382125e-01  -6.4542979e-01   7.6381961e-01   3.3333333e+00
  6.4262613e-01  -7.6617991e-01  -6.4262822e-01   7.6617816e-01   3.3333333e+00
  6.3739965e-01  -7.7053338e-01  -6.3740201e-01   7.7053143e-01   3.3333333e+00
  7.2742228e-01  -6.8619008e-01  -7.2742015e-01   6.8619234e-01   3.3333333e+00
  7.2279215e-01  -6.9106549e-01  -7.2279023e-01   6.9106749e-01   3.3333333e+00
  7.2028833e-01  -6.9367479e-01  -7.2028654e-01   6.9367666e-01   3.3333333e+00
  7.1847802e-01  -6.9554966e-01  -7.1847631e-01   6.9555143e-01   3.3333333e+00
  7.1702545e-01  -6.9704699e-01  -7.1702381e-01   6.9704868e-01   3.3333333e+00
  7.1579422e-01  -6.9831127e-01  -7.1579264e-01   6.9831289e-01   3.3333333e+00
  7.1471457e-01  -6.9941624e-01  -7.1471304e-01   6.9941781e-01   3.3333333e+00
  7.1374570e-01  -7.0040494e-01  -7.1374422e-01   7.0040645e-01   3.3333333e+00
  7.1286157e-01  -7.0130477e-01  -7.1286013e-01   7.0130623e-01   3.3333333e+00
  7.1204448e-01  -7.0213436e-01  -7.1204308e-01   7.0213578e-01   3.3333333e+00
  7.1128181e-01  -7.0290695e-01  -7.1128044e-01   7.0290834e-01   3.3333333e+00
  7.1056422e-01  -7.0363235e-01  -7.1056289e-01   7.0363370e-01   3.3333333e+00
  7.0988461e-01  -7.0431799e-01  -7.0988331e-01   7.0431930e-01   3.3333333e+00
  7.0923743e-01  -7.0496969e-01  -7.0923616e-01   7.0497097e-01   3.3333333e+00
  7.0861825e-01  -7.0559207e-01  -7.0861701e-01   7.0559332e-01   3.3333333e+00
  7.0802349e-01  -7.0618888e-01  -7.0802229e-01   7.0619009e-01   3.3333333e+00
  7.0745021e-01  -7.0676318e-01  -7.0744903e-01   7.0676437e-01   3.3333333e+00
  7.0689595e-01  -7.0731755e-01  -7.0689479e-01   7.0731871e-01   3.3333333e+00
  7.0635862e-01  -7.0785415e-01  -7.0635749e-01   7.0785527e-01   3.3333333e+00
  7.0583648e-01  -7.0837480e-01  -7.0583538e-01   7.0837590e-01   3.3333333e+00
  7.0532800e-01  -7.0888110e-01  -7.0532692e-01   7.0888217e-01   3.3333333e+00
  7.0483188e-01  -7.0937439e-01  -7.0483082e-01   7.0937544e-01   3.3333333e+00
  7.0434695e-01  -7.0985588e-01  -7.0434592e-01   7.0985690e-01   3.3333333e+00
  7.0387223e-01  -7.1032661e-01  -7.0387122e-01   7.1032761e-01   3.3333333e+00
  7.0340681e-01  -7.1078749e-01  -7.0340582e-01   7.1078847e-01   3.3333333e+00
  7.0294991e-01  -7.1123936e-01  -7.0294894e-01   7.1124031e-01   3.3333333e+00
  7.0250081e-01  -7.1168294e-01  -7.0249987e-01   7.1168387e-01   3.3333333e+00
  7.0205890e-01  -7.1211888e-01  -7.0205798e-01   7.1211979e-01   3.3333333e+00
  7.0162359e-01  -7.1254778e-01  -7.0162269e-01   7.1254867e-01   3.3333333e+00
  7.0119436e-01  -7.1297017e-01  -7.0119348e-01   7.1297104e-01   3.3333333e+00
  7.0077075e-01  -7.1338654e-01  -7.0076989e-01   7.1338738e-01   3.3333333e+00
  7.0035233e-01  -7.1379732e-01  -7.0035149e-01   7.1379814e-01   3.3333333e+00
  6.9993870e-01  -7.1420292e-01  -6.9993788e-01   7.1420372e-01   3.3333333e+00
  6.9952951e-01  -7.1460372e-01  -6.9952871e-01   7.1460450e-01   3.3333333e+00
  6.9912441e-01  -7.1500004e-01  -6.9912364e-01   7.1500080e-01   3.3333333e+00
  6.9872312e-01  -7.1539220e-01  -6.9872236e-01   7.1539294e-01   3.3333333e+00
  6.9832534e-01  -7.1578050e-01  -6.9832460e-01   7.1578122e-01   3.3333333e+00
  6.9793081e-01  -7.1616520e-01  -6.9793009e-01   7.1616590e-01   3.3333333e+00
  6.9753928e-01  -7.1654654e-01  -6.9753858e-01   7.1654722e-01   3.3333333e+00
  6.9715054e-01  -7.1692477e-01  -6.9714986e-01   7.1692543e-01   3.3333333e+00
  6.9676436e-01  -7.1730010e-01  -6.9676370e-01   7.1730074e-01   3.3333333e+00
  6.9638055e-01  -7.1767272e-01  -6.9637991e-01   7.1767334e-01   3.3333333e+00
  6.9599892e-01  -7.1804283e-01  -6.9599829e-01   7.1804343e-01   3.3333333e+00
  6.9561930e-01  -7.1841060e-01  -6.9561869e-01   7.1841119e-01   3.3333333e+00
  6.9524152e-01  -7.1877621e-01  -6.9524093e-01   7.1877677e-01   3.3333333e+00
  6.9486542e-01  -7.1913979e-01  -6.9486485e-01   7.1914034e-01   3.3333333e+00
  6.9449087e-01  -7.1950151e-01  -6.9449032e-01   7.1950204e-01   3.3333333e+00
  6.9411773e-01  -7.1986150e-01  -6.9411720e-01   7.1986201e-01   3.3333333e+00
  6.9374586e-01  -7.2021988e-01  -6.9374535e-01   7.2022038e-01   3.3333333e+00
  6.9337514e-01  -7.2057679e-01  -6.9337465e-01   7.2057726e-01   3.3333333e+00
  6.9300547e-01  -7.2093233e-01  -6.9300499e-01   7.2093279e-01   3.3333333e+00
  6.9263672e-01  -7.2128661e-01  -6.9263626e-01   7.2128705e-01   3.3333333e+00
  6.9226879e-01  -7.2163974e-01  -6.9226835e-01   7.2164016e-01   3.3333333e+00
  6.9190159e-01  -7.2199182e-01  -6.9190117e-01   7.2199222e-01   3.3333333e+00
  6.9153503e-01  -7.2234293e-01  -6.9153463e-01   7.2234331e-01   3.3333333e+00
  6.9116901e-01  -7.2269315e-01  -6.9116863e-01   7.2269352e-01   3.3333333e+00
  6.9080346e-01  -7.2304259e-01  -6.9080309e-01   7.2304294e-01   3.3333333e+00
  6.9043829e-01  -7.2339130e-01  -6.9043794e-01   7.2339163e-01   3.3333333e+00
  6.9007343e-01  -7.2373936e-01  -6.9007310e-01   7.2373967e-01   3.3333333e+00
  6.8970882e-01  -7.2408684e-01  -6.8970850e-01   7.2408713e-01   3.3333333e+00
  6.8934438e-01  -7.2443380e-01  -6.8934408e-01   7.2443408e-01   3.3333333e+00
  6.8898005e-01  -7.2478030e-01  -6.8897978e-01   7.2478056e-01   3.3333333e+00
  6.8861579e-01  -7.2512640e-01  -6.8861553e-01   7.2512665e-01   3.3333333e+00
  6.8825152e-01  -7.2547215e-01  -6.8825128e-01   7.2547238e-01   3.3333333e+00
  6.8788721e-01  -7.2581760e-01  -6.8788699e-01   7.2581781e-01   3.3333333e+00
  6.8752281e-01  -7.2616279e-01  -6.8752260e-01   7.2616298e-01   3.3333333e+00
  6.8715826e-01  -7.2650776e-01  -6.8715808e-01   7.2650793e-01   3.3333333e+00
  6.8679355e-01  -7.2685255e-01  -6.8679338e-01   7.2685270e-01   3.3333333e+00
  6.8642862e-01  -7.2719719e-01  -6.8642847e-01   7.2719733e-01   3.3333333e+00
  6.8606345e-01  -7.2754171e-01  -6.8606332e-01   7.2754184e-01   3.3333333e+00
  6.8569801e-01  -7.2788615e-01  -6.8569789e-01   7.2788625e-01   3.3333333e+00
  6.8533227e-01  -7.2823051e-01  -6.8533217e-01   7.2823060e-01   3.3333333e+00
  6.8496621e-01  -7.2857483e-01  -6.8496613e-01   7.2857491e-01   3.3333333e+00
  6.8459982e-01  -7.2891912e-01  -6.8459976e-01   7.2891918e-01   3.3333333e+00
  6.8423308e-01  -7.2926339e-01  -6.8423303e-01   7.2926343e-01   3.3333333e+00
  6.8386597e-01  -7.2960766e-01  -6.8386595e-01   7.2960768e-01   3.3333333e+00
  6.8349850e-01  -7.2995192e-01  -6.8349850e-01   7.2995192e-01   3.3333333e+00
  6.8313066e-01  -7.3029617e-01  -6.8313067e-01   7.3029616e-01   3.3333333e+00
  6.8276244e-01  -7.3064044e-01  -6.8276248e-01   7.3064040e-01   3.3333333e+00
  6.8239385e-01  -7.3098470e-01  -6.8239390e-01   7.3098465e-01   3.3333333e+00
  6.8202487e-01  -7.3132898e-01  -6.8202494e-01   7.3132892e-01   3.3333333e+00
  6.8165549e-01  -7.3167329e-01  -6.8165557e-01   7.3167320e-01   3.3333333e+00
  6.8128569e-01  -7.3201763e-01  -6.8128579e-01   7.3201753e-01   3.3333333e+00
  6.8091545e-01  -7.3236204e-01  -6.8091557e-01   7.3236192e-01   3.3333333e+00
  6.8054475e-01  -7.3270652e-01  -6.8054489e-01   7.3270639e-01   3.3333333e+00
  6.8017355e-01  -7.3305112e-01  -6.8017371e-01   7.3305097e-01   3.3333333e+00
  6.7980183e-01  -7.3339585e-01  -6.7980202e-01   7.3339568e-01   3.3333333e+00
  6.7942955e-01  -7.3374074e-01  -6.7942975e-01   7.3374056e-01   3.3333333e+00
  6.7905667e-01  -7.3408585e-01  -6.7905689e-01   7.3408565e-01   3.3333333e+00
  6.7868314e-01  -7.3443120e-01  -6.7868338e-01   7.3443098e-01   3.3333333e+00
  6.7830892e-01  -7.3477685e-01  -6.7830917e-01   7.3477661e-01   3.3333333e+00
  6.7793394e-01  -7.3512283e-01  -6.7793421e-01   7.3512258e-01   3.3333333e+00
  6.7755815e-01  -7.3546921e-01  -6.7755844e-01   7.3546894e-01   3.3333333e+00
  6.7718149e-01  -7.3581603e-01  -6.7718180e-01   7.3581574e-01   3.3333333e+00
  6.7680388e-01  -7.3616337e-01  -6.7680421e-01   7.3616306e-01   3.3333333e+00
  6.7642526e-01  -7.3651128e-01  -6.7642561e-01   7.3651096e-01   3.3333333e+00
  6.7604555e-01  -7.3685984e-01  -6.7604592e-01   7.3685950e-01   3.3333333e+00
  6.7566465e-01  -7.3720912e-01  -6.7566504e-01   7.3720876e-01   3.3333333e+00
  6.7528248e-01  -7.3755920e-01  -6.7528289e-01   7.3755882e-01   3.3333333e+00
  6.7489895e-01  -7.3791016e-01  -6.7489938e-01   7.3790977e-01   3.3333333e+00
  6.7451395e-01  -7.3826210e-01  -6.7451440e-01   7.3826169e-01   3.3333333e+00
  6.7412737e-01  -7.3861512e-01  -6.7412784e-01   7.3861469e-01   3.3333333e+00
  6.7373909e-01  -7.3896931e-01  -6.7373958e-01   7.3896886e-01   3.3333333e+00
  6.7334899e-01  -7.3932478e-01  -6.7334950e-01   7.3932432e-01   3.3333333e+00
  6.7295694e-01  -7.3968166e-01  -6.7295747e-01   7.3968118e-01   3.3333333e+00
  6.7256279e-01  -7.4004006e-01  -6.7256334e-01   7.4003957e-01   3.3333333e+00
  6.7216639e-01  -7.4040012e-01  -6.7216696e-01   7.4039961e-01   3.3333333e+00
  6.7176759e-01  -7.4076198e-01  -6.7176817e-01   7.4076145e-01   3.3333333e+00
  6.7136620e-01  -7.4112578e-01  -6.7136681e-01   7.4112523e-01   3.3333333e+00
  6.7096205e-01  -7.4149169e-01  -6.7096267e-01   7.4149113e-01   3.3333333e+00
  6.7055493e-01  -7.4185988e-01  -6.7055558e-01   7.4185930e-01   3.3333333e+00
  6.7014463e-01  -7.4223054e-01  -6.7014530e-01   7.4222993e-01   3.3333333e+00
  6.6973094e-01  -7.4260385e-01  -6.6973163e-01   7.4260322e-01   3.3333333e+00
  6.6931359e-01  -7.4298002e-01  -6.6931430e-01   7.4297938e-01   3.3333333e+00
  6.6889233e-01  -7.4335930e-01  -6.6889307e-01   7.4335864e-01   3.3333333e+00
  6.6846688e-01  -7.4374191e-01  -6.6846764e-01   7.4374123e-01   3.3333333e+00
  6.6803692e-01  -7.4412813e-01  -6.6803770e-01   7.4412743e-01   3.3333333e+00
  6.6760213e-01  -7.4451823e-01  -6.6760293e-01   7.4451751e-01   3.3333333e+00
  6.6716214e-01  -7.4491253e-01  -6.6716296e-01   7.4491180e-01   3.3333333e+00
  6.6671656e-01  -7.4531137e-01  -6.6671740e-01   7.4531061e-01   3.3333333e+00
  6.6626495e-01  -7.4571510e-01  -6.6626582e-01   7.4571433e-01   3.3333333e+00
  6.6580685e-01  -7.4612415e-01  -6.6580774e-01   7.4612335e-01   3.3333333e+00
  6.6534174e-01  -7.4653893e-01  -6.6534265e-01   7.4653811e-01   3.3333333e+00
  6.6486904e-01  -7.4695994e-01  -6.6486998e-01   7.4695911e-01   3.3333333e+00
  6.6438813e-01  -7.4738772e-01  -6.6438910e-01   7.4738687e-01   3.3333333e+00
  6.6389831e-01  -7.4782286e-01  -6.6389930e-01   7.4782199e-01   3.3333333e+00
  6.6339879e-01  -7.4826603e-01  -6.6339980e-01   7.4826513e-01   3.3333333e+00
  6.6288869e-01  -7.4871796e-01  -6.6288973e-01   7.4871704e-01   3.3333333e+00
  6.6236703e-01  -7.4917950e-01  -6.6236810e-01   7.4917855e-01   3.3333333e+00
  6.6183269e-01  -7.4965158e-01  -6.6183378e-01   7.4965062e-01   3.3333333e+00
  6.6128438e-01  -7.5013530e-01  -6.6128550e-01   7.5013431e-01   3.3333333e+00
  6.6072065e-01  -7.5063188e-01  -6.6072180e-01   7.5063087e-01   3.3333333e+00
  6.6013981e-01  -7.5114275e-01  -6.6014099e-01   7.5114171e-01   3.3333333e+00
  6.5953989e-01  -7.5166956e-01  -6.5954110e-01   7.5166850e-01   3.3333333e+00
  6.5891857e-01  -7.5221428e-01  -6.5891981e-01   7.5221319e-01   3.3333333e+00
  6.5827310e-01  -7.5277920e-01  -6.5827437e-01   7.5277809e-01   3.3333333e+00
  6.5760018e-01  -7.5336711e-01  -6.5760149e-01   7.5336597e-01   3.3333333e+00
  6.5689580e-01  -7.5398137e-01  -6.5689715e-01   7.5398020e-01   3.3333333e+00
  6.5615500e-01  -7.5462614e-01  -6.5615638e-01   7.5462494e-01   3.3333333e+00
  6.5537155e-01  -7.5530665e-01  -6.5537298e-01   7.5530541e-01   3.3333333e+00
  6.5453747e-01  -7.5602956e-01  -6.5453894e-01   7.5602829e-01   3.3333333e+00
  6.5364226e-01  -7.5680367e-01  -6.5364377e-01   7.5680236e-01   3.3333333e+00
  6.5267172e-01  -7.5764083e-01  -6.5267328e-01   7.5763948e-01   3.3333333e+00
  6.5160589e-01  -7.5855769e-01  -6.5160751e-01   7.5855629e-01   3.3333333e+00
  6.5041540e-01  -7.5957870e-01  -6.5041709e-01   7.5957726e-01   3.3333333e+00
  6.4905417e-01  -7.6074219e-01  -6.4905592e-01   7.6074070e-01   3.3333333e+00
  6.4744321e-01  -7.6211370e-01  -6.4744505e-01   7.6211214e-01   3.3333333e+00
  6.4542784e-01  -7.6382125e-01  -6.4542979e-01   7.6381961e-01   3.3333333e+00
  6.4262613e-01  -7.6617991e-01  -6.4262822e-01   7.6617816e-01   3.3333333e+00
  6.3739965e-01  -7.7053338e-01  -6.3740201e-01   7.7053143e-01   3.3333333e+00
  7.2742228e-01  -6.8619008e-01  -7.2742015e-01   6.8619234e-01   3.3333333e+00
  7.2279215e-01  -6.9106549e-01  -7.2279023e-01   6.9106749e-01   3.3333333e+00
  7.2028833e-01  -6.9367479e-01  -7.2028654e-01   6.9367666e-01   3.3333333e+00
  7.1847802e-01  -6.9554966e-01  -7.1847631e-01   6.9555143e-01   3.3333333e+00
  7.1702545e-01  -6.9704699e-01  -7.1702381e-01   6.9704868e-01   3.3333333e+00
  7.1579422e-01  -6.9831127e-01  -7.1579264e-01   6.9831289e-01   3.3333333e+00
  7.1471457e-01  -6.9941624e-01  -7.1471304e-01   6.9941781e-01   3.3333333e+00
  7.1374570e-01  -7.0040494e-01  -7.1374422e-01   7.0040645e-01   3.3333333e+00
  7.1286157e-01  -7.0130477e-01  -7.1286013e-01   7.0130623e-01   3.3333333e+00
  7.1204448e-01  -7.0213436e-01  -7.1204308e-01   7.0213578e-01   3.3333333e+00
  7.1128181e-01  -7.0290695e-01  -7.1128044e-01   7.0290834e-01   3.3333333e+00
  7.1056422e-01  -7.0363235e-01  -7.1056289e-01   7.0363370e-01   3.3333333e+00
  7.0988461e-01  -7.0431799e-01  -7.0988331e-01   7.0431930e-01   3.3333333e+00
  7.0923743e-01  -7.0496969e-01  -7.0923616e-01   7.0497097e-01   3.3333333e+00
  7.0861825e-01  -7.0559207e-01  -7.0861701e-01   7.0559332e-01   3.3333333e+00
  7.0802349e-01  -7.0618888e-01  -7.0802229e-01   7.0619009e-01   3.3333333e+00
  7.0745021e-01  -7.0676318e-01  -7.0744903e-01   7.0676437e-01   3.3333333e+00
  7.0689595e-01  -7.0731755e-01  -7.0689479e-01   7.0731871e-01   3.3333333e+00
  7.0635862e-01  -7.0785415e-01  -7.0635749e-01   7.0785527e-01   3.3333333e+00
  7.0583648e-01  -7.0837480e-01  -7.0583538e-01   7.0837590e-01   3.3333333e+00
  7.0532800e-01  -7.0888110e-01  -7.0532692e-01   7.0888217e-01   3.3333333e+00
  7.0483188e-01  -7.0937439e-01  -7.0483082e-01   7.0937544e-01   3.3333333e+00
  7.0434695e-01  -7.0985588e-01  -7.0434592e-01   7.0985690e-01   3.3333333e+00
  7.0387223e-01  -7.1032661e-01  -7.0387122e-01   7.1032761e-01   3.3333333e+00
  7.0340681e-01  -7.1078749e-01  -7.0340582e-01   7.1078847e-01   3.3333333e+00
  7.0294991e-01  -7.1123936e-01  -7.0294894e-01   7.1124031e-01   3.3333333e+00
  7.0250081e-01  -7.1168294e-01  -7.0249987e-01   7.1168387e-01   3.3333333e+00
  7.0205890e-01  -7.1211888e-01  -7.0205798e-01   7.1211979e-01   3.3333333e+00
  7.0162359e-01  -7.1254778e-01  -7.0162269e-01   7.1254867e-01   3.3333333e+00
  7.0119436e-01  -7.1297017e-01  -7.0119348e-01   7.1297104e-01   3.3333333e+00
  7.0077075e-01  -7.1338654e-01  -7.0076989e-01   7.1338738e-01   3.3333333e+00
  7.0035233e-01  -7.1379732e-01  -7.0035149e-01   7.1379814e-01   3.3333333e+00
  6.9993870e-01  -7.1420292e-01  -6.9993788e-01   7.1420372e-01   3.3333333e+00
  6.9952951e-01  -7.1460372e-01  -6.9952871e-01   7.1460450e-01   3.3333333e+00
  6.9912441e-01  -7.1500004e-01  -6.9912364e-01   7.1500080e-01   3.3333333e+00
  6.9872312e-01  -7.1539220e-01  -6.9872236e-01   7.1539294e-01   3.3333333e+00
  6.9832534e-01  -7.1578050e-01  -6.9832460e-01   7.1578122e-01   3.3333333e+00
  6.9793081e-01  -7.1616520e-01  -6.9793009e-01   7.1616590e-01   3.3333333e+00
  6.9753928e-01  -7.1654654e-01  -6.9753858e-01   7.1654722e-01   3.3333333e+00
  6.9715054e-01  -7.1692477e-01  -6.9714986e-01   7.1692543e-01   3.3333333e+00
  6.9676436e-01  -7.1730010e-01  -6.9676370e-01   7.1730074e-01   3.3333333e+00
  6.9638055e-01  -7.1767272e-01  -6.9637991e-01   7.1767334e-01   3.3333333e+00
  6.9599892e-01  -7.1804283e-01  -6.9599829e-01   7.1804343e-01   3.3333333e+00
  6.9561930e-01  -7.1841060e-01  -6.9561869e-01   7.1841119e-01   3.3333333e+00
  6.9524152e-01  -7.1877621e-01  -6.9524093e-01   7.1877677e-01   3.3333333e+00
  6.9486542e-01  -7.1913979e-01  -6.9486485e-01   7.1914034e-01   3.3333333e+00
  6.9449087e-01  -7.1950151e-01  -6.9449032e-01   7.1950204e-01   3.3333333e+00
  6.9411773e-01  -7.1986150e-01  -6.9411720e-01   7.1986201e-01   3.3333333e+00
  6.9374586e-01  -7.2021988e-01  -6.9374535e-01   7.2022038e-01   3.3333333e+00
  6.9337514e-01  -7.2057679e-01  -6.9337465e-01   7.2057726e-01   3.3333333e+00
  6.9300547e-01  -7.2093233e-01  -6.9300499e-01   7.2093279e-01   3.3333333e+00
  6.9263672e-01  -7.2128661e-01  -6.9263626e-01   7.2128705e-01   3.3333333e+00
  6.9226879e-01  -7.2163974e-01  -6.9226835e-01   7.2164016e-01   3.3333333e+00
  6.9190159e-01  -7.2199182e-01  -6.9190117e-01   7.2199222e-01   3.3333333e+00
  6.9153503e-01  -7.2234293e-01  -6.9153463e-01   7.2234331e-01   3.3333333e+00
  6.9116901e-01  -7.2269315e-01  -6.9116863e-01   7.2269352e-01   3.3333333e+00
  6.9080346e-01  -7.2304259e-01  -6.9080309e-01   7.2304294e-01   3.3333333e+00
  6.9043829e-01  -7.2339130e-01  -6.9043794e-01   7.2339163e-01   3.3333333e+00
  6.9007343e-01  -7.2373936e-01  -6.9007310e-01   7.2373967e-01   3.3333333e+00
  6.8970882e-01  -7.2408684e-01  -6.8970850e-01   7.2408713e-01   3.3333333e+00
  6.8934438e-01  -7.2443380e-01  -6.8934408e-01   7.2443408e-01   3.3333333e+00
  6.8898005e-01  -7.2478030e-01  -6.8897978e-01   7.2478056e-01   3.3333333e+00
  6.8861579e-01  -7.2512640e-01  -6.8861553e-01   7.2512665e-01   3.3333333e+00
  6.8825152e-01  -7.2547215e-01  -6.8825128e-01   7.2547238e-01   3.3333333e+00
  6.8788721e-01  -7.2581760e-01  -6.8788699e-01   7.2581781e-01   3.3333333e+00
  6.8752281e-01  -7.2616279e-01  -6.8752260e-01   7.2616298e-01   3.3333333e+00
  6.8715826e-01  -7.2650776e-01  -6.8715808e-01   7.2650793e-01   3.3333333e+00
  6.8679355e-01  -7.2685255e-01  -6.8679338e-01   7.2685270e-01   3.3333333e+00
  6.8642862e-01  -7.2719719e-01  -6.8642847e-01   7.2719733e-01   3.3333333e+00
  6.8606345e-01  -7.2754171e-01  -6.8606332e-01   7.2754184e-01   3.3333333e+00
  6.8569801e-01  -7.2788615e-01  -6.8569789e-01   7.2788625e-01   3.3333333e+00
  6.8533227e-01  -7.2823051e-01  -6.8533217e-01   7.2823060e-01   3.3333333e+00
  6.8496621e-01  -7.2857483e-01  -6.8496613e-01   7.2857491e-01   3.3333333e+00
  6.8459982e-01  -7.2891912e-01  -6.8459976e-01   7.2891918e-01   3.3333333e+00
  6.8423308e-01  -7.2926339e-01  -6.8423303e-01   7.2926343e-01   3.3333333e+00
  6.8386597e-01  -7.2960766e-01  -6.8386595e-01   7.2960768e-01   3.3333333e+00
  6.8349850e-01  -7.2995192e-01  -6.8349850e-01   7.2995192e-01   3.3333333e+00
  6.8313066e-01  -7.3029617e-01  -6.8313067e-01   7.3029616e-01   3.3333333e+00
  6.8276244e-01  -7.3064044e-01  -6.8276248e-01   7.3064040e-01   3.3333333e+00
  6.8239385e-01  -7.3098470e-01  -6.8239390e-01   7.3098465e-01   3.3333333e+00
  6.8202487e-01  -7.3132898e-01  -6.8202494e-01   7.3132892e-01   3.3333333e+00
  6.8165549e-01  -7.3167329e-01  -6.8165557e-01   7.3167320e-01   3.3333333e+00
  6.8128569e-01  -7.3201763e-01  -6.8128579e-01   7.3201753e-01   3.3333333e+00
  6.8091545e-01  -7.3236204e-01  -6.8091557e-01   7.3236192e-01   3.3333333e+00
  6.8054475e-01  -7.3270652e-01  -6.8054489e-01   7.3270639e-01   3.3333333e+00
  6.8017355e-01  -7.3305112e-01  -6.8017371e-01   7.3305097e-01   3.3333333e+00
  6.7980183e-01  -7.3339585e-01  -6.7980202e-01   7.3339568e-01   3.3333333e+00
  6.7942955e-01  -7.3374074e-01  -6.7942975e-01   7.3374056e-01   3.3333333e+00
  6.7905667e-01  -7.3408585e-01  -6.7905689e-01   7.3408565e-01   3.3333333e+00
  6.7868314e-01  -7.3443120e-01  -6.7868338e-01   7.3443098e-01   3.3333333e+00
  6.7830892e-01  -7.3477685e-01  -6.7830917e-01   7.3477661e-01   3.3333333e+00
  6.7793394e-01  -7.3512283e-01  -6.7793421e-01   7.3512258e-01   3.3333333e+00
  6.7755815e-01  -7.3546921e-01  -6.7755844e-01   7.3546894e-01   3.3333333e+00
  6.7718149e-01  -7.3581603e-01  -6.7718180e-01   7.3581574e-01   3.3333333e+00
  6.7680388e-01  -7.3616337e-01  -6.7680421e-01   7.3616306e-01   3.3333333e+00
  6.7642526e-01  -7.3651128e-01  -6.7642561e-01   7.3651096e-01   3.3333333e+00
  6.7604555e-01  -7.3685984e-01  -6.7604592e-01   7.3685950e-01   3.3333333e+00
  6.7566465e-01  -7.3720912e-01  -6.7566504e-01   7.3720876e-01   3.3333333e+00
  6.7528248e-01  -7.3755920e-01  -6.7528289e-01   7.3755882e-01   3.3333333e+00
  6.7489895e-01  -7.3791016e-01  -6.7489938e-01   7.3790977e-01   3.3333333e+00
  6.7451395e-01  -7.3826210e-01  -6.7451440e-01   7.3826169e-01   3.3333333e+00
  6.7412737e-01  -7.3861512e-01  -6.7412784e-01   7.3861469e-01   3.3333333e+00
  6.7373909e-01  -7.3896931e-01  -6.7373958e-01   7.3896886e-01   3.3333333e+00
  6.7334899e-01  -7.3932478e-01  -6.7334950e-01   7.3932432e-01   3.3333333e+00
  6.7295694e-01  -7.3968166e-01  -6.7295747e-01   7.3968118e-01   3.3333333e+00
  6.7256279e-01  -7.4004006e-01  -6.7256334e-01   7.4003957e-01   3.3333333e+00
  6.7216639e-01  -7.4040012e-01  -6.7216696e-01   7.4039961e-01   3.3333333e+00
  6.7176759e-01  -7.4076198e-01  -6.7176817e-01   7.4076145e-01   3.3333333e+00
  6.7136620e-01  -7.4112578e-01  -6.7136681e-01   7.4112523e-01   3.3333333e+00
  6.7096205e-01  -7.4149169e-01  -6.7096267e-01   7.4149113e-01   3.3333333e+00
  6.7055493e-01  -7.4185988e-01  -6.7055558e-01   7.4185930e-01   3.3333333e+00
  6.7014463e-01  -7.4223054e-01  -6.7014530e-01   7.4222993e-01   3.3333333e+00
  6.6973094e-01  -7.4260385e-01  -6.6973163e-01   7.4260322e-01   3.3333333e+00
  6.6931359e-01  -7.4298002e-01  -6.6931430e-01   7.4297938e-01   3.3333333e+00
  6.6889233e-01  -7.4335930e-01  -6.6889307e-01   7.4335864e-01   3.3333333e+00
  6.6846688e-01  -7.4374191e-01  -6.6846764e-01   7.4374123e-01   3.3333333e+00
  6.6803692e-01  -7.4412813e-01  -6.6803770e-01   7.4412743e-01   3.3333333e+00
  6.6760213e-01  -7.4451823e-01  -6.6760293e-01   7.4451751e-01   3.3333333e+00
  6.6716214e-01  -7.4491253e-01  -6.6716296e-01   7.4491180e-01   3.3333333e+00
  6.6671656e-01  -7.4531137e-01  -6.6671740e-01   7.4531061e-01   3.3333333e+00
  6.6626495e-01  -7.4571510e-01  -6.6626582e-01   7.4571433e-01   3.3333333e+00
  6.6580685e-01  -7.4612415e-01  -6.6580774e-01   7.4612335e-01   3.3333333e+00
  6.6534174e-01  -7.4653893e-01  -6.6534265e-01   7.4653811e-01   3.3333333e+00
  6.6486904e-01  -7.4695994e-01  -6.6486998e-01   7.4695911e-01   3.3333333e+00
  6.6438813e-01  -7.4738772e-01  -6.6438910e-01   7.4738687e-01   3.3333333e+00
  6.6389831e-01  -7.4782286e-01  -6.6389930e-01   7.4782199e-01   3.3333333e+00
  6.6339879e-01  -7.4826603e-01  -6.6339980e-01   7.4826513e-01   3.3333333e+00
  6.6288869e-01  -7.4871796e-01  -6.6288973e-01   7.4871704e-01   3.3333333e+00
  6.6236703e-01  -7.4917950e-01  -6.6236810e-01   7.4917855e-01   3.3333333e+00
  6.6183269e-01  -7.4965158e-01  -6.6183378e-01   7.4965062e-01   3.3333333e+00
  6.6128438e-01  -7.5013530e-01  -6.6128550e-01   7.5013431e-01   3.3333333e+00
  6.6072065e-01  -7.5063188e-01  -6.6072180e-01   7.5063087e-01   3.3333333e+00
  6.6013981e-01  -7.5114275e-01  -6.6014099e-01   7.5114171e-01   3.3333333e+00
  6.5953989e-01  -7.5166956e-01  -6.5954110e-01   7.5166850e-01   3.3333333e+00
  6.5891857e-01  -7.5221428e-01  -6.5891981e-01   7.5221319e-01   3.3333333e+00
  6.5827310e-01  -7.5277920e-01  -6.5827437e-01   7.5277809e-01   3.3333333e+00
  6.5760018e-01  -7.5336711e-01  -6.5760149e-01   7.5336597e-01   3.3333333e+00
  6.5689580e-01  -7.5398137e-01  -6.5689715e-01   7.5398020e-01   3.3333333e+00
  6.5615500e-01  -7.5462614e-01  -6.5615638e-01   7.5462494e-01   3.3333333e+00
  6.5537155e-01  -7.5530665e-01  -6.5537298e-01   7.5530541e-01   3.3333333e+00
  6.5453747e-01  -7.5602956e-01  -6.5453894e-01   7.5602829e-01   3.3333333e+00
  6.5364226e-01  -7.5680367e-01  -6.5364377e-01   7.5680236e-01   3.3333333e+00
  6.5267172e-01  -7.5764083e-01  -6.5267328e-01   7.5763948e-01   3.3333333e+00
  6.5160589e-01  -7.5855769e-01  -6.5160751e-01   7.5855629e-01   3.3333333e+00
  6.5041540e-01  -7.5957870e-01  -6.5041709e-01   7.5957726e-01   3.3333333e+00
  6.4905417e-01  -7.6074219e-01  -6.4905592e-01   7.6074070e-01   3.3333333e+00
  6.4744321e-01  -7.6211370e-01  -6.4744505e-01   7.6211214e-01   3.3333333e+00
  6.4542784e-01  -7.6382125e-01  -6.4542979e-01   7.6381961e-01   3.3333333e+00
  6.4262613e-01  -7.6617991e-01  -6.4262822e-01   7.6617816e-01   3.3333333e+00
  6.3739965e-01  -7.7053338e-01  -6.3740201e-01   7.7053143e-01   3.3333333e+00
  5.7129909e-01  -8.2074195e-01  -5.7129653e-01   8.2074373e-01   3.3333333e+00
  5.6578527e-01  -8.2455262e-01  -5.6578298e-01   8.2455419e-01   3.3333333e+00
  5.6281007e-01  -8.2658625e-01  -5.6280792e-01   8.2658771e-01   3.3333333e+00
  5.6066181e-01  -8.2804488e-01  -5.6065977e-01   8.2804627e-01   3.3333333e+00
  5.5893983e-01  -8.2920821e-01  -5.5893787e-01   8.2920954e-01   3.3333333e+00
  5.5748149e-01  -8.3018937e-01  -5.5747959e-01   8.3019064e-01   3.3333333e+00
  5.5620360e-01  -8.3104606e-01  -5.5620177e-01   8.3104729e-01   3.3333333e+00
  5.5505757e-01  -8.3181193e-01  -5.5505580e-01   8.3181312e-01   3.3333333e+00
  5.5401239e-01  -8.3250842e-01  -5.5401067e-01   8.3250957e-01   3.3333333e+00
  5.5304697e-01  -8.3315007e-01  -5.5304530e-01   8.3315119e-01   3.3333333e+00
  5.5214630e-01  -8.3374724e-01  -5.5214466e-01   8.3374833e-01   3.3333333e+00
  5.5129925e-01  -8.3430758e-01  -5.5129766e-01   8.3430863e-01   3.3333333e+00
  5.5049739e-01  -8.3483689e-01  -5.5049584e-01   8.3483791e-01   3.3333333e+00
  5.4973409e-01  -8.3533971e-01  -5.4973258e-01   8.3534070e-01   3.3333333e+00
  5.4900412e-01  -8.3581965e-01  -5.4900264e-01   8.3582062e-01   3.3333333e+00
  5.4830319e-01  -8.3627962e-01  -5.4830175e-01   8.3628057e-01   3.3333333e+00
  5.4762781e-01  -8.3672204e-01  -5.4762640e-01   8.3672297e-01   3.3333333e+00
  5.4697506e-01  -8.3714890e-01  -5.4697368e-01   8.3714980e-01   3.3333333e+00
  5.4634247e-01  -8.3756188e-01  -5.4634112e-01   8.3756276e-01   3.3333333e+00
  5.4572795e-01  -8.3796241e-01  -5.4572663e-01   8.3796327e-01   3.3333333e+00
  5.4512969e-01  -8.3835173e-01  -5.4512840e-01   8.3835257e-01   3.3333333e+00
  5.4454614e-01  -8.3873089e-01  -5.4454488e-01   8.3873171e-01   3.3333333e+00
  5.4397592e-01  -8.3910082e-01  -5.4397469e-01   8.3910162e-01   3.3333333e+00
  5.4341786e-01  -8.3946235e-01  -5.4341665e-01   8.3946313e-01   3.3333333e+00
  5.4287088e-01  -8.3981618e-01  -5.4286970e-01   8.3981694e-01   3.3333333e+00
  5.4233405e-01  -8.4016295e-01  -5.4233290e-01   8.4016369e-01   3.3333333e+00
  5.4180653e-01  -8.4050323e-01  -5.4180541e-01   8.4050396e-01   3.3333333e+00
  5.4128757e-01  -8.4083754e-01  -5.4128647e-01   8.4083825e-01   3.3333333e+00
  5.4077649e-01  -8.4116633e-01  -5.4077541e-01   8.4116702e-01   3.3333333e+00
  5.4027267e-01  -8.4149002e-01  -5.4027161e-01   8.4149069e-01   3.3333333e+00
  5.3977555e-01  -8.4180898e-01  -5.3977452e-01   8.4180964e-01   3.3333333e+00
  5.3928463e-01  -8.4212356e-01  -5.3928363e-01   8.4212420e-01   3.3333333e+00
  5.3879944e-01  -8.4243407e-01  -5.3879846e-01   8.4243470e-01   3.3333333e+00
  5.3831955e-01  -8.4274081e-01  -5.3831859e-01   8.4274142e-01   3.3333333e+00
  5.3784457e-01  -8.4304402e-01  -5.3784363e-01   8.4304462e-01   3.3333333e+00
  5.3737413e-01  -8.4334397e-01  -5.3737322e-01   8.4334455e-01   3.3333333e+00
  5.3690790e-01  -8.4364087e-01  -5.3690701e-01   8.4364143e-01   3.3333333e+00
  5.3644556e-01  -8.4393493e-01  -5.3644470e-01   8.4393547e-01   3.3333333e+00
  5.3598683e-01  -8.4422634e-01  -5.3598599e-01   8.4422687e-01   3.3333333e+00
  5.3553144e-01  -8.4451529e-01  -5.3553062e-01   8.4451581e-01   3.3333333e+00
  5.3507913e-01  -8.4480195e-01  -5.3507833e-01   8.4480245e-01   3.3333333e+00
  5.3462966e-01  -8.4508646e-01  -5.3462889e-01   8.4508695e-01   3.3333333e+00
  5.3418282e-01  -8.4536898e-01  -5.3418207e-01   8.4536946e-01   3.3333333e+00
  5.3373840e-01  -8.4564965e-01  -5.3373767e-01   8.4565011e-01   3.3333333e+00
  5.3329619e-01  -8.4592858e-01  -5.3329549e-01   8.4592903e-01   3.3333333e+00
  5.3285603e-01  -8.4620592e-01  -5.3285534e-01   8.4620635e-01   3.3333333e+00
  5.3241773e-01  -8.4648176e-01  -5.3241706e-01   8.4648217e-01   3.3333333e+00
  5.3198113e-01  -8.4675621e-01  -5.3198048e-01   8.4675661e-01   3.3333333e+00
  5.3154607e-01  -8.4702938e-01  -5.3154545e-01   8.4702977e-01   3.3333333e+00
  5.3111241e-01  -8.4730136e-01  -5.3111182e-01   8.4730174e-01   3.3333333e+00
  5.3068002e-01  -8.4757225e-01  -5.3067944e-01   8.4757261e-01   3.3333333e+00
  5.3024875e-01  -8.4784212e-01  -5.3024820e-01   8.4784247e-01   3.3333333e+00
  5.2981849e-01  -8.4811106e-01  -5.2981796e-01   8.4811139e-01   3.3333333e+00
  5.2938912e-01  -8.4837914e-01  -5.2938861e-01   8.4837946e-01   3.3333333e+00
  5.2896053e-01  -8.4864643e-01  -5.2896003e-01   8.4864674e-01   3.3333333e+00
  5.2853260e-01  -8.4891300e-01  -5.2853213e-01   8.4891330e-01   3.3333333e+00
  5.2810525e-01  -8.4917892e-01  -5.2810480e-01   8.4917920e-01   3.3333333e+00
  5.2767838e-01  -8.4944425e-01  -5.2767795e-01   8.4944452e-01   3.3333333e+00
  5.2725189e-01  -8.4970904e-01  -5.2725148e-01   8.4970929e-01   3.3333333e+00
  5.2682570e-01  -8.4997334e-01  -5.2682531e-01   8.4997358e-01   3.3333333e+00
  5.2639973e-01  -8.5023721e-01  -5.2639937e-01   8.5023744e-01   3.3333333e+00
  5.2597392e-01  -8.5050070e-01  -5.2597357e-01   8.5050091e-01   3.3333333e+00
  5.2554818e-01  -8.5076384e-01  -5.2554785e-01   8.5076404e-01   3.3333333e+00
  5.2512244e-01  -8.5102669e-01  -5.2512214e-01   8.5102687e-01   3.3333333e+00
  5.2469666e-01  -8.5128927e-01  -5.2469638e-01   8.5128944e-01   3.3333333e+00
  5.2427076e-01  -8.5155162e-01  -5.2427051e-01   8.5155178e-01   3.3333333e+00
  5.2384471e-01  -8.5181378e-01  -5.2384447e-01   8.5181393e-01   3.3333333e+00
  5.2341843e-01  -8.5207578e-01  -5.2341822e-01   8.5207592e-01   3.3333333e+00
  5.2299190e-01  -8.5233765e-01  -5.2299171e-01   8.5233777e-01   3.3333333e+00
  5.2256507e-01  -8.5259941e-01  -5.2256489e-01   8.5259951e-01   3.3333333e+00
  5.2213790e-01  -8.5286108e-01  -5.2213775e-01   8.5286117e-01   3.3333333e+00
  5.2171036e-01  -8.5312268e-01  -5.2171022e-01   8.5312276e-01   3.3333333e+00
  5.2128241e-01  -8.5338423e-01  -5.2128230e-01   8.5338430e-01   3.3333333e+00
  5.2085404e-01  -8.5364575e-01  -5.2085396e-01   8.5364580e-01   3.3333333e+00
  5.2042523e-01  -8.5390724e-01  -5.2042516e-01   8.5390729e-01   3.3333333e+00
  5.1999595e-01  -8.5416873e-01  -5.1999590e-01   8.5416875e-01   3.3333333e+00
  5.1956620e-01  -8.5443020e-01  -5.1956617e-01   8.5443022e-01   3.3333333e+00
  5.1913596e-01  -8.5469167e-01  -5.1913595e-01   8.5469168e-01   3.3333333e+00
  5.1870523e-01  -8.5495315e-01  -5.1870525e-01   8.5495314e-01   3.3333333e+00
  5.1827401e-01  -8.5521462e-01  -5.1827405e-01   8.5521460e-01   3.3333333e+00
  5.1784229e-01  -8.5547610e-01  -5.1784235e-01   8.5547606e-01   3.3333333e+00
  5.1741006e-01  -8.5573759e-01  -5.1741015e-01   8.5573754e-01   3.3333333e+00
  5.1697731e-01  -8.5599910e-01  -5.1697741e-01   8.5599904e-01   3.3333333e+00
  5.1654400e-01  -8.5626065e-01  -5.1654413e-01   8.5626057e-01   3.3333333e+00
  5.1611013e-01  -8.5652223e-01  -5.1611027e-01   8.5652214e-01   3.3333333e+00
  5.1567565e-01  -8.5678389e-01  -5.1567582e-01   8.5678378e-01   3.3333333e+00
  5.1524053e-01  -8.5704562e-01  -5.1524072e-01   8.5704550e-01   3.3333333e+00
  5.1480474e-01  -8.5730746e-01  -5.1480495e-01   8.5730733e-01   3.3333333e+00
  5.1436822e-01  -8.5756943e-01  -5.1436846e-01   8.5756929e-01   3.3333333e+00
  5.1393094e-01  -8.5783157e-01  -5.1393119e-01   8.5783141e-01   3.3333333e+00
  5.1349282e-01  -8.5809389e-01  -5.1349310e-01   8.5809372e-01   3.3333333e+00
  5.1305382e-01  -8.5835644e-01  -5.1305413e-01   8.5835626e-01   3.3333333e+00
  5.1261387e-01  -8.5861925e-01  -5.1261420e-01   8.5861906e-01   3.3333333e+00
  5.1217290e-01  -8.5888237e-01  -5.1217325e-01   8.5888216e-01   3.3333333e+00
  5.1173083e-01  -8.5914583e-01  -5.1173120e-01   8.5914561e-01   3.3333333e+00
  5.1128758e-01  -8.5940969e-01  -5.1128797e-01   8.5940946e-01   3.3333333e+00
  5.1084305e-01  -8.5967399e-01  -5.1084347e-01   8.5967375e-01   3.3333333e+00
  5.1039716e-01  -8.5993880e-01  -5.1039760e-01   8.5993854e-01   3.3333333e+00
  5.0994980e-01  -8.6020416e-01  -5.0995026e-01   8.6020389e-01   3.3333333e+00
  5.0950086e-01  -8.6047015e-01  -5.0950134e-01   8.6046986e-01   3.3333333e+00
  5.0905022e-01  -8.6073682e-01  -5.0905073e-01   8.6073652e-01   3.3333333e+00
  5.0859777e-01  -8.6100425e-01  -5.0859829e-01   8.6100394e-01   3.3333333e+00
  5.0814335e-01  -8.6127251e-01  -5.0814390e-01   8.6127218e-01   3.3333333e+00
  5.0768684e-01  -8.6154168e-01  -5.0768741e-01   8.6154135e-01   3.3333333e+00
  5.0722808e-01  -8.6181186e-01  -5.0722868e-01   8.6181151e-01   3.3333333e+00
  5.0676691e-01  -8.6208312e-01  -5.0676752e-01   8.6208275e-01   3.3333333e+00
  5.0630314e-01  -8.6235557e-01  -5.0630379e-01   8.6235519e-01   3.3333333e+00
  5.0583661e-01  -8.6262931e-01  -5.0583728e-01   8.6262892e-01   3.3333333e+00
  5.0536711e-01  -8.6290445e-01  -5.0536779e-01   8.6290405e-01   3.3333333e+00
  5.0489442e-01  -8.6318111e-01  -5.0489513e-01   8.6318069e-01   3.3333333e+00
  5.0441832e-01  -8.6345941e-01  -5.0441906e-01   8.6345898e-01   3.3333333e+00
  5.0393857e-01  -8.6373950e-01  -5.0393933e-01   8.6373906e-01   3.3333333e+00
  5.0345489e-01  -8.6402151e-01  -5.0345568e-01   8.6402105e-01   3.3333333e+00
  5.0296702e-01  -8.6430560e-01  -5.0296783e-01   8.6430513e-01   3.3333333e+00
  5.0247465e-01  -8.6459194e-01  -5.0247549e-01   8.6459146e-01   3.3333333e+00
  5.0197745e-01  -8.6488071e-01  -5.0197831e-01   8.6488021e-01   3.3333333e+00
  5.0147506e-01  -8.6517210e-01  -5.0147594e-01   8.6517159e-01   3.3333333e+00
  5.0096710e-01  -8.6546633e-01  -5.0096801e-01   8.6546580e-01   3.3333333e+00
  5.0045315e-01  -8.6576362e-01  -5.0045409e-01   8.6576308e-01   3.3333333e+00
  4.9993276e-01  -8.6606422e-01  -4.9993373e-01   8.6606366e-01   3.3333333e+00
  4.9940543e-01  -8.6636841e-01  -4.9940642e-01   8.6636783e-01   3.3333333e+00
  4.9887062e-01  -8.6667647e-01  -4.9887164e-01   8.6667589e-01   3.3333333e+00
  4.9832772e-01  -8.6698874e-01  -4.9832877e-01   8.6698814e-01   3.3333333e+00
  4.9777609e-01  -8.6730558e-01  -4.9777716e-01   8.6730496e-01   3.3333333e+00
  4.9721498e-01  -8.6762738e-01  -4.9721608e-01   8.6762674e-01   3.3333333e+00
  4.9664359e-01  -8.6795457e-01  -4.9664472e-01   8.6795393e-01   3.3333333e+00
  4.9606102e-01  -8.6828766e-01  -4.9606218e-01   8.6828700e-01   3.3333333e+00
  4.9546625e-01  -8.6862719e-01  -4.9546744e-01   8.6862651e-01   3.3333333e+00
  4.9485814e-01  -8.6897378e-01  -4.9485936e-01   8.6897308e-01   3.3333333e+00
  4.9423539e-01  -8.6932812e-01  -4.9423664e-01   8.6932741e-01   3.3333333e+00
  4.9359654e-01  -8.6969101e-01  -4.9359782e-01   8.6969028e-01   3.3333333e+00
  4.9293989e-01  -8.7006337e-01  -4.9294120e-01   8.7006262e-01   3.3333333e+00
  4.9226348e-01  -8.7044624e-01  -4.9226484e-01   8.7044548e-01   3.3333333e+00
  4.9156506e-01  -8.7084085e-01  -4.9156645e-01   8.7084007e-01   3.3333333e+00
  4.9084193e-01  -8.7124864e-01  -4.9084336e-01   8.7124784e-01   3.3333333e+00
  4.9009094e-01  -8.7167131e-01  -4.9009240e-01   8.7167049e-01   3.3333333e+00
  4.8930826e-01  -8.7211090e-01  -4.8930976e-01   8.7211006e-01   3.3333333e+00
  4.8848926e-01  -8.7256991e-01  -4.8849081e-01   8.7256904e-01   3.3333333e+00
  4.8762823e-01  -8.7305138e-01  -4.8762982e-01   8.7305049e-01   3.3333333e+00
  4.8671797e-01  -8.7355917e-01  -4.8671960e-01   8.7355826e-01   3.3333333e+00
  4.8574927e-01  -8.7409819e-01  -4.8575095e-01   8.7409726e-01   3.3333333e+00
  4.8471002e-01  -8.7467491e-01  -4.8471176e-01   8.7467394e-01   3.3333333e+00
  4.8358385e-01  -8.7529804e-01  -4.8358565e-01   8.7529705e-01   3.3333333e+00
  4.8234775e-01  -8.7597982e-01  -4.8234960e-01   8.7597880e-01   3.3333333e+00
  4.8096784e-01  -8.7673824e-01  -4.8096977e-01   8.7673718e-01   3.3333333e+00
  4.7939101e-01  -8.7760143e-01  -4.7939302e-01   8.7760033e-01   3.3333333e+00
  4.7752627e-01  -8.7861747e-01  -4.7752838e-01   8.7861633e-01   3.3333333e+00
  4.7519549e-01  -8.7988025e-01  -4.7519771e-01   8.7987905e-01   3.3333333e+00
  4.7195903e-01  -8.8162048e-01  -4.7196142e-01   8.8161920e-01   3.3333333e+00
  4.6593273e-01  -8.8482015e-01  -4.6593543e-01   8.8481873e-01   3.3333333e+00
  5.7129909e-01  -8.2074195e-01  -5.7129653e-01   8.2074373e-01   3.3333333e+00
  5.6578527e-01  -8.2455262e-01  -5.6578298e-01   8.2455419e-01   3.3333333e+00
  5.6281007e-01  -8.2658625e-01  -5.6280792e-01   8.2658771e-01   3.3333333e+00
  5.6066181e-01  -8.2804488e-01  -5.6065977e-01   8.2804627e-01   3.3333333e+00
  5.5893983e-01  -8.2920821e-01  -5.5893787e-01   8.2920954e-01   3.3333333e+00
  5.5748149e-01  -8.3018937e-01  -5.5747959e-01   8.3019064e-01   3.3333333e+00
  5.5620360e-01  -8.3104606e-01  -5.5620177e-01   8.3104729e-01   3.3333333e+00
  5.5505757e-01  -8.3181193e-01  -5.5505580e-01   8.3181312e-01   3.3333333e+00
  5.5401239e-01  -8.3250842e-01  -5.5401067e-01   8.3250957e-01   3.3333333e+00
  5.5304697e-01  -8.3315007e-01  -5.5304530e-01   8.3315119e-01   3.3333333e+00
  5.5214630e-01  -8.3374724e-01  -5.5214466e-01   8.3374833e-01   3.3333333e+00
  5.5129925e-01  -8.3430758e-01  -5.5129766e-01   8.3430863e-01   3.3333333e+00
  5.5049739e-01  -8.3483689e-01  -5.5049584e-01   8.3483791e-01   3.3333333e+00
  5.4973409e-01  -8.3533971e-01  -5.4973258e-01   8.3534070e-01   3.3333333e+00
  5.4900412e-01  -8.3581965e-01  -5.4900264e-01   8.3582062e-01   3.3333333e+00
  5.4830319e-01  -8.3627962e-01  -5.4830175e-01   8.3628057e-01   3.3333333e+00
  5.4762781e-01  -8.3672204e-01  -5.4762640e-01   8.3672297e-01   3.3333333e+00
  5.4697506e-01  -8.3714890e-01  -5.4697368e-01   8.3714980e-01   3.3333333e+00
  5.4634247e-01  -8.3756188e-01  -5.4634112e-01   8.3756276e-01   3.3333333e+00
  5.4572795e-01  -8.3796241e-01  -5.4572663e-01   8.3796327e-01   3.3333333e+00
  5.4512969e-01  -8.3835173e-01  -5.4512840e-01   8.3835257e-01   3.3333333e+00
  5.4454614e-01  -8.3873089e-01  -5.4454488e-01   8.3873171e-01   3.3333333e+00
  5.4397592e-01  -8.3910082e-01  -5.4397469e-01   8.3910162e-01   3.3333333e+00
  5.4341786e-01  -8.3946235e-01  -5.4341665e-01   8.3946313e-01   3.3333333e+00
  5.4287088e-01  -8.3981618e-01  -5.4286970e-01   8.3981694e-01   3.3333333e+00
  5.4233405e-01  -8.4016295e-01  -5.4233290e-01   8.4016369e-01   3.3333333e+00
  5.4180653e-01  -8.4050323e-01  -5.4180541e-01   8.4050396e-01   3.3333333e+00
  5.4128757e-01  -8.4083754e-01  -5.4128647e-01   8.4083825e-01   3.3333333e+00
  5.4077649e-01  -8.4116633e-01  -5.4077541e-01   8.4116702e-01   3.3333333e+00
  5.4027267e-01  -8.4149002e-01  -5.4027161e-01   8.4149069e-01   3.3333333e+00
  5.3977555e-01  -8.4180898e-01  -5.3977452e-01   8.4180964e-01   3.3333333e+00
  5.3928463e-01  -8.4212356e-01  -5.3928363e-01   8.4212420e-01   3.3333333e+00
  5.3879944e-01  -8.4243407e-01  -5.3879846e-01   8.4243470e-01   3.3333333e+00
  5.3831955e-01  -8.4274081e-01  -5.3831859e-01   8.4274142e-01   3.3333333e+00
  5.3784457e-01  -8.4304402e-01  -5.3784363e-01   8.4304462e-01   3.3333333e+00
  5.3737413e-01  -8.4334397e-01  -5.3737322e-01   8.4334455e-01   3.3333333e+00
  5.3690790e-01  -8.4364087e-01  -5.3690701e-01   8.4364143e-01   3.3333333e+00
  5.3644556e-01  -8.4393493e-01  -5.3644470e-01   8.4393547e-01   3.3333333e+00
  5.3598683e-01  -8.4422634e-01  -5.3598599e-01   8.4422687e-01   3.3333333e+00
  5.3553144e-01  -8.4451529e-01  -5.3553062e-01   8.4451581e-01   3.3333333e+00
  5.3507913e-01  -8.4480195e-01  -5.3507833e-01   8.4480245e-01   3.3333333e+00
  5.3462966e-01  -8.4508646e-01  -5.3462889e-01   8.4508695e-01   3.3333333e+00
  5.3418282e-01  -8.4536898e-01  -5.3418207e-01   8.4536946e-01   3.3333333e+00
  5.3373840e-01  -8.4564965e-01  -5.3373767e-01   8.4565011e-01   3.3333333e+00
  5.3329619e-01  -8.4592858e-01  -5.3329549e-01   8.4592903e-01   3.3333333e+00
  5.3285603e-01  -8.4620592e-01  -5.3285534e-01   8.4620635e-01   3.3333333e+00
  5.3241773e-01  -8.4648176e-01  -5.3241706e-01   8.4648217e-01   3.3333333e+00
  5.3198113e-01  -8.4675621e-01  -5.3198048e-01   8.4675661e-01   3.3333333e+00
  5.3154607e-01  -8.4702938e-01  -5.3154545e-01   8.4702977e-01   3.3333333e+00
  5.3111241e-01  -8.4730136e-01  -5.3111182e-01   8.4730174e-01   3.3333333e+00
  5.3068002e-01  -8.4757225e-01  -5.3067944e-01   8.4757261e-01   3.3333333e+00
  5.3024875e-01  -8.4784212e-01  -5.3024820e-01   8.4784247e-01   3.3333333e+00
  5.2981849e-01  -8.4811106e-01  -5.2981796e-01   8.4811139e-01   3.3333333e+00
  5.2938912e-01  -8.4837914e-01  -5.2938861e-01   8.4837946e-01   3.3333333e+00
  5.2896053e-01  -8.4864643e-01  -5.2896003e-01   8.4864674e-01   3.3333333e+00
  5.2853260e-01  -8.4891300e-01  -5.2853213e-01   8.4891330e-01   3.3333333e+00
  5.2810525e-01  -8.4917892e-01  -5.2810480e-01   8.4917920e-01   3.3333333e+00
  5.2767838e-01  -8.4944425e-01  -5.2767795e-01   8.4944452e-01   3.3333333e+00
  5.2725189e-01  -8.4970904e-01  -5.2725148e-01   8.4970929e-01   3.3333333e+00
  5.2682570e-01  -8.4997334e-01  -5.2682531e-01   8.4997358e-01   3.3333333e+00
  5.2639973e-01  -8.5023721e-01  -5.2639937e-01   8.5023744e-01   3.3333333e+00
  5.2597392e-01  -8.5050070e-01  -5.2597357e-01   8.5050091e-01   3.3333333e+00
  5.2554818e-01  -8.5076384e-01  -5.2554785e-01   8.5076404e-01   3.3333333e+00
  5.2512244e-01  -8.5102669e-01  -5.2512214e-01   8.5102687e-01   3.3333333e+00
  5.2469666e-01  -8.5128927e-01  -5.2469638e-01   8.5128944e-01   3.3333333e+00
  5.2427076e-01  -8.5155162e-01  -5.2427051e-01   8.5155178e-01   3.3333333e+00
  5.2384471e-01  -8.5181378e-01  -5.2384447e-01   8.5181393e-01   3.3333333e+00
  5.2341843e-01  -8.5207578e-01  -5.2341822e-01   8.5207592e-01   3.3333333e+00
  5.2299190e-01  -8.5233765e-01  -5.2299171e-01   8.5233777e-01   3.3333333e+00
  5.2256507e-01  -8.5259941e-01  -5.2256489e-01   8.5259951e-01   3.3333333e+00
  5.2213790e-01  -8.5286108e-01  -5.2213775e-01   8.5286117e-01   3.3333333e+00
  5.2171036e-01  -8.5312268e-01  -5.2171022e-01   8.5312276e-01   3.3333333e+00
  5.2128241e-01  -8.5338423e-01  -5.2128230e-01   8.5338430e-01   3.3333333e+00
  5.2085404e-01  -8.5364575e-01  -5.2085396e-01   8.5364580e-01   3.3333333e+00
  5.2042523e-01  -8.5390724e-01  -5.2042516e-01   8.5390729e-01   3.3333333e+00
  5.1999595e-01  -8.5416873e-01  -5.1999590e-01   8.5416875e-01   3.3333333e+00
  5.1956620e-01  -8.5443020e-01  -5.1956617e-01   8.5443022e-01   3.3333333e+00
  5.1913596e-01  -8.5469167e-01  -5.1913595e-01   8.5469168e-01   3.3333333e+00
  5.1870523e-01  -8.5495315e-01  -5.1870525e-01   8.5495314e-01   3.3333333e+00
  5.1827401e-01  -8.5521462e-01  -5.1827405e-01   8.5521460e-01   3.3333333e+00
  5.1784229e-01  -8.5547610e-01  -5.1784235e-01   8.5547606e-01   3.3333333e+00
  5.1741006e-01  -8.5573759e-01  -5.1741015e-01   8.5573754e-01   3.3333333e+00
  5.1697731e-01  -8.5599910e-01  -5.1697741e-01   8.5599904e-01   3.3333333e+00
  5.1654400e-01  -8.5626065e-01  -5.1654413e-01   8.5626057e-01   3.3333333e+00
  5.1611013e-01  -8.5652223e-01  -5.1611027e-01   8.5652214e-01   3.3333333e+00
  5.1567565e-01  -8.5678389e-01  -5.1567582e-01   8.5678378e-01   3.3333333e+00
  5.1524053e-01  -8.5704562e-01  -5.1524072e-01   8.5704550e-01   3.3333333e+00
  5.1480474e-01  -8.5730746e-01  -5.1480495e-01   8.5730733e-01   3.3333333e+00
  5.1436822e-01  -8.5756943e-01  -5.1436846e-01   8.5756929e-01   3.3333333e+00
  5.1393094e-01  -8.5783157e-01  -5.1393119e-01   8.5783141e-01   3.3333333e+00
  5.1349282e-01  -8.5809389e-01  -5.1349310e-01   8.5809372e-01   3.3333333e+00
  5.1305382e-01  -8.5835644e-01  -5.1305413e-01   8.5835626e-01   3.3333333e+00
  5.1261387e-01  -8.5861925e-01  -5.1261420e-01   8.5861906e-01   3.3333333e+00
  5.1217290e-01  -8.5888237e-01  -5.1217325e-01   8.5888216e-01   3.3333333e+00
  5.1173083e-01  -8.5914583e-01  -5.1173120e-01   8.5914561e-01   3.3333333e+00
  5.1128758e-01  -8.5940969e-01  -5.1128797e-01   8.5940946e-01   3.3333333e+00
  5.1084305e-01  -8.5967399e-01  -5.1084347e-01   8.5967375e-01   3.3333333e+00
  5.1039716e-01  -8.5993880e-01  -5.1039760e-01   8.5993854e-01   3.3333333e+00
  5.0994980e-01  -8.6020416e-01  -5.0995026e-01   8.6020389e-01   3.3333333e+00
  5.0950086e-01  -8.6047015e-01  -5.0950134e-01   8.6046986e-01   3.3333333e+00
  5.0905022e-01  -8.6073682e-01  -5.0905073e-01   8.6073652e-01   3.3333333e+00
  5.0859777e-01  -8.6100425e-01  -5.0859829e-01   8.6100394e-01   3.3333333e+00
  5.0814335e-01  -8.6127251e-01  -5.0814390e-01   8.6127218e-01   3.3333333e+00
  5.0768684e-01  -8.6154168e-01  -5.0768741e-01   8.6154135e-01   3.3333333e+00
  5.0722808e-01  -8.6181186e-01  -5.0722868e-01   8.6181151e-01   3.3333333e+00
  5.0676691e-01  -8.6208312e-01  -5.0676752e-01   8.6208275e-01   3.3333333e+00
  5.0630314e-01  -8.6235557e-01  -5.0630379e-01   8.6235519e-01   3.3333333e+00
  5.0583661e-01  -8.6262931e-01  -5.0583728e-01   8.6262892e-01   3.3333333e+00
  5.0536711e-01  -8.6290445e-01  -5.0536779e-01   8.6290405e-01   3.3333333e+00
  5.0489442e-01  -8.6318111e-01  -5.0489513e-01   8.6318069e-01   3.3333333e+00
  5.0441832e-01  -8.6345941e-01  -5.0441906e-01   8.6345898e-01   3.3333333e+00
  5.0393857e-01  -8.6373950e-01  -5.0393933e-01   8.6373906e-01   3.3333333e+00
  5.0345489e-01  -8.6402151e-01  -5.0345568e-01   8.6402105e-01   3.3333333e+00
  5.0296702e-01  -8.6430560e-01  -5.0296783e-01   8.6430513e-01   3.3333333e+00
  5.0247465e-01  -8.6459194e-01  -5.0247549e-01   8.6459146e-01   3.3333333e+00
  5.0197745e-01  -8.6488071e-01  -5.0197831e-01   8.6488021e-01   3.3333333e+00
  5.0147506e-01  -8.6517210e-01  -5.0147594e-01   8.6517159e-01   3.3333333e+00
  5.0096710e-01  -8.6546633e-01  -5.0096801e-01   8.6546580e-01   3.3333333e+00
  5.0045315e-01  -8.6576362e-01  -5.0045409e-01   8.6576308e-01   3.3333333e+00
  4.9993276e-01  -8.6606422e-01  -4.9993373e-01   8.6606366e-01   3.3333333e+00
  4.9940543e-01  -8.6636841e-01  -4.9940642e-01   8.6636783e-01   3.3333333e+00
  4.9887062e-01  -8.6667647e-01  -4.9887164e-01   8.6667589e-01   3.3333333e+00
  4.9832772e-01  -8.6698874e-01  -4.9832877e-01   8.6698814e-01   3.3333333e+00
  4.9777609e-01  -8.6730558e-01  -4.9777716e-01   8.6730496e-01   3.3333333e+00
  4.9721498e-01  -8.6762738e-01  -4.9721608e-01   8.6762674e-01   3.3333333e+00
  4.9664359e-01  -8.6795457e-01  -4.9664472e-01   8.6795393e-01   3.3333333e+00
  4.9606102e-01  -8.6828766e-01  -4.9606218e-01   8.6828700e-01   3.3333333e+00
  4.9546625e-01  -8.6862719e-01  -4.9546744e-01   8.6862651e-01   3.3333333e+00
  4.9485814e-01  -8.6897378e-01  -4.9485936e-01   8.6897308e-01   3.3333333e+00
  4.9423539e-01  -8.6932812e-01  -4.9423664e-01   8.6932741e-01   3.3333333e+00
  4.9359654e-01  -8.6969101e-01  -4.9359782e-01   8.6969028e-01   3.3333333e+00
  4.9293989e-01  -8.7006337e-01  -4.9294120e-01   8.7006262e-01   3.3333333e+00
  4.9226348e-01  -8.7044624e-01  -4.9226484e-01   8.7044548e-01   3.3333333e+00
  4.9156506e-01  -8.7084085e-01  -4.9156645e-01   8.7084007e-01   3.3333333e+00
  4.9084193e-01  -8.7124864e-01  -4.9084336e-01   8.7124784e-01   3.3333333e+00
  4.9009094e-01  -8.7167131e-01  -4.9009240e-01   8.7167049e-01   3.3333333e+00
  4.8930826e-01  -8.7211090e-01  -4.8930976e-01   8.7211006e-01   3.3333333e+00
  4.8848926e-01  -8.7256991e-01  -4.8849081e-01   8.7256904e-01   3.3333333e+00
  4.8762823e-01  -8.7305138e-01  -4.8762982e-01   8.7305049e-01   3.3333333e+00
  4.8671797e-01  -8.7355917e-01  -4.8671960e-01   8.7355826e-01   3.3333333e+00
  4.8574927e-01  -8.7409819e-01  -4.8575095e-01   8.7409726e-01   3.3333333e+00
  4.8471002e-01  -8.7467491e-01  -4.8471176e-01   8.7467394e-01   3.3333333e+00
  4.8358385e-01  -8.7529804e-01  -4.8358565e-01   8.7529705e-01   3.3333333e+00
  4.8234775e-01  -8.7597982e-01  -4.8234960e-01   8.7597880e-01   3.3333333e+00
  4.8096784e-01  -8.7673824e-01  -4.8096977e-01   8.7673718e-01   3.3333333e+00
  4.7939101e-01  -8.7760143e-01  -4.7939302e-01   8.7760033e-01   3.3333333e+00
  4.7752627e-01  -8.7861747e-01  -4.7752838e-01   8.7861633e-01   3.3333333e+00
  4.7519549e-01  -8.7988025e-01  -4.7519771e-01   8.7987905e-01   3.3333333e+00
  4.7195903e-01  -8.8162048e-01  -4.7196142e-01   8.8161920e-01   3.3333333e+00
  4.6593273e-01  -8.8482015e-01  -4.6593543e-01   8.8481873e-01   3.3333333e+00
  5.7129909e-01  -8.2074195e-01  -5.7129653e-01   8.2074373e-01   3.3333333e+00
  5.6578527e-01  -8.2455262e-01  -5.6578298e-01   8.2455419e-01   3.3333333e+00
  5.6281007e-01  -8.2658625e-01  -5.6280792e-01   8.2658771e-01   3.3333333e+00
  5.6066181e-01  -8.2804488e-01  -5.6065977e-01   8.2804627e-01   3.3333333e+00
  5.5893983e-01  -8.2920821e-01  -5.5893787e-01   8.2920954e-01   3.3333333e+00
  5.5748149e-01  -8.3018937e-01  -5.5747959e-01   8.3019064e-01   3.3333333e+00
  5.5620360e-01  -8.3104606e-01  -5.5620177e-01   8.3104729e-01   3.3333333e+00
  5.5505757e-01  -8.3181193e-01  -5.5505580e-01   8.3181312e-01   3.3333333e+00
  5.5401239e-01  -8.3250842e-01  -5.5401067e-01   8.3250957e-01   3.3333333e+00
  5.5304697e-01  -8.3315007e-01  -5.5304530e-01   8.3315119e-01   3.3333333e+00
  5.5214630e-01  -8.3374724e-01  -5.5214466e-01   8.3374833e-01   3.3333333e+00
  5.5129925e-01  -8.3430758e-01  -5.5129766e-01   8.3430863e-01   3.3333333e+00
  5.5049739e-01  -8.3483689e-01  -5.5049584e-01   8.3483791e-01   3.3333333e+00
  5.4973409e-01  -8.3533971e-01  -5.4973258e-01   8.3534070e-01   3.3333333e+00
  5.4900412e-01  -8.3581965e-01  -5.4900264e-01   8.3582062e-01   3.3333333e+00
  5.4830319e-01  -8.3627962e-01  -5.4830175e-01   8.3628057e-01   3.3333333e+00
  5.4762781e-01  -8.3672204e-01  -5.4762640e-01   8.3672297e-01   3.3333333e+00
  5.4697506e-01  -8.3714890e-01  -5.4697368e-01   8.3714980e-01   3.3333333e+00
  5.4634247e-01  -8.3756188e-01  -5.4634112e-01   8.3756276e-01   3.3333333e+00
  5.4572795e-01  -8.3796241e-01  -5.4572663e-01   8.3796327e-01   3.3333333e+00
  5.4512969e-01  -8.3835173e-01  -5.4512840e-01   8.3835257e-01   3.3333333e+00
  5.4454614e-01  -8.3873089e-01  -5.4454488e-01   8.3873171e-01   3.3333333e+00
  5.4397592e-01  -8.3910082e-01  -5.4397469e-01   8.3910162e-01   3.3333333e+00
  5.4341786e-01  -8.3946235e-01  -5.4341665e-01   8.3946313e-01   3.3333333e+00
  5.4287088e-01  -8.3981618e-01  -5.4286970e-01   8.3981694e-01   3.3333333e+00
  5.4233405e-01  -8.4016295e-01  -5.4233290e-01   8.4016369e-01   3.3333333e+00
  5.4180653e-01  -8.4050323e-01  -5.4180541e-01   8.4050396e-01   3.3333333e+00
  5.4128757e-01  -8.4083754e-01  -5.4128647e-01   8.4083825e-01   3.3333333e+00
  5.4077649e-01  -8.4116633e-01  -5.4077541e-01   8.4116702e-01   3.3333333e+00
  5.4027267e-01  -8.4149002e-01  -5.4027161e-01   8.4149069e-01   3.3333333e+00
  5.3977555e-01  -8.4180898e-01  -5.3977452e-01   8.4180964e-01   3.3333333e+00
  5.3928463e-01  -8.4212356e-01  -5.3928363e-01   8.4212420e-01   3.3333333e+00
  5.3879944e-01  -8.4243407e-01  -5.3879846e-01   8.4243470e-01   3.3333333e+00
  5.3831955e-01  -8.4274081e-01  -5.3831859e-01   8.4274142e-01   3.3333333e+00
  5.3784457e-01  -8.4304402e-01  -5.3784363e-01   8.4304462e-01   3.3333333e+00
  5.3737413e-01  -8.4334397e-01  -5.3737322e-01   8.4334455e-01   3.3333333e+00
  5.3690790e-01  -8.4364087e-01  -5.3690701e-01   8.4364143e-01   3.3333333e+00
  5.3644556e-01  -8.4393493e-01  -5.3644470e-01   8.4393547e-01   3.3333333e+00
  5.3598683e-01  -8.4422634e-01  -5.3598599e-01   8.4422687e-01   3.3333333e+00
  5.3553144e-01  -8.4451529e-01  -5.3553062e-01   8.4451581e-01   3.3333333e+00
  5.3507913e-01  -8.4480195e-01  -5.3507833e-01   8.4480245e-01   3.3333333e+00
  5.3462966e-01  -8.4508646e-01  -5.3462889e-01   8.4508695e-01   3.3333333e+00
  5.3418282e-01  -8.4536898e-01  -5.3418207e-01   8.4536946e-01   3.3333333e+00
  5.3373840e-01  -8.4564965e-01  -5.3373767e-01   8.4565011e-01   3.3333333e+00
  5.3329619e-01  -8.4592858e-01  -5.3329549e-01   8.4592903e-01   3.3333333e+00
  5.3285603e-01  -8.4620592e-01  -5.3285534e-01   8.4620635e-01   3.3333333e+00
  5.3241773e-01  -8.4648176e-01  -5.3241706e-01   8.4648217e-01   3.3333333e+00
  5.3198113e-01  -8.4675621e-01  -5.3198048e-01   8.4675661e-01   3.3333333e+00
  5.3154607e-01  -8.4702938e-01  -5.3154545e-01   8.4702977e-01   3.3333333e+00
  5.3111241e-01  -8.4730136e-01  -5.3111182e-01   8.4730174e-01   3.3333333e+00
  5.3068002e-01  -8.4757225e-01  -5.3067944e-01   8.4757261e-01   3.3333333e+00
  5.3024875e-01  -8.4784212e-01  -5.3024820e-01   8.4784247e-01   3.3333333e+00
  5.2981849e-01  -8.4811106e-01  -5.2981796e-01   8.4811139e-01   3.3333333e+00
  5.2938912e-01  -8.4837914e-01  -5.2938861e-01   8.4837946e-01   3.3333333e+00
  5.2896053e-01  -8.4864643e-01  -5.2896003e-01   8.4864674e-01   3.3333333e+00
  5.2853260e-01  -8.4891300e-01  -5.2853213e-01   8.4891330e-01   3.3333333e+00
  5.2810525e-01  -8.4917892e-01  -5.2810480e-01   8.4917920e-01   3.3333333e+00
  5.2767838e-01  -8.4944425e-01  -5.2767795e-01   8.4944452e-01   3.3333333e+00
  5.2725189e-01  -8.4970904e-01  -5.2725148e-01   8.4970929e-01   3.3333333e+00
  5.2682570e-01  -8.4997334e-01  -5.2682531e-01   8.4997358e-01   3.3333333e+00
  5.2639973e-01  -8.5023721e-01  -5.2639937e-01   8.5023744e-01   3.3333333e+00
  5.2597392e-01  -8.5050070e-01  -5.2597357e-01   8.5050091e-01   3.3333333e+00
  5.2554818e-01  -8.5076384e-01  -5.2554785e-01   8.5076404e-01   3.3333333e+00
  5.2512244e-01  -8.5102669e-01  -5.2512214e-01   8.5102687e-01   3.3333333e+00
  5.2469666e-01  -8.5128927e-01  -5.2469638e-01   8.5128944e-01   3.3333333e+00
  5.2427076e-01  -8.5155162e-01  -5.2427051e-01   8.5155178e-01   3.3333333e+00
  5.2384471e-01  -8.5181378e-01  -5.2384447e-01   8.5181393e-01   3.3333333e+00
  5.2341843e-01  -8.5207578e-01  -5.2341822e-01   8.5207592e-01   3.3333333e+00
  5.2299190e-01  -8.5233765e-01  -5.2299171e-01   8.5233777e-01   3.3333333e+00
  5.2256507e-01  -8.5259941e-01  -5.2256489e-01   8.5259951e-01   3.3333333e+00
  5.2213790e-01  -8.5286108e-01  -5.2213775e-01   8.5286117e-01   3.3333333e+00
  5.2171036e-01  -8.5312268e-01  -5.2171022e-01   8.5312276e-01   3.3333333e+00
  5.2128241e-01  -8.5338423e-01  -5.2128230e-01   8.5338430e-01   3.3333333e+00
  5.2085404e-01  -8.5364575e-01  -5.2085396e-01   8.5364580e-01   3.3333333e+00
  5.2042523e-01  -8.5390724e-01  -5.2042516e-01   8.5390729e-01   3.3333333e+00
  5.1999595e-01  -8.5416873e-01  -5.1999590e-01   8.5416875e-01   3.3333333e+00
  5.1956620e-01  -8.5443020e-01  -5.1956617e-01   8.5443022e-01   3.3333333e+00
  5.1913596e-01  -8.5469167e-01  -5.1913595e-01   8.5469168e-01   3.3333333e+00
  5.1870523e-01  -8.5495315e-01  -5.1870525e-01   8.5495314e-01   3.3333333e+00
  5.1827401e-01  -8.5521462e-01  -5.1827405e-01   8.5521460e-01   3.3333333e+00
  5.1784229e-01  -8.5547610e-01  -5.1784235e-01   8.5547606e-01   3.3333333e+00
  5.1741006e-01  -8.5573759e-01  -5.1741015e-01   8.5573754e-01   3.3333333e+00
  5.1697731e-01  -8.5599910e-01  -5.1697741e-01   8.5599904e-01   3.3333333e+00
  5.1654400e-01  -8.5626065e-01  -5.1654413e-01   8.5626057e-01   3.3333333e+00
  5.1611013e-01  -8.5652223e-01  -5.1611027e-01   8.5652214e-01   3.3333333e+00
  5.1567565e-01  -8.5678389e-01  -5.1567582e-01   8.5678378e-01   3.3333333e+00
  5.1524053e-01  -8.5704562e-01  -5.1524072e-01   8.5704550e-01   3.3333333e+00
  5.1480474e-01  -8.5730746e-01  -5.1480495e-01   8.5730733e-01   3.3333333e+00
  5.1436822e-01  -8.5756943e-01  -5.1436846e-01   8.5756929e-01   3.3333333e+00
  5.1393094e-01  -8.5783157e-01  -5.1393119e-01   8.5783141e-01   3.3333333e+00
  5.1349282e-01  -8.5809389e-01  -5.1349310e-01   8.5809372e-01   3.3333333e+00
  5.1305382e-01  -8.5835644e-01  -5.1305413e-01   8.5835626e-01   3.3333333e+00
  5.1261387e-01  -8.5861925e-01  -5.1261420e-01   8.5861906e-01   3.3333333e+00
  5.1217290e-01  -8.5888237e-01  -5.1217325e-01   8.5888216e-01   3.3333333e+00
  5.1173083e-01  -8.5914583e-01  -5.1173120e-01   8.5914561e-01   3.3333333e+00
  5.1128758e-01  -8.5940969e-01  -5.1128797e-01   8.5940946e-01   3.3333333e+00
  5.1084305e-01  -8.5967399e-01  -5.1084347e-01   8.5967375e-01   3.3333333e+00
  5.1039716e-01  -8.5993880e-01  -5.1039760e-01   8.5993854e-01   3.3333333e+00
  5.0994980e-01  -8.6020416e-01  -5.0995026e-01   8.6020389e-01   3.3333333e+00
  5.0950086e-01  -8.6047015e-01  -5.0950134e-01   8.6046986e-01   3.3333333e+00
  5.0905022e-01  -8.6073682e-01  -5.0905073e-01   8.6073652e-01   3.3333333e+00
  5.0859777e-01  -8.6100425e-01  -5.0859829e-01   8.6100394e-01   3.3333333e+00
  5.0814335e-01  -8.6127251e-01  -5.0814390e-01   8.6127218e-01   3.3333333e+00
  5.0768684e-01  -8.6154168e-01  -5.0768741e-01   8.6154135e-01   3.3333333e+00
  5.0722808e-01  -8.6181186e-01  -5.0722868e-01   8.6181151e-01   3.3333333e+00
  5.0676691e-01  -8.6208312e-01  -5.0676752e-01   8.6208275e-01   3.3333333e+00
  5.0630314e-01  -8.6235557e-01  -5.0630379e-01   8.6235519e-01   3.3333333e+00
  5.0583661e-01  -8.6262931e-01  -5.0583728e-01   8.6262892e-01   3.3333333e+00
  5.0536711e-01  -8.6290445e-01  -5.0536779e-01   8.6290405e-01   3.3333333e+00
  5.0489442e-01  -8.6318111e-01  -5.0489513e-01   8.6318069e-01   3.3333333e+00
  5.0441832e-01  -8.6345941e-01  -5.0441906e-01   8.6345898e-01   3.3333333e+00
  5.0393857e-01  -8.6373950e-01  -5.0393933e-01   8.6373906e-01   3.3333333e+00
  5.0345489e-01  -8.6402151e-01  -5.0345568e-01   8.6402105e-01   3.3333333e+00
  5.0296702e-01  -8.6430560e-01  -5.0296783e-01   8.6430513e-01   3.3333333e+00
  5.0247465e-01  -8.6459194e-01  -5.0247549e-01   8.6459146e-01   3.3333333e+00
  5.0197745e-01  -8.6488071e-01  -5.0197831e-01   8.6488021e-01   3.3333333e+00
  5.0147506e-01  -8.6517210e-01  -5.0147594e-01   8.6517159e-01   3.3333333e+00
  5.0096710e-01  -8.6546633e-01  -5.0096801e-01   8.6546580e-01   3.3333333e+00
  5.0045315e-01  -8.6576362e-01  -5.0045409e-01   8.6576308e-01   3.3333333e+00
  4.9993276e-01  -8.6606422e-01  -4.9993373e-01   8.6606366e-01   3.3333333e+00
  4.9940543e-01  -8.6636841e-01  -4.9940642e-01   8.6636783e-01   3.3333333e+00
  4.9887062e-01  -8.6667647e-01  -4.9887164e-01   8.6667589e-01   3.3333333e+00
  4.9832772e-01  -8.6698874e-01  -4.9832877e-01   8.6698814e-01   3.3333333e+00
  4.9777609e-01  -8.6730558e-01  -4.9777716e-01   8.6730496e-01   3.3333333e+00
  4.9721498e-01  -8.6762738e-01  -4.9721608e-01   8.6762674e-01   3.3333333e+00
  4.9664359e-01  -8.6795457e-01  -4.9664472e-01   8.6795393e-01   3.3333333e+00
  4.9606102e-01  -8.6828766e-01  -4.9606218e-01   8.6828700e-01   3.3333333e+00
  4.9546625e-01  -8.6862719e-01  -4.9546744e-01   8.6862651e-01   3.3333333e+00
  4.9485814e-01  -8.6897378e-01  -4.9485936e-01   8.6897308e-01   3.3333333e+00
  4.9423539e-01  -8.6932812e-01  -4.9423664e-01   8.6932741e-01   3.3333333e+00
  4.9359654e-01  -8.6969101e-01  -4.9359782e-01   8.6969028e-01   3.3333333e+00
  4.9293989e-01  -8.7006337e-01  -4.9294120e-01   8.7006262e-01   3.3333333e+00
  4.9226348e-01  -8.7044624e-01  -4.9226484e-01   8.7044548e-01   3.3333333e+00
  4.9156506e-01  -8.7084085e-01  -4.9156645e-01   8.7084007e-01   3.3333333e+00
  4.9084193e-01  -8.7124864e-01  -4.9084336e-01   8.7124784e-01   3.3333333e+00
  4.9009094e-01  -8.7167131e-01  -4.9009240e-01   8.7167049e-01   3.3333333e+00
  4.8930826e-01  -8.7211090e-01  -4.8930976e-01   8.7211006e-01   3.3333333e+00
  4.8848926e-01  -8.7256991e-01  -4.8849081e-01   8.7256904e-01   3.3333333e+00
  4.8762823e-01  -8.7305138e-01  -4.8762982e-01   8.7305049e-01   3.3333333e+00
  4.8671797e-01  -8.7355917e-01  -4.8671960e-01   8.7355826e-01   3.3333333e+00
  4.8574927e-01  -8.7409819e-01  -4.8575095e-01   8.7409726e-01   3.3333333e+00
  4.8471002e-01  -8.7467491e-01  -4.8471176e-01   8.7467394e-01   3.3333333e+00
  4.8358385e-01  -8.7529804e-01  -4.8358565e-01   8.7529705e-01   3.3333333e+00
  4.8234775e-01  -8.7597982e-01  -4.8234960e-01   8.7597880e-01   3.3333333e+00
  4.8096784e-01  -8.7673824e-01  -4.8096977e-01   8.7673718e-01   3.3333333e+00
  4.7939101e-01  -8.7760143e-01  -4.7939302e-01   8.7760033e-01   3.3333333e+00
  4.7752627e-01  -8.7861747e-01  -4.7752838e-01   8.7861633e-01   3.3333333e+00
  4.7519549e-01  -8.7988025e-01  -4.7519771e-01   8.7987905e-01   3.3333333e+00
  4.7195903e-01  -8.8162048e-01  -4.7196142e-01   8.8161920e-01   3.3333333e+00
  4.6593273e-01  -8.8482015e-01  -4.6593543e-01   8.8481873e-01   3.3333333e+00
  5.7129909e-01  -8.2074195e-01  -5.7129653e-01   8.2074373e-01   3.3333333e+00
  5.6578527e-01  -8.2455262e-01  -5.6578298e-01   8.2455419e-01   3.3333333e+00
  5.6281007e-01  -8.2658625e-01  -5.6280792e-01   8.2658771e-01   3.3333333e+00
  5.6066181e-01  -8.2804488e-01  -5.6065977e-01   8.2804627e-01   3.3333333e+00
  5.5893983e-01  -8.2920821e-01  -5.5893787e-01   8.2920954e-01   3.3333333e+00
  5.5748149e-01  -8.3018937e-01  -5.5747959e-01   8.3019064e-01   3.3333333e+00
  5.5620360e-01  -8.3104606e-01  -5.5620177e-01   8.3104729e-01   3.3333333e+00
  5.5505757e-01  -8.3181193e-01  -5.5505580e-01   8.3181312e-01   3.3333333e+00
  5.5401239e-01  -8.3250842e-01  -5.5401067e-01   8.3250957e-01   3.3333333e+00
  5.5304697e-01  -8.3315007e-01  -5.5304530e-01   8.3315119e-01   3.3333333e+00
  5.5214630e-01  -8.3374724e-01  -5.5214466e-01   8.3374833e-01   3.3333333e+00
  5.5129925e-01  -8.3430758e-01  -5.5129766e-01   8.3430863e-01   3.3333333e+00
  5.5049739e-01  -8.3483689e-01  -5.5049584e-01   8.3483791e-01   3.3333333e+00
  5.4973409e-01  -8.3533971e-01  -5.4973258e-01   8.3534070e-01   3.3333333e+00
  5.4900412e-01  -8.3581965e-01  -5.4900264e-01   8.3582062e-01   3.3333333e+00
  5.4830319e-01  -8.3627962e-01  -5.4830175e-01   8.3628057e-01   3.3333333e+00
  5.4762781e-01  -8.3672204e-01  -5.4762640e-01   8.3672297e-01   3.3333333e+00
  5.4697506e-01  -8.3714890e-01  -5.4697368e-01   8.3714980e-01   3.3333333e+00
  5.4634247e-01  -8.3756188e-01  -5.4634112e-01   8.3756276e-01   3.3333333e+00
  5.4572795e-01  -8.3796241e-01  -5.4572663e-01   8.3796327e-01   3.3333333e+00
  5.4512969e-01  -8.3835173e-01  -5.4512840e-01   8.3835257e-01   3.3333333e+00
  5.4454614e-01  -8.3873089e-01  -5.4454488e-01   8.3873171e-01   3.3333333e+00
  5.4397592e-01  -8.3910082e-01  -5.4397469e-01   8.3910162e-01   3.3333333e+00
  5.4341786e-01  -8.3946235e-01  -5.4341665e-01   8.3946313e-01   3.3333333e+00
  5.4287088e-01  -8.3981618e-01  -5.4286970e-01   8.3981694e-01   3.3333333e+00
  5.4233405e-01  -8.4016295e-01  -5.4233290e-01   8.4016369e-01   3.3333333e+00
  5.4180653e-01  -8.4050323e-01  -5.4180541e-01   8.4050396e-01   3.3333333e+00
  5.4128757e-01  -8.4083754e-01  -5.4128647e-01   8.4083825e-01   3.3333333e+00
  5.4077649e-01  -8.4116633e-01  -5.4077541e-01   8.4116702e-01   3.3333333e+00
  5.4027267e-01  -8.4149002e-01  -5.4027161e-01   8.4149069e-01   3.3333333e+00
  5.3977555e-01  -8.4180898e-01  -5.3977452e-01   8.4180964e-01   3.3333333e+00
  5.3928463e-01  -8.4212356e-01  -5.3928363e-01   8.4212420e-01   3.3333333e+00
  5.3879944e-01  -8.4243407e-01  -5.3879846e-01   8.4243470e-01   3.3333333e+00
  5.3831955e-01  -8.4274081e-01  -5.3831859e-01   8.4274142e-01   3.3333333e+00
  5.3784457e-01  -8.4304402e-01  -5.3784363e-01   8.4304462e-01   3.3333333e+00
  5.3737413e-01  -8.4334397e-01  -5.3737322e-01   8.4334455e-01   3.3333333e+00
  5.3690790e-01  -8.4364087e-01  -5.3690701e-01   8.4364143e-01   3.3333333e+00
  5.3644556e-01  -8.4393493e-01  -5.3644470e-01   8.4393547e-01   3.3333333e+00
  5.3598683e-01  -8.4422634e-01  -5.3598599e-01   8.4422687e-01   3.3333333e+00
  5.3553144e-01  -8.4451529e-01  -5.3553062e-01   8.4451581e-01   3.3333333e+00
  5.3507913e-01  -8.4480195e-01  -5.3507833e-01   8.4480245e-01   3.3333333e+00
  5.3462966e-01  -8.4508646e-01  -5.3462889e-01   8.4508695e-01   3.3333333e+00
  5.3418282e-01  -8.4536898e-01  -5.3418207e-01   8.4536946e-01   3.3333333e+00
  5.3373840e-01  -8.4564965e-01  -5.3373767e-01   8.4565011e-01   3.3333333e+00
  5.3329619e-01  -8.4592858e-01  -5.3329549e-01   8.4592903e-01   3.3333333e+00
  5.3285603e-01  -8.4620592e-01  -5.3285534e-01   8.4620635e-01   3.3333333e+00
  5.3241773e-01  -8.4648176e-01  -5.3241706e-01   8.4648217e-01   3.3333333e+00
  5.3198113e-01  -8.4675621e-01  -5.3198048e-01   8.4675661e-01   3.3333333e+00
  5.3154607e-01  -8.4702938e-01  -5.3154545e-01   8.4702977e-01   3.3333333e+00
  5.3111241e-01  -8.4730136e-01  -5.3111182e-01   8.4730174e-01   3.3333333e+00
  5.3068002e-01  -8.4757225e-01  -5.3067944e-01   8.4757261e-01   3.3333333e+00
  5.3024875e-01  -8.4784212e-01  -5.3024820e-01   8.4784247e-01   3.3333333e+00
  5.2981849e-01  -8.4811106e-01  -5.2981796e-01   8.4811139e-01   3.3333333e+00
  5.2938912e-01  -8.4837914e-01  -5.2938861e-01   8.4837946e-01   3.3333333e+00
  5.2896053e-01  -8.4864643e-01  -5.2896003e-01   8.4864674e-01   3.3333333e+00
  5.2853260e-01  -8.4891300e-01  -5.2853213e-01   8.4891330e-01   3.3333333e+00
  5.2810525e-01  -8.4917892e-01  -5.2810480e-01   8.4917920e-01   3.3333333e+00
  5.2767838e-01  -8.4944425e-01  -5.2767795e-01   8.4944452e-01   3.3333333e+00
  5.2725189e-01  -8.4970904e-01  -5.2725148e-01   8.4970929e-01   3.3333333e+00
  5.2682570e-01  -8.4997334e-01  -5.2682531e-01   8.4997358e-01   3.3333333e+00
  5.2639973e-01  -8.5023721e-01  -5.2639937e-01   8.5023744e-01   3.3333333e+00
  5.2597392e-01  -8.5050070e-01  -5.2597357e-01   8.5050091e-01   3.3333333e+00
  5.2554818e-01  -8.5076384e-01  -5.2554785e-01   8.5076404e-01   3.3333333e+00
  5.2512244e-01  -8.5102669e-01  -5.2512214e-01   8.5102687e-01   3.3333333e+00
  5.2469666e-01  -8.5128927e-01  -5.2469638e-01   8.5128944e-01   3.3333333e+00
  5.2427076e-01  -8.5155162e-01  -5.2427051e-01   8.5155178e-01   3.3333333e+00
  5.2384471e-01  -8.5181378e-01  -5.2384447e-01   8.5181393e-01   3.3333333e+00
  5.2341843e-01  -8.5207578e-01  -5.2341822e-01   8.5207592e-01   3.3333333e+00
  5.2299190e-01  -8.5233765e-01  -5.2299171e-01   8.5233777e-01   3.3333333e+00
  5.2256507e-01  -8.5259941e-01  -5.2256489e-01   8.5259951e-01   3.3333333e+00
  5.2213790e-01  -8.5286108e-01  -5.2213775e-01   8.5286117e-01   3.3333333e+00
  5.2171036e-01  -8.5312268e-01  -5.2171022e-01   8.5312276e-01   3.3333333e+00
  5.2128241e-01  -8.5338423e-01  -5.2128230e-01   8.5338430e-01   3.3333333e+00
  5.2085404e-01  -8.5364575e-01  -5.2085396e-01   8.5364580e-01   3.3333333e+00
  5.2042523e-01  -8.5390724e-01  -5.2042516e-01   8.5390729e-01   3.3333333e+00
  5.1999595e-01  -8.5416873e-01  -5.1999590e-01   8.5416875e-01   3.3333333e+00
  5.1956620e-01  -8.5443020e-01  -5.1956617e-01   8.5443022e-01   3.3333333e+00
  5.1913596e-01  -8.5469167e-01  -5.1913595e-01   8.5469168e-01   3.3333333e+00
  5.1870523e-01  -8.5495315e-01  -5.1870525e-01   8.5495314e-01   3.3333333e+00
  5.1827401e-01  -8.5521462e-01  -5.1827405e-01   8.5521460e-01   3.3333333e+00
  5.1784229e-01  -8.5547610e-01  -5.1784235e-01   8.5547606e-01   3.3333333e+00
  5.1741006e-01  -8.5573759e-01  -5.1741015e-01   8.5573754e-01   3.3333333e+00
  5.1697731e-01  -8.5599910e-01  -5.1697741e-01   8.5599904e-01   3.3333333e+00
  5.1654400e-01  -8.5626065e-01  -5.1654413e-01   8.5626057e-01   3.3333333e+00
  5.1611013e-01  -8.5652223e-01  -5.1611027e-01   8.5652214e-01   3.3333333e+00
  5.1567565e-01  -8.5678389e-01  -5.1567582e-01   8.5678378e-01   3.3333333e+00
  5.1524053e-01  -8.5704562e-01  -5.1524072e-01   8.5704550e-01   3.3333333e+00
  5.1480474e-01  -8.5730746e-01  -5.1480495e-01   8.5730733e-01   3.3333333e+00
  5.1436822e-01  -8.5756943e-01  -5.1436846e-01   8.5756929e-01   3.3333333e+00
  5.1393094e-01  -8.5783157e-01  -5.1393119e-01   8.5783141e-01   3.3333333e+00
  5.1349282e-01  -8.5809389e-01  -5.1349310e-01   8.5809372e-01   3.3333333e+00
  5.1305382e-01  -8.5835644e-01  -5.1305413e-01   8.5835626e-01   3.3333333e+00
  5.1261387e-01  -8.5861925e-01  -5.1261420e-01   8.5861906e-01   3.3333333e+00
  5.1217290e-01  -8.5888237e-01  -5.1217325e-01   8.5888216e-01   3.3333333e+00
  5.1173083e-01  -8.5914583e-01  -5.1173120e-01   8.5914561e-01   3.3333333e+00
  5.1128758e-01  -8.5940969e-01  -5.1128797e-01   8.5940946e-01   3.3333333e+00
  5.1084305e-01  -8.5967399e-01  -5.1084347e-01   8.5967375e-01   3.3333333e+00
  5.1039716e-01  -8.5993880e-01  -5.1039760e-01   8.5993854e-01   3.3333333e+00
  5.0994980e-01  -8.6020416e-01  -5.0995026e-01   8.6020389e-01   3.3333333e+00
  5.0950086e-01  -8.6047015e-01  -5.0950134e-01   8.6046986e-01   3.3333333e+00
  5.0905022e-01  -8.6073682e-01  -5.0905073e-01   8.6073652e-01   3.3333333e+00
  5.0859777e-01  -8.6100425e-01  -5.0859829e-01   8.6100394e-01   3.3333333e+00
  5.0814335e-01  -8.6127251e-01  -5.0814390e-01   8.6127218e-01   3.3333333e+00
  5.0768684e-01  -8.6154168e-01  -5.0768741e-01   8.6154135e-01   3.3333333e+00
  5.0722808e-01  -8.6181186e-01  -5.0722868e-01   8.6181151e-01   3.3333333e+00
  5.0676691e-01  -8.6208312e-01  -5.0676752e-01   8.6208275e-01   3.3333333e+00
  5.0630314e-01  -8.6235557e-01  -5.0630379e-01   8.6235519e-01   3.3333333e+00
  5.0583661e-01  -8.6262931e-01  -5.0583728e-01   8.6262892e-01   3.3333333e+00
  5.0536711e-01  -8.6290445e-01  -5.0536779e-01   8.6290405e-01   3.3333333e+00
  5.0489442e-01  -8.6318111e-01  -5.0489513e-01   8.6318069e-01   3.3333333e+00
  5.0441832e-01  -8.6345941e-01  -5.0441906e-01   8.6345898e-01   3.3333333e+00
  5.0393857e-01  -8.6373950e-01  -5.0393933e-01   8.6373906e-01   3.3333333e+00
  5.0345489e-01  -8.6402151e-01  -5.0345568e-01   8.6402105e-01   3.3333333e+00
  5.0296702e-01  -8.6430560e-01  -5.0296783e-01   8.6430513e-01   3.3333333e+00
  5.0247465e-01  -8.6459194e-01  -5.0247549e-01   8.6459146e-01   3.3333333e+00
  5.0197745e-01  -8.6488071e-01  -5.0197831e-01   8.6488021e-01   3.3333333e+00
  5.0147506e-01  -8.6517210e-01  -5.0147594e-01   8.6517159e-01   3.3333333e+00
  5.0096710e-01  -8.6546633e-01  -5.0096801e-01   8.6546580e-01   3.3333333e+00
  5.0045315e-01  -8.6576362e-01  -5.0045409e-01   8.6576308e-01   3.3333333e+00
  4.9993276e-01  -8.6606422e-01  -4.9993373e-01   8.6606366e-01   3.3333333e+00
  4.9940543e-01  -8.6636841e-01  -4.9940642e-01   8.6636783e-01   3.3333333e+00
  4.9887062e-01  -8.6667647e-01  -4.9887164e-01   8.6667589e-01   3.3333333e+00
  4.9832772e-01  -8.6698874e-01  -4.9832877e-01   8.6698814e-01   3.3333333e+00
  4.9777609e-01  -8.6730558e-01  -4.9777716e-01   8.6730496e-01   3.3333333e+00
  4.9721498e-01  -8.6762738e-01  -4.9721608e-01   8.6762674e-01   3.3333333e+00
  4.9664359e-01  -8.6795457e-01  -4.9664472e-01   8.6795393e-01   3.3333333e+00
  4.9606102e-01  -8.6828766e-01  -4.9606218e-01   8.6828700e-01   3.3333333e+00
  4.9546625e-01  -8.6862719e-01  -4.9546744e-01   8.6862651e-01   3.3333333e+00
  4.9485814e-01  -8.6897378e-01  -4.9485936e-01   8.6897308e-01   3.3333333e+00
  4.9423539e-01  -8.6932812e-01  -4.9423664e-01   8.6932741e-01   3.3333333e+00
  4.9359654e-01  -8.6969101e-01  -4.9359782e-01   8.6969028e-01   3.3333333e+00
  4.9293989e-01  -8.7006337e-01  -4.9294120e-01   8.7006262e-01   3.3333333e+00
  4.9226348e-01  -8.7044624e-01  -4.9226484e-01   8.7044548e-01   3.3333333e+00
  4.9156506e-01  -8.7084085e-01  -4.9156645e-01   8.7084007e-01   3.3333333e+00
  4.9084193e-01  -8.7124864e-01  -4.9084336e-01   8.7124784e-01   3.3333333e+00
  4.9009094e-01  -8.7167131e-01  -4.9009240e-01   8.7167049e-01   3.3333333e+00
  4.8930826e-01  -8.7211090e-01  -4.8930976e-01   8.7211006e-01   3.3333333e+00
  4.8848926e-01  -8.7256991e-01  -4.8849081e-01   8.7256904e-01   3.3333333e+00
  4.8762823e-01  -8.7305138e-01  -4.8762982e-01   8.7305049e-01   3.3333333e+00
  4.8671797e-01  -8.7355917e-01  -4.8671960e-01   8.7355826e-01   3.3333333e+00
  4.8574927e-01  -8.7409819e-01  -4.8575095e-01   8.7409726e-01   3.3333333e+00
  4.8471002e-01  -8.7467491e-01  -4.8471176e-01   8.7467394e-01   3.3333333e+00
  4.8358385e-01  -8.7529804e-01  -4.8358565e-01   8.7529705e-01   3.3333333e+00
  4.8234775e-01  -8.7597982e-01  -4.8234960e-01   8.7597880e-01   3.3333333e+00
  4.8096784e-01  -8.7673824e-01  -4.8096977e-01   8.7673718e-01   3.3333333e+00
  4.7939101e-01  -8.7760143e-01  -4.7939302e-01   8.7760033e-01   3.3333333e+00
  4.7752627e-01  -8.7861747e-01  -4.7752838e-01   8.7861633e-01   3.3333333e+00
  4.7519549e-01  -8.7988025e-01  -4.7519771e-01   8.7987905e-01   3.3333333e+00
  4.7195903e-01  -8.8162048e-01  -4.7196142e-01   8.8161920e-01   3.3333333e+00
  4.6593273e-01  -8.8482015e-01  -4.6593543e-01   8.8481873e-01   3.3333333e+00
  2.6333247e-01  -9.6470514e-01  -2.6332942e-01   9.6470597e-01   3.3333333e+00
  2.5697117e-01  -9.6641907e-01  -2.5696843e-01   9.6641980e-01   3.3333333e+00
  2.5355202e-01  -9.6732175e-01  -2.5354945e-01   9.6732243e-01   3.3333333e+00
  2.5108959e-01  -9.6796385e-01  -2.5108714e-01   9.6796449e-01   3.3333333e+00
  2.4911977e-01  -9.6847268e-01  -2.4911742e-01   9.6847329e-01   3.3333333e+00
  2.4745438e-01  -9.6889954e-01  -2.4745211e-01   9.6890012e-01   3.3333333e+00
  2.4599726e-01  -9.6927052e-01  -2.4599506e-01   9.6927108e-01   3.3333333e+00
  2.4469224e-01  -9.6960080e-01  -2.4469011e-01   9.6960134e-01   3.3333333e+00
  2.4350351e-01  -9.6990002e-01  -2.4350144e-01   9.6990054e-01   3.3333333e+00
  2.4240674e-01  -9.7017471e-01  -2.4240472e-01   9.7017522e-01   3.3333333e+00
  2.4138460e-01  -9.7042953e-01  -2.4138263e-01   9.7043002e-01   3.3333333e+00
  2.4042427e-01  -9.7066790e-01  -2.4042235e-01   9.7066838e-01   3.3333333e+00
  2.3951601e-01  -9.7089241e-01  -2.3951413e-01   9.7089288e-01   3.3333333e+00
  2.3865220e-01  -9.7110511e-01  -2.3865037e-01   9.7110556e-01   3.3333333e+00
  2.3782680e-01  -9.7130758e-01  -2.3782500e-01   9.7130802e-01   3.3333333e+00
  2.3703488e-01  -9.7150114e-01  -2.3703313e-01   9.7150157e-01   3.3333333e+00
  2.3627241e-01  -9.7168686e-01  -2.3627070e-01   9.7168727e-01   3.3333333e+00
  2.3553604e-01  -9.7186562e-01  -2.3553435e-01   9.7186602e-01   3.3333333e+00
  2.3482291e-01  -9.7203817e-01  -2.3482126e-01   9.7203857e-01   3.3333333e+00
  2.3413062e-01  -9.7220515e-01  -2.3412901e-01   9.7220554e-01   3.3333333e+00
  2.3345710e-01  -9.7236710e-01  -2.3345552e-01   9.7236748e-01   3.3333333e+00
  2.3280055e-01  -9.7252450e-01  -2.3279900e-01   9.7252487e-01   3.3333333e+00
  2.3215939e-01  -9.7267776e-01  -2.3215788e-01   9.7267812e-01   3.3333333e+00
  2.3153227e-01  -9.7282722e-01  -2.3153079e-01   9.7282758e-01   3.3333333e+00
  2.3091795e-01  -9.7297323e-01  -2.3091650e-01   9.7297357e-01   3.3333333e+00
  2.3031536e-01  -9.7311604e-01  -2.3031394e-01   9.7311638e-01   3.3333333e+00
  2.2972354e-01  -9.7325593e-01  -2.2972214e-01   9.7325625e-01   3.3333333e+00
  2.2914160e-01  -9.7339310e-01  -2.2914024e-01   9.7339342e-01   3.3333333e+00
  2.2856878e-01  -9.7352777e-01  -2.2856745e-01   9.7352808e-01   3.3333333e+00
  2.2800437e-01  -9.7366011e-01  -2.2800306e-01   9.7366042e-01   3.3333333e+00
  2.2744771e-01  -9.7379029e-01  -2.2744643e-01   9.7379059e-01   3.3333333e+00
  2.2689823e-01  -9.7391847e-01  -2.2689698e-01   9.7391877e-01   3.3333333e+00
  2.2635538e-01  -9.7404478e-01  -2.2635416e-01   9.7404507e-01   3.3333333e+00
  2.2581868e-01  -9.7416935e-01  -2.2581748e-01   9.7416963e-01   3.3333333e+00
  2.2528766e-01  -9.7429229e-01  -2.2528648e-01   9.7429256e-01   3.3333333e+00
  2.2476190e-01  -9.7441371e-01  -2.2476075e-01   9.7441398e-01   3.3333333e+00
  2.2424102e-01  -9.7453372e-01  -2.2423990e-01   9.7453397e-01   3.3333333e+00
  2.2372466e-01  -9.7465239e-01  -2.2372356e-01   9.7465264e-01   3.3333333e+00
  2.2321247e-01  -9.7476982e-01  -2.2321140e-01   9.7477006e-01   3.3333333e+00
  2.2270414e-01  -9.7488608e-01  -2.2270309e-01   9.7488632e-01   3.3333333e+00
  2.2219938e-01  -9.7500125e-01  -2.2219836e-01   9.7500148e-01   3.3333333e+00
  2.2169790e-01  -9.7511540e-01  -2.2169691e-01   9.7511562e-01   3.3333333e+00
  2.2119946e-01  -9.7522859e-01  -2.2119849e-01   9.7522881e-01   3.3333333e+00
  2.2070381e-01  -9.7534088e-01  -2.2070286e-01   9.7534109e-01   3.3333333e+00
  2.2021071e-01  -9.7545233e-01  -2.2020979e-01   9.7545253e-01   3.3333333e+00
  2.1971995e-01  -9.7556299e-01  -2.1971906e-01   9.7556319e-01   3.3333333e+00
  2.1923132e-01  -9.7567291e-01  -2.1923045e-01   9.7567311e-01   3.3333333e+00
  2.1874463e-01  -9.7578214e-01  -2.1874379e-01   9.7578233e-01   3.3333333e+00
  2.1825969e-01  -9.7589072e-01  -2.1825887e-01   9.7589091e-01   3.3333333e+00
  2.1777633e-01  -9.7599870e-01  -2.1777553e-01   9.7599888e-01   3.3333333e+00
  2.1729437e-01  -9.7610612e-01  -2.1729360e-01   9.7610629e-01   3.3333333e+00
  2.1681367e-01  -9.7621301e-01  -2.1681292e-01   9.7621317e-01   3.3333333e+00
  2.1633405e-01  -9.7631940e-01  -2.1633333e-01   9.7631956e-01   3.3333333e+00
  2.1585539e-01  -9.7642534e-01  -2.1585469e-01   9.7642550e-01   3.3333333e+00
  2.1537754e-01  -9.7653086e-01  -2.1537686e-01   9.7653101e-01   3.3333333e+00
  2.1490037e-01  -9.7663598e-01  -2.1489971e-01   9.7663612e-01   3.3333333e+00
  2.1442374e-01  -9.7674073e-01  -2.1442311e-01   9.7674087e-01   3.3333333e+00
  2.1394755e-01  -9.7684515e-01  -2.1394694e-01   9.7684528e-01   3.3333333e+00
  2.1347167e-01  -9.7694926e-01  -2.1347108e-01   9.7694938e-01   3.3333333e+00
  2.1299599e-01  -9.7705307e-01  -2.1299543e-01   9.7705320e-01   3.3333333e+00
  2.1252040e-01  -9.7715663e-01  -2.1251986e-01   9.7715675e-01   3.3333333e+00
  2.1204480e-01  -9.7725995e-01  -2.1204429e-01   9.7726006e-01   3.3333333e+00
  2.1156910e-01  -9.7736304e-01  -2.1156861e-01   9.7736315e-01   3.3333333e+00
  2.1109319e-01  -9.7746594e-01  -2.1109273e-01   9.7746604e-01   3.3333333e+00
  2.1061700e-01  -9.7756866e-01  -2.1061655e-01   9.7756875e-01   3.3333333e+00
  2.1014042e-01  -9.7767121e-01  -2.1014000e-01   9.7767130e-01   3.3333333e+00
  2.0966339e-01  -9.7777363e-01  -2.0966300e-01   9.7777371e-01   3.3333333e+00
  2.0918582e-01  -9.7787591e-01  -2.0918545e-01   9.7787599e-01   3.3333333e+00
  2.0870764e-01  -9.7797808e-01  -2.0870730e-01   9.7797815e-01   3.3333333e+00
  2.0822878e-01  -9.7808015e-01  -2.0822846e-01   9.7808022e-01   3.3333333e+00
  2.0774917e-01  -9.7818213e-01  -2.0774887e-01   9.7818220e-01   3.3333333e+00
  2.0726875e-01  -9.7828404e-01  -2.0726847e-01   9.7828410e-01   3.3333333e+00
  2.0678746e-01  -9.7838589e-01  -2.0678720e-01   9.7838594e-01   3.3333333e+00
  2.0630524e-01  -9.7848768e-01  -2.0630501e-01   9.7848773e-01   3.3333333e+00
  2.0582204e-01  -9.7858944e-01  -2.0582184e-01   9.7858948e-01   3.3333333e+00
  2.0533782e-01  -9.7869116e-01  -2.0533764e-01   9.7869119e-01   3.3333333e+00
  2.0485253e-01  -9.7879285e-01  -2.0485238e-01   9.7879288e-01   3.3333333e+00
  2.0436613e-01  -9.7889452e-01  -2.0436600e-01   9.7889455e-01   3.3333333e+00
  2.0387859e-01  -9.7899618e-01  -2.0387849e-01   9.7899620e-01   3.3333333e+00
  2.0338988e-01  -9.7909783e-01  -2.0338980e-01   9.7909785e-01   3.3333333e+00
  2.0289996e-01  -9.7919947e-01  -2.0289991e-01   9.7919948e-01   3.3333333e+00
  2.0240882e-01  -9.7930111e-01  -2.0240879e-01   9.7930112e-01   3.3333333e+00
  2.0191644e-01  -9.7940275e-01  -2.0191643e-01   9.7940275e-01   3.3333333e+00
  2.0142281e-01  -9.7950439e-01  -2.0142282e-01   9.7950439e-01   3.3333333e+00
  2.0092790e-01  -9.7960603e-01  -2.0092795e-01   9.7960602e-01   3.3333333e+00
  2.0043172e-01  -9.7970767e-01  -2.0043179e-01   9.7970766e-01   3.3333333e+00
  1.9993424e-01  -9.7980932e-01  -1.9993433e-01   9.7980930e-01   3.3333333e+00
  1.9943542e-01  -9.7991097e-01  -1.9943554e-01   9.7991095e-01   3.3333333e+00
  1.9893525e-01  -9.8001264e-01  -1.9893539e-01   9.8001261e-01   3.3333333e+00
  1.9843368e-01  -9.8011432e-01  -1.9843384e-01   9.8011428e-01   3.3333333e+00
  1.9793066e-01  -9.8021602e-01  -1.9793085e-01   9.8021599e-01   3.3333333e+00
  1.9742615e-01  -9.8031776e-01  -1.9742637e-01   9.8031772e-01   3.3333333e+00
  1.9692010e-01  -9.8041954e-01  -1.9692034e-01   9.8041949e-01   3.3333333e+00
  1.9641243e-01  -9.8052137e-01  -1.9641269e-01   9.8052132e-01   3.3333333e+00
  1.9590307e-01  -9.8062326e-01  -1.9590337e-01   9.8062321e-01   3.3333333e+00
  1.9539196e-01  -9.8072523e-01  -1.9539228e-01   9.8072517e-01   3.3333333e+00
  1.9487901e-01  -9.8082729e-01  -1.9487935e-01   9.8082722e-01   3.3333333e+00
  1.9436412e-01  -9.8092945e-01  -1.9436449e-01   9.8092938e-01   3.3333333e+00
  1.9384719e-01  -9.8103174e-01  -1.9384758e-01   9.8103166e-01   3.3333333e+00
  1.9332811e-01  -9.8113416e-01  -1.9332853e-01   9.8113408e-01   3.3333333e+00
  1.9280677e-01  -9.8123674e-01  -1.9280722e-01   9.8123666e-01   3.3333333e+00
  1.9228304e-01  -9.8133951e-01  -1.9228351e-01   9.8133942e-01   3.3333333e+00
  1.9175677e-01  -9.8144248e-01  -1.9175727e-01   9.8144238e-01   3.3333333e+00
  1.9122783e-01  -9.8154568e-01  -1.9122836e-01   9.8154558e-01   3.3333333e+00
  1.9069604e-01  -9.8164913e-01  -1.9069660e-01   9.8164902e-01   3.3333333e+00
  1.9016125e-01  -9.8175287e-01  -1.9016183e-01   9.8175276e-01   3.3333333e+00
  1.8962326e-01  -9.8185692e-01  -1.8962386e-01   9.8185681e-01   3.3333333e+00
  1.8908187e-01  -9.8196133e-01  -1.8908250e-01   9.8196120e-01   3.3333333e+00
  1.8853687e-01  -9.8206611e-01  -1.8853753e-01   9.8206599e-01   3.3333333e+00
  1.8798803e-01  -9.8217132e-01  -1.8798872e-01   9.8217119e-01   3.3333333e+00
  1.8743510e-01  -9.8227699e-01  -1.8743581e-01   9.8227685e-01   3.3333333e+00
  1.8687781e-01  -9.8238317e-01  -1.8687855e-01   9.8238302e-01   3.3333333e+00
  1.8631587e-01  -9.8248990e-01  -1.8631664e-01   9.8248975e-01   3.3333333e+00
  1.8574898e-01  -9.8259723e-01  -1.8574978e-01   9.8259708e-01   3.3333333e+00
  1.8517679e-01  -9.8270522e-01  -1.8517762e-01   9.8270507e-01   3.3333333e+00
  1.8459893e-01  -9.8281394e-01  -1.8459979e-01   9.8281377e-01   3.3333333e+00
  1.8401503e-01  -9.8292343e-01  -1.8401592e-01   9.8292326e-01   3.3333333e+00
  1.8342463e-01  -9.8303378e-01  -1.8342555e-01   9.8303360e-01   3.3333333e+00
  1.8282728e-01  -9.8314505e-01  -1.8282823e-01   9.8314487e-01   3.3333333e+00
  1.8222246e-01  -9.8325733e-01  -1.8222344e-01   9.8325715e-01   3.3333333e+00
  1.8160961e-01  -9.8337071e-01  -1.8161062e-01   9.8337052e-01   3.3333333e+00
  1.8098812e-01  -9.8348528e-01  -1.8098917e-01   9.8348509e-01   3.3333333e+00
  1.8035732e-01  -9.8360116e-01  -1.8035839e-01   9.8360096e-01   3.3333333e+00
  1.7971645e-01  -9.8371845e-01  -1.7971756e-01   9.8371825e-01   3.3333333e+00
  1.7906469e-01  -9.8383730e-01  -1.7906583e-01   9.8383709e-01   3.3333333e+00
  1.7840113e-01  -9.8395784e-01  -1.7840230e-01   9.8395763e-01   3.3333333e+00
  1.7772472e-01  -9.8408024e-01  -1.7772593e-01   9.8408002e-01   3.3333333e+00
  1.7703434e-01  -9.8420468e-01  -1.7703558e-01   9.8420445e-01   3.3333333e+00
  1.7632867e-01  -9.8433135e-01  -1.7632994e-01   9.8433112e-01   3.3333333e+00
  1.7560624e-01  -9.8446049e-01  -1.7560755e-01   9.8446025e-01   3.3333333e+00
  1.7486539e-01  -9.8459235e-01  -1.7486674e-01   9.8459211e-01   3.3333333e+00
  1.7410418e-01  -9.8472724e-01  -1.7410557e-01   9.8472699e-01   3.3333333e+00
  1.7332040e-01  -9.8486549e-01  -1.7332182e-01   9.8486524e-01   3.3333333e+00
  1.7251145e-01  -9.8500751e-01  -1.7251291e-01   9.8500726e-01   3.3333333e+00
  1.7167429e-01  -9.8515376e-01  -1.7167580e-01   9.8515350e-01   3.3333333e+00
  1.7080531e-01  -9.8530480e-01  -1.7080686e-01   9.8530453e-01   3.3333333e+00
  1.6990017e-01  -9.8546128e-01  -1.6990177e-01   9.8546100e-01   3.3333333e+00
  1.6895359e-01  -9.8562401e-01  -1.6895524e-01   9.8562373e-01   3.3333333e+00
  1.6795907e-01  -9.8579397e-01  -1.6796076e-01   9.8579368e-01   3.3333333e+00
  1.6690841e-01  -9.8597240e-01  -1.6691016e-01   9.8597211e-01   3.3333333e+00
  1.6579114e-01  -9.8616089e-01  -1.6579294e-01   9.8616059e-01   3.3333333e+00
  1.6459348e-01  -9.8636149e-01  -1.6459534e-01   9.8636118e-01   3.3333333e+00
  1.6329680e-01  -9.8657699e-01  -1.6329873e-01   9.8657667e-01   3.3333333e+00
  1.6187494e-01  -9.8681128e-01  -1.6187695e-01   9.8681095e-01   3.3333333e+00
  1.6028943e-01  -9.8707006e-01  -1.6029151e-01   9.8706972e-01   3.3333333e+00
  1.5847991e-01  -9.8736220e-01  -1.5848209e-01   9.8736185e-01   3.3333333e+00
  1.5634312e-01  -9.8770280e-01  -1.5634540e-01   9.8770244e-01   3.3333333e+00
  1.5367698e-01  -9.8812114e-01  -1.5367939e-01   9.8812076e-01   3.3333333e+00
  1.4998326e-01  -9.8868854e-01  -1.4998586e-01   9.8868814e-01   3.3333333e+00
  1.4312948e-01  -9.8970397e-01  -1.4313242e-01   9.8970355e-01   3.3333333e+00
  2.6333247e-01  -9.6470514e-01  -2.6332942e-01   9.6470597e-01   3.3333333e+00
  2.5697117e-01  -9.6641907e-01  -2.5696843e-01   9.6641980e-01   3.3333333e+00
  2.5355202e-01  -9.6732175e-01  -2.5354945e-01   9.6732243e-01   3.3333333e+00
  2.5108959e-01  -9.6796385e-01  -2.5108714e-01   9.6796449e-01   3.3333333e+00
  2.4911977e-01  -9.6847268e-01  -2.4911742e-01   9.6847329e-01   3.3333333e+00
  2.4745438e-01  -9.6889954e-01  -2.4745211e-01   9.6890012e-01   3.3333333e+00
  2.4599726e-01  -9.6927052e-01  -2.4599506e-01   9.6927108e-01   3.3333333e+00
  2.4469224e-01  -9.6960080e-01  -2.4469011e-01   9.6960134e-01   3.3333333e+00
  2.4350351e-01  -9.6990002e-01  -2.4350144e-01   9.6990054e-01   3.3333333e+00
  2.4240674e-01  -9.7017471e-01  -2.4240472e-01   9.7017522e-01   3.3333333e+00
  2.4138460e-01  -9.7042953e-01  -2.4138263e-01   9.7043002e-01   3.3333333e+00
  2.4042427e-01  -9.7066790e-01  -2.4042235e-01   9.7066838e-01   3.3333333e+00
  2.3951601e-01  -9.7089241e-01  -2.3951413e-01   9.7089288e-01   3.3333333e+00
  2.3865220e-01  -9.7110511e-01  -2.3865037e-01   9.7110556e-01   3.3333333e+00
  2.3782680e-01  -9.7130758e-01  -2.3782500e-01   9.7130802e-01   3.3333333e+00
  2.3703488e-01  -9.7150114e-01  -2.3703313e-01   9.7150157e-01   3.3333333e+00
  2.3627241e-01  -9.7168686e-01  -2.3627070e-01   9.7168727e-01   3.3333333e+00
  2.3553604e-01  -9.7186562e-01  -2.3553435e-01   9.7186602e-01   3.3333333e+00
  2.3482291e-01  -9.7203817e-01  -2.3482126e-01   9.7203857e-01   3.3333333e+00
  2.3413062e-01  -9.7220515e-01  -2.3412901e-01   9.7220554e-01   3.3333333e+00
  2.3345710e-01  -9.7236710e-01  -2.3345552e-01   9.7236748e-01   3.3333333e+00
  2.3280055e-01  -9.7252450e-01  -2.3279900e-01   9.7252487e-01   3.3333333e+00
  2.3215939e-01  -9.7267776e-01  -2.3215788e-01   9.7267812e-01   3.3333333e+00
  2.3153227e-01  -9.7282722e-01  -2.3153079e-01   9.7282758e-01   3.3333333e+00
  2.3091795e-01  -9.7297323e-01  -2.3091650e-01   9.7297357e-01   3.3333333e+00
  2.3031536e-01  -9.7311604e-01  -2.3031394e-01   9.7311638e-01   3.3333333e+00
  2.2972354e-01  -9.7325593e-01  -2.2972214e-01   9.7325625e-01   3.3333333e+00
  2.2914160e-01  -9.7339310e-01  -2.2914024e-01   9.7339342e-01   3.3333333e+00
  2.2856878e-01  -9.7352777e-01  -2.2856745e-01   9.7352808e-01   3.3333333e+00
  2.2800437e-01  -9.7366011e-01  -2.2800306e-01   9.7366042e-01   3.3333333e+00
  2.2744771e-01  -9.7379029e-01  -2.2744643e-01   9.7379059e-01   3.3333333e+00
  2.2689823e-01  -9.7391847e-01  -2.2689698e-01   9.7391877e-01   3.3333333e+00
  2.2635538e-01  -9.7404478e-01  -2.2635416e-01   9.7404507e-01   3.3333333e+00
  2.2581868e-01  -9.7416935e-01  -2.2581748e-01   9.7416963e-01   3.3333333e+00
  2.2528766e-01  -9.7429229e-01  -2.2528648e-01   9.7429256e-01   3.3333333e+00
  2.2476190e-01  -9.7441371e-01  -2.2476075e-01   9.7441398e-01   3.3333333e+00
  2.2424102e-01  -9.7453372e-01  -2.2423990e-01   9.7453397e-01   3.3333333e+00
  2.2372466e-01  -9.7465239e-01  -2.2372356e-01   9.7465264e-01   3.3333333e+00
  2.2321247e-01  -9.7476982e-01  -2.2321140e-01   9.7477006e-01   3.3333333e+00
  2.2270414e-01  -9.7488608e-01  -2.2270309e-01   9.7488632e-01   3.3333333e+00
  2.2219938e-01  -9.7500125e-01  -2.2219836e-01   9.7500148e-01   3.3333333e+00
  2.2169790e-01  -9.7511540e-01  -2.2169691e-01   9.7511562e-01   3.3333333e+00
  2.2119946e-01  -9.7522859e-01  -2.2119849e-01   9.7522881e-01   3.3333333e+00
  2.2070381e-01  -9.7534088e-01  -2.2070286e-01   9.7534109e-01   3.3333333e+00
  2.2021071e-01  -9.7545233e-01  -2.2020979e-01   9.7545253e-01   3.3333333e+00
  2.1971995e-01  -9.7556299e-01  -2.1971906e-01   9.7556319e-01   3.3333333e+00
  2.1923132e-01  -9.7567291e-01  -2.1923045e-01   9.7567311e-01   3.3333333e+00
  2.1874463e-01  -9.7578214e-01  -2.1874379e-01   9.7578233e-01   3.3333333e+00
  2.1825969e-01  -9.7589072e-01  -2.1825887e-01   9.7589091e-01   3.3333333e+00
  2.1777633e-01  -9.7599870e-01  -2.1777553e-01   9.7599888e-01   3.3333333e+00
  2.1729437e-01  -9.7610612e-01  -2.1729360e-01   9.7610629e-01   3.3333333e+00
  2.1681367e-01  -9.7621301e-01  -2.1681292e-01   9.7621317e-01   3.3333333e+00
  2.1633405e-01  -9.7631940e-01  -2.1633333e-01   9.7631956e-01   3.3333333e+00
  2.1585539e-01  -9.7642534e-01  -2.1585469e-01   9.7642550e-01   3.3333333e+00
  2.1537754e-01  -9.7653086e-01  -2.1537686e-01   9.7653101e-01   3.3333333e+00
  2.1490037e-01  -9.7663598e-01  -2.1489971e-01   9.7663612e-01   3.3333333e+00
  2.1442374e-01  -9.7674073e-01  -2.1442311e-01   9.7674087e-01   3.3333333e+00
  2.1394755e-01  -9.7684515e-01  -2.1394694e-01   9.7684528e-01   3.3333333e+00
  2.1347167e-01  -9.7694926e-01  -2.1347108e-01   9.7694938e-01   3.3333333e+00
  2.1299599e-01  -9.7705307e-01  -2.1299543e-01   9.7705320e-01   3.3333333e+00
  2.1252040e-01  -9.7715663e-01  -2.1251986e-01   9.7715675e-01   3.3333333e+00
  2.1204480e-01  -9.7725995e-01  -2.1204429e-01   9.7726006e-01   3.3333333e+00
  2.1156910e-01  -9.7736304e-01  -2.1156861e-01   9.7736315e-01   3.3333333e+00
  2.1109319e-01  -9.7746594e-01  -2.1109273e-01   9.7746604e-01   3.3333333e+00
  2.1061700e-01  -9.7756866e-01  -2.1061655e-01   9.7756875e-01   3.3333333e+00
  2.1014042e-01  -9.7767121e-01  -2.1014000e-01   9.7767130e-01   3.3333333e+00
  2.0966339e-01  -9.7777363e-01  -2.0966300e-01   9.7777371e-01   3.3333333e+00
  2.0918582e-01  -9.7787591e-01  -2.0918545e-01   9.7787599e-01   3.3333333e+00
  2.0870764e-01  -9.7797808e-01  -2.0870730e-01   9.7797815e-01   3.3333333e+00
  2.0822878e-01  -9.7808015e-01  -2.0822846e-01   9.7808022e-01   3.3333333e+00
  2.0774917e-01  -9.7818213e-01  -2.0774887e-01   9.7818220e-01   3.3333333e+00
  2.0726875e-01  -9.7828404e-01  -2.0726847e-01   9.7828410e-01   3.3333333e+00
  2.0678746e-01  -9.7838589e-01  -2.0678720e-01   9.7838594e-01   3.3333333e+00
  2.0630524e-01  -9.7848768e-01  -2.0630501e-01   9.7848773e-01   3.3333333e+00
  2.0582204e-01  -9.7858944e-01  -2.0582184e-01   9.7858948e-01   3.3333333e+00
  2.0533782e-01  -9.7869116e-01  -2.0533764e-01   9.7869119e-01   3.3333333e+00
  2.0485253e-01  -9.7879285e-01  -2.0485238e-01   9.7879288e-01   3.3333333e+00
  2.0436613e-01  -9.7889452e-01  -2.0436600e-01   9.7889455e-01   3.3333333e+00
  2.0387859e-01  -9.7899618e-01  -2.0387849e-01   9.7899620e-01   3.3333333e+00
  2.0338988e-01  -9.7909783e-01  -2.0338980e-01   9.7909785e-01   3.3333333e+00
  2.0289996e-01  -9.7919947e-01  -2.0289991e-01   9.7919948e-01   3.3333333e+00
  2.0240882e-01  -9.7930111e-01  -2.0240879e-01   9.7930112e-01   3.3333333e+00
  2.0191644e-01  -9.7940275e-01  -2.0191643e-01   9.7940275e-01   3.3333333e+00
  2.0142281e-01  -9.7950439e-01  -2.0142282e-01   9.7950439e-01   3.3333333e+00
  2.0092790e-01  -9.7960603e-01  -2.0092795e-01   9.7960602e-01   3.3333333e+00
  2.0043172e-01  -9.7970767e-01  -2.0043179e-01   9.7970766e-01   3.3333333e+00
  1.9993424e-01  -9.7980932e-01  -1.9993433e-01   9.7980930e-01   3.3333333e+00
  1.9943542e-01  -9.7991097e-01  -1.9943554e-01   9.7991095e-01   3.3333333e+00
  1.9893525e-01  -9.8001264e-01  -1.9893539e-01   9.8001261e-01   3.3333333e+00
  1.9843368e-01  -9.8011432e-01  -1.9843384e-01   9.8011428e-01   3.3333333e+00
  1.9793066e-01  -9.8021602e-01  -1.9793085e-01   9.8021599e-01   3.3333333e+00
  1.9742615e-01  -9.8031776e-01  -1.9742637e-01   9.8031772e-01   3.3333333e+00
  1.9692010e-01  -9.8041954e-01  -1.9692034e-01   9.8041949e-01   3.3333333e+00
  1.9641243e-01  -9.8052137e-01  -1.9641269e-01   9.8052132e-01   3.3333333e+00
  1.9590307e-01  -9.8062326e-01  -1.9590337e-01   9.8062321e-01   3.3333333e+00
  1.9539196e-01  -9.8072523e-01  -1.9539228e-01   9.8072517e-01   3.3333333e+00
  1.9487901e-01  -9.8082729e-01  -1.9487935e-01   9.8082722e-01   3.3333333e+00
  1.9436412e-01  -9.8092945e-01  -1.9436449e-01   9.8092938e-01   3.3333333e+00
  1.9384719e-01  -9.8103174e-01  -1.9384758e-01   9.8103166e-01   3.3333333e+00
  1.9332811e-01  -9.8113416e-01  -1.9332853e-01   9.8113408e-01   3.3333333e+00
  1.9280677e-01  -9.8123674e-01  -1.9280722e-01   9.8123666e-01   3.3333333e+00
  1.9228304e-01  -9.8133951e-01  -1.9228351e-01   9.8133942e-01   3.3333333e+00
  1.9175677e-01  -9.8144248e-01  -1.9175727e-01   9.8144238e-01   3.3333333e+00
  1.9122783e-01  -9.8154568e-01  -1.9122836e-01   9.8154558e-01   3.3333333e+00
  1.9069604e-01  -9.8164913e-01  -1.9069660e-01   9.8164902e-01   3.3333333e+00
  1.9016125e-01  -9.8175287e-01  -1.9016183e-01   9.8175276e-01   3.3333333e+00
  1.8962326e-01  -9.8185692e-01  -1.8962386e-01   9.8185681e-01   3.3333333e+00
  1.8908187e-01  -9.8196133e-01  -1.8908250e-01   9.8196120e-01   3.3333333e+00
  1.8853687e-01  -9.8206611e-01  -1.8853753e-01   9.8206599e-01   3.3333333e+00
  1.8798803e-01  -9.8217132e-01  -1.8798872e-01   9.8217119e-01   3.3333333e+00
  1.8743510e-01  -9.8227699e-01  -1.8743581e-01   9.8227685e-01   3.3333333e+00
  1.8687781e-01  -9.8238317e-01  -1.8687855e-01   9.8238302e-01   3.3333333e+00
  1.8631587e-01  -9.8248990e-01  -1.8631664e-01   9.8248975e-01   3.3333333e+00
  1.8574898e-01  -9.8259723e-01  -1.8574978e-01   9.8259708e-01   3.3333333e+00
  1.8517679e-01  -9.8270522e-01  -1.8517762e-01   9.8270507e-01   3.3333333e+00
  1.8459893e-01  -9.8281394e-01  -1.8459979e-01   9.8281377e-01   3.3333333e+00
  1.8401503e-01  -9.8292343e-01  -1.8401592e-01   9.8292326e-01   3.3333333e+00
  1.8342463e-01  -9.8303378e-01  -1.8342555e-01   9.8303360e-01   3.3333333e+00
  1.8282728e-01  -9.8314505e-01  -1.8282823e-01   9.8314487e-01   3.3333333e+00
  1.8222246e-01  -9.8325733e-01  -1.8222344e-01   9.8325715e-01   3.3333333e+00
  1.8160961e-01  -9.8337071e-01  -1.8161062e-01   9.8337052e-01   3.3333333e+00
  1.8098812e-01  -9.8348528e-01  -1.8098917e-01   9.8348509e-01   3.3333333e+00
  1.8035732e-01  -9.8360116e-01  -1.8035839e-01   9.8360096e-01   3.3333333e+00
  1.7971645e-01  -9.8371845e-01  -1.7971756e-01   9.8371825e-01   3.3333333e+00
  1.7906469e-01  -9.8383730e-01  -1.7906583e-01   9.8383709e-01   3.3333333e+00
  1.7840113e-01  -9.8395784e-01  -1.7840230e-01   9.8395763e-01   3.3333333e+00
  1.7772472e-01  -9.8408024e-01  -1.7772593e-01   9.8408002e-01   3.3333333e+00
  1.7703434e-01  -9.8420468e-01  -1.7703558e-01   9.8420445e-01   3.3333333e+00
  1.7632867e-01  -9.8433135e-01  -1.7632994e-01   9.8433112e-01   3.3333333e+00
  1.7560624e-01  -9.8446049e-01  -1.7560755e-01   9.8446025e-01   3.3333333e+00
  1.7486539e-01  -9.8459235e-01  -1.7486674e-01   9.8459211e-01   3.3333333e+00
  1.7410418e-01  -9.8472724e-01  -1.7410557e-01   9.8472699e-01   3.3333333e+00
  1.7332040e-01  -9.8486549e-01  -1.7332182e-01   9.8486524e-01   3.3333333e+00
  1.7251145e-01  -9.8500751e-01  -1.7251291e-01   9.8500726e-01   3.3333333e+00
  1.7167429e-01  -9.8515376e-01  -1.7167580e-01   9.8515350e-01   3.3333333e+00
  1.7080531e-01  -9.8530480e-01  -1.7080686e-01   9.8530453e-01   3.3333333e+00
  1.6990017e-01  -9.8546128e-01  -1.6990177e-01   9.8546100e-01   3.3333333e+00
  1.6895359e-01  -9.8562401e-01  -1.6895524e-01   9.8562373e-01   3.3333333e+00
  1.6795907e-01  -9.8579397e-01  -1.6796076e-01   9.8579368e-01   3.3333333e+00
  1.6690841e-01  -9.8597240e-01  -1.6691016e-01   9.8597211e-01   3.3333333e+00
  1.6579114e-01  -9.8616089e-01  -1.6579294e-01   9.8616059e-01   3.3333333e+00
  1.6459348e-01  -9.8636149e-01  -1.6459534e-01   9.8636118e-01   3.3333333e+00
  1.6329680e-01  -9.8657699e-01  -1.6329873e-01   9.8657667e-01   3.3333333e+00
  1.6187494e-01  -9.8681128e-01  -1.6187695e-01   9.8681095e-01   3.3333333e+00
  1.6028943e-01  -9.8707006e-01  -1.6029151e-01   9.8706972e-01   3.3333333e+00
  1.5847991e-01  -9.8736220e-01  -1.5848209e-01   9.8736185e-01   3.3333333e+00
  1.5634312e-01  -9.8770280e-01  -1.5634540e-01   9.8770244e-01   3.3333333e+00
  1.5367698e-01  -9.8812114e-01  -1.5367939e-01   9.8812076e-01   3.3333333e+00
  1.4998326e-01  -9.8868854e-01  -1.4998586e-01   9.8868814e-01   3.3333333e+00
  1.4312948e-01  -9.8970397e-01  -1.4313242e-01   9.8970355e-01   3.3333333e+00
