  1.4311054e-01   9.8970671e-01  -1.4311054e-01  -9.8970671e-01
  1.4996042e-01   9.8869200e-01  -1.4996042e-01  -9.8869200e-01
  1.5365161e-01   9.8812508e-01  -1.5365161e-01  -9.8812508e-01
  1.5631571e-01   9.8770714e-01  -1.5631571e-01  -9.8770714e-01
  1.5845072e-01   9.8736689e-01  -1.5845072e-01  -9.8736689e-01
  1.6025860e-01   9.8707506e-01  -1.6025860e-01  -9.8707506e-01
  1.6184260e-01   9.8681658e-01  -1.6184260e-01  -9.8681658e-01
  1.6326302e-01   9.8658258e-01  -1.6326302e-01  -9.8658258e-01
  1.6455832e-01   9.8636736e-01  -1.6455832e-01  -9.8636736e-01
  1.6575465e-01   9.8616702e-01  -1.6575465e-01  -9.8616702e-01
  1.6687062e-01   9.8597880e-01  -1.6687062e-01  -9.8597880e-01
  1.6792001e-01   9.8580062e-01  -1.6792001e-01  -9.8580062e-01
  1.6891330e-01   9.8563091e-01  -1.6891330e-01  -9.8563091e-01
  1.6985864e-01   9.8546844e-01  -1.6985864e-01  -9.8546844e-01
  1.7076257e-01   9.8531221e-01  -1.7076257e-01  -9.8531221e-01
  1.7163035e-01   9.8516142e-01  -1.7163035e-01  -9.8516142e-01
  1.7246632e-01   9.8501542e-01  -1.7246632e-01  -9.8501542e-01
  1.7327408e-01   9.8487364e-01  -1.7327408e-01  -9.8487364e-01
  1.7405668e-01   9.8473564e-01  -1.7405668e-01  -9.8473564e-01
  1.7481671e-01   9.8460099e-01  -1.7481671e-01  -9.8460099e-01
  1.7555639e-01   9.8446938e-01  -1.7555639e-01  -9.8446938e-01
  1.7627764e-01   9.8434049e-01  -1.7627764e-01  -9.8434049e-01
  1.7698213e-01   9.8421406e-01  -1.7698213e-01  -9.8421406e-01
  1.7767134e-01   9.8408988e-01  -1.7767134e-01  -9.8408988e-01
  1.7834656e-01   9.8396773e-01  -1.7834656e-01  -9.8396773e-01
  1.7900895e-01   9.8384745e-01  -1.7900895e-01  -9.8384745e-01
  1.7965952e-01   9.8372885e-01  -1.7965952e-01  -9.8372885e-01
  1.8029920e-01   9.8361181e-01  -1.8029920e-01  -9.8361181e-01
  1.8092881e-01   9.8349620e-01  -1.8092881e-01  -9.8349620e-01
  1.8154909e-01   9.8338188e-01  -1.8154909e-01  -9.8338188e-01
  1.8216074e-01   9.8326877e-01  -1.8216074e-01  -9.8326877e-01
  1.8276434e-01   9.8315675e-01  -1.8276434e-01  -9.8315675e-01
  1.8336048e-01   9.8304574e-01  -1.8336048e-01  -9.8304574e-01
  1.8394965e-01   9.8293567e-01  -1.8394965e-01  -9.8293567e-01
  1.8453232e-01   9.8282645e-01  -1.8453232e-01  -9.8282645e-01
  1.8510894e-01   9.8271801e-01  -1.8510894e-01  -9.8271801e-01
  1.8567988e-01   9.8261029e-01  -1.8567988e-01  -9.8261029e-01
  1.8624552e-01   9.8250323e-01  -1.8624552e-01  -9.8250323e-01
  1.8680620e-01   9.8239679e-01  -1.8680620e-01  -9.8239679e-01
  1.8736222e-01   9.8229089e-01  -1.8736222e-01  -9.8229089e-01
  1.8791387e-01   9.8218551e-01  -1.8791387e-01  -9.8218551e-01
  1.8846143e-01   9.8208059e-01  -1.8846143e-01  -9.8208059e-01
  1.8900514e-01   9.8197610e-01  -1.8900514e-01  -9.8197610e-01
  1.8954523e-01   9.8187199e-01  -1.8954523e-01  -9.8187199e-01
  1.9008192e-01   9.8176823e-01  -1.9008192e-01  -9.8176823e-01
  1.9061540e-01   9.8166479e-01  -1.9061540e-01  -9.8166479e-01
  1.9114586e-01   9.8156164e-01  -1.9114586e-01  -9.8156164e-01
  1.9167348e-01   9.8145875e-01  -1.9167348e-01  -9.8145875e-01
  1.9219841e-01   9.8135609e-01  -1.9219841e-01  -9.8135609e-01
  1.9272081e-01   9.8125363e-01  -1.9272081e-01  -9.8125363e-01
  1.9324080e-01   9.8115136e-01  -1.9324080e-01  -9.8115136e-01
  1.9375853e-01   9.8104925e-01  -1.9375853e-01  -9.8104925e-01
  1.9427410e-01   9.8094728e-01  -1.9427410e-01  -9.8094728e-01
  1.9478764e-01   9.8084544e-01  -1.9478764e-01  -9.8084544e-01
  1.9529923e-01   9.8074370e-01  -1.9529923e-01  -9.8074370e-01
  1.9580897e-01   9.8064206e-01  -1.9580897e-01  -9.8064206e-01
  1.9631695e-01   9.8054049e-01  -1.9631695e-01  -9.8054049e-01
  1.9682324e-01   9.8043899e-01  -1.9682324e-01  -9.8043899e-01
  1.9732792e-01   9.8033754e-01  -1.9732792e-01  -9.8033754e-01
  1.9783105e-01   9.8023613e-01  -1.9783105e-01  -9.8023613e-01
  1.9833269e-01   9.8013476e-01  -1.9833269e-01  -9.8013476e-01
  1.9883288e-01   9.8003341e-01  -1.9883288e-01  -9.8003341e-01
  1.9933168e-01   9.7993208e-01  -1.9933168e-01  -9.7993208e-01
  1.9982912e-01   9.7983076e-01  -1.9982912e-01  -9.7983076e-01
  2.0032523e-01   9.7972945e-01  -2.0032523e-01  -9.7972945e-01
  2.0082004e-01   9.7962815e-01  -2.0082004e-01  -9.7962815e-01
  2.0131358e-01   9.7952685e-01  -2.0131358e-01  -9.7952685e-01
  2.0180585e-01   9.7942554e-01  -2.0180585e-01  -9.7942554e-01
  2.0229688e-01   9.7932424e-01  -2.0229688e-01  -9.7932424e-01
  2.0278667e-01   9.7922294e-01  -2.0278667e-01  -9.7922294e-01
  2.0327524e-01   9.7912164e-01  -2.0327524e-01  -9.7912164e-01
  2.0376261e-01   9.7902033e-01  -2.0376261e-01  -9.7902033e-01
  2.0424881e-01   9.7891901e-01  -2.0424881e-01  -9.7891901e-01
  2.0473386e-01   9.7881768e-01  -2.0473386e-01  -9.7881768e-01
  2.0521781e-01   9.7871633e-01  -2.0521781e-01  -9.7871633e-01
  2.0570068e-01   9.7861495e-01  -2.0570068e-01  -9.7861495e-01
  2.0618253e-01   9.7851355e-01  -2.0618253e-01  -9.7851355e-01
  2.0666339e-01   9.7841210e-01  -2.0666339e-01  -9.7841210e-01
  2.0714331e-01   9.7831061e-01  -2.0714331e-01  -9.7831061e-01
  2.0762236e-01   9.7820905e-01  -2.0762236e-01  -9.7820905e-01
  2.0810059e-01   9.7810743e-01  -2.0810059e-01  -9.7810743e-01
  2.0857805e-01   9.7800572e-01  -2.0857805e-01  -9.7800572e-01
  2.0905482e-01   9.7790392e-01  -2.0905482e-01  -9.7790392e-01
  2.0953097e-01   9.7780201e-01  -2.0953097e-01  -9.7780201e-01
  2.1000655e-01   9.7769998e-01  -2.1000655e-01  -9.7769998e-01
  2.1048167e-01   9.7759781e-01  -2.1048167e-01  -9.7759781e-01
  2.1095638e-01   9.7749548e-01  -2.1095638e-01  -9.7749548e-01
  2.1143078e-01   9.7739297e-01  -2.1143078e-01  -9.7739297e-01
  2.1190495e-01   9.7729028e-01  -2.1190495e-01  -9.7729028e-01
  2.1237899e-01   9.7718737e-01  -2.1237899e-01  -9.7718737e-01
  2.1285299e-01   9.7708424e-01  -2.1285299e-01  -9.7708424e-01
  2.1332705e-01   9.7698084e-01  -2.1332705e-01  -9.7698084e-01
  2.1380128e-01   9.7687717e-01  -2.1380128e-01  -9.7687717e-01
  2.1427578e-01   9.7677320e-01  -2.1427578e-01  -9.7677320e-01
  2.1475067e-01   9.7666890e-01  -2.1475067e-01  -9.7666890e-01
  2.1522608e-01   9.7656425e-01  -2.1522608e-01  -9.7656425e-01
  2.1570211e-01   9.7645922e-01  -2.1570211e-01  -9.7645922e-01
  2.1617891e-01   9.7635377e-01  -2.1617891e-01  -9.7635377e-01
  2.1665660e-01   9.7624788e-01  -2.1665660e-01  -9.7624788e-01
  2.1713534e-01   9.7614151e-01  -2.1713534e-01  -9.7614151e-01
  2.1761526e-01   9.7603463e-01  -2.1761526e-01  -9.7603463e-01
  2.1809653e-01   9.7592720e-01  -2.1809653e-01  -9.7592720e-01
  2.1857931e-01   9.7581919e-01  -2.1857931e-01  -9.7581919e-01
  2.1906376e-01   9.7571054e-01  -2.1906376e-01  -9.7571054e-01
  2.1955008e-01   9.7560123e-01  -2.1955008e-01  -9.7560123e-01
  2.2003845e-01   9.7549120e-01  -2.2003845e-01  -9.7549120e-01
  2.2052906e-01   9.7538040e-01  -2.2052906e-01  -9.7538040e-01
  2.2102214e-01   9.7526879e-01  -2.2102214e-01  -9.7526879e-01
  2.2151790e-01   9.7515631e-01  -2.2151790e-01  -9.7515631e-01
  2.2201658e-01   9.7504289e-01  -2.2201658e-01  -9.7504289e-01
  2.2251843e-01   9.7492848e-01  -2.2251843e-01  -9.7492848e-01
  2.2302373e-01   9.7481302e-01  -2.2302373e-01  -9.7481302e-01
  2.2353275e-01   9.7469642e-01  -2.2353275e-01  -9.7469642e-01
  2.2404580e-01   9.7457862e-01  -2.2404580e-01  -9.7457862e-01
  2.2456320e-01   9.7445953e-01  -2.2456320e-01  -9.7445953e-01
  2.2508531e-01   9.7433906e-01  -2.2508531e-01  -9.7433906e-01
  2.2561250e-01   9.7421712e-01  -2.2561250e-01  -9.7421712e-01
  2.2614517e-01   9.7409361e-01  -2.2614517e-01  -9.7409361e-01
  2.2668375e-01   9.7396842e-01  -2.2668375e-01  -9.7396842e-01
  2.2722873e-01   9.7384142e-01  -2.2722873e-01  -9.7384142e-01
  2.2778062e-01   9.7371248e-01  -2.2778062e-01  -9.7371248e-01
  2.2833998e-01   9.7358146e-01  -2.2833998e-01  -9.7358146e-01
  2.2890742e-01   9.7344820e-01  -2.2890742e-01  -9.7344820e-01
  2.2948362e-01   9.7331252e-01  -2.2948362e-01  -9.7331252e-01
  2.3006932e-01   9.7317424e-01  -2.3006932e-01  -9.7317424e-01
  2.3066534e-01   9.7303315e-01  -2.3066534e-01  -9.7303315e-01
  2.3127260e-01   9.7288899e-01  -2.3127260e-01  -9.7288899e-01
  2.3189211e-01   9.7274151e-01  -2.3189211e-01  -9.7274151e-01
  2.3252503e-01   9.7259041e-01  -2.3252503e-01  -9.7259041e-01
  2.3317264e-01   9.7243535e-01  -2.3317264e-01  -9.7243535e-01
  2.3383642e-01   9.7227595e-01  -2.3383642e-01  -9.7227595e-01
  2.3451803e-01   9.7211177e-01  -2.3451803e-01  -9.7211177e-01
  2.3521940e-01   9.7194230e-01  -2.3521940e-01  -9.7194230e-01
  2.3594277e-01   9.7176695e-01  -2.3594277e-01  -9.7176695e-01
  2.3669075e-01   9.7158504e-01  -2.3669075e-01  -9.7158504e-01
  2.3746642e-01   9.7139575e-01  -2.3746642e-01  -9.7139575e-01
  2.3827345e-01   9.7119811e-01  -2.3827345e-01  -9.7119811e-01
  2.3911629e-01   9.7099094e-01  -2.3911629e-01  -9.7099094e-01
  2.4000038e-01   9.7077279e-01  -2.4000038e-01  -9.7077279e-01
  2.4093249e-01   9.7054188e-01  -2.4093249e-01  -9.7054188e-01
  2.4192120e-01   9.7029590e-01  -2.4192120e-01  -9.7029590e-01
  2.4297765e-01   9.7003189e-01  -2.4297765e-01  -9.7003189e-01
  2.4411667e-01   9.6974587e-01  -2.4411667e-01  -9.6974587e-01
  2.4535867e-01   9.6943237e-01  -2.4535867e-01  -9.6943237e-01
  2.4673296e-01   9.6908351e-01  -2.4673296e-01  -9.6908351e-01
  2.4828397e-01   9.6868729e-01  -2.4828397e-01  -9.6868729e-01
  2.5008417e-01   9.6822410e-01  -2.5008417e-01  -9.6822410e-01
  2.5226525e-01   9.6765812e-01  -2.5226525e-01  -9.6765812e-01
  2.5511126e-01   9.6691170e-01  -2.5511126e-01  -9.6691170e-01
  2.5947768e-01   9.6574911e-01  -2.5947768e-01  -9.6574911e-01
  1.4311054e-01   9.8970671e-01  -1.4311054e-01  -9.8970671e-01
  1.4996042e-01   9.8869200e-01  -1.4996042e-01  -9.8869200e-01
  1.5365161e-01   9.8812508e-01  -1.5365161e-01  -9.8812508e-01
  1.5631571e-01   9.8770714e-01  -1.5631571e-01  -9.8770714e-01
  1.5845072e-01   9.8736689e-01  -1.5845072e-01  -9.8736689e-01
  1.6025860e-01   9.8707506e-01  -1.6025860e-01  -9.8707506e-01
  1.6184260e-01   9.8681658e-01  -1.6184260e-01  -9.8681658e-01
  1.6326302e-01   9.8658258e-01  -1.6326302e-01  -9.8658258e-01
  1.6455832e-01   9.8636736e-01  -1.6455832e-01  -9.8636736e-01
  1.6575465e-01   9.8616702e-01  -1.6575465e-01  -9.8616702e-01
  1.6687062e-01   9.8597880e-01  -1.6687062e-01  -9.8597880e-01
  1.6792001e-01   9.8580062e-01  -1.6792001e-01  -9.8580062e-01
  1.6891330e-01   9.8563091e-01  -1.6891330e-01  -9.8563091e-01
  1.6985864e-01   9.8546844e-01  -1.6985864e-01  -9.8546844e-01
  1.7076257e-01   9.8531221e-01  -1.7076257e-01  -9.8531221e-01
  1.7163035e-01   9.8516142e-01  -1.7163035e-01  -9.8516142e-01
  1.7246632e-01   9.8501542e-01  -1.7246632e-01  -9.8501542e-01
  1.7327408e-01   9.8487364e-01  -1.7327408e-01  -9.8487364e-01
  1.7405668e-01   9.8473564e-01  -1.7405668e-01  -9.8473564e-01
  1.7481671e-01   9.8460099e-01  -1.7481671e-01  -9.8460099e-01
  1.7555639e-01   9.8446938e-01  -1.7555639e-01  -9.8446938e-01
  1.7627764e-01   9.8434049e-01  -1.7627764e-01  -9.8434049e-01
  1.7698213e-01   9.8421406e-01  -1.7698213e-01  -9.8421406e-01
  1.7767134e-01   9.8408988e-01  -1.7767134e-01  -9.8408988e-01
  1.7834656e-01   9.8396773e-01  -1.7834656e-01  -9.8396773e-01
  1.7900895e-01   9.8384745e-01  -1.7900895e-01  -9.8384745e-01
  1.7965952e-01   9.8372885e-01  -1.7965952e-01  -9.8372885e-01
  1.8029920e-01   9.8361181e-01  -1.8029920e-01  -9.8361181e-01
  1.8092881e-01   9.8349620e-01  -1.8092881e-01  -9.8349620e-01
  1.8154909e-01   9.8338188e-01  -1.8154909e-01  -9.8338188e-01
  1.8216074e-01   9.8326877e-01  -1.8216074e-01  -9.8326877e-01
  1.8276434e-01   9.8315675e-01  -1.8276434e-01  -9.8315675e-01
  1.8336048e-01   9.8304574e-01  -1.8336048e-01  -9.8304574e-01
  1.8394965e-01   9.8293567e-01  -1.8394965e-01  -9.8293567e-01
  1.8453232e-01   9.8282645e-01  -1.8453232e-01  -9.8282645e-01
  1.8510894e-01   9.8271801e-01  -1.8510894e-01  -9.8271801e-01
  1.8567988e-01   9.8261029e-01  -1.8567988e-01  -9.8261029e-01
  1.8624552e-01   9.8250323e-01  -1.8624552e-01  -9.8250323e-01
  1.8680620e-01   9.8239679e-01  -1.8680620e-01  -9.8239679e-01
  1.8736222e-01   9.8229089e-01  -1.8736222e-01  -9.8229089e-01
  1.8791387e-01   9.8218551e-01  -1.8791387e-01  -9.8218551e-01
  1.8846143e-01   9.8208059e-01  -1.8846143e-01  -9.8208059e-01
  1.8900514e-01   9.8197610e-01  -1.8900514e-01  -9.8197610e-01
  1.8954523e-01   9.8187199e-01  -1.8954523e-01  -9.8187199e-01
  1.9008192e-01   9.8176823e-01  -1.9008192e-01  -9.8176823e-01
  1.9061540e-01   9.8166479e-01  -1.9061540e-01  -9.8166479e-01
  1.9114586e-01   9.8156164e-01  -1.9114586e-01  -9.8156164e-01
  1.9167348e-01   9.8145875e-01  -1.9167348e-01  -9.8145875e-01
  1.9219841e-01   9.8135609e-01  -1.9219841e-01  -9.8135609e-01
  1.9272081e-01   9.8125363e-01  -1.9272081e-01  -9.8125363e-01
  1.9324080e-01   9.8115136e-01  -1.9324080e-01  -9.8115136e-01
  1.9375853e-01   9.8104925e-01  -1.9375853e-01  -9.8104925e-01
  1.9427410e-01   9.8094728e-01  -1.9427410e-01  -9.8094728e-01
  1.9478764e-01   9.8084544e-01  -1.9478764e-01  -9.8084544e-01
  1.9529923e-01   9.8074370e-01  -1.9529923e-01  -9.8074370e-01
  1.9580897e-01   9.8064206e-01  -1.9580897e-01  -9.8064206e-01
  1.9631695e-01   9.8054049e-01  -1.9631695e-01  -9.8054049e-01
  1.9682324e-01   9.8043899e-01  -1.9682324e-01  -9.8043899e-01
  1.9732792e-01   9.8033754e-01  -1.9732792e-01  -9.8033754e-01
  1.9783105e-01   9.8023613e-01  -1.9783105e-01  -9.8023613e-01
  1.9833269e-01   9.8013476e-01  -1.9833269e-01  -9.8013476e-01
  1.9883288e-01   9.8003341e-01  -1.9883288e-01  -9.8003341e-01
  1.9933168e-01   9.7993208e-01  -1.9933168e-01  -9.7993208e-01
  1.9982912e-01   9.7983076e-01  -1.9982912e-01  -9.7983076e-01
  2.0032523e-01   9.7972945e-01  -2.0032523e-01  -9.7972945e-01
  2.0082004e-01   9.7962815e-01  -2.0082004e-01  -9.7962815e-01
  2.0131358e-01   9.7952685e-01  -2.0131358e-01  -9.7952685e-01
  2.0180585e-01   9.7942554e-01  -2.0180585e-01  -9.7942554e-01
  2.0229688e-01   9.7932424e-01  -2.0229688e-01  -9.7932424e-01
  2.0278667e-01   9.7922294e-01  -2.0278667e-01  -9.7922294e-01
  2.0327524e-01   9.7912164e-01  -2.0327524e-01  -9.7912164e-01
  2.0376261e-01   9.7902033e-01  -2.0376261e-01  -9.7902033e-01
  2.0424881e-01   9.7891901e-01  -2.0424881e-01  -9.7891901e-01
  2.0473386e-01   9.7881768e-01  -2.0473386e-01  -9.7881768e-01
  2.0521781e-01   9.7871633e-01  -2.0521781e-01  -9.7871633e-01
  2.0570068e-01   9.7861495e-01  -2.0570068e-01  -9.7861495e-01
  2.0618253e-01   9.7851355e-01  -2.0618253e-01  -9.7851355e-01
  2.0666339e-01   9.7841210e-01  -2.0666339e-01  -9.7841210e-01
  2.0714331e-01   9.7831061e-01  -2.0714331e-01  -9.7831061e-01
  2.0762236e-01   9.7820905e-01  -2.0762236e-01  -9.7820905e-01
  2.0810059e-01   9.7810743e-01  -2.0810059e-01  -9.7810743e-01
  2.0857805e-01   9.7800572e-01  -2.0857805e-01  -9.7800572e-01
  2.0905482e-01   9.7790392e-01  -2.0905482e-01  -9.7790392e-01
  2.0953097e-01   9.7780201e-01  -2.0953097e-01  -9.7780201e-01
  2.1000655e-01   9.7769998e-01  -2.1000655e-01  -9.7769998e-01
  2.1048167e-01   9.7759781e-01  -2.1048167e-01  -9.7759781e-01
  2.1095638e-01   9.7749548e-01  -2.1095638e-01  -9.7749548e-01
  2.1143078e-01   9.7739297e-01  -2.1143078e-01  -9.7739297e-01
  2.1190495e-01   9.7729028e-01  -2.1190495e-01  -9.7729028e-01
  2.1237899e-01   9.7718737e-01  -2.1237899e-01  -9.7718737e-01
  2.1285299e-01   9.7708424e-01  -2.1285299e-01  -9.7708424e-01
  2.1332705e-01   9.7698084e-01  -2.1332705e-01  -9.7698084e-01
  2.1380128e-01   9.7687717e-01  -2.1380128e-01  -9.7687717e-01
  2.1427578e-01   9.7677320e-01  -2.1427578e-01  -9.7677320e-01
  2.1475067e-01   9.7666890e-01  -2.1475067e-01  -9.7666890e-01
  2.1522608e-01   9.7656425e-01  -2.1522608e-01  -9.7656425e-01
  2.1570211e-01   9.7645922e-01  -2.1570211e-01  -9.7645922e-01
  2.1617891e-01   9.7635377e-01  -2.1617891e-01  -9.7635377e-01
  2.1665660e-01   9.7624788e-01  -2.1665660e-01  -9.7624788e-01
  2.1713534e-01   9.7614151e-01  -2.1713534e-01  -9.7614151e-01
  2.1761526e-01   9.7603463e-01  -2.1761526e-01  -9.7603463e-01
  2.1809653e-01   9.7592720e-01  -2.1809653e-01  -9.7592720e-01
  2.1857931e-01   9.7581919e-01  -2.1857931e-01  -9.7581919e-01
  2.1906376e-01   9.7571054e-01  -2.1906376e-01  -9.7571054e-01
  2.1955008e-01   9.7560123e-01  -2.1955008e-01  -9.7560123e-01
  2.2003845e-01   9.7549120e-01  -2.2003845e-01  -9.7549120e-01
  2.2052906e-01   9.7538040e-01  -2.2052906e-01  -9.7538040e-01
  2.2102214e-01   9.7526879e-01  -2.2102214e-01  -9.7526879e-01
  2.2151790e-01   9.7515631e-01  -2.2151790e-01  -9.7515631e-01
  2.2201658e-01   9.7504289e-01  -2.2201658e-01  -9.7504289e-01
  2.2251843e-01   9.7492848e-01  -2.2251843e-01  -9.7492848e-01
  2.2302373e-01   9.7481302e-01  -2.2302373e-01  -9.7481302e-01
  2.2353275e-01   9.7469642e-01  -2.2353275e-01  -9.7469642e-01
  2.2404580e-01   9.7457862e-01  -2.2404580e-01  -9.7457862e-01
  2.2456320e-01   9.7445953e-01  -2.2456320e-01  -9.7445953e-01
  2.2508531e-01   9.7433906e-01  -2.2508531e-01  -9.7433906e-01
  2.2561250e-01   9.7421712e-01  -2.2561250e-01  -9.7421712e-01
  2.2614517e-01   9.7409361e-01  -2.2614517e-01  -9.7409361e-01
  2.2668375e-01   9.7396842e-01  -2.2668375e-01  -9.7396842e-01
  2.2722873e-01   9.7384142e-01  -2.2722873e-01  -9.7384142e-01
  2.2778062e-01   9.7371248e-01  -2.2778062e-01  -9.7371248e-01
  2.2833998e-01   9.7358146e-01  -2.2833998e-01  -9.7358146e-01
  2.2890742e-01   9.7344820e-01  -2.2890742e-01  -9.7344820e-01
  2.2948362e-01   9.7331252e-01  -2.2948362e-01  -9.7331252e-01
  2.3006932e-01   9.7317424e-01  -2.3006932e-01  -9.7317424e-01
  2.3066534e-01   9.7303315e-01  -2.3066534e-01  -9.7303315e-01
  2.3127260e-01   9.7288899e-01  -2.3127260e-01  -9.7288899e-01
  2.3189211e-01   9.7274151e-01  -2.3189211e-01  -9.7274151e-01
  2.3252503e-01   9.7259041e-01  -2.3252503e-01  -9.7259041e-01
  2.3317264e-01   9.7243535e-01  -2.3317264e-01  -9.7243535e-01
  2.3383642e-01   9.7227595e-01  -2.3383642e-01  -9.7227595e-01
  2.3451803e-01   9.7211177e-01  -2.3451803e-01  -9.7211177e-01
  2.3521940e-01   9.7194230e-01  -2.3521940e-01  -9.7194230e-01
  2.3594277e-01   9.7176695e-01  -2.3594277e-01  -9.7176695e-01
  2.3669075e-01   9.7158504e-01  -2.3669075e-01  -9.7158504e-01
  2.3746642e-01   9.7139575e-01  -2.3746642e-01  -9.7139575e-01
  2.3827345e-01   9.7119811e-01  -2.3827345e-01  -9.7119811e-01
  2.3911629e-01   9.7099094e-01  -2.3911629e-01  -9.7099094e-01
  2.4000038e-01   9.7077279e-01  -2.4000038e-01  -9.7077279e-01
  2.4093249e-01   9.7054188e-01  -2.4093249e-01  -9.7054188e-01
  2.4192120e-01   9.7029590e-01  -2.4192120e-01  -9.7029590e-01
  2.4297765e-01   9.7003189e-01  -2.4297765e-01  -9.7003189e-01
  2.4411667e-01   9.6974587e-01  -2.4411667e-01  -9.6974587e-01
  2.4535867e-01   9.6943237e-01  -2.4535867e-01  -9.6943237e-01
  2.4673296e-01   9.6908351e-01  -2.4673296e-01  -9.6908351e-01
  2.4828397e-01   9.6868729e-01  -2.4828397e-01  -9.6868729e-01
  2.5008417e-01   9.6822410e-01  -2.5008417e-01  -9.6822410e-01
  2.5226525e-01   9.6765812e-01  -2.5226525e-01  -9.6765812e-01
  2.5511126e-01   9.6691170e-01  -2.5511126e-01  -9.6691170e-01
  2.5947768e-01   9.6574911e-01  -2.5947768e-01  -9.6574911e-01
  4.6591604e-01   8.8482894e-01  -4.6591604e-01  -8.8482894e-01
  4.7193899e-01   8.8163121e-01  -4.7193899e-01  -8.8163121e-01
  4.7517329e-01   8.7989223e-01  -4.7517329e-01  -8.7989223e-01
  4.7750233e-01   8.7863048e-01  -4.7750233e-01  -8.7863048e-01
  4.7936555e-01   8.7761533e-01  -4.7936555e-01  -8.7761533e-01
  4.8094099e-01   8.7675296e-01  -4.8094099e-01  -8.7675296e-01
  4.8231962e-01   8.7599531e-01  -4.8231962e-01  -8.7599531e-01
  4.8355450e-01   8.7531426e-01  -4.8355450e-01  -8.7531426e-01
  4.8467950e-01   8.7469182e-01  -4.8467950e-01  -8.7469182e-01
  4.8571762e-01   8.7411578e-01  -4.8571762e-01  -8.7411578e-01
  4.8668522e-01   8.7357741e-01  -4.8668522e-01  -8.7357741e-01
  4.8759441e-01   8.7307027e-01  -4.8759441e-01  -8.7307027e-01
  4.8845438e-01   8.7258943e-01  -4.8845438e-01  -8.7258943e-01
  4.8927234e-01   8.7213105e-01  -4.8927234e-01  -8.7213105e-01
  4.9005399e-01   8.7169208e-01  -4.9005399e-01  -8.7169208e-01
  4.9080397e-01   8.7127003e-01  -4.9080397e-01  -8.7127003e-01
  4.9152608e-01   8.7086285e-01  -4.9152608e-01  -8.7086285e-01
  4.9222350e-01   8.7046885e-01  -4.9222350e-01  -8.7046885e-01
  4.9289890e-01   8.7008659e-01  -4.9289890e-01  -8.7008659e-01
  4.9355456e-01   8.6971484e-01  -4.9355456e-01  -8.6971484e-01
  4.9419241e-01   8.6935255e-01  -4.9419241e-01  -8.6935255e-01
  4.9481416e-01   8.6899882e-01  -4.9481416e-01  -8.6899882e-01
  4.9542127e-01   8.6865285e-01  -4.9542127e-01  -8.6865285e-01
  4.9601504e-01   8.6831393e-01  -4.9601504e-01  -8.6831393e-01
  4.9659661e-01   8.6798146e-01  -4.9659661e-01  -8.6798146e-01
  4.9716699e-01   8.6765488e-01  -4.9716699e-01  -8.6765488e-01
  4.9772708e-01   8.6733370e-01  -4.9772708e-01  -8.6733370e-01
  4.9827770e-01   8.6701749e-01  -4.9827770e-01  -8.6701749e-01
  4.9881957e-01   8.6670585e-01  -4.9881957e-01  -8.6670585e-01
  4.9935336e-01   8.6639842e-01  -4.9935336e-01  -8.6639842e-01
  4.9987965e-01   8.6609487e-01  -4.9987965e-01  -8.6609487e-01
  5.0039900e-01   8.6579492e-01  -5.0039900e-01  -8.6579492e-01
  5.0091190e-01   8.6549828e-01  -5.0091190e-01  -8.6549828e-01
  5.0141881e-01   8.6520470e-01  -5.0141881e-01  -8.6520470e-01
  5.0192014e-01   8.6491397e-01  -5.0192014e-01  -8.6491397e-01
  5.0241627e-01   8.6462587e-01  -5.0241627e-01  -8.6462587e-01
  5.0290756e-01   8.6434020e-01  -5.0290756e-01  -8.6434020e-01
  5.0339435e-01   8.6405679e-01  -5.0339435e-01  -8.6405679e-01
  5.0387692e-01   8.6377546e-01  -5.0387692e-01  -8.6377546e-01
  5.0435558e-01   8.6349606e-01  -5.0435558e-01  -8.6349606e-01
  5.0483056e-01   8.6321846e-01  -5.0483056e-01  -8.6321846e-01
  5.0530213e-01   8.6294250e-01  -5.0530213e-01  -8.6294250e-01
  5.0577050e-01   8.6266807e-01  -5.0577050e-01  -8.6266807e-01
  5.0623590e-01   8.6239505e-01  -5.0623590e-01  -8.6239505e-01
  5.0669851e-01   8.6212332e-01  -5.0669851e-01  -8.6212332e-01
  5.0715853e-01   8.6185279e-01  -5.0715853e-01  -8.6185279e-01
  5.0761612e-01   8.6158335e-01  -5.0761612e-01  -8.6158335e-01
  5.0807146e-01   8.6131492e-01  -5.0807146e-01  -8.6131492e-01
  5.0852468e-01   8.6104741e-01  -5.0852468e-01  -8.6104741e-01
  5.0897595e-01   8.6078074e-01  -5.0897595e-01  -8.6078074e-01
  5.0942538e-01   8.6051484e-01  -5.0942538e-01  -8.6051484e-01
  5.0987310e-01   8.6024963e-01  -5.0987310e-01  -8.6024963e-01
  5.1031924e-01   8.5998504e-01  -5.1031924e-01  -8.5998504e-01
  5.1076390e-01   8.5972102e-01  -5.1076390e-01  -8.5972102e-01
  5.1120719e-01   8.5945751e-01  -5.1120719e-01  -8.5945751e-01
  5.1164919e-01   8.5919445e-01  -5.1164919e-01  -8.5919445e-01
  5.1209001e-01   8.5893179e-01  -5.1209001e-01  -8.5893179e-01
  5.1252972e-01   8.5866949e-01  -5.1252972e-01  -8.5866949e-01
  5.1296840e-01   8.5840749e-01  -5.1296840e-01  -8.5840749e-01
  5.1340612e-01   8.5814577e-01  -5.1340612e-01  -8.5814577e-01
  5.1384294e-01   8.5788427e-01  -5.1384294e-01  -8.5788427e-01
  5.1427894e-01   8.5762298e-01  -5.1427894e-01  -8.5762298e-01
  5.1471416e-01   8.5736185e-01  -5.1471416e-01  -8.5736185e-01
  5.1514865e-01   8.5710085e-01  -5.1514865e-01  -8.5710085e-01
  5.1558246e-01   8.5683996e-01  -5.1558246e-01  -8.5683996e-01
  5.1601563e-01   8.5657917e-01  -5.1601563e-01  -8.5657917e-01
  5.1644820e-01   8.5631843e-01  -5.1644820e-01  -8.5631843e-01
  5.1688019e-01   8.5605775e-01  -5.1688019e-01  -8.5605775e-01
  5.1731162e-01   8.5579710e-01  -5.1731162e-01  -8.5579710e-01
  5.1774254e-01   8.5553648e-01  -5.1774254e-01  -8.5553648e-01
  5.1817294e-01   8.5527587e-01  -5.1817294e-01  -8.5527587e-01
  5.1860284e-01   8.5501526e-01  -5.1860284e-01  -8.5501526e-01
  5.1903225e-01   8.5475465e-01  -5.1903225e-01  -8.5475465e-01
  5.1946118e-01   8.5449405e-01  -5.1946118e-01  -8.5449405e-01
  5.1988963e-01   8.5423344e-01  -5.1988963e-01  -8.5423344e-01
  5.2031760e-01   8.5397283e-01  -5.2031760e-01  -8.5397283e-01
  5.2074510e-01   8.5371221e-01  -5.2074510e-01  -8.5371221e-01
  5.2117216e-01   8.5345157e-01  -5.2117216e-01  -8.5345157e-01
  5.2159879e-01   8.5319089e-01  -5.2159879e-01  -8.5319089e-01
  5.2202501e-01   8.5293018e-01  -5.2202501e-01  -8.5293018e-01
  5.2245086e-01   8.5266940e-01  -5.2245086e-01  -8.5266940e-01
  5.2287636e-01   8.5240853e-01  -5.2287636e-01  -8.5240853e-01
  5.2330155e-01   8.5214757e-01  -5.2330155e-01  -8.5214757e-01
  5.2372648e-01   8.5188648e-01  -5.2372648e-01  -8.5188648e-01
  5.2415118e-01   8.5162524e-01  -5.2415118e-01  -8.5162524e-01
  5.2457570e-01   8.5136381e-01  -5.2457570e-01  -8.5136381e-01
  5.2500009e-01   8.5110217e-01  -5.2500009e-01  -8.5110217e-01
  5.2542442e-01   8.5084028e-01  -5.2542442e-01  -8.5084028e-01
  5.2584874e-01   8.5057810e-01  -5.2584874e-01  -8.5057810e-01
  5.2627311e-01   8.5031560e-01  -5.2627311e-01  -8.5031560e-01
  5.2669761e-01   8.5005272e-01  -5.2669761e-01  -8.5005272e-01
  5.2712230e-01   8.4978943e-01  -5.2712230e-01  -8.4978943e-01
  5.2754727e-01   8.4952568e-01  -5.2754727e-01  -8.4952568e-01
  5.2797260e-01   8.4926140e-01  -5.2797260e-01  -8.4926140e-01
  5.2839838e-01   8.4899656e-01  -5.2839838e-01  -8.4899656e-01
  5.2882469e-01   8.4873108e-01  -5.2882469e-01  -8.4873108e-01
  5.2925164e-01   8.4846491e-01  -5.2925164e-01  -8.4846491e-01
  5.2967932e-01   8.4819798e-01  -5.2967932e-01  -8.4819798e-01
  5.3010785e-01   8.4793023e-01  -5.3010785e-01  -8.4793023e-01
  5.3053734e-01   8.4766157e-01  -5.3053734e-01  -8.4766157e-01
  5.3096791e-01   8.4739193e-01  -5.3096791e-01  -8.4739193e-01
  5.3139969e-01   8.4712123e-01  -5.3139969e-01  -8.4712123e-01
  5.3183281e-01   8.4684937e-01  -5.3183281e-01  -8.4684937e-01
  5.3226742e-01   8.4657628e-01  -5.3226742e-01  -8.4657628e-01
  5.3270366e-01   8.4630184e-01  -5.3270366e-01  -8.4630184e-01
  5.3314169e-01   8.4602596e-01  -5.3314169e-01  -8.4602596e-01
  5.3358169e-01   8.4574853e-01  -5.3358169e-01  -8.4574853e-01
  5.3402383e-01   8.4546942e-01  -5.3402383e-01  -8.4546942e-01
  5.3446830e-01   8.4518852e-01  -5.3446830e-01  -8.4518852e-01
  5.3491530e-01   8.4490569e-01  -5.3491530e-01  -8.4490569e-01
  5.3536505e-01   8.4462078e-01  -5.3536505e-01  -8.4462078e-01
  5.3581777e-01   8.4433366e-01  -5.3581777e-01  -8.4433366e-01
  5.3627370e-01   8.4404414e-01  -5.3627370e-01  -8.4404414e-01
  5.3673312e-01   8.4375207e-01  -5.3673312e-01  -8.4375207e-01
  5.3719630e-01   8.4345725e-01  -5.3719630e-01  -8.4345725e-01
  5.3766353e-01   8.4315949e-01  -5.3766353e-01  -8.4315949e-01
  5.3813515e-01   8.4285857e-01  -5.3813515e-01  -8.4285857e-01
  5.3861150e-01   8.4255424e-01  -5.3861150e-01  -8.4255424e-01
  5.3909296e-01   8.4224627e-01  -5.3909296e-01  -8.4224627e-01
  5.3957994e-01   8.4193438e-01  -5.3957994e-01  -8.4193438e-01
  5.4007288e-01   8.4161825e-01  -5.4007288e-01  -8.4161825e-01
  5.4057228e-01   8.4129758e-01  -5.4057228e-01  -8.4129758e-01
  5.4107866e-01   8.4097199e-01  -5.4107866e-01  -8.4097199e-01
  5.4159261e-01   8.4064109e-01  -5.4159261e-01  -8.4064109e-01
  5.4211477e-01   8.4030445e-01  -5.4211477e-01  -8.4030445e-01
  5.4264587e-01   8.3996158e-01  -5.4264587e-01  -8.3996158e-01
  5.4318669e-01   8.3961195e-01  -5.4318669e-01  -8.3961195e-01
  5.4373812e-01   8.3925494e-01  -5.4373812e-01  -8.3925494e-01
  5.4430115e-01   8.3888990e-01  -5.4430115e-01  -8.3888990e-01
  5.4487691e-01   8.3851604e-01  -5.4487691e-01  -8.3851604e-01
  5.4546667e-01   8.3813251e-01  -5.4546667e-01  -8.3813251e-01
  5.4607189e-01   8.3773832e-01  -5.4607189e-01  -8.3773832e-01
  5.4669424e-01   8.3733231e-01  -5.4669424e-01  -8.3733231e-01
  5.4733567e-01   8.3691318e-01  -5.4733567e-01  -8.3691318e-01
  5.4799843e-01   8.3647936e-01  -5.4799843e-01  -8.3647936e-01
  5.4868521e-01   8.3602903e-01  -5.4868521e-01  -8.3602903e-01
  5.4939921e-01   8.3556000e-01  -5.4939921e-01  -8.3556000e-01
  5.5014426e-01   8.3506963e-01  -5.5014426e-01  -8.3506963e-01
  5.5092511e-01   8.3455468e-01  -5.5092511e-01  -8.3455468e-01
  5.5174763e-01   8.3401113e-01  -5.5174763e-01  -8.3401113e-01
  5.5261925e-01   8.3343384e-01  -5.5261925e-01  -8.3343384e-01
  5.5354964e-01   8.3281618e-01  -5.5354964e-01  -8.3281618e-01
  5.5455166e-01   8.3214930e-01  -5.5455166e-01  -8.3214930e-01
  5.5564299e-01   8.3142099e-01  -5.5564299e-01  -8.3142099e-01
  5.5684903e-01   8.3061372e-01  -5.5684903e-01  -8.3061372e-01
  5.5820822e-01   8.2970090e-01  -5.5820822e-01  -8.2970090e-01
  5.5978329e-01   8.2863905e-01  -5.5978329e-01  -8.2863905e-01
  5.6168807e-01   8.2734909e-01  -5.6168807e-01  -8.2734909e-01
  5.6416794e-01   8.2566006e-01  -5.6416794e-01  -8.2566006e-01
  5.6796098e-01   8.2305548e-01  -5.6796098e-01  -8.2305548e-01
  4.6591604e-01   8.8482894e-01  -4.6591604e-01  -8.8482894e-01
  4.7193899e-01   8.8163121e-01  -4.7193899e-01  -8.8163121e-01
  4.7517329e-01   8.7989223e-01  -4.7517329e-01  -8.7989223e-01
  4.7750233e-01   8.7863048e-01  -4.7750233e-01  -8.7863048e-01
  4.7936555e-01   8.7761533e-01  -4.7936555e-01  -8.7761533e-01
  4.8094099e-01   8.7675296e-01  -4.8094099e-01  -8.7675296e-01
  4.8231962e-01   8.7599531e-01  -4.8231962e-01  -8.7599531e-01
  4.8355450e-01   8.7531426e-01  -4.8355450e-01  -8.7531426e-01
  4.8467950e-01   8.7469182e-01  -4.8467950e-01  -8.7469182e-01
  4.8571762e-01   8.7411578e-01  -4.8571762e-01  -8.7411578e-01
  4.8668522e-01   8.7357741e-01  -4.8668522e-01  -8.7357741e-01
  4.8759441e-01   8.7307027e-01  -4.8759441e-01  -8.7307027e-01
  4.8845438e-01   8.7258943e-01  -4.8845438e-01  -8.7258943e-01
  4.8927234e-01   8.7213105e-01  -4.8927234e-01  -8.7213105e-01
  4.9005399e-01   8.7169208e-01  -4.9005399e-01  -8.7169208e-01
  4.9080397e-01   8.7127003e-01  -4.9080397e-01  -8.7127003e-01
  4.9152608e-01   8.7086285e-01  -4.9152608e-01  -8.7086285e-01
  4.9222350e-01   8.7046885e-01  -4.9222350e-01  -8.7046885e-01
  4.9289890e-01   8.7008659e-01  -4.9289890e-01  -8.7008659e-01
  4.9355456e-01   8.6971484e-01  -4.9355456e-01  -8.6971484e-01
  4.9419241e-01   8.6935255e-01  -4.9419241e-01  -8.6935255e-01
  4.9481416e-01   8.6899882e-01  -4.9481416e-01  -8.6899882e-01
  4.9542127e-01   8.6865285e-01  -4.9542127e-01  -8.6865285e-01
  4.9601504e-01   8.6831393e-01  -4.9601504e-01  -8.6831393e-01
  4.9659661e-01   8.6798146e-01  -4.9659661e-01  -8.6798146e-01
  4.9716699e-01   8.6765488e-01  -4.9716699e-01  -8.6765488e-01
  4.9772708e-01   8.6733370e-01  -4.9772708e-01  -8.6733370e-01
  4.9827770e-01   8.6701749e-01  -4.9827770e-01  -8.6701749e-01
  4.9881957e-01   8.6670585e-01  -4.9881957e-01  -8.6670585e-01
  4.9935336e-01   8.6639842e-01  -4.9935336e-01  -8.6639842e-01
  4.9987965e-01   8.6609487e-01  -4.9987965e-01  -8.6609487e-01
  5.0039900e-01   8.6579492e-01  -5.0039900e-01  -8.6579492e-01
  5.0091190e-01   8.6549828e-01  -5.0091190e-01  -8.6549828e-01
  5.0141881e-01   8.6520470e-01  -5.0141881e-01  -8.6520470e-01
  5.0192014e-01   8.6491397e-01  -5.0192014e-01  -8.6491397e-01
  5.0241627e-01   8.6462587e-01  -5.0241627e-01  -8.6462587e-01
  5.0290756e-01   8.6434020e-01  -5.0290756e-01  -8.6434020e-01
  5.0339435e-01   8.6405679e-01  -5.0339435e-01  -8.6405679e-01
  5.0387692e-01   8.6377546e-01  -5.0387692e-01  -8.6377546e-01
  5.0435558e-01   8.6349606e-01  -5.0435558e-01  -8.6349606e-01
  5.0483056e-01   8.6321846e-01  -5.0483056e-01  -8.6321846e-01
  5.0530213e-01   8.6294250e-01  -5.0530213e-01  -8.6294250e-01
  5.0577050e-01   8.6266807e-01  -5.0577050e-01  -8.6266807e-01
  5.0623590e-01   8.6239505e-01  -5.0623590e-01  -8.6239505e-01
  5.0669851e-01   8.6212332e-01  -5.0669851e-01  -8.6212332e-01
  5.0715853e-01   8.6185279e-01  -5.0715853e-01  -8.6185279e-01
  5.0761612e-01   8.6158335e-01  -5.0761612e-01  -8.6158335e-01
  5.0807146e-01   8.6131492e-01  -5.0807146e-01  -8.6131492e-01
  5.0852468e-01   8.6104741e-01  -5.0852468e-01  -8.6104741e-01
  5.0897595e-01   8.6078074e-01  -5.0897595e-01  -8.6078074e-01
  5.0942538e-01   8.6051484e-01  -5.0942538e-01  -8.6051484e-01
  5.0987310e-01   8.6024963e-01  -5.0987310e-01  -8.6024963e-01
  5.1031924e-01   8.5998504e-01  -5.1031924e-01  -8.5998504e-01
  5.1076390e-01   8.5972102e-01  -5.1076390e-01  -8.5972102e-01
  5.1120719e-01   8.5945751e-01  -5.1120719e-01  -8.5945751e-01
  5.1164919e-01   8.5919445e-01  -5.1164919e-01  -8.5919445e-01
  5.1209001e-01   8.5893179e-01  -5.1209001e-01  -8.5893179e-01
  5.1252972e-01   8.5866949e-01  -5.1252972e-01  -8.5866949e-01
  5.1296840e-01   8.5840749e-01  -5.1296840e-01  -8.5840749e-01
  5.1340612e-01   8.5814577e-01  -5.1340612e-01  -8.5814577e-01
  5.1384294e-01   8.5788427e-01  -5.1384294e-01  -8.5788427e-01
  5.1427894e-01   8.5762298e-01  -5.1427894e-01  -8.5762298e-01
  5.1471416e-01   8.5736185e-01  -5.1471416e-01  -8.5736185e-01
  5.1514865e-01   8.5710085e-01  -5.1514865e-01  -8.5710085e-01
  5.1558246e-01   8.5683996e-01  -5.1558246e-01  -8.5683996e-01
  5.1601563e-01   8.5657917e-01  -5.1601563e-01  -8.5657917e-01
  5.1644820e-01   8.5631843e-01  -5.1644820e-01  -8.5631843e-01
  5.1688019e-01   8.5605775e-01  -5.1688019e-01  -8.5605775e-01
  5.1731162e-01   8.5579710e-01  -5.1731162e-01  -8.5579710e-01
  5.1774254e-01   8.5553648e-01  -5.1774254e-01  -8.5553648e-01
  5.1817294e-01   8.5527587e-01  -5.1817294e-01  -8.5527587e-01
  5.1860284e-01   8.5501526e-01  -5.1860284e-01  -8.5501526e-01
  5.1903225e-01   8.5475465e-01  -5.1903225e-01  -8.5475465e-01
  5.1946118e-01   8.5449405e-01  -5.1946118e-01  -8.5449405e-01
  5.1988963e-01   8.5423344e-01  -5.1988963e-01  -8.5423344e-01
  5.2031760e-01   8.5397283e-01  -5.2031760e-01  -8.5397283e-01
  5.2074510e-01   8.5371221e-01  -5.2074510e-01  -8.5371221e-01
  5.2117216e-01   8.5345157e-01  -5.2117216e-01  -8.5345157e-01
  5.2159879e-01   8.5319089e-01  -5.2159879e-01  -8.5319089e-01
  5.2202501e-01   8.5293018e-01  -5.2202501e-01  -8.5293018e-01
  5.2245086e-01   8.5266940e-01  -5.2245086e-01  -8.5266940e-01
  5.2287636e-01   8.5240853e-01  -5.2287636e-01  -8.5240853e-01
  5.2330155e-01   8.5214757e-01  -5.2330155e-01  -8.5214757e-01
  5.2372648e-01   8.5188648e-01  -5.2372648e-01  -8.5188648e-01
  5.2415118e-01   8.5162524e-01  -5.2415118e-01  -8.5162524e-01
  5.2457570e-01   8.5136381e-01  -5.2457570e-01  -8.5136381e-01
  5.2500009e-01   8.5110217e-01  -5.2500009e-01  -8.5110217e-01
  5.2542442e-01   8.5084028e-01  -5.2542442e-01  -8.5084028e-01
  5.2584874e-01   8.5057810e-01  -5.2584874e-01  -8.5057810e-01
  5.2627311e-01   8.5031560e-01  -5.2627311e-01  -8.5031560e-01
  5.2669761e-01   8.5005272e-01  -5.2669761e-01  -8.5005272e-01
  5.2712230e-01   8.4978943e-01  -5.2712230e-01  -8.4978943e-01
  5.2754727e-01   8.4952568e-01  -5.2754727e-01  -8.4952568e-01
  5.2797260e-01   8.4926140e-01  -5.2797260e-01  -8.4926140e-01
  5.2839838e-01   8.4899656e-01  -5.2839838e-01  -8.4899656e-01
  5.2882469e-01   8.4873108e-01  -5.2882469e-01  -8.4873108e-01
  5.2925164e-01   8.4846491e-01  -5.2925164e-01  -8.4846491e-01
  5.2967932e-01   8.4819798e-01  -5.2967932e-01  -8.4819798e-01
  5.3010785e-01   8.4793023e-01  -5.3010785e-01  -8.4793023e-01
  5.3053734e-01   8.4766157e-01  -5.3053734e-01  -8.4766157e-01
  5.3096791e-01   8.4739193e-01  -5.3096791e-01  -8.4739193e-01
  5.3139969e-01   8.4712123e-01  -5.3139969e-01  -8.4712123e-01
  5.3183281e-01   8.4684937e-01  -5.3183281e-01  -8.4684937e-01
  5.3226742e-01   8.4657628e-01  -5.3226742e-01  -8.4657628e-01
  5.3270366e-01   8.4630184e-01  -5.3270366e-01  -8.4630184e-01
  5.3314169e-01   8.4602596e-01  -5.3314169e-01  -8.4602596e-01
  5.3358169e-01   8.4574853e-01  -5.3358169e-01  -8.4574853e-01
  5.3402383e-01   8.4546942e-01  -5.3402383e-01  -8.4546942e-01
  5.3446830e-01   8.4518852e-01  -5.3446830e-01  -8.4518852e-01
  5.3491530e-01   8.4490569e-01  -5.3491530e-01  -8.4490569e-01
  5.3536505e-01   8.4462078e-01  -5.3536505e-01  -8.4462078e-01
  5.3581777e-01   8.4433366e-01  -5.3581777e-01  -8.4433366e-01
  5.3627370e-01   8.4404414e-01  -5.3627370e-01  -8.4404414e-01
  5.3673312e-01   8.4375207e-01  -5.3673312e-01  -8.4375207e-01
  5.3719630e-01   8.4345725e-01  -5.3719630e-01  -8.4345725e-01
  5.3766353e-01   8.4315949e-01  -5.3766353e-01  -8.4315949e-01
  5.3813515e-01   8.4285857e-01  -5.3813515e-01  -8.4285857e-01
  5.3861150e-01   8.4255424e-01  -5.3861150e-01  -8.4255424e-01
  5.3909296e-01   8.4224627e-01  -5.3909296e-01  -8.4224627e-01
  5.3957994e-01   8.4193438e-01  -5.3957994e-01  -8.4193438e-01
  5.4007288e-01   8.4161825e-01  -5.4007288e-01  -8.4161825e-01
  5.4057228e-01   8.4129758e-01  -5.4057228e-01  -8.4129758e-01
  5.4107866e-01   8.4097199e-01  -5.4107866e-01  -8.4097199e-01
  5.4159261e-01   8.4064109e-01  -5.4159261e-01  -8.4064109e-01
  5.4211477e-01   8.4030445e-01  -5.4211477e-01  -8.4030445e-01
  5.4264587e-01   8.3996158e-01  -5.4264587e-01  -8.3996158e-01
  5.4318669e-01   8.3961195e-01  -5.4318669e-01  -8.3961195e-01
  5.4373812e-01   8.3925494e-01  -5.4373812e-01  -8.3925494e-01
  5.4430115e-01   8.3888990e-01  -5.4430115e-01  -8.3888990e-01
  5.4487691e-01   8.3851604e-01  -5.4487691e-01  -8.3851604e-01
  5.4546667e-01   8.3813251e-01  -5.4546667e-01  -8.3813251e-01
  5.4607189e-01   8.3773832e-01  -5.4607189e-01  -8.3773832e-01
  5.4669424e-01   8.3733231e-01  -5.4669424e-01  -8.3733231e-01
  5.4733567e-01   8.3691318e-01  -5.4733567e-01  -8.3691318e-01
  5.4799843e-01   8.3647936e-01  -5.4799843e-01  -8.3647936e-01
  5.4868521e-01   8.3602903e-01  -5.4868521e-01  -8.3602903e-01
  5.4939921e-01   8.3556000e-01  -5.4939921e-01  -8.3556000e-01
  5.5014426e-01   8.3506963e-01  -5.5014426e-01  -8.3506963e-01
  5.5092511e-01   8.3455468e-01  -5.5092511e-01  -8.3455468e-01
  5.5174763e-01   8.3401113e-01  -5.5174763e-01  -8.3401113e-01
  5.5261925e-01   8.3343384e-01  -5.5261925e-01  -8.3343384e-01
  5.5354964e-01   8.3281618e-01  -5.5354964e-01  -8.3281618e-01
  5.5455166e-01   8.3214930e-01  -5.5455166e-01  -8.3214930e-01
  5.5564299e-01   8.3142099e-01  -5.5564299e-01  -8.3142099e-01
  5.5684903e-01   8.3061372e-01  -5.5684903e-01  -8.3061372e-01
  5.5820822e-01   8.2970090e-01  -5.5820822e-01  -8.2970090e-01
  5.5978329e-01   8.2863905e-01  -5.5978329e-01  -8.2863905e-01
  5.6168807e-01   8.2734909e-01  -5.6168807e-01  -8.2734909e-01
  5.6416794e-01   8.2566006e-01  -5.6416794e-01  -8.2566006e-01
  5.6796098e-01   8.2305548e-01  -5.6796098e-01  -8.2305548e-01
  4.6591604e-01   8.8482894e-01  -4.6591604e-01  -8.8482894e-01
  4.7193899e-01   8.8163121e-01  -4.7193899e-01  -8.8163121e-01
  4.7517329e-01   8.7989223e-01  -4.7517329e-01  -8.7989223e-01
  4.7750233e-01   8.7863048e-01  -4.7750233e-01  -8.7863048e-01
  4.7936555e-01   8.7761533e-01  -4.7936555e-01  -8.7761533e-01
  4.8094099e-01   8.7675296e-01  -4.8094099e-01  -8.7675296e-01
  4.8231962e-01   8.7599531e-01  -4.8231962e-01  -8.7599531e-01
  4.8355450e-01   8.7531426e-01  -4.8355450e-01  -8.7531426e-01
  4.8467950e-01   8.7469182e-01  -4.8467950e-01  -8.7469182e-01
  4.8571762e-01   8.7411578e-01  -4.8571762e-01  -8.7411578e-01
  4.8668522e-01   8.7357741e-01  -4.8668522e-01  -8.7357741e-01
  4.8759441e-01   8.7307027e-01  -4.8759441e-01  -8.7307027e-01
  4.8845438e-01   8.7258943e-01  -4.8845438e-01  -8.7258943e-01
  4.8927234e-01   8.7213105e-01  -4.8927234e-01  -8.7213105e-01
  4.9005399e-01   8.7169208e-01  -4.9005399e-01  -8.7169208e-01
  4.9080397e-01   8.7127003e-01  -4.9080397e-01  -8.7127003e-01
  4.9152608e-01   8.7086285e-01  -4.9152608e-01  -8.7086285e-01
  4.9222350e-01   8.7046885e-01  -4.9222350e-01  -8.7046885e-01
  4.9289890e-01   8.7008659e-01  -4.9289890e-01  -8.7008659e-01
  4.9355456e-01   8.6971484e-01  -4.9355456e-01  -8.6971484e-01
  4.9419241e-01   8.6935255e-01  -4.9419241e-01  -8.6935255e-01
  4.9481416e-01   8.6899882e-01  -4.9481416e-01  -8.6899882e-01
  4.9542127e-01   8.6865285e-01  -4.9542127e-01  -8.6865285e-01
  4.9601504e-01   8.6831393e-01  -4.9601504e-01  -8.6831393e-01
  4.9659661e-01   8.6798146e-01  -4.9659661e-01  -8.6798146e-01
  4.9716699e-01   8.6765488e-01  -4.9716699e-01  -8.6765488e-01
  4.9772708e-01   8.6733370e-01  -4.9772708e-01  -8.6733370e-01
  4.9827770e-01   8.6701749e-01  -4.9827770e-01  -8.6701749e-01
  4.9881957e-01   8.6670585e-01  -4.9881957e-01  -8.6670585e-01
  4.9935336e-01   8.6639842e-01  -4.9935336e-01  -8.6639842e-01
  4.9987965e-01   8.6609487e-01  -4.9987965e-01  -8.6609487e-01
  5.0039900e-01   8.6579492e-01  -5.0039900e-01  -8.6579492e-01
  5.0091190e-01   8.6549828e-01  -5.0091190e-01  -8.6549828e-01
  5.0141881e-01   8.6520470e-01  -5.0141881e-01  -8.6520470e-01
  5.0192014e-01   8.6491397e-01  -5.0192014e-01  -8.6491397e-01
  5.0241627e-01   8.6462587e-01  -5.0241627e-01  -8.6462587e-01
  5.0290756e-01   8.6434020e-01  -5.0290756e-01  -8.6434020e-01
  5.0339435e-01   8.6405679e-01  -5.0339435e-01  -8.6405679e-01
  5.0387692e-01   8.6377546e-01  -5.0387692e-01  -8.6377546e-01
  5.0435558e-01   8.6349606e-01  -5.0435558e-01  -8.6349606e-01
  5.0483056e-01   8.6321846e-01  -5.0483056e-01  -8.6321846e-01
  5.0530213e-01   8.6294250e-01  -5.0530213e-01  -8.6294250e-01
  5.0577050e-01   8.6266807e-01  -5.0577050e-01  -8.6266807e-01
  5.0623590e-01   8.6239505e-01  -5.0623590e-01  -8.6239505e-01
  5.0669851e-01   8.6212332e-01  -5.0669851e-01  -8.6212332e-01
  5.0715853e-01   8.6185279e-01  -5.0715853e-01  -8.6185279e-01
  5.0761612e-01   8.6158335e-01  -5.0761612e-01  -8.6158335e-01
  5.0807146e-01   8.6131492e-01  -5.0807146e-01  -8.6131492e-01
  5.0852468e-01   8.6104741e-01  -5.0852468e-01  -8.6104741e-01
  5.0897595e-01   8.6078074e-01  -5.0897595e-01  -8.6078074e-01
  5.0942538e-01   8.6051484e-01  -5.0942538e-01  -8.6051484e-01
  5.0987310e-01   8.6024963e-01  -5.0987310e-01  -8.6024963e-01
  5.1031924e-01   8.5998504e-01  -5.1031924e-01  -8.5998504e-01
  5.1076390e-01   8.5972102e-01  -5.1076390e-01  -8.5972102e-01
  5.1120719e-01   8.5945751e-01  -5.1120719e-01  -8.5945751e-01
  5.1164919e-01   8.5919445e-01  -5.1164919e-01  -8.5919445e-01
  5.1209001e-01   8.5893179e-01  -5.1209001e-01  -8.5893179e-01
  5.1252972e-01   8.5866949e-01  -5.1252972e-01  -8.5866949e-01
  5.1296840e-01   8.5840749e-01  -5.1296840e-01  -8.5840749e-01
  5.1340612e-01   8.5814577e-01  -5.1340612e-01  -8.5814577e-01
  5.1384294e-01   8.5788427e-01  -5.1384294e-01  -8.5788427e-01
  5.1427894e-01   8.5762298e-01  -5.1427894e-01  -8.5762298e-01
  5.1471416e-01   8.5736185e-01  -5.1471416e-01  -8.5736185e-01
  5.1514865e-01   8.5710085e-01  -5.1514865e-01  -8.5710085e-01
  5.1558246e-01   8.5683996e-01  -5.1558246e-01  -8.5683996e-01
  5.1601563e-01   8.5657917e-01  -5.1601563e-01  -8.5657917e-01
  5.1644820e-01   8.5631843e-01  -5.1644820e-01  -8.5631843e-01
  5.1688019e-01   8.5605775e-01  -5.1688019e-01  -8.5605775e-01
  5.1731162e-01   8.5579710e-01  -5.1731162e-01  -8.5579710e-01
  5.1774254e-01   8.5553648e-01  -5.1774254e-01  -8.5553648e-01
  5.1817294e-01   8.5527587e-01  -5.1817294e-01  -8.5527587e-01
  5.1860284e-01   8.5501526e-01  -5.1860284e-01  -8.5501526e-01
  5.1903225e-01   8.5475465e-01  -5.1903225e-01  -8.5475465e-01
  5.1946118e-01   8.5449405e-01  -5.1946118e-01  -8.5449405e-01
  5.1988963e-01   8.5423344e-01  -5.1988963e-01  -8.5423344e-01
  5.2031760e-01   8.5397283e-01  -5.2031760e-01  -8.5397283e-01
  5.2074510e-01   8.5371221e-01  -5.2074510e-01  -8.5371221e-01
  5.2117216e-01   8.5345157e-01  -5.2117216e-01  -8.5345157e-01
  5.2159879e-01   8.5319089e-01  -5.2159879e-01  -8.5319089e-01
  5.2202501e-01   8.5293018e-01  -5.2202501e-01  -8.5293018e-01
  5.2245086e-01   8.5266940e-01  -5.2245086e-01  -8.5266940e-01
  5.2287636e-01   8.5240853e-01  -5.2287636e-01  -8.5240853e-01
  5.2330155e-01   8.5214757e-01  -5.2330155e-01  -8.5214757e-01
  5.2372648e-01   8.5188648e-01  -5.2372648e-01  -8.5188648e-01
  5.2415118e-01   8.5162524e-01  -5.2415118e-01  -8.5162524e-01
  5.2457570e-01   8.5136381e-01  -5.2457570e-01  -8.5136381e-01
  5.2500009e-01   8.5110217e-01  -5.2500009e-01  -8.5110217e-01
  5.2542442e-01   8.5084028e-01  -5.2542442e-01  -8.5084028e-01
  5.2584874e-01   8.5057810e-01  -5.2584874e-01  -8.5057810e-01
  5.2627311e-01   8.5031560e-01  -5.2627311e-01  -8.5031560e-01
  5.2669761e-01   8.5005272e-01  -5.2669761e-01  -8.5005272e-01
  5.2712230e-01   8.4978943e-01  -5.2712230e-01  -8.4978943e-01
  5.2754727e-01   8.4952568e-01  -5.2754727e-01  -8.4952568e-01
  5.2797260e-01   8.4926140e-01  -5.2797260e-01  -8.4926140e-01
  5.2839838e-01   8.4899656e-01  -5.2839838e-01  -8.4899656e-01
  5.2882469e-01   8.4873108e-01  -5.2882469e-01  -8.4873108e-01
  5.2925164e-01   8.4846491e-01  -5.2925164e-01  -8.4846491e-01
  5.2967932e-01   8.4819798e-01  -5.2967932e-01  -8.4819798e-01
  5.3010785e-01   8.4793023e-01  -5.3010785e-01  -8.4793023e-01
  5.3053734e-01   8.4766157e-01  -5.3053734e-01  -8.4766157e-01
  5.3096791e-01   8.4739193e-01  -5.3096791e-01  -8.4739193e-01
  5.3139969e-01   8.4712123e-01  -5.3139969e-01  -8.4712123e-01
  5.3183281e-01   8.4684937e-01  -5.3183281e-01  -8.4684937e-01
  5.3226742e-01   8.4657628e-01  -5.3226742e-01  -8.4657628e-01
  5.3270366e-01   8.4630184e-01  -5.3270366e-01  -8.4630184e-01
  5.3314169e-01   8.4602596e-01  -5.3314169e-01  -8.4602596e-01
  5.3358169e-01   8.4574853e-01  -5.3358169e-01  -8.4574853e-01
  5.3402383e-01   8.4546942e-01  -5.3402383e-01  -8.4546942e-01
  5.3446830e-01   8.4518852e-01  -5.3446830e-01  -8.4518852e-01
  5.3491530e-01   8.4490569e-01  -5.3491530e-01  -8.4490569e-01
  5.3536505e-01   8.4462078e-01  -5.3536505e-01  -8.4462078e-01
  5.3581777e-01   8.4433366e-01  -5.3581777e-01  -8.4433366e-01
  5.3627370e-01   8.4404414e-01  -5.3627370e-01  -8.4404414e-01
  5.3673312e-01   8.4375207e-01  -5.3673312e-01  -8.4375207e-01
  5.3719630e-01   8.4345725e-01  -5.3719630e-01  -8.4345725e-01
  5.3766353e-01   8.4315949e-01  -5.3766353e-01  -8.4315949e-01
  5.3813515e-01   8.4285857e-01  -5.3813515e-01  -8.4285857e-01
  5.3861150e-01   8.4255424e-01  -5.3861150e-01  -8.4255424e-01
  5.3909296e-01   8.4224627e-01  -5.3909296e-01  -8.4224627e-01
  5.3957994e-01   8.4193438e-01  -5.3957994e-01  -8.4193438e-01
  5.4007288e-01   8.4161825e-01  -5.4007288e-01  -8.4161825e-01
  5.4057228e-01   8.4129758e-01  -5.4057228e-01  -8.4129758e-01
  5.4107866e-01   8.4097199e-01  -5.4107866e-01  -8.4097199e-01
  5.4159261e-01   8.4064109e-01  -5.4159261e-01  -8.4064109e-01
  5.4211477e-01   8.4030445e-01  -5.4211477e-01  -8.4030445e-01
  5.4264587e-01   8.3996158e-01  -5.4264587e-01  -8.3996158e-01
  5.4318669e-01   8.3961195e-01  -5.4318669e-01  -8.3961195e-01
  5.4373812e-01   8.3925494e-01  -5.4373812e-01  -8.3925494e-01
  5.4430115e-01   8.3888990e-01  -5.4430115e-01  -8.3888990e-01
  5.4487691e-01   8.3851604e-01  -5.4487691e-01  -8.3851604e-01
  5.4546667e-01   8.3813251e-01  -5.4546667e-01  -8.3813251e-01
  5.4607189e-01   8.3773832e-01  -5.4607189e-01  -8.3773832e-01
  5.4669424e-01   8.3733231e-01  -5.4669424e-01  -8.3733231e-01
  5.4733567e-01   8.3691318e-01  -5.4733567e-01  -8.3691318e-01
  5.4799843e-01   8.3647936e-01  -5.4799843e-01  -8.3647936e-01
  5.4868521e-01   8.3602903e-01  -5.4868521e-01  -8.3602903e-01
  5.4939921e-01   8.3556000e-01  -5.4939921e-01  -8.3556000e-01
  5.5014426e-01   8.3506963e-01  -5.5014426e-01  -8.3506963e-01
  5.5092511e-01   8.3455468e-01  -5.5092511e-01  -8.3455468e-01
  5.5174763e-01   8.3401113e-01  -5.5174763e-01  -8.3401113e-01
  5.5261925e-01   8.3343384e-01  -5.5261925e-01  -8.3343384e-01
  5.5354964e-01   8.3281618e-01  -5.5354964e-01  -8.3281618e-01
  5.5455166e-01   8.3214930e-01  -5.5455166e-01  -8.3214930e-01
  5.5564299e-01   8.3142099e-01  -5.5564299e-01  -8.3142099e-01
  5.5684903e-01   8.3061372e-01  -5.5684903e-01  -8.3061372e-01
  5.5820822e-01   8.2970090e-01  -5.5820822e-01  -8.2970090e-01
  5.5978329e-01   8.2863905e-01  -5.5978329e-01  -8.2863905e-01
  5.6168807e-01   8.2734909e-01  -5.6168807e-01  -8.2734909e-01
  5.6416794e-01   8.2566006e-01  -5.6416794e-01  -8.2566006e-01
  5.6796098e-01   8.2305548e-01  -5.6796098e-01  -8.2305548e-01
  4.6591604e-01   8.8482894e-01  -4.6591604e-01  -8.8482894e-01
  4.7193899e-01   8.8163121e-01  -4.7193899e-01  -8.8163121e-01
  4.7517329e-01   8.7989223e-01  -4.7517329e-01  -8.7989223e-01
  4.7750233e-01   8.7863048e-01  -4.7750233e-01  -8.7863048e-01
  4.7936555e-01   8.7761533e-01  -4.7936555e-01  -8.7761533e-01
  4.8094099e-01   8.7675296e-01  -4.8094099e-01  -8.7675296e-01
  4.8231962e-01   8.7599531e-01  -4.8231962e-01  -8.7599531e-01
  4.8355450e-01   8.7531426e-01  -4.8355450e-01  -8.7531426e-01
  4.8467950e-01   8.7469182e-01  -4.8467950e-01  -8.7469182e-01
  4.8571762e-01   8.7411578e-01  -4.8571762e-01  -8.7411578e-01
  4.8668522e-01   8.7357741e-01  -4.8668522e-01  -8.7357741e-01
  4.8759441e-01   8.7307027e-01  -4.8759441e-01  -8.7307027e-01
  4.8845438e-01   8.7258943e-01  -4.8845438e-01  -8.7258943e-01
  4.8927234e-01   8.7213105e-01  -4.8927234e-01  -8.7213105e-01
  4.9005399e-01   8.7169208e-01  -4.9005399e-01  -8.7169208e-01
  4.9080397e-01   8.7127003e-01  -4.9080397e-01  -8.7127003e-01
  4.9152608e-01   8.7086285e-01  -4.9152608e-01  -8.7086285e-01
  4.9222350e-01   8.7046885e-01  -4.9222350e-01  -8.7046885e-01
  4.9289890e-01   8.7008659e-01  -4.9289890e-01  -8.7008659e-01
  4.9355456e-01   8.6971484e-01  -4.9355456e-01  -8.6971484e-01
  4.9419241e-01   8.6935255e-01  -4.9419241e-01  -8.6935255e-01
  4.9481416e-01   8.6899882e-01  -4.9481416e-01  -8.6899882e-01
  4.9542127e-01   8.6865285e-01  -4.9542127e-01  -8.6865285e-01
  4.9601504e-01   8.6831393e-01  -4.9601504e-01  -8.6831393e-01
  4.9659661e-01   8.6798146e-01  -4.9659661e-01  -8.6798146e-01
  4.9716699e-01   8.6765488e-01  -4.9716699e-01  -8.6765488e-01
  4.9772708e-01   8.6733370e-01  -4.9772708e-01  -8.6733370e-01
  4.9827770e-01   8.6701749e-01  -4.9827770e-01  -8.6701749e-01
  4.9881957e-01   8.6670585e-01  -4.9881957e-01  -8.6670585e-01
  4.9935336e-01   8.6639842e-01  -4.9935336e-01  -8.6639842e-01
  4.9987965e-01   8.6609487e-01  -4.9987965e-01  -8.6609487e-01
  5.0039900e-01   8.6579492e-01  -5.0039900e-01  -8.6579492e-01
  5.0091190e-01   8.6549828e-01  -5.0091190e-01  -8.6549828e-01
  5.0141881e-01   8.6520470e-01  -5.0141881e-01  -8.6520470e-01
  5.0192014e-01   8.6491397e-01  -5.0192014e-01  -8.6491397e-01
  5.0241627e-01   8.6462587e-01  -5.0241627e-01  -8.6462587e-01
  5.0290756e-01   8.6434020e-01  -5.0290756e-01  -8.6434020e-01
  5.0339435e-01   8.6405679e-01  -5.0339435e-01  -8.6405679e-01
  5.0387692e-01   8.6377546e-01  -5.0387692e-01  -8.6377546e-01
  5.0435558e-01   8.6349606e-01  -5.0435558e-01  -8.6349606e-01
  5.0483056e-01   8.6321846e-01  -5.0483056e-01  -8.6321846e-01
  5.0530213e-01   8.6294250e-01  -5.0530213e-01  -8.6294250e-01
  5.0577050e-01   8.6266807e-01  -5.0577050e-01  -8.6266807e-01
  5.0623590e-01   8.6239505e-01  -5.0623590e-01  -8.6239505e-01
  5.0669851e-01   8.6212332e-01  -5.0669851e-01  -8.6212332e-01
  5.0715853e-01   8.6185279e-01  -5.0715853e-01  -8.6185279e-01
  5.0761612e-01   8.6158335e-01  -5.0761612e-01  -8.6158335e-01
  5.0807146e-01   8.6131492e-01  -5.0807146e-01  -8.6131492e-01
  5.0852468e-01   8.6104741e-01  -5.0852468e-01  -8.6104741e-01
  5.0897595e-01   8.6078074e-01  -5.0897595e-01  -8.6078074e-01
  5.0942538e-01   8.6051484e-01  -5.0942538e-01  -8.6051484e-01
  5.0987310e-01   8.6024963e-01  -5.0987310e-01  -8.6024963e-01
  5.1031924e-01   8.5998504e-01  -5.1031924e-01  -8.5998504e-01
  5.1076390e-01   8.5972102e-01  -5.1076390e-01  -8.5972102e-01
  5.1120719e-01   8.5945751e-01  -5.1120719e-01  -8.5945751e-01
  5.1164919e-01   8.5919445e-01  -5.1164919e-01  -8.5919445e-01
  5.1209001e-01   8.5893179e-01  -5.1209001e-01  -8.5893179e-01
  5.1252972e-01   8.5866949e-01  -5.1252972e-01  -8.5866949e-01
  5.1296840e-01   8.5840749e-01  -5.1296840e-01  -8.5840749e-01
  5.1340612e-01   8.5814577e-01  -5.1340612e-01  -8.5814577e-01
  5.1384294e-01   8.5788427e-01  -5.1384294e-01  -8.5788427e-01
  5.1427894e-01   8.5762298e-01  -5.1427894e-01  -8.5762298e-01
  5.1471416e-01   8.5736185e-01  -5.1471416e-01  -8.5736185e-01
  5.1514865e-01   8.5710085e-01  -5.1514865e-01  -8.5710085e-01
  5.1558246e-01   8.5683996e-01  -5.1558246e-01  -8.5683996e-01
  5.1601563e-01   8.5657917e-01  -5.1601563e-01  -8.5657917e-01
  5.1644820e-01   8.5631843e-01  -5.1644820e-01  -8.5631843e-01
  5.1688019e-01   8.5605775e-01  -5.1688019e-01  -8.5605775e-01
  5.1731162e-01   8.5579710e-01  -5.1731162e-01  -8.5579710e-01
  5.1774254e-01   8.5553648e-01  -5.1774254e-01  -8.5553648e-01
  5.1817294e-01   8.5527587e-01  -5.1817294e-01  -8.5527587e-01
  5.1860284e-01   8.5501526e-01  -5.1860284e-01  -8.5501526e-01
  5.1903225e-01   8.5475465e-01  -5.1903225e-01  -8.5475465e-01
  5.1946118e-01   8.5449405e-01  -5.1946118e-01  -8.5449405e-01
  5.1988963e-01   8.5423344e-01  -5.1988963e-01  -8.5423344e-01
  5.2031760e-01   8.5397283e-01  -5.2031760e-01  -8.5397283e-01
  5.2074510e-01   8.5371221e-01  -5.2074510e-01  -8.5371221e-01
  5.2117216e-01   8.5345157e-01  -5.2117216e-01  -8.5345157e-01
  5.2159879e-01   8.5319089e-01  -5.2159879e-01  -8.5319089e-01
  5.2202501e-01   8.5293018e-01  -5.2202501e-01  -8.5293018e-01
  5.2245086e-01   8.5266940e-01  -5.2245086e-01  -8.5266940e-01
  5.2287636e-01   8.5240853e-01  -5.2287636e-01  -8.5240853e-01
  5.2330155e-01   8.5214757e-01  -5.2330155e-01  -8.5214757e-01
  5.2372648e-01   8.5188648e-01  -5.2372648e-01  -8.5188648e-01
  5.2415118e-01   8.5162524e-01  -5.2415118e-01  -8.5162524e-01
  5.2457570e-01   8.5136381e-01  -5.2457570e-01  -8.5136381e-01
  5.2500009e-01   8.5110217e-01  -5.2500009e-01  -8.5110217e-01
  5.2542442e-01   8.5084028e-01  -5.2542442e-01  -8.5084028e-01
  5.2584874e-01   8.5057810e-01  -5.2584874e-01  -8.5057810e-01
  5.2627311e-01   8.5031560e-01  -5.2627311e-01  -8.5031560e-01
  5.2669761e-01   8.5005272e-01  -5.2669761e-01  -8.5005272e-01
  5.2712230e-01   8.4978943e-01  -5.2712230e-01  -8.4978943e-01
  5.2754727e-01   8.4952568e-01  -5.2754727e-01  -8.4952568e-01
  5.2797260e-01   8.4926140e-01  -5.2797260e-01  -8.4926140e-01
  5.2839838e-01   8.4899656e-01  -5.2839838e-01  -8.4899656e-01
  5.2882469e-01   8.4873108e-01  -5.2882469e-01  -8.4873108e-01
  5.2925164e-01   8.4846491e-01  -5.2925164e-01  -8.4846491e-01
  5.2967932e-01   8.4819798e-01  -5.2967932e-01  -8.4819798e-01
  5.3010785e-01   8.4793023e-01  -5.3010785e-01  -8.4793023e-01
  5.3053734e-01   8.4766157e-01  -5.3053734e-01  -8.4766157e-01
  5.3096791e-01   8.4739193e-01  -5.3096791e-01  -8.4739193e-01
  5.3139969e-01   8.4712123e-01  -5.3139969e-01  -8.4712123e-01
  5.3183281e-01   8.4684937e-01  -5.3183281e-01  -8.4684937e-01
  5.3226742e-01   8.4657628e-01  -5.3226742e-01  -8.4657628e-01
  5.3270366e-01   8.4630184e-01  -5.3270366e-01  -8.4630184e-01
  5.3314169e-01   8.4602596e-01  -5.3314169e-01  -8.4602596e-01
  5.3358169e-01   8.4574853e-01  -5.3358169e-01  -8.4574853e-01
  5.3402383e-01   8.4546942e-01  -5.3402383e-01  -8.4546942e-01
  5.3446830e-01   8.4518852e-01  -5.3446830e-01  -8.4518852e-01
  5.3491530e-01   8.4490569e-01  -5.3491530e-01  -8.4490569e-01
  5.3536505e-01   8.4462078e-01  -5.3536505e-01  -8.4462078e-01
  5.3581777e-01   8.4433366e-01  -5.3581777e-01  -8.4433366e-01
  5.3627370e-01   8.4404414e-01  -5.3627370e-01  -8.4404414e-01
  5.3673312e-01   8.4375207e-01  -5.3673312e-01  -8.4375207e-01
  5.3719630e-01   8.4345725e-01  -5.3719630e-01  -8.4345725e-01
  5.3766353e-01   8.4315949e-01  -5.3766353e-01  -8.4315949e-01
  5.3813515e-01   8.4285857e-01  -5.3813515e-01  -8.4285857e-01
  5.3861150e-01   8.4255424e-01  -5.3861150e-01  -8.4255424e-01
  5.3909296e-01   8.4224627e-01  -5.3909296e-01  -8.4224627e-01
  5.3957994e-01   8.4193438e-01  -5.3957994e-01  -8.4193438e-01
  5.4007288e-01   8.4161825e-01  -5.4007288e-01  -8.4161825e-01
  5.4057228e-01   8.4129758e-01  -5.4057228e-01  -8.4129758e-01
  5.4107866e-01   8.4097199e-01  -5.4107866e-01  -8.4097199e-01
  5.4159261e-01   8.4064109e-01  -5.4159261e-01  -8.4064109e-01
  5.4211477e-01   8.4030445e-01  -5.4211477e-01  -8.4030445e-01
  5.4264587e-01   8.3996158e-01  -5.4264587e-01  -8.3996158e-01
  5.4318669e-01   8.3961195e-01  -5.4318669e-01  -8.3961195e-01
  5.4373812e-01   8.3925494e-01  -5.4373812e-01  -8.3925494e-01
  5.4430115e-01   8.3888990e-01  -5.4430115e-01  -8.3888990e-01
  5.4487691e-01   8.3851604e-01  -5.4487691e-01  -8.3851604e-01
  5.4546667e-01   8.3813251e-01  -5.4546667e-01  -8.3813251e-01
  5.4607189e-01   8.3773832e-01  -5.4607189e-01  -8.3773832e-01
  5.4669424e-01   8.3733231e-01  -5.4669424e-01  -8.3733231e-01
  5.4733567e-01   8.3691318e-01  -5.4733567e-01  -8.3691318e-01
  5.4799843e-01   8.3647936e-01  -5.4799843e-01  -8.3647936e-01
  5.4868521e-01   8.3602903e-01  -5.4868521e-01  -8.3602903e-01
  5.4939921e-01   8.3556000e-01  -5.4939921e-01  -8.3556000e-01
  5.5014426e-01   8.3506963e-01  -5.5014426e-01  -8.3506963e-01
  5.5092511e-01   8.3455468e-01  -5.5092511e-01  -8.3455468e-01
  5.5174763e-01   8.3401113e-01  -5.5174763e-01  -8.3401113e-01
  5.5261925e-01   8.3343384e-01  -5.5261925e-01  -8.3343384e-01
  5.5354964e-01   8.3281618e-01  -5.5354964e-01  -8.3281618e-01
  5.5455166e-01   8.3214930e-01  -5.5455166e-01  -8.3214930e-01
  5.5564299e-01   8.3142099e-01  -5.5564299e-01  -8.3142099e-01
  5.5684903e-01   8.3061372e-01  -5.5684903e-01  -8.3061372e-01
  5.5820822e-01   8.2970090e-01  -5.5820822e-01  -8.2970090e-01
  5.5978329e-01   8.2863905e-01  -5.5978329e-01  -8.2863905e-01
  5.6168807e-01   8.2734909e-01  -5.6168807e-01  -8.2734909e-01
  5.6416794e-01   8.2566006e-01  -5.6416794e-01  -8.2566006e-01
  5.6796098e-01   8.2305548e-01  -5.6796098e-01  -8.2305548e-01
  6.3738516e-01   7.7054536e-01  -6.3738516e-01  -7.7054536e-01
  6.4260877e-01   7.6619447e-01  -6.4260877e-01  -7.6619447e-01
  6.4540864e-01   7.6383747e-01  -6.4540864e-01  -7.6383747e-01
  6.4742252e-01   7.6213127e-01  -6.4742252e-01  -7.6213127e-01
  6.4903218e-01   7.6076095e-01  -6.4903218e-01  -7.6076095e-01
  6.5039224e-01   7.5959853e-01  -6.5039224e-01  -7.5959853e-01
  6.5158163e-01   7.5857853e-01  -6.5158163e-01  -7.5857853e-01
  6.5264641e-01   7.5766263e-01  -6.5264641e-01  -7.5766263e-01
  6.5361596e-01   7.5682638e-01  -6.5361596e-01  -7.5682638e-01
  6.5451021e-01   7.5605316e-01  -6.5451021e-01  -7.5605316e-01
  6.5534336e-01   7.5533111e-01  -6.5534336e-01  -7.5533111e-01
  6.5612590e-01   7.5465145e-01  -6.5612590e-01  -7.5465145e-01
  6.5686580e-01   7.5400751e-01  -6.5686580e-01  -7.5400751e-01
  6.5756929e-01   7.5339407e-01  -6.5756929e-01  -7.5339407e-01
  6.5824134e-01   7.5280697e-01  -6.5824134e-01  -7.5280697e-01
  6.5888594e-01   7.5224286e-01  -6.5888594e-01  -7.5224286e-01
  6.5950641e-01   7.5169894e-01  -6.5950641e-01  -7.5169894e-01
  6.6010548e-01   7.5117292e-01  -6.6010548e-01  -7.5117292e-01
  6.6068547e-01   7.5066285e-01  -6.6068547e-01  -7.5066285e-01
  6.6124834e-01   7.5016707e-01  -6.6124834e-01  -7.5016707e-01
  6.6179580e-01   7.4968415e-01  -6.6179580e-01  -7.4968415e-01
  6.6232930e-01   7.4921285e-01  -6.6232930e-01  -7.4921285e-01
  6.6285011e-01   7.4875212e-01  -6.6285011e-01  -7.4875212e-01
  6.6335936e-01   7.4830098e-01  -6.6335936e-01  -7.4830098e-01
  6.6385803e-01   7.4785862e-01  -6.6385803e-01  -7.4785862e-01
  6.6434699e-01   7.4742429e-01  -6.6434699e-01  -7.4742429e-01
  6.6482704e-01   7.4699732e-01  -6.6482704e-01  -7.4699732e-01
  6.6529887e-01   7.4657713e-01  -6.6529887e-01  -7.4657713e-01
  6.6576312e-01   7.4616317e-01  -6.6576312e-01  -7.4616317e-01
  6.6622035e-01   7.4575495e-01  -6.6622035e-01  -7.4575495e-01
  6.6667108e-01   7.4535205e-01  -6.6667108e-01  -7.4535205e-01
  6.6711578e-01   7.4495405e-01  -6.6711578e-01  -7.4495405e-01
  6.6755488e-01   7.4456060e-01  -6.6755488e-01  -7.4456060e-01
  6.6798878e-01   7.4417135e-01  -6.6798878e-01  -7.4417135e-01
  6.6841783e-01   7.4378599e-01  -6.6841783e-01  -7.4378599e-01
  6.6884238e-01   7.4340424e-01  -6.6884238e-01  -7.4340424e-01
  6.6926272e-01   7.4302585e-01  -6.6926272e-01  -7.4302585e-01
  6.6967915e-01   7.4265055e-01  -6.6967915e-01  -7.4265055e-01
  6.7009191e-01   7.4227813e-01  -6.7009191e-01  -7.4227813e-01
  6.7050127e-01   7.4190838e-01  -6.7050127e-01  -7.4190838e-01
  6.7090745e-01   7.4154110e-01  -6.7090745e-01  -7.4154110e-01
  6.7131065e-01   7.4117610e-01  -6.7131065e-01  -7.4117610e-01
  6.7171107e-01   7.4081322e-01  -6.7171107e-01  -7.4081322e-01
  6.7210891e-01   7.4045230e-01  -6.7210891e-01  -7.4045230e-01
  6.7250433e-01   7.4009319e-01  -6.7250433e-01  -7.4009319e-01
  6.7289750e-01   7.3973574e-01  -6.7289750e-01  -7.3973574e-01
  6.7328856e-01   7.3937982e-01  -6.7328856e-01  -7.3937982e-01
  6.7367765e-01   7.3902532e-01  -6.7367765e-01  -7.3902532e-01
  6.7406492e-01   7.3867211e-01  -6.7406492e-01  -7.3867211e-01
  6.7445049e-01   7.3832008e-01  -6.7445049e-01  -7.3832008e-01
  6.7483446e-01   7.3796914e-01  -6.7483446e-01  -7.3796914e-01
  6.7521696e-01   7.3761918e-01  -6.7521696e-01  -7.3761918e-01
  6.7559809e-01   7.3727012e-01  -6.7559809e-01  -7.3727012e-01
  6.7597793e-01   7.3692186e-01  -6.7597793e-01  -7.3692186e-01
  6.7635659e-01   7.3657434e-01  -6.7635659e-01  -7.3657434e-01
  6.7673415e-01   7.3622747e-01  -6.7673415e-01  -7.3622747e-01
  6.7711068e-01   7.3588119e-01  -6.7711068e-01  -7.3588119e-01
  6.7748627e-01   7.3553542e-01  -6.7748627e-01  -7.3553542e-01
  6.7786097e-01   7.3519012e-01  -6.7786097e-01  -7.3519012e-01
  6.7823485e-01   7.3484521e-01  -6.7823485e-01  -7.3484521e-01
  6.7860798e-01   7.3450065e-01  -6.7860798e-01  -7.3450065e-01
  6.7898041e-01   7.3415639e-01  -6.7898041e-01  -7.3415639e-01
  6.7935218e-01   7.3381238e-01  -6.7935218e-01  -7.3381238e-01
  6.7972334e-01   7.3346859e-01  -6.7972334e-01  -7.3346859e-01
  6.8009394e-01   7.3312497e-01  -6.8009394e-01  -7.3312497e-01
  6.8046401e-01   7.3278150e-01  -6.8046401e-01  -7.3278150e-01
  6.8083359e-01   7.3243814e-01  -6.8083359e-01  -7.3243814e-01
  6.8120270e-01   7.3209486e-01  -6.8120270e-01  -7.3209486e-01
  6.8157137e-01   7.3175165e-01  -6.8157137e-01  -7.3175165e-01
  6.8193962e-01   7.3140848e-01  -6.8193962e-01  -7.3140848e-01
  6.8230746e-01   7.3106534e-01  -6.8230746e-01  -7.3106534e-01
  6.8267492e-01   7.3072221e-01  -6.8267492e-01  -7.3072221e-01
  6.8304200e-01   7.3037909e-01  -6.8304200e-01  -7.3037909e-01
  6.8340871e-01   7.3003598e-01  -6.8340871e-01  -7.3003598e-01
  6.8377505e-01   7.2969286e-01  -6.8377505e-01  -7.2969286e-01
  6.8414103e-01   7.2934975e-01  -6.8414103e-01  -7.2934975e-01
  6.8450664e-01   7.2900662e-01  -6.8450664e-01  -7.2900662e-01
  6.8487191e-01   7.2866348e-01  -6.8487191e-01  -7.2866348e-01
  6.8523683e-01   7.2832032e-01  -6.8523683e-01  -7.2832032e-01
  6.8560144e-01   7.2797711e-01  -6.8560144e-01  -7.2797711e-01
  6.8596574e-01   7.2763384e-01  -6.8596574e-01  -7.2763384e-01
  6.8632977e-01   7.2729048e-01  -6.8632977e-01  -7.2729048e-01
  6.8669355e-01   7.2694702e-01  -6.8669355e-01  -7.2694702e-01
  6.8705711e-01   7.2660342e-01  -6.8705711e-01  -7.2660342e-01
  6.8742048e-01   7.2625965e-01  -6.8742048e-01  -7.2625965e-01
  6.8778371e-01   7.2591567e-01  -6.8778371e-01  -7.2591567e-01
  6.8814683e-01   7.2557145e-01  -6.8814683e-01  -7.2557145e-01
  6.8850990e-01   7.2522694e-01  -6.8850990e-01  -7.2522694e-01
  6.8887295e-01   7.2488210e-01  -6.8887295e-01  -7.2488210e-01
  6.8923604e-01   7.2453687e-01  -6.8923604e-01  -7.2453687e-01
  6.8959923e-01   7.2419121e-01  -6.8959923e-01  -7.2419121e-01
  6.8996257e-01   7.2384504e-01  -6.8996257e-01  -7.2384504e-01
  6.9032614e-01   7.2349832e-01  -6.9032614e-01  -7.2349832e-01
  6.9068999e-01   7.2315098e-01  -6.9068999e-01  -7.2315098e-01
  6.9105420e-01   7.2280294e-01  -6.9105420e-01  -7.2280294e-01
  6.9141885e-01   7.2245414e-01  -6.9141885e-01  -7.2245414e-01
  6.9178401e-01   7.2210448e-01  -6.9178401e-01  -7.2210448e-01
  6.9214977e-01   7.2175390e-01  -6.9214977e-01  -7.2175390e-01
  6.9251623e-01   7.2140229e-01  -6.9251623e-01  -7.2140229e-01
  6.9288347e-01   7.2104958e-01  -6.9288347e-01  -7.2104958e-01
  6.9325160e-01   7.2069565e-01  -6.9325160e-01  -7.2069565e-01
  6.9362073e-01   7.2034040e-01  -6.9362073e-01  -7.2034040e-01
  6.9399096e-01   7.1998371e-01  -6.9399096e-01  -7.1998371e-01
  6.9436241e-01   7.1962548e-01  -6.9436241e-01  -7.1962548e-01
  6.9473522e-01   7.1926558e-01  -6.9473522e-01  -7.1926558e-01
  6.9510951e-01   7.1890387e-01  -6.9510951e-01  -7.1890387e-01
  6.9548543e-01   7.1854020e-01  -6.9548543e-01  -7.1854020e-01
  6.9586312e-01   7.1817444e-01  -6.9586312e-01  -7.1817444e-01
  6.9624274e-01   7.1780641e-01  -6.9624274e-01  -7.1780641e-01
  6.9662447e-01   7.1743595e-01  -6.9662447e-01  -7.1743595e-01
  6.9700848e-01   7.1706288e-01  -6.9700848e-01  -7.1706288e-01
  6.9739497e-01   7.1668700e-01  -6.9739497e-01  -7.1668700e-01
  6.9778413e-01   7.1630811e-01  -6.9778413e-01  -7.1630811e-01
  6.9817620e-01   7.1592597e-01  -6.9817620e-01  -7.1592597e-01
  6.9857140e-01   7.1554035e-01  -6.9857140e-01  -7.1554035e-01
  6.9897000e-01   7.1515099e-01  -6.9897000e-01  -7.1515099e-01
  6.9937225e-01   7.1475762e-01  -6.9937225e-01  -7.1475762e-01
  6.9977846e-01   7.1435993e-01  -6.9977846e-01  -7.1435993e-01
  7.0018894e-01   7.1395760e-01  -7.0018894e-01  -7.1395760e-01
  7.0060403e-01   7.1355027e-01  -7.0060403e-01  -7.1355027e-01
  7.0102413e-01   7.1313756e-01  -7.0102413e-01  -7.1313756e-01
  7.0144962e-01   7.1271904e-01  -7.0144962e-01  -7.1271904e-01
  7.0188097e-01   7.1229425e-01  -7.0188097e-01  -7.1229425e-01
  7.0231866e-01   7.1186269e-01  -7.0231866e-01  -7.1186269e-01
  7.0276324e-01   7.1142380e-01  -7.0276324e-01  -7.1142380e-01
  7.0321531e-01   7.1097695e-01  -7.0321531e-01  -7.1097695e-01
  7.0367554e-01   7.1052145e-01  -7.0367554e-01  -7.1052145e-01
  7.0414467e-01   7.1005653e-01  -7.0414467e-01  -7.1005653e-01
  7.0462355e-01   7.0958132e-01  -7.0462355e-01  -7.0958132e-01
  7.0511311e-01   7.0909485e-01  -7.0511311e-01  -7.0909485e-01
  7.0561443e-01   7.0859599e-01  -7.0561443e-01  -7.0859599e-01
  7.0612874e-01   7.0808347e-01  -7.0612874e-01  -7.0808347e-01
  7.0665744e-01   7.0755584e-01  -7.0665744e-01  -7.0755584e-01
  7.0720217e-01   7.0701138e-01  -7.0720217e-01  -7.0701138e-01
  7.0776483e-01   7.0644812e-01  -7.0776483e-01  -7.0644812e-01
  7.0834768e-01   7.0586370e-01  -7.0834768e-01  -7.0586370e-01
  7.0895340e-01   7.0525533e-01  -7.0895340e-01  -7.0525533e-01
  7.0958524e-01   7.0461961e-01  -7.0958524e-01  -7.0461961e-01
  7.1024716e-01   7.0395239e-01  -7.1024716e-01  -7.0395239e-01
  7.1094411e-01   7.0324852e-01  -7.1094411e-01  -7.0324852e-01
  7.1168234e-01   7.0250142e-01  -7.1168234e-01  -7.0250142e-01
  7.1246997e-01   7.0170260e-01  -7.1246997e-01  -7.0170260e-01
  7.1331780e-01   7.0084072e-01  -7.1331780e-01  -7.0084072e-01
  7.1424070e-01   6.9990015e-01  -7.1424070e-01  -6.9990015e-01
  7.1525997e-01   6.9885848e-01  -7.1525997e-01  -6.9885848e-01
  7.1640790e-01   6.9768168e-01  -7.1640790e-01  -6.9768168e-01
  7.1773711e-01   6.9631418e-01  -7.1773711e-01  -6.9631418e-01
  7.1934309e-01   6.9465496e-01  -7.1934309e-01  -6.9465496e-01
  7.2143155e-01   6.9248576e-01  -7.2143155e-01  -6.9248576e-01
  7.2462070e-01   6.8914791e-01  -7.2462070e-01  -6.8914791e-01
  6.3738516e-01   7.7054536e-01  -6.3738516e-01  -7.7054536e-01
  6.4260877e-01   7.6619447e-01  -6.4260877e-01  -7.6619447e-01
  6.4540864e-01   7.6383747e-01  -6.4540864e-01  -7.6383747e-01
  6.4742252e-01   7.6213127e-01  -6.4742252e-01  -7.6213127e-01
  6.4903218e-01   7.6076095e-01  -6.4903218e-01  -7.6076095e-01
  6.5039224e-01   7.5959853e-01  -6.5039224e-01  -7.5959853e-01
  6.5158163e-01   7.5857853e-01  -6.5158163e-01  -7.5857853e-01
  6.5264641e-01   7.5766263e-01  -6.5264641e-01  -7.5766263e-01
  6.5361596e-01   7.5682638e-01  -6.5361596e-01  -7.5682638e-01
  6.5451021e-01   7.5605316e-01  -6.5451021e-01  -7.5605316e-01
  6.5534336e-01   7.5533111e-01  -6.5534336e-01  -7.5533111e-01
  6.5612590e-01   7.5465145e-01  -6.5612590e-01  -7.5465145e-01
  6.5686580e-01   7.5400751e-01  -6.5686580e-01  -7.5400751e-01
  6.5756929e-01   7.5339407e-01  -6.5756929e-01  -7.5339407e-01
  6.5824134e-01   7.5280697e-01  -6.5824134e-01  -7.5280697e-01
  6.5888594e-01   7.5224286e-01  -6.5888594e-01  -7.5224286e-01
  6.5950641e-01   7.5169894e-01  -6.5950641e-01  -7.5169894e-01
  6.6010548e-01   7.5117292e-01  -6.6010548e-01  -7.5117292e-01
  6.6068547e-01   7.5066285e-01  -6.6068547e-01  -7.5066285e-01
  6.6124834e-01   7.5016707e-01  -6.6124834e-01  -7.5016707e-01
  6.6179580e-01   7.4968415e-01  -6.6179580e-01  -7.4968415e-01
  6.6232930e-01   7.4921285e-01  -6.6232930e-01  -7.4921285e-01
  6.6285011e-01   7.4875212e-01  -6.6285011e-01  -7.4875212e-01
  6.6335936e-01   7.4830098e-01  -6.6335936e-01  -7.4830098e-01
  6.6385803e-01   7.4785862e-01  -6.6385803e-01  -7.4785862e-01
  6.6434699e-01   7.4742429e-01  -6.6434699e-01  -7.4742429e-01
  6.6482704e-01   7.4699732e-01  -6.6482704e-01  -7.4699732e-01
  6.6529887e-01   7.4657713e-01  -6.6529887e-01  -7.4657713e-01
  6.6576312e-01   7.4616317e-01  -6.6576312e-01  -7.4616317e-01
  6.6622035e-01   7.4575495e-01  -6.6622035e-01  -7.4575495e-01
  6.6667108e-01   7.4535205e-01  -6.6667108e-01  -7.4535205e-01
  6.6711578e-01   7.4495405e-01  -6.6711578e-01  -7.4495405e-01
  6.6755488e-01   7.4456060e-01  -6.6755488e-01  -7.4456060e-01
  6.6798878e-01   7.4417135e-01  -6.6798878e-01  -7.4417135e-01
  6.6841783e-01   7.4378599e-01  -6.6841783e-01  -7.4378599e-01
  6.6884238e-01   7.4340424e-01  -6.6884238e-01  -7.4340424e-01
  6.6926272e-01   7.4302585e-01  -6.6926272e-01  -7.4302585e-01
  6.6967915e-01   7.4265055e-01  -6.6967915e-01  -7.4265055e-01
  6.7009191e-01   7.4227813e-01  -6.7009191e-01  -7.4227813e-01
  6.7050127e-01   7.4190838e-01  -6.7050127e-01  -7.4190838e-01
  6.7090745e-01   7.4154110e-01  -6.7090745e-01  -7.4154110e-01
  6.7131065e-01   7.4117610e-01  -6.7131065e-01  -7.4117610e-01
  6.7171107e-01   7.4081322e-01  -6.7171107e-01  -7.4081322e-01
  6.7210891e-01   7.4045230e-01  -6.7210891e-01  -7.4045230e-01
  6.7250433e-01   7.4009319e-01  -6.7250433e-01  -7.4009319e-01
  6.7289750e-01   7.3973574e-01  -6.7289750e-01  -7.3973574e-01
  6.7328856e-01   7.3937982e-01  -6.7328856e-01  -7.3937982e-01
  6.7367765e-01   7.3902532e-01  -6.7367765e-01  -7.3902532e-01
  6.7406492e-01   7.3867211e-01  -6.7406492e-01  -7.3867211e-01
  6.7445049e-01   7.3832008e-01  -6.7445049e-01  -7.3832008e-01
  6.7483446e-01   7.3796914e-01  -6.7483446e-01  -7.3796914e-01
  6.7521696e-01   7.3761918e-01  -6.7521696e-01  -7.3761918e-01
  6.7559809e-01   7.3727012e-01  -6.7559809e-01  -7.3727012e-01
  6.7597793e-01   7.3692186e-01  -6.7597793e-01  -7.3692186e-01
  6.7635659e-01   7.3657434e-01  -6.7635659e-01  -7.3657434e-01
  6.7673415e-01   7.3622747e-01  -6.7673415e-01  -7.3622747e-01
  6.7711068e-01   7.3588119e-01  -6.7711068e-01  -7.3588119e-01
  6.7748627e-01   7.3553542e-01  -6.7748627e-01  -7.3553542e-01
  6.7786097e-01   7.3519012e-01  -6.7786097e-01  -7.3519012e-01
  6.7823485e-01   7.3484521e-01  -6.7823485e-01  -7.3484521e-01
  6.7860798e-01   7.3450065e-01  -6.7860798e-01  -7.3450065e-01
  6.7898041e-01   7.3415639e-01  -6.7898041e-01  -7.3415639e-01
  6.7935218e-01   7.3381238e-01  -6.7935218e-01  -7.3381238e-01
  6.7972334e-01   7.3346859e-01  -6.7972334e-01  -7.3346859e-01
  6.8009394e-01   7.3312497e-01  -6.8009394e-01  -7.3312497e-01
  6.8046401e-01   7.3278150e-01  -6.8046401e-01  -7.3278150e-01
  6.8083359e-01   7.3243814e-01  -6.8083359e-01  -7.3243814e-01
  6.8120270e-01   7.3209486e-01  -6.8120270e-01  -7.3209486e-01
  6.8157137e-01   7.3175165e-01  -6.8157137e-01  -7.3175165e-01
  6.8193962e-01   7.3140848e-01  -6.8193962e-01  -7.3140848e-01
  6.8230746e-01   7.3106534e-01  -6.8230746e-01  -7.3106534e-01
  6.8267492e-01   7.3072221e-01  -6.8267492e-01  -7.3072221e-01
  6.8304200e-01   7.3037909e-01  -6.8304200e-01  -7.3037909e-01
  6.8340871e-01   7.3003598e-01  -6.8340871e-01  -7.3003598e-01
  6.8377505e-01   7.2969286e-01  -6.8377505e-01  -7.2969286e-01
  6.8414103e-01   7.2934975e-01  -6.8414103e-01  -7.2934975e-01
  6.8450664e-01   7.2900662e-01  -6.8450664e-01  -7.2900662e-01
  6.8487191e-01   7.2866348e-01  -6.8487191e-01  -7.2866348e-01
  6.8523683e-01   7.2832032e-01  -6.8523683e-01  -7.2832032e-01
  6.8560144e-01   7.2797711e-01  -6.8560144e-01  -7.2797711e-01
  6.8596574e-01   7.2763384e-01  -6.8596574e-01  -7.2763384e-01
  6.8632977e-01   7.2729048e-01  -6.8632977e-01  -7.2729048e-01
  6.8669355e-01   7.2694702e-01  -6.8669355e-01  -7.2694702e-01
  6.8705711e-01   7.2660342e-01  -6.8705711e-01  -7.2660342e-01
  6.8742048e-01   7.2625965e-01  -6.8742048e-01  -7.2625965e-01
  6.8778371e-01   7.2591567e-01  -6.8778371e-01  -7.2591567e-01
  6.8814683e-01   7.2557145e-01  -6.8814683e-01  -7.2557145e-01
  6.8850990e-01   7.2522694e-01  -6.8850990e-01  -7.2522694e-01
  6.8887295e-01   7.2488210e-01  -6.8887295e-01  -7.2488210e-01
  6.8923604e-01   7.2453687e-01  -6.8923604e-01  -7.2453687e-01
  6.8959923e-01   7.2419121e-01  -6.8959923e-01  -7.2419121e-01
  6.8996257e-01   7.2384504e-01  -6.8996257e-01  -7.2384504e-01
  6.9032614e-01   7.2349832e-01  -6.9032614e-01  -7.2349832e-01
  6.9068999e-01   7.2315098e-01  -6.9068999e-01  -7.2315098e-01
  6.9105420e-01   7.2280294e-01  -6.9105420e-01  -7.2280294e-01
  6.9141885e-01   7.2245414e-01  -6.9141885e-01  -7.2245414e-01
  6.9178401e-01   7.2210448e-01  -6.9178401e-01  -7.2210448e-01
  6.9214977e-01   7.2175390e-01  -6.9214977e-01  -7.2175390e-01
  6.9251623e-01   7.2140229e-01  -6.9251623e-01  -7.2140229e-01
  6.9288347e-01   7.2104958e-01  -6.9288347e-01  -7.2104958e-01
  6.9325160e-01   7.2069565e-01  -6.9325160e-01  -7.2069565e-01
  6.9362073e-01   7.2034040e-01  -6.9362073e-01  -7.2034040e-01
  6.9399096e-01   7.1998371e-01  -6.9399096e-01  -7.1998371e-01
  6.9436241e-01   7.1962548e-01  -6.9436241e-01  -7.1962548e-01
  6.9473522e-01   7.1926558e-01  -6.9473522e-01  -7.1926558e-01
  6.9510951e-01   7.1890387e-01  -6.9510951e-01  -7.1890387e-01
  6.9548543e-01   7.1854020e-01  -6.9548543e-01  -7.1854020e-01
  6.9586312e-01   7.1817444e-01  -6.9586312e-01  -7.1817444e-01
  6.9624274e-01   7.1780641e-01  -6.9624274e-01  -7.1780641e-01
  6.9662447e-01   7.1743595e-01  -6.9662447e-01  -7.1743595e-01
  6.9700848e-01   7.1706288e-01  -6.9700848e-01  -7.1706288e-01
  6.9739497e-01   7.1668700e-01  -6.9739497e-01  -7.1668700e-01
  6.9778413e-01   7.1630811e-01  -6.9778413e-01  -7.1630811e-01
  6.9817620e-01   7.1592597e-01  -6.9817620e-01  -7.1592597e-01
  6.9857140e-01   7.1554035e-01  -6.9857140e-01  -7.1554035e-01
  6.9897000e-01   7.1515099e-01  -6.9897000e-01  -7.1515099e-01
  6.9937225e-01   7.1475762e-01  -6.9937225e-01  -7.1475762e-01
  6.9977846e-01   7.1435993e-01  -6.9977846e-01  -7.1435993e-01
  7.0018894e-01   7.1395760e-01  -7.0018894e-01  -7.1395760e-01
  7.0060403e-01   7.1355027e-01  -7.0060403e-01  -7.1355027e-01
  7.0102413e-01   7.1313756e-01  -7.0102413e-01  -7.1313756e-01
  7.0144962e-01   7.1271904e-01  -7.0144962e-01  -7.1271904e-01
  7.0188097e-01   7.1229425e-01  -7.0188097e-01  -7.1229425e-01
  7.0231866e-01   7.1186269e-01  -7.0231866e-01  -7.1186269e-01
  7.0276324e-01   7.1142380e-01  -7.0276324e-01  -7.1142380e-01
  7.0321531e-01   7.1097695e-01  -7.0321531e-01  -7.1097695e-01
  7.0367554e-01   7.1052145e-01  -7.0367554e-01  -7.1052145e-01
  7.0414467e-01   7.1005653e-01  -7.0414467e-01  -7.1005653e-01
  7.0462355e-01   7.0958132e-01  -7.0462355e-01  -7.0958132e-01
  7.0511311e-01   7.0909485e-01  -7.0511311e-01  -7.0909485e-01
  7.0561443e-01   7.0859599e-01  -7.0561443e-01  -7.0859599e-01
  7.0612874e-01   7.0808347e-01  -7.0612874e-01  -7.0808347e-01
  7.0665744e-01   7.0755584e-01  -7.0665744e-01  -7.0755584e-01
  7.0720217e-01   7.0701138e-01  -7.0720217e-01  -7.0701138e-01
  7.0776483e-01   7.0644812e-01  -7.0776483e-01  -7.0644812e-01
  7.0834768e-01   7.0586370e-01  -7.0834768e-01  -7.0586370e-01
  7.0895340e-01   7.0525533e-01  -7.0895340e-01  -7.0525533e-01
  7.0958524e-01   7.0461961e-01  -7.0958524e-01  -7.0461961e-01
  7.1024716e-01   7.0395239e-01  -7.1024716e-01  -7.0395239e-01
  7.1094411e-01   7.0324852e-01  -7.1094411e-01  -7.0324852e-01
  7.1168234e-01   7.0250142e-01  -7.1168234e-01  -7.0250142e-01
  7.1246997e-01   7.0170260e-01  -7.1246997e-01  -7.0170260e-01
  7.1331780e-01   7.0084072e-01  -7.1331780e-01  -7.0084072e-01
  7.1424070e-01   6.9990015e-01  -7.1424070e-01  -6.9990015e-01
  7.1525997e-01   6.9885848e-01  -7.1525997e-01  -6.9885848e-01
  7.1640790e-01   6.9768168e-01  -7.1640790e-01  -6.9768168e-01
  7.1773711e-01   6.9631418e-01  -7.1773711e-01  -6.9631418e-01
  7.1934309e-01   6.9465496e-01  -7.1934309e-01  -6.9465496e-01
  7.2143155e-01   6.9248576e-01  -7.2143155e-01  -6.9248576e-01
  7.2462070e-01   6.8914791e-01  -7.2462070e-01  -6.8914791e-01
  6.3738516e-01   7.7054536e-01  -6.3738516e-01  -7.7054536e-01
  6.4260877e-01   7.6619447e-01  -6.4260877e-01  -7.6619447e-01
  6.4540864e-01   7.6383747e-01  -6.4540864e-01  -7.6383747e-01
  6.4742252e-01   7.6213127e-01  -6.4742252e-01  -7.6213127e-01
  6.4903218e-01   7.6076095e-01  -6.4903218e-01  -7.6076095e-01
  6.5039224e-01   7.5959853e-01  -6.5039224e-01  -7.5959853e-01
  6.5158163e-01   7.5857853e-01  -6.5158163e-01  -7.5857853e-01
  6.5264641e-01   7.5766263e-01  -6.5264641e-01  -7.5766263e-01
  6.5361596e-01   7.5682638e-01  -6.5361596e-01  -7.5682638e-01
  6.5451021e-01   7.5605316e-01  -6.5451021e-01  -7.5605316e-01
  6.5534336e-01   7.5533111e-01  -6.5534336e-01  -7.5533111e-01
  6.5612590e-01   7.5465145e-01  -6.5612590e-01  -7.5465145e-01
  6.5686580e-01   7.5400751e-01  -6.5686580e-01  -7.5400751e-01
  6.5756929e-01   7.5339407e-01  -6.5756929e-01  -7.5339407e-01
  6.5824134e-01   7.5280697e-01  -6.5824134e-01  -7.5280697e-01
  6.5888594e-01   7.5224286e-01  -6.5888594e-01  -7.5224286e-01
  6.5950641e-01   7.5169894e-01  -6.5950641e-01  -7.5169894e-01
  6.6010548e-01   7.5117292e-01  -6.6010548e-01  -7.5117292e-01
  6.6068547e-01   7.5066285e-01  -6.6068547e-01  -7.5066285e-01
  6.6124834e-01   7.5016707e-01  -6.6124834e-01  -7.5016707e-01
  6.6179580e-01   7.4968415e-01  -6.6179580e-01  -7.4968415e-01
  6.6232930e-01   7.4921285e-01  -6.6232930e-01  -7.4921285e-01
  6.6285011e-01   7.4875212e-01  -6.6285011e-01  -7.4875212e-01
  6.6335936e-01   7.4830098e-01  -6.6335936e-01  -7.4830098e-01
  6.6385803e-01   7.4785862e-01  -6.6385803e-01  -7.4785862e-01
  6.6434699e-01   7.4742429e-01  -6.6434699e-01  -7.4742429e-01
  6.6482704e-01   7.4699732e-01  -6.6482704e-01  -7.4699732e-01
  6.6529887e-01   7.4657713e-01  -6.6529887e-01  -7.4657713e-01
  6.6576312e-01   7.4616317e-01  -6.6576312e-01  -7.4616317e-01
  6.6622035e-01   7.4575495e-01  -6.6622035e-01  -7.4575495e-01
  6.6667108e-01   7.4535205e-01  -6.6667108e-01  -7.4535205e-01
  6.6711578e-01   7.4495405e-01  -6.6711578e-01  -7.4495405e-01
  6.6755488e-01   7.4456060e-01  -6.6755488e-01  -7.4456060e-01
  6.6798878e-01   7.4417135e-01  -6.6798878e-01  -7.4417135e-01
  6.6841783e-01   7.4378599e-01  -6.6841783e-01  -7.4378599e-01
  6.6884238e-01   7.4340424e-01  -6.6884238e-01  -7.4340424e-01
  6.6926272e-01   7.4302585e-01  -6.6926272e-01  -7.4302585e-01
  6.6967915e-01   7.4265055e-01  -6.6967915e-01  -7.4265055e-01
  6.7009191e-01   7.4227813e-01  -6.7009191e-01  -7.4227813e-01
  6.7050127e-01   7.4190838e-01  -6.7050127e-01  -7.4190838e-01
  6.7090745e-01   7.4154110e-01  -6.7090745e-01  -7.4154110e-01
  6.7131065e-01   7.4117610e-01  -6.7131065e-01  -7.4117610e-01
  6.7171107e-01   7.4081322e-01  -6.7171107e-01  -7.4081322e-01
  6.7210891e-01   7.4045230e-01  -6.7210891e-01  -7.4045230e-01
  6.7250433e-01   7.4009319e-01  -6.7250433e-01  -7.4009319e-01
  6.7289750e-01   7.3973574e-01  -6.7289750e-01  -7.3973574e-01
  6.7328856e-01   7.3937982e-01  -6.7328856e-01  -7.3937982e-01
  6.7367765e-01   7.3902532e-01  -6.7367765e-01  -7.3902532e-01
  6.7406492e-01   7.3867211e-01  -6.7406492e-01  -7.3867211e-01
  6.7445049e-01   7.3832008e-01  -6.7445049e-01  -7.3832008e-01
  6.7483446e-01   7.3796914e-01  -6.7483446e-01  -7.3796914e-01
  6.7521696e-01   7.3761918e-01  -6.7521696e-01  -7.3761918e-01
  6.7559809e-01   7.3727012e-01  -6.7559809e-01  -7.3727012e-01
  6.7597793e-01   7.3692186e-01  -6.7597793e-01  -7.3692186e-01
  6.7635659e-01   7.3657434e-01  -6.7635659e-01  -7.3657434e-01
  6.7673415e-01   7.3622747e-01  -6.7673415e-01  -7.3622747e-01
  6.7711068e-01   7.3588119e-01  -6.7711068e-01  -7.3588119e-01
  6.7748627e-01   7.3553542e-01  -6.7748627e-01  -7.3553542e-01
  6.7786097e-01   7.3519012e-01  -6.7786097e-01  -7.3519012e-01
  6.7823485e-01   7.3484521e-01  -6.7823485e-01  -7.3484521e-01
  6.7860798e-01   7.3450065e-01  -6.7860798e-01  -7.3450065e-01
  6.7898041e-01   7.3415639e-01  -6.7898041e-01  -7.3415639e-01
  6.7935218e-01   7.3381238e-01  -6.7935218e-01  -7.3381238e-01
  6.7972334e-01   7.3346859e-01  -6.7972334e-01  -7.3346859e-01
  6.8009394e-01   7.3312497e-01  -6.8009394e-01  -7.3312497e-01
  6.8046401e-01   7.3278150e-01  -6.8046401e-01  -7.3278150e-01
  6.8083359e-01   7.3243814e-01  -6.8083359e-01  -7.3243814e-01
  6.8120270e-01   7.3209486e-01  -6.8120270e-01  -7.3209486e-01
  6.8157137e-01   7.3175165e-01  -6.8157137e-01  -7.3175165e-01
  6.8193962e-01   7.3140848e-01  -6.8193962e-01  -7.3140848e-01
  6.8230746e-01   7.3106534e-01  -6.8230746e-01  -7.3106534e-01
  6.8267492e-01   7.3072221e-01  -6.8267492e-01  -7.3072221e-01
  6.8304200e-01   7.3037909e-01  -6.8304200e-01  -7.3037909e-01
  6.8340871e-01   7.3003598e-01  -6.8340871e-01  -7.3003598e-01
  6.8377505e-01   7.2969286e-01  -6.8377505e-01  -7.2969286e-01
  6.8414103e-01   7.2934975e-01  -6.8414103e-01  -7.2934975e-01
  6.8450664e-01   7.2900662e-01  -6.8450664e-01  -7.2900662e-01
  6.8487191e-01   7.2866348e-01  -6.8487191e-01  -7.2866348e-01
  6.8523683e-01   7.2832032e-01  -6.8523683e-01  -7.2832032e-01
  6.8560144e-01   7.2797711e-01  -6.8560144e-01  -7.2797711e-01
  6.8596574e-01   7.2763384e-01  -6.8596574e-01  -7.2763384e-01
  6.8632977e-01   7.2729048e-01  -6.8632977e-01  -7.2729048e-01
  6.8669355e-01   7.2694702e-01  -6.8669355e-01  -7.2694702e-01
  6.8705711e-01   7.2660342e-01  -6.8705711e-01  -7.2660342e-01
  6.8742048e-01   7.2625965e-01  -6.8742048e-01  -7.2625965e-01
  6.8778371e-01   7.2591567e-01  -6.8778371e-01  -7.2591567e-01
  6.8814683e-01   7.2557145e-01  -6.8814683e-01  -7.2557145e-01
  6.8850990e-01   7.2522694e-01  -6.8850990e-01  -7.2522694e-01
  6.8887295e-01   7.2488210e-01  -6.8887295e-01  -7.2488210e-01
  6.8923604e-01   7.2453687e-01  -6.8923604e-01  -7.2453687e-01
  6.8959923e-01   7.2419121e-01  -6.8959923e-01  -7.2419121e-01
  6.8996257e-01   7.2384504e-01  -6.8996257e-01  -7.2384504e-01
  6.9032614e-01   7.2349832e-01  -6.9032614e-01  -7.2349832e-01
  6.9068999e-01   7.2315098e-01  -6.9068999e-01  -7.2315098e-01
  6.9105420e-01   7.2280294e-01  -6.9105420e-01  -7.2280294e-01
  6.9141885e-01   7.2245414e-01  -6.9141885e-01  -7.2245414e-01
  6.9178401e-01   7.2210448e-01  -6.9178401e-01  -7.2210448e-01
  6.9214977e-01   7.2175390e-01  -6.9214977e-01  -7.2175390e-01
  6.9251623e-01   7.2140229e-01  -6.9251623e-01  -7.2140229e-01
  6.9288347e-01   7.2104958e-01  -6.9288347e-01  -7.2104958e-01
  6.9325160e-01   7.2069565e-01  -6.9325160e-01  -7.2069565e-01
  6.9362073e-01   7.2034040e-01  -6.9362073e-01  -7.2034040e-01
  6.9399096e-01   7.1998371e-01  -6.9399096e-01  -7.1998371e-01
  6.9436241e-01   7.1962548e-01  -6.9436241e-01  -7.1962548e-01
  6.9473522e-01   7.1926558e-01  -6.9473522e-01  -7.1926558e-01
  6.9510951e-01   7.1890387e-01  -6.9510951e-01  -7.1890387e-01
  6.9548543e-01   7.1854020e-01  -6.9548543e-01  -7.1854020e-01
  6.9586312e-01   7.1817444e-01  -6.9586312e-01  -7.1817444e-01
  6.9624274e-01   7.1780641e-01  -6.9624274e-01  -7.1780641e-01
  6.9662447e-01   7.1743595e-01  -6.9662447e-01  -7.1743595e-01
  6.9700848e-01   7.1706288e-01  -6.9700848e-01  -7.1706288e-01
  6.9739497e-01   7.1668700e-01  -6.9739497e-01  -7.1668700e-01
  6.9778413e-01   7.1630811e-01  -6.9778413e-01  -7.1630811e-01
  6.9817620e-01   7.1592597e-01  -6.9817620e-01  -7.1592597e-01
  6.9857140e-01   7.1554035e-01  -6.9857140e-01  -7.1554035e-01
  6.9897000e-01   7.1515099e-01  -6.9897000e-01  -7.1515099e-01
  6.9937225e-01   7.1475762e-01  -6.9937225e-01  -7.1475762e-01
  6.9977846e-01   7.1435993e-01  -6.9977846e-01  -7.1435993e-01
  7.0018894e-01   7.1395760e-01  -7.0018894e-01  -7.1395760e-01
  7.0060403e-01   7.1355027e-01  -7.0060403e-01  -7.1355027e-01
  7.0102413e-01   7.1313756e-01  -7.0102413e-01  -7.1313756e-01
  7.0144962e-01   7.1271904e-01  -7.0144962e-01  -7.1271904e-01
  7.0188097e-01   7.1229425e-01  -7.0188097e-01  -7.1229425e-01
  7.0231866e-01   7.1186269e-01  -7.0231866e-01  -7.1186269e-01
  7.0276324e-01   7.1142380e-01  -7.0276324e-01  -7.1142380e-01
  7.0321531e-01   7.1097695e-01  -7.0321531e-01  -7.1097695e-01
  7.0367554e-01   7.1052145e-01  -7.0367554e-01  -7.1052145e-01
  7.0414467e-01   7.1005653e-01  -7.0414467e-01  -7.1005653e-01
  7.0462355e-01   7.0958132e-01  -7.0462355e-01  -7.0958132e-01
  7.0511311e-01   7.0909485e-01  -7.0511311e-01  -7.0909485e-01
  7.0561443e-01   7.0859599e-01  -7.0561443e-01  -7.0859599e-01
  7.0612874e-01   7.0808347e-01  -7.0612874e-01  -7.0808347e-01
  7.0665744e-01   7.0755584e-01  -7.0665744e-01  -7.0755584e-01
  7.0720217e-01   7.0701138e-01  -7.0720217e-01  -7.0701138e-01
  7.0776483e-01   7.0644812e-01  -7.0776483e-01  -7.0644812e-01
  7.0834768e-01   7.0586370e-01  -7.0834768e-01  -7.0586370e-01
  7.0895340e-01   7.0525533e-01  -7.0895340e-01  -7.0525533e-01
  7.0958524e-01   7.0461961e-01  -7.0958524e-01  -7.0461961e-01
  7.1024716e-01   7.0395239e-01  -7.1024716e-01  -7.0395239e-01
  7.1094411e-01   7.0324852e-01  -7.1094411e-01  -7.0324852e-01
  7.1168234e-01   7.0250142e-01  -7.1168234e-01  -7.0250142e-01
  7.1246997e-01   7.0170260e-01  -7.1246997e-01  -7.0170260e-01
  7.1331780e-01   7.0084072e-01  -7.1331780e-01  -7.0084072e-01
  7.1424070e-01   6.9990015e-01  -7.1424070e-01  -6.9990015e-01
  7.1525997e-01   6.9885848e-01  -7.1525997e-01  -6.9885848e-01
  7.1640790e-01   6.9768168e-01  -7.1640790e-01  -6.9768168e-01
  7.1773711e-01   6.9631418e-01  -7.1773711e-01  -6.9631418e-01
  7.1934309e-01   6.9465496e-01  -7.1934309e-01  -6.9465496e-01
  7.2143155e-01   6.9248576e-01  -7.2143155e-01  -6.9248576e-01
  7.2462070e-01   6.8914791e-01  -7.2462070e-01  -6.8914791e-01
  6.3738516e-01   7.7054536e-01  -6.3738516e-01  -7.7054536e-01
  6.4260877e-01   7.6619447e-01  -6.4260877e-01  -7.6619447e-01
  6.4540864e-01   7.6383747e-01  -6.4540864e-01  -7.6383747e-01
  6.4742252e-01   7.6213127e-01  -6.4742252e-01  -7.6213127e-01
  6.4903218e-01   7.6076095e-01  -6.4903218e-01  -7.6076095e-01
  6.5039224e-01   7.5959853e-01  -6.5039224e-01  -7.5959853e-01
  6.5158163e-01   7.5857853e-01  -6.5158163e-01  -7.5857853e-01
  6.5264641e-01   7.5766263e-01  -6.5264641e-01  -7.5766263e-01
  6.5361596e-01   7.5682638e-01  -6.5361596e-01  -7.5682638e-01
  6.5451021e-01   7.5605316e-01  -6.5451021e-01  -7.5605316e-01
  6.5534336e-01   7.5533111e-01  -6.5534336e-01  -7.5533111e-01
  6.5612590e-01   7.5465145e-01  -6.5612590e-01  -7.5465145e-01
  6.5686580e-01   7.5400751e-01  -6.5686580e-01  -7.5400751e-01
  6.5756929e-01   7.5339407e-01  -6.5756929e-01  -7.5339407e-01
  6.5824134e-01   7.5280697e-01  -6.5824134e-01  -7.5280697e-01
  6.5888594e-01   7.5224286e-01  -6.5888594e-01  -7.5224286e-01
  6.5950641e-01   7.5169894e-01  -6.5950641e-01  -7.5169894e-01
  6.6010548e-01   7.5117292e-01  -6.6010548e-01  -7.5117292e-01
  6.6068547e-01   7.5066285e-01  -6.6068547e-01  -7.5066285e-01
  6.6124834e-01   7.5016707e-01  -6.6124834e-01  -7.5016707e-01
  6.6179580e-01   7.4968415e-01  -6.6179580e-01  -7.4968415e-01
  6.6232930e-01   7.4921285e-01  -6.6232930e-01  -7.4921285e-01
  6.6285011e-01   7.4875212e-01  -6.6285011e-01  -7.4875212e-01
  6.6335936e-01   7.4830098e-01  -6.6335936e-01  -7.4830098e-01
  6.6385803e-01   7.4785862e-01  -6.6385803e-01  -7.4785862e-01
  6.6434699e-01   7.4742429e-01  -6.6434699e-01  -7.4742429e-01
  6.6482704e-01   7.4699732e-01  -6.6482704e-01  -7.4699732e-01
  6.6529887e-01   7.4657713e-01  -6.6529887e-01  -7.4657713e-01
  6.6576312e-01   7.4616317e-01  -6.6576312e-01  -7.4616317e-01
  6.6622035e-01   7.4575495e-01  -6.6622035e-01  -7.4575495e-01
  6.6667108e-01   7.4535205e-01  -6.6667108e-01  -7.4535205e-01
  6.6711578e-01   7.4495405e-01  -6.6711578e-01  -7.4495405e-01
  6.6755488e-01   7.4456060e-01  -6.6755488e-01  -7.4456060e-01
  6.6798878e-01   7.4417135e-01  -6.6798878e-01  -7.4417135e-01
  6.6841783e-01   7.4378599e-01  -6.6841783e-01  -7.4378599e-01
  6.6884238e-01   7.4340424e-01  -6.6884238e-01  -7.4340424e-01
  6.6926272e-01   7.4302585e-01  -6.6926272e-01  -7.4302585e-01
  6.6967915e-01   7.4265055e-01  -6.6967915e-01  -7.4265055e-01
  6.7009191e-01   7.4227813e-01  -6.7009191e-01  -7.4227813e-01
  6.7050127e-01   7.4190838e-01  -6.7050127e-01  -7.4190838e-01
  6.7090745e-01   7.4154110e-01  -6.7090745e-01  -7.4154110e-01
  6.7131065e-01   7.4117610e-01  -6.7131065e-01  -7.4117610e-01
  6.7171107e-01   7.4081322e-01  -6.7171107e-01  -7.4081322e-01
  6.7210891e-01   7.4045230e-01  -6.7210891e-01  -7.4045230e-01
  6.7250433e-01   7.4009319e-01  -6.7250433e-01  -7.4009319e-01
  6.7289750e-01   7.3973574e-01  -6.7289750e-01  -7.3973574e-01
  6.7328856e-01   7.3937982e-01  -6.7328856e-01  -7.3937982e-01
  6.7367765e-01   7.3902532e-01  -6.7367765e-01  -7.3902532e-01
  6.7406492e-01   7.3867211e-01  -6.7406492e-01  -7.3867211e-01
  6.7445049e-01   7.3832008e-01  -6.7445049e-01  -7.3832008e-01
  6.7483446e-01   7.3796914e-01  -6.7483446e-01  -7.3796914e-01
  6.7521696e-01   7.3761918e-01  -6.7521696e-01  -7.3761918e-01
  6.7559809e-01   7.3727012e-01  -6.7559809e-01  -7.3727012e-01
  6.7597793e-01   7.3692186e-01  -6.7597793e-01  -7.3692186e-01
  6.7635659e-01   7.3657434e-01  -6.7635659e-01  -7.3657434e-01
  6.7673415e-01   7.3622747e-01  -6.7673415e-01  -7.3622747e-01
  6.7711068e-01   7.3588119e-01  -6.7711068e-01  -7.3588119e-01
  6.7748627e-01   7.3553542e-01  -6.7748627e-01  -7.3553542e-01
  6.7786097e-01   7.3519012e-01  -6.7786097e-01  -7.3519012e-01
  6.7823485e-01   7.3484521e-01  -6.7823485e-01  -7.3484521e-01
  6.7860798e-01   7.3450065e-01  -6.7860798e-01  -7.3450065e-01
  6.7898041e-01   7.3415639e-01  -6.7898041e-01  -7.3415639e-01
  6.7935218e-01   7.3381238e-01  -6.7935218e-01  -7.3381238e-01
  6.7972334e-01   7.3346859e-01  -6.7972334e-01  -7.3346859e-01
  6.8009394e-01   7.3312497e-01  -6.8009394e-01  -7.3312497e-01
  6.8046401e-01   7.3278150e-01  -6.8046401e-01  -7.3278150e-01
  6.8083359e-01   7.3243814e-01  -6.8083359e-01  -7.3243814e-01
  6.8120270e-01   7.3209486e-01  -6.8120270e-01  -7.3209486e-01
  6.8157137e-01   7.3175165e-01  -6.8157137e-01  -7.3175165e-01
  6.8193962e-01   7.3140848e-01  -6.8193962e-01  -7.3140848e-01
  6.8230746e-01   7.3106534e-01  -6.8230746e-01  -7.3106534e-01
  6.8267492e-01   7.3072221e-01  -6.8267492e-01  -7.3072221e-01
  6.8304200e-01   7.3037909e-01  -6.8304200e-01  -7.3037909e-01
  6.8340871e-01   7.3003598e-01  -6.8340871e-01  -7.3003598e-01
  6.8377505e-01   7.2969286e-01  -6.8377505e-01  -7.2969286e-01
  6.8414103e-01   7.2934975e-01  -6.8414103e-01  -7.2934975e-01
  6.8450664e-01   7.2900662e-01  -6.8450664e-01  -7.2900662e-01
  6.8487191e-01   7.2866348e-01  -6.8487191e-01  -7.2866348e-01
  6.8523683e-01   7.2832032e-01  -6.8523683e-01  -7.2832032e-01
  6.8560144e-01   7.2797711e-01  -6.8560144e-01  -7.2797711e-01
  6.8596574e-01   7.2763384e-01  -6.8596574e-01  -7.2763384e-01
  6.8632977e-01   7.2729048e-01  -6.8632977e-01  -7.2729048e-01
  6.8669355e-01   7.2694702e-01  -6.8669355e-01  -7.2694702e-01
  6.8705711e-01   7.2660342e-01  -6.8705711e-01  -7.2660342e-01
  6.8742048e-01   7.2625965e-01  -6.8742048e-01  -7.2625965e-01
  6.8778371e-01   7.2591567e-01  -6.8778371e-01  -7.2591567e-01
  6.8814683e-01   7.2557145e-01  -6.8814683e-01  -7.2557145e-01
  6.8850990e-01   7.2522694e-01  -6.8850990e-01  -7.2522694e-01
  6.8887295e-01   7.2488210e-01  -6.8887295e-01  -7.2488210e-01
  6.8923604e-01   7.2453687e-01  -6.8923604e-01  -7.2453687e-01
  6.8959923e-01   7.2419121e-01  -6.8959923e-01  -7.2419121e-01
  6.8996257e-01   7.2384504e-01  -6.8996257e-01  -7.2384504e-01
  6.9032614e-01   7.2349832e-01  -6.9032614e-01  -7.2349832e-01
  6.9068999e-01   7.2315098e-01  -6.9068999e-01  -7.2315098e-01
  6.9105420e-01   7.2280294e-01  -6.9105420e-01  -7.2280294e-01
  6.9141885e-01   7.2245414e-01  -6.9141885e-01  -7.2245414e-01
  6.9178401e-01   7.2210448e-01  -6.9178401e-01  -7.2210448e-01
  6.9214977e-01   7.2175390e-01  -6.9214977e-01  -7.2175390e-01
  6.9251623e-01   7.2140229e-01  -6.9251623e-01  -7.2140229e-01
  6.9288347e-01   7.2104958e-01  -6.9288347e-01  -7.2104958e-01
  6.9325160e-01   7.2069565e-01  -6.9325160e-01  -7.2069565e-01
  6.9362073e-01   7.2034040e-01  -6.9362073e-01  -7.2034040e-01
  6.9399096e-01   7.1998371e-01  -6.9399096e-01  -7.1998371e-01
  6.9436241e-01   7.1962548e-01  -6.9436241e-01  -7.1962548e-01
  6.9473522e-01   7.1926558e-01  -6.9473522e-01  -7.1926558e-01
  6.9510951e-01   7.1890387e-01  -6.9510951e-01  -7.1890387e-01
  6.9548543e-01   7.1854020e-01  -6.9548543e-01  -7.1854020e-01
  6.9586312e-01   7.1817444e-01  -6.9586312e-01  -7.1817444e-01
  6.9624274e-01   7.1780641e-01  -6.9624274e-01  -7.1780641e-01
  6.9662447e-01   7.1743595e-01  -6.9662447e-01  -7.1743595e-01
  6.9700848e-01   7.1706288e-01  -6.9700848e-01  -7.1706288e-01
  6.9739497e-01   7.1668700e-01  -6.9739497e-01  -7.1668700e-01
  6.9778413e-01   7.1630811e-01  -6.9778413e-01  -7.1630811e-01
  6.9817620e-01   7.1592597e-01  -6.9817620e-01  -7.1592597e-01
  6.9857140e-01   7.1554035e-01  -6.9857140e-01  -7.1554035e-01
  6.9897000e-01   7.1515099e-01  -6.9897000e-01  -7.1515099e-01
  6.9937225e-01   7.1475762e-01  -6.9937225e-01  -7.1475762e-01
  6.9977846e-01   7.1435993e-01  -6.9977846e-01  -7.1435993e-01
  7.0018894e-01   7.1395760e-01  -7.0018894e-01  -7.1395760e-01
  7.0060403e-01   7.1355027e-01  -7.0060403e-01  -7.1355027e-01
  7.0102413e-01   7.1313756e-01  -7.0102413e-01  -7.1313756e-01
  7.0144962e-01   7.1271904e-01  -7.0144962e-01  -7.1271904e-01
  7.0188097e-01   7.1229425e-01  -7.0188097e-01  -7.1229425e-01
  7.0231866e-01   7.1186269e-01  -7.0231866e-01  -7.1186269e-01
  7.0276324e-01   7.1142380e-01  -7.0276324e-01  -7.1142380e-01
  7.0321531e-01   7.1097695e-01  -7.0321531e-01  -7.1097695e-01
  7.0367554e-01   7.1052145e-01  -7.0367554e-01  -7.1052145e-01
  7.0414467e-01   7.1005653e-01  -7.0414467e-01  -7.1005653e-01
  7.0462355e-01   7.0958132e-01  -7.0462355e-01  -7.0958132e-01
  7.0511311e-01   7.0909485e-01  -7.0511311e-01  -7.0909485e-01
  7.0561443e-01   7.0859599e-01  -7.0561443e-01  -7.0859599e-01
  7.0612874e-01   7.0808347e-01  -7.0612874e-01  -7.0808347e-01
  7.0665744e-01   7.0755584e-01  -7.0665744e-01  -7.0755584e-01
  7.0720217e-01   7.0701138e-01  -7.0720217e-01  -7.0701138e-01
  7.0776483e-01   7.0644812e-01  -7.0776483e-01  -7.0644812e-01
  7.0834768e-01   7.0586370e-01  -7.0834768e-01  -7.0586370e-01
  7.0895340e-01   7.0525533e-01  -7.0895340e-01  -7.0525533e-01
  7.0958524e-01   7.0461961e-01  -7.0958524e-01  -7.0461961e-01
  7.1024716e-01   7.0395239e-01  -7.1024716e-01  -7.0395239e-01
  7.1094411e-01   7.0324852e-01  -7.1094411e-01  -7.0324852e-01
  7.1168234e-01   7.0250142e-01  -7.1168234e-01  -7.0250142e-01
  7.1246997e-01   7.0170260e-01  -7.1246997e-01  -7.0170260e-01
  7.1331780e-01   7.0084072e-01  -7.1331780e-01  -7.0084072e-01
  7.1424070e-01   6.9990015e-01  -7.1424070e-01  -6.9990015e-01
  7.1525997e-01   6.9885848e-01  -7.1525997e-01  -6.9885848e-01
  7.1640790e-01   6.9768168e-01  -7.1640790e-01  -6.9768168e-01
  7.1773711e-01   6.9631418e-01  -7.1773711e-01  -6.9631418e-01
  7.1934309e-01   6.9465496e-01  -7.1934309e-01  -6.9465496e-01
  7.2143155e-01   6.9248576e-01  -7.2143155e-01  -6.9248576e-01
  7.2462070e-01   6.8914791e-01  -7.2462070e-01  -6.8914791e-01
  7.1588981e-01   6.9821327e-01  -7.1588981e-01  -6.9821327e-01
  7.2061467e-01   6.9333577e-01  -7.2061467e-01  -6.9333577e-01
  7.2314432e-01   6.9069696e-01  -7.2314432e-01  -6.9069696e-01
  7.2496256e-01   6.8878828e-01  -7.2496256e-01  -6.8878828e-01
  7.2641506e-01   6.8725625e-01  -7.2641506e-01  -6.8725625e-01
  7.2764179e-01   6.8595731e-01  -7.2764179e-01  -6.8595731e-01
  7.2871416e-01   6.8481798e-01  -7.2871416e-01  -6.8481798e-01
  7.2967387e-01   6.8379533e-01  -7.2967387e-01  -6.8379533e-01
  7.3054746e-01   6.8286192e-01  -7.3054746e-01  -6.8286192e-01
  7.3135298e-01   6.8199913e-01  -7.3135298e-01  -6.8199913e-01
  7.3210326e-01   6.8119367e-01  -7.3210326e-01  -6.8119367e-01
  7.3280779e-01   6.8043570e-01  -7.3280779e-01  -6.8043570e-01
  7.3347379e-01   6.7971774e-01  -7.3347379e-01  -6.7971774e-01
  7.3410687e-01   6.7903395e-01  -7.3410687e-01  -6.7903395e-01
  7.3471152e-01   6.7837967e-01  -7.3471152e-01  -6.7837967e-01
  7.3529137e-01   6.7775113e-01  -7.3529137e-01  -6.7775113e-01
  7.3584940e-01   6.7714523e-01  -7.3584940e-01  -6.7714523e-01
  7.3638808e-01   6.7655938e-01  -7.3638808e-01  -6.7655938e-01
  7.3690952e-01   6.7599139e-01  -7.3690952e-01  -6.7599139e-01
  7.3741548e-01   6.7543942e-01  -7.3741548e-01  -6.7543942e-01
  7.3790750e-01   6.7490186e-01  -7.3790750e-01  -6.7490186e-01
  7.3838690e-01   6.7437733e-01  -7.3838690e-01  -6.7437733e-01
  7.3885482e-01   6.7386464e-01  -7.3885482e-01  -6.7386464e-01
  7.3931229e-01   6.7336271e-01  -7.3931229e-01  -6.7336271e-01
  7.3976018e-01   6.7287062e-01  -7.3976018e-01  -6.7287062e-01
  7.4019930e-01   6.7238753e-01  -7.4019930e-01  -6.7238753e-01
  7.4063035e-01   6.7191271e-01  -7.4063035e-01  -6.7191271e-01
  7.4105396e-01   6.7144547e-01  -7.4105396e-01  -6.7144547e-01
  7.4147071e-01   6.7098524e-01  -7.4147071e-01  -6.7098524e-01
  7.4188110e-01   6.7053146e-01  -7.4188110e-01  -6.7053146e-01
  7.4228561e-01   6.7008364e-01  -7.4228561e-01  -6.7008364e-01
  7.4268465e-01   6.6964133e-01  -7.4268465e-01  -6.6964133e-01
  7.4307863e-01   6.6920412e-01  -7.4307863e-01  -6.6920412e-01
  7.4346789e-01   6.6877163e-01  -7.4346789e-01  -6.6877163e-01
  7.4385276e-01   6.6834353e-01  -7.4385276e-01  -6.6834353e-01
  7.4423354e-01   6.6791948e-01  -7.4423354e-01  -6.6791948e-01
  7.4461051e-01   6.6749920e-01  -7.4461051e-01  -6.6749920e-01
  7.4498393e-01   6.6708242e-01  -7.4498393e-01  -6.6708242e-01
  7.4535402e-01   6.6666887e-01  -7.4535402e-01  -6.6666887e-01
  7.4572102e-01   6.6625832e-01  -7.4572102e-01  -6.6625832e-01
  7.4608513e-01   6.6585056e-01  -7.4608513e-01  -6.6585056e-01
  7.4644654e-01   6.6544538e-01  -7.4644654e-01  -6.6544538e-01
  7.4680543e-01   6.6504259e-01  -7.4680543e-01  -6.6504259e-01
  7.4716197e-01   6.6464201e-01  -7.4716197e-01  -6.6464201e-01
  7.4751630e-01   6.6424346e-01  -7.4751630e-01  -6.6424346e-01
  7.4786858e-01   6.6384681e-01  -7.4786858e-01  -6.6384681e-01
  7.4821895e-01   6.6345188e-01  -7.4821895e-01  -6.6345188e-01
  7.4856753e-01   6.6305856e-01  -7.4856753e-01  -6.6305856e-01
  7.4891444e-01   6.6266670e-01  -7.4891444e-01  -6.6266670e-01
  7.4925980e-01   6.6227619e-01  -7.4925980e-01  -6.6227619e-01
  7.4960371e-01   6.6188691e-01  -7.4960371e-01  -6.6188691e-01
  7.4994627e-01   6.6149875e-01  -7.4994627e-01  -6.6149875e-01
  7.5028757e-01   6.6111161e-01  -7.5028757e-01  -6.6111161e-01
  7.5062771e-01   6.6072539e-01  -7.5062771e-01  -6.6072539e-01
  7.5096676e-01   6.6034001e-01  -7.5096676e-01  -6.6034001e-01
  7.5130480e-01   6.5995537e-01  -7.5130480e-01  -6.5995537e-01
  7.5164191e-01   6.5957141e-01  -7.5164191e-01  -6.5957141e-01
  7.5197814e-01   6.5918804e-01  -7.5197814e-01  -6.5918804e-01
  7.5231357e-01   6.5880520e-01  -7.5231357e-01  -6.5880520e-01
  7.5264825e-01   6.5842283e-01  -7.5264825e-01  -6.5842283e-01
  7.5298223e-01   6.5804085e-01  -7.5298223e-01  -6.5804085e-01
  7.5331557e-01   6.5765923e-01  -7.5331557e-01  -6.5765923e-01
  7.5364830e-01   6.5727790e-01  -7.5364830e-01  -6.5727790e-01
  7.5398048e-01   6.5689682e-01  -7.5398048e-01  -6.5689682e-01
  7.5431215e-01   6.5651595e-01  -7.5431215e-01  -6.5651595e-01
  7.5464332e-01   6.5613524e-01  -7.5464332e-01  -6.5613524e-01
  7.5497404e-01   6.5575468e-01  -7.5497404e-01  -6.5575468e-01
  7.5530434e-01   6.5537421e-01  -7.5530434e-01  -6.5537421e-01
  7.5563423e-01   6.5499383e-01  -7.5563423e-01  -6.5499383e-01
  7.5596373e-01   6.5461350e-01  -7.5596373e-01  -6.5461350e-01
  7.5629288e-01   6.5423321e-01  -7.5629288e-01  -6.5423321e-01
  7.5662166e-01   6.5385293e-01  -7.5662166e-01  -6.5385293e-01
  7.5695011e-01   6.5347267e-01  -7.5695011e-01  -6.5347267e-01
  7.5727821e-01   6.5309242e-01  -7.5727821e-01  -6.5309242e-01
  7.5760599e-01   6.5271216e-01  -7.5760599e-01  -6.5271216e-01
  7.5793343e-01   6.5233190e-01  -7.5793343e-01  -6.5233190e-01
  7.5826055e-01   6.5195164e-01  -7.5826055e-01  -6.5195164e-01
  7.5858734e-01   6.5157137e-01  -7.5858734e-01  -6.5157137e-01
  7.5891383e-01   6.5119107e-01  -7.5891383e-01  -6.5119107e-01
  7.5924002e-01   6.5081072e-01  -7.5924002e-01  -6.5081072e-01
  7.5956593e-01   6.5043032e-01  -7.5956593e-01  -6.5043032e-01
  7.5989158e-01   6.5004983e-01  -7.5989158e-01  -6.5004983e-01
  7.6021700e-01   6.4966924e-01  -7.6021700e-01  -6.4966924e-01
  7.6054221e-01   6.4928850e-01  -7.6054221e-01  -6.4928850e-01
  7.6086724e-01   6.4890758e-01  -7.6086724e-01  -6.4890758e-01
  7.6119212e-01   6.4852645e-01  -7.6119212e-01  -6.4852645e-01
  7.6151689e-01   6.4814506e-01  -7.6151689e-01  -6.4814506e-01
  7.6184160e-01   6.4776337e-01  -7.6184160e-01  -6.4776337e-01
  7.6216627e-01   6.4738132e-01  -7.6216627e-01  -6.4738132e-01
  7.6249096e-01   6.4699887e-01  -7.6249096e-01  -6.4699887e-01
  7.6281572e-01   6.4661595e-01  -7.6281572e-01  -6.4661595e-01
  7.6314059e-01   6.4623249e-01  -7.6314059e-01  -6.4623249e-01
  7.6346564e-01   6.4584845e-01  -7.6346564e-01  -6.4584845e-01
  7.6379092e-01   6.4546373e-01  -7.6379092e-01  -6.4546373e-01
  7.6411651e-01   6.4507826e-01  -7.6411651e-01  -6.4507826e-01
  7.6444245e-01   6.4469197e-01  -7.6444245e-01  -6.4469197e-01
  7.6476883e-01   6.4430477e-01  -7.6476883e-01  -6.4430477e-01
  7.6509572e-01   6.4391656e-01  -7.6509572e-01  -6.4391656e-01
  7.6542320e-01   6.4352725e-01  -7.6542320e-01  -6.4352725e-01
  7.6575136e-01   6.4313673e-01  -7.6575136e-01  -6.4313673e-01
  7.6608028e-01   6.4274490e-01  -7.6608028e-01  -6.4274490e-01
  7.6641006e-01   6.4235164e-01  -7.6641006e-01  -6.4235164e-01
  7.6674079e-01   6.4195682e-01  -7.6674079e-01  -6.4195682e-01
  7.6707259e-01   6.4156032e-01  -7.6707259e-01  -6.4156032e-01
  7.6740555e-01   6.4116200e-01  -7.6740555e-01  -6.4116200e-01
  7.6773981e-01   6.4076172e-01  -7.6773981e-01  -6.4076172e-01
  7.6807549e-01   6.4035931e-01  -7.6807549e-01  -6.4035931e-01
  7.6841271e-01   6.3995461e-01  -7.6841271e-01  -6.3995461e-01
  7.6875163e-01   6.3954745e-01  -7.6875163e-01  -6.3954745e-01
  7.6909238e-01   6.3913763e-01  -7.6909238e-01  -6.3913763e-01
  7.6943513e-01   6.3872496e-01  -7.6943513e-01  -6.3872496e-01
  7.6978005e-01   6.3830923e-01  -7.6978005e-01  -6.3830923e-01
  7.7012732e-01   6.3789020e-01  -7.7012732e-01  -6.3789020e-01
  7.7047714e-01   6.3746763e-01  -7.7047714e-01  -6.3746763e-01
  7.7082971e-01   6.3704126e-01  -7.7082971e-01  -6.3704126e-01
  7.7118525e-01   6.3661080e-01  -7.7118525e-01  -6.3661080e-01
  7.7154402e-01   6.3617594e-01  -7.7154402e-01  -6.3617594e-01
  7.7190626e-01   6.3573637e-01  -7.7190626e-01  -6.3573637e-01
  7.7227226e-01   6.3529171e-01  -7.7227226e-01  -6.3529171e-01
  7.7264233e-01   6.3484158e-01  -7.7264233e-01  -6.3484158e-01
  7.7301680e-01   6.3438555e-01  -7.7301680e-01  -6.3438555e-01
  7.7339603e-01   6.3392317e-01  -7.7339603e-01  -6.3392317e-01
  7.7378041e-01   6.3345392e-01  -7.7378041e-01  -6.3345392e-01
  7.7417039e-01   6.3297725e-01  -7.7417039e-01  -6.3297725e-01
  7.7456645e-01   6.3249254e-01  -7.7456645e-01  -6.3249254e-01
  7.7496911e-01   6.3199911e-01  -7.7496911e-01  -6.3199911e-01
  7.7537898e-01   6.3149620e-01  -7.7537898e-01  -6.3149620e-01
  7.7579670e-01   6.3098295e-01  -7.7579670e-01  -6.3098295e-01
  7.7622302e-01   6.3045843e-01  -7.7622302e-01  -6.3045843e-01
  7.7665878e-01   6.2992154e-01  -7.7665878e-01  -6.2992154e-01
  7.7710492e-01   6.2937107e-01  -7.7710492e-01  -6.2937107e-01
  7.7756253e-01   6.2880562e-01  -7.7756253e-01  -6.2880562e-01
  7.7803286e-01   6.2822358e-01  -7.7803286e-01  -6.2822358e-01
  7.7851734e-01   6.2762309e-01  -7.7851734e-01  -6.2762309e-01
  7.7901768e-01   6.2700196e-01  -7.7901768e-01  -6.2700196e-01
  7.7953585e-01   6.2635762e-01  -7.7953585e-01  -6.2635762e-01
  7.8007423e-01   6.2568698e-01  -7.8007423e-01  -6.2568698e-01
  7.8063568e-01   6.2498634e-01  -7.8063568e-01  -6.2498634e-01
  7.8122373e-01   6.2425114e-01  -7.8122373e-01  -6.2425114e-01
  7.8184273e-01   6.2347570e-01  -7.8184273e-01  -6.2347570e-01
  7.8249821e-01   6.2265283e-01  -7.8249821e-01  -6.2265283e-01
  7.8319734e-01   6.2177321e-01  -7.8319734e-01  -6.2177321e-01
  7.8394967e-01   6.2082438e-01  -7.8394967e-01  -6.2082438e-01
  7.8476832e-01   6.1978923e-01  -7.8476832e-01  -6.1978923e-01
  7.8567211e-01   6.1864314e-01  -7.8567211e-01  -6.1864314e-01
  7.8668955e-01   6.1734882e-01  -7.8668955e-01  -6.1734882e-01
  7.8786707e-01   6.1584533e-01  -7.8786707e-01  -6.1584533e-01
  7.8928896e-01   6.1402194e-01  -7.8928896e-01  -6.1402194e-01
  7.9113664e-01   6.1163945e-01  -7.9113664e-01  -6.1163945e-01
  7.9395515e-01   6.0797634e-01  -7.9395515e-01  -6.0797634e-01
  7.1588981e-01   6.9821327e-01  -7.1588981e-01  -6.9821327e-01
  7.2061467e-01   6.9333577e-01  -7.2061467e-01  -6.9333577e-01
  7.2314432e-01   6.9069696e-01  -7.2314432e-01  -6.9069696e-01
  7.2496256e-01   6.8878828e-01  -7.2496256e-01  -6.8878828e-01
  7.2641506e-01   6.8725625e-01  -7.2641506e-01  -6.8725625e-01
  7.2764179e-01   6.8595731e-01  -7.2764179e-01  -6.8595731e-01
  7.2871416e-01   6.8481798e-01  -7.2871416e-01  -6.8481798e-01
  7.2967387e-01   6.8379533e-01  -7.2967387e-01  -6.8379533e-01
  7.3054746e-01   6.8286192e-01  -7.3054746e-01  -6.8286192e-01
  7.3135298e-01   6.8199913e-01  -7.3135298e-01  -6.8199913e-01
  7.3210326e-01   6.8119367e-01  -7.3210326e-01  -6.8119367e-01
  7.3280779e-01   6.8043570e-01  -7.3280779e-01  -6.8043570e-01
  7.3347379e-01   6.7971774e-01  -7.3347379e-01  -6.7971774e-01
  7.3410687e-01   6.7903395e-01  -7.3410687e-01  -6.7903395e-01
  7.3471152e-01   6.7837967e-01  -7.3471152e-01  -6.7837967e-01
  7.3529137e-01   6.7775113e-01  -7.3529137e-01  -6.7775113e-01
  7.3584940e-01   6.7714523e-01  -7.3584940e-01  -6.7714523e-01
  7.3638808e-01   6.7655938e-01  -7.3638808e-01  -6.7655938e-01
  7.3690952e-01   6.7599139e-01  -7.3690952e-01  -6.7599139e-01
  7.3741548e-01   6.7543942e-01  -7.3741548e-01  -6.7543942e-01
  7.3790750e-01   6.7490186e-01  -7.3790750e-01  -6.7490186e-01
  7.3838690e-01   6.7437733e-01  -7.3838690e-01  -6.7437733e-01
  7.3885482e-01   6.7386464e-01  -7.3885482e-01  -6.7386464e-01
  7.3931229e-01   6.7336271e-01  -7.3931229e-01  -6.7336271e-01
  7.3976018e-01   6.7287062e-01  -7.3976018e-01  -6.7287062e-01
  7.4019930e-01   6.7238753e-01  -7.4019930e-01  -6.7238753e-01
  7.4063035e-01   6.7191271e-01  -7.4063035e-01  -6.7191271e-01
  7.4105396e-01   6.7144547e-01  -7.4105396e-01  -6.7144547e-01
  7.4147071e-01   6.7098524e-01  -7.4147071e-01  -6.7098524e-01
  7.4188110e-01   6.7053146e-01  -7.4188110e-01  -6.7053146e-01
  7.4228561e-01   6.7008364e-01  -7.4228561e-01  -6.7008364e-01
  7.4268465e-01   6.6964133e-01  -7.4268465e-01  -6.6964133e-01
  7.4307863e-01   6.6920412e-01  -7.4307863e-01  -6.6920412e-01
  7.4346789e-01   6.6877163e-01  -7.4346789e-01  -6.6877163e-01
  7.4385276e-01   6.6834353e-01  -7.4385276e-01  -6.6834353e-01
  7.4423354e-01   6.6791948e-01  -7.4423354e-01  -6.6791948e-01
  7.4461051e-01   6.6749920e-01  -7.4461051e-01  -6.6749920e-01
  7.4498393e-01   6.6708242e-01  -7.4498393e-01  -6.6708242e-01
  7.4535402e-01   6.6666887e-01  -7.4535402e-01  -6.6666887e-01
  7.4572102e-01   6.6625832e-01  -7.4572102e-01  -6.6625832e-01
  7.4608513e-01   6.6585056e-01  -7.4608513e-01  -6.6585056e-01
  7.4644654e-01   6.6544538e-01  -7.4644654e-01  -6.6544538e-01
  7.4680543e-01   6.6504259e-01  -7.4680543e-01  -6.6504259e-01
  7.4716197e-01   6.6464201e-01  -7.4716197e-01  -6.6464201e-01
  7.4751630e-01   6.6424346e-01  -7.4751630e-01  -6.6424346e-01
  7.4786858e-01   6.6384681e-01  -7.4786858e-01  -6.6384681e-01
  7.4821895e-01   6.6345188e-01  -7.4821895e-01  -6.6345188e-01
  7.4856753e-01   6.6305856e-01  -7.4856753e-01  -6.6305856e-01
  7.4891444e-01   6.6266670e-01  -7.4891444e-01  -6.6266670e-01
  7.4925980e-01   6.6227619e-01  -7.4925980e-01  -6.6227619e-01
  7.4960371e-01   6.6188691e-01  -7.4960371e-01  -6.6188691e-01
  7.4994627e-01   6.6149875e-01  -7.4994627e-01  -6.6149875e-01
  7.5028757e-01   6.6111161e-01  -7.5028757e-01  -6.6111161e-01
  7.5062771e-01   6.6072539e-01  -7.5062771e-01  -6.6072539e-01
  7.5096676e-01   6.6034001e-01  -7.5096676e-01  -6.6034001e-01
  7.5130480e-01   6.5995537e-01  -7.5130480e-01  -6.5995537e-01
  7.5164191e-01   6.5957141e-01  -7.5164191e-01  -6.5957141e-01
  7.5197814e-01   6.5918804e-01  -7.5197814e-01  -6.5918804e-01
  7.5231357e-01   6.5880520e-01  -7.5231357e-01  -6.5880520e-01
  7.5264825e-01   6.5842283e-01  -7.5264825e-01  -6.5842283e-01
  7.5298223e-01   6.5804085e-01  -7.5298223e-01  -6.5804085e-01
  7.5331557e-01   6.5765923e-01  -7.5331557e-01  -6.5765923e-01
  7.5364830e-01   6.5727790e-01  -7.5364830e-01  -6.5727790e-01
  7.5398048e-01   6.5689682e-01  -7.5398048e-01  -6.5689682e-01
  7.5431215e-01   6.5651595e-01  -7.5431215e-01  -6.5651595e-01
  7.5464332e-01   6.5613524e-01  -7.5464332e-01  -6.5613524e-01
  7.5497404e-01   6.5575468e-01  -7.5497404e-01  -6.5575468e-01
  7.5530434e-01   6.5537421e-01  -7.5530434e-01  -6.5537421e-01
  7.5563423e-01   6.5499383e-01  -7.5563423e-01  -6.5499383e-01
  7.5596373e-01   6.5461350e-01  -7.5596373e-01  -6.5461350e-01
  7.5629288e-01   6.5423321e-01  -7.5629288e-01  -6.5423321e-01
  7.5662166e-01   6.5385293e-01  -7.5662166e-01  -6.5385293e-01
  7.5695011e-01   6.5347267e-01  -7.5695011e-01  -6.5347267e-01
  7.5727821e-01   6.5309242e-01  -7.5727821e-01  -6.5309242e-01
  7.5760599e-01   6.5271216e-01  -7.5760599e-01  -6.5271216e-01
  7.5793343e-01   6.5233190e-01  -7.5793343e-01  -6.5233190e-01
  7.5826055e-01   6.5195164e-01  -7.5826055e-01  -6.5195164e-01
  7.5858734e-01   6.5157137e-01  -7.5858734e-01  -6.5157137e-01
  7.5891383e-01   6.5119107e-01  -7.5891383e-01  -6.5119107e-01
  7.5924002e-01   6.5081072e-01  -7.5924002e-01  -6.5081072e-01
  7.5956593e-01   6.5043032e-01  -7.5956593e-01  -6.5043032e-01
  7.5989158e-01   6.5004983e-01  -7.5989158e-01  -6.5004983e-01
  7.6021700e-01   6.4966924e-01  -7.6021700e-01  -6.4966924e-01
  7.6054221e-01   6.4928850e-01  -7.6054221e-01  -6.4928850e-01
  7.6086724e-01   6.4890758e-01  -7.6086724e-01  -6.4890758e-01
  7.6119212e-01   6.4852645e-01  -7.6119212e-01  -6.4852645e-01
  7.6151689e-01   6.4814506e-01  -7.6151689e-01  -6.4814506e-01
  7.6184160e-01   6.4776337e-01  -7.6184160e-01  -6.4776337e-01
  7.6216627e-01   6.4738132e-01  -7.6216627e-01  -6.4738132e-01
  7.6249096e-01   6.4699887e-01  -7.6249096e-01  -6.4699887e-01
  7.6281572e-01   6.4661595e-01  -7.6281572e-01  -6.4661595e-01
  7.6314059e-01   6.4623249e-01  -7.6314059e-01  -6.4623249e-01
  7.6346564e-01   6.4584845e-01  -7.6346564e-01  -6.4584845e-01
  7.6379092e-01   6.4546373e-01  -7.6379092e-01  -6.4546373e-01
  7.6411651e-01   6.4507826e-01  -7.6411651e-01  -6.4507826e-01
  7.6444245e-01   6.4469197e-01  -7.6444245e-01  -6.4469197e-01
  7.6476883e-01   6.4430477e-01  -7.6476883e-01  -6.4430477e-01
  7.6509572e-01   6.4391656e-01  -7.6509572e-01  -6.4391656e-01
  7.6542320e-01   6.4352725e-01  -7.6542320e-01  -6.4352725e-01
  7.6575136e-01   6.4313673e-01  -7.6575136e-01  -6.4313673e-01
  7.6608028e-01   6.4274490e-01  -7.6608028e-01  -6.4274490e-01
  7.6641006e-01   6.4235164e-01  -7.6641006e-01  -6.4235164e-01
  7.6674079e-01   6.4195682e-01  -7.6674079e-01  -6.4195682e-01
  7.6707259e-01   6.4156032e-01  -7.6707259e-01  -6.4156032e-01
  7.6740555e-01   6.4116200e-01  -7.6740555e-01  -6.4116200e-01
  7.6773981e-01   6.4076172e-01  -7.6773981e-01  -6.4076172e-01
  7.6807549e-01   6.4035931e-01  -7.6807549e-01  -6.4035931e-01
  7.6841271e-01   6.3995461e-01  -7.6841271e-01  -6.3995461e-01
  7.6875163e-01   6.3954745e-01  -7.6875163e-01  -6.3954745e-01
  7.6909238e-01   6.3913763e-01  -7.6909238e-01  -6.3913763e-01
  7.6943513e-01   6.3872496e-01  -7.6943513e-01  -6.3872496e-01
  7.6978005e-01   6.3830923e-01  -7.6978005e-01  -6.3830923e-01
  7.7012732e-01   6.3789020e-01  -7.7012732e-01  -6.3789020e-01
  7.7047714e-01   6.3746763e-01  -7.7047714e-01  -6.3746763e-01
  7.7082971e-01   6.3704126e-01  -7.7082971e-01  -6.3704126e-01
  7.7118525e-01   6.3661080e-01  -7.7118525e-01  -6.3661080e-01
  7.7154402e-01   6.3617594e-01  -7.7154402e-01  -6.3617594e-01
  7.7190626e-01   6.3573637e-01  -7.7190626e-01  -6.3573637e-01
  7.7227226e-01   6.3529171e-01  -7.7227226e-01  -6.3529171e-01
  7.7264233e-01   6.3484158e-01  -7.7264233e-01  -6.3484158e-01
  7.7301680e-01   6.3438555e-01  -7.7301680e-01  -6.3438555e-01
  7.7339603e-01   6.3392317e-01  -7.7339603e-01  -6.3392317e-01
  7.7378041e-01   6.3345392e-01  -7.7378041e-01  -6.3345392e-01
  7.7417039e-01   6.3297725e-01  -7.7417039e-01  -6.3297725e-01
  7.7456645e-01   6.3249254e-01  -7.7456645e-01  -6.3249254e-01
  7.7496911e-01   6.3199911e-01  -7.7496911e-01  -6.3199911e-01
  7.7537898e-01   6.3149620e-01  -7.7537898e-01  -6.3149620e-01
  7.7579670e-01   6.3098295e-01  -7.7579670e-01  -6.3098295e-01
  7.7622302e-01   6.3045843e-01  -7.7622302e-01  -6.3045843e-01
  7.7665878e-01   6.2992154e-01  -7.7665878e-01  -6.2992154e-01
  7.7710492e-01   6.2937107e-01  -7.7710492e-01  -6.2937107e-01
  7.7756253e-01   6.2880562e-01  -7.7756253e-01  -6.2880562e-01
  7.7803286e-01   6.2822358e-01  -7.7803286e-01  -6.2822358e-01
  7.7851734e-01   6.2762309e-01  -7.7851734e-01  -6.2762309e-01
  7.7901768e-01   6.2700196e-01  -7.7901768e-01  -6.2700196e-01
  7.7953585e-01   6.2635762e-01  -7.7953585e-01  -6.2635762e-01
  7.8007423e-01   6.2568698e-01  -7.8007423e-01  -6.2568698e-01
  7.8063568e-01   6.2498634e-01  -7.8063568e-01  -6.2498634e-01
  7.8122373e-01   6.2425114e-01  -7.8122373e-01  -6.2425114e-01
  7.8184273e-01   6.2347570e-01  -7.8184273e-01  -6.2347570e-01
  7.8249821e-01   6.2265283e-01  -7.8249821e-01  -6.2265283e-01
  7.8319734e-01   6.2177321e-01  -7.8319734e-01  -6.2177321e-01
  7.8394967e-01   6.2082438e-01  -7.8394967e-01  -6.2082438e-01
  7.8476832e-01   6.1978923e-01  -7.8476832e-01  -6.1978923e-01
  7.8567211e-01   6.1864314e-01  -7.8567211e-01  -6.1864314e-01
  7.8668955e-01   6.1734882e-01  -7.8668955e-01  -6.1734882e-01
  7.8786707e-01   6.1584533e-01  -7.8786707e-01  -6.1584533e-01
  7.8928896e-01   6.1402194e-01  -7.8928896e-01  -6.1402194e-01
  7.9113664e-01   6.1163945e-01  -7.9113664e-01  -6.1163945e-01
  7.9395515e-01   6.0797634e-01  -7.9395515e-01  -6.0797634e-01
  7.1588981e-01   6.9821327e-01  -7.1588981e-01  -6.9821327e-01
  7.2061467e-01   6.9333577e-01  -7.2061467e-01  -6.9333577e-01
  7.2314432e-01   6.9069696e-01  -7.2314432e-01  -6.9069696e-01
  7.2496256e-01   6.8878828e-01  -7.2496256e-01  -6.8878828e-01
  7.2641506e-01   6.8725625e-01  -7.2641506e-01  -6.8725625e-01
  7.2764179e-01   6.8595731e-01  -7.2764179e-01  -6.8595731e-01
  7.2871416e-01   6.8481798e-01  -7.2871416e-01  -6.8481798e-01
  7.2967387e-01   6.8379533e-01  -7.2967387e-01  -6.8379533e-01
  7.3054746e-01   6.8286192e-01  -7.3054746e-01  -6.8286192e-01
  7.3135298e-01   6.8199913e-01  -7.3135298e-01  -6.8199913e-01
  7.3210326e-01   6.8119367e-01  -7.3210326e-01  -6.8119367e-01
  7.3280779e-01   6.8043570e-01  -7.3280779e-01  -6.8043570e-01
  7.3347379e-01   6.7971774e-01  -7.3347379e-01  -6.7971774e-01
  7.3410687e-01   6.7903395e-01  -7.3410687e-01  -6.7903395e-01
  7.3471152e-01   6.7837967e-01  -7.3471152e-01  -6.7837967e-01
  7.3529137e-01   6.7775113e-01  -7.3529137e-01  -6.7775113e-01
  7.3584940e-01   6.7714523e-01  -7.3584940e-01  -6.7714523e-01
  7.3638808e-01   6.7655938e-01  -7.3638808e-01  -6.7655938e-01
  7.3690952e-01   6.7599139e-01  -7.3690952e-01  -6.7599139e-01
  7.3741548e-01   6.7543942e-01  -7.3741548e-01  -6.7543942e-01
  7.3790750e-01   6.7490186e-01  -7.3790750e-01  -6.7490186e-01
  7.3838690e-01   6.7437733e-01  -7.3838690e-01  -6.7437733e-01
  7.3885482e-01   6.7386464e-01  -7.3885482e-01  -6.7386464e-01
  7.3931229e-01   6.7336271e-01  -7.3931229e-01  -6.7336271e-01
  7.3976018e-01   6.7287062e-01  -7.3976018e-01  -6.7287062e-01
  7.4019930e-01   6.7238753e-01  -7.4019930e-01  -6.7238753e-01
  7.4063035e-01   6.7191271e-01  -7.4063035e-01  -6.7191271e-01
  7.4105396e-01   6.7144547e-01  -7.4105396e-01  -6.7144547e-01
  7.4147071e-01   6.7098524e-01  -7.4147071e-01  -6.7098524e-01
  7.4188110e-01   6.7053146e-01  -7.4188110e-01  -6.7053146e-01
  7.4228561e-01   6.7008364e-01  -7.4228561e-01  -6.7008364e-01
  7.4268465e-01   6.6964133e-01  -7.4268465e-01  -6.6964133e-01
  7.4307863e-01   6.6920412e-01  -7.4307863e-01  -6.6920412e-01
  7.4346789e-01   6.6877163e-01  -7.4346789e-01  -6.6877163e-01
  7.4385276e-01   6.6834353e-01  -7.4385276e-01  -6.6834353e-01
  7.4423354e-01   6.6791948e-01  -7.4423354e-01  -6.6791948e-01
  7.4461051e-01   6.6749920e-01  -7.4461051e-01  -6.6749920e-01
  7.4498393e-01   6.6708242e-01  -7.4498393e-01  -6.6708242e-01
  7.4535402e-01   6.6666887e-01  -7.4535402e-01  -6.6666887e-01
  7.4572102e-01   6.6625832e-01  -7.4572102e-01  -6.6625832e-01
  7.4608513e-01   6.6585056e-01  -7.4608513e-01  -6.6585056e-01
  7.4644654e-01   6.6544538e-01  -7.4644654e-01  -6.6544538e-01
  7.4680543e-01   6.6504259e-01  -7.4680543e-01  -6.6504259e-01
  7.4716197e-01   6.6464201e-01  -7.4716197e-01  -6.6464201e-01
  7.4751630e-01   6.6424346e-01  -7.4751630e-01  -6.6424346e-01
  7.4786858e-01   6.6384681e-01  -7.4786858e-01  -6.6384681e-01
  7.4821895e-01   6.6345188e-01  -7.4821895e-01  -6.6345188e-01
  7.4856753e-01   6.6305856e-01  -7.4856753e-01  -6.6305856e-01
  7.4891444e-01   6.6266670e-01  -7.4891444e-01  -6.6266670e-01
  7.4925980e-01   6.6227619e-01  -7.4925980e-01  -6.6227619e-01
  7.4960371e-01   6.6188691e-01  -7.4960371e-01  -6.6188691e-01
  7.4994627e-01   6.6149875e-01  -7.4994627e-01  -6.6149875e-01
  7.5028757e-01   6.6111161e-01  -7.5028757e-01  -6.6111161e-01
  7.5062771e-01   6.6072539e-01  -7.5062771e-01  -6.6072539e-01
  7.5096676e-01   6.6034001e-01  -7.5096676e-01  -6.6034001e-01
  7.5130480e-01   6.5995537e-01  -7.5130480e-01  -6.5995537e-01
  7.5164191e-01   6.5957141e-01  -7.5164191e-01  -6.5957141e-01
  7.5197814e-01   6.5918804e-01  -7.5197814e-01  -6.5918804e-01
  7.5231357e-01   6.5880520e-01  -7.5231357e-01  -6.5880520e-01
  7.5264825e-01   6.5842283e-01  -7.5264825e-01  -6.5842283e-01
  7.5298223e-01   6.5804085e-01  -7.5298223e-01  -6.5804085e-01
  7.5331557e-01   6.5765923e-01  -7.5331557e-01  -6.5765923e-01
  7.5364830e-01   6.5727790e-01  -7.5364830e-01  -6.5727790e-01
  7.5398048e-01   6.5689682e-01  -7.5398048e-01  -6.5689682e-01
  7.5431215e-01   6.5651595e-01  -7.5431215e-01  -6.5651595e-01
  7.5464332e-01   6.5613524e-01  -7.5464332e-01  -6.5613524e-01
  7.5497404e-01   6.5575468e-01  -7.5497404e-01  -6.5575468e-01
  7.5530434e-01   6.5537421e-01  -7.5530434e-01  -6.5537421e-01
  7.5563423e-01   6.5499383e-01  -7.5563423e-01  -6.5499383e-01
  7.5596373e-01   6.5461350e-01  -7.5596373e-01  -6.5461350e-01
  7.5629288e-01   6.5423321e-01  -7.5629288e-01  -6.5423321e-01
  7.5662166e-01   6.5385293e-01  -7.5662166e-01  -6.5385293e-01
  7.5695011e-01   6.5347267e-01  -7.5695011e-01  -6.5347267e-01
  7.5727821e-01   6.5309242e-01  -7.5727821e-01  -6.5309242e-01
  7.5760599e-01   6.5271216e-01  -7.5760599e-01  -6.5271216e-01
  7.5793343e-01   6.5233190e-01  -7.5793343e-01  -6.5233190e-01
  7.5826055e-01   6.5195164e-01  -7.5826055e-01  -6.5195164e-01
  7.5858734e-01   6.5157137e-01  -7.5858734e-01  -6.5157137e-01
  7.5891383e-01   6.5119107e-01  -7.5891383e-01  -6.5119107e-01
  7.5924002e-01   6.5081072e-01  -7.5924002e-01  -6.5081072e-01
  7.5956593e-01   6.5043032e-01  -7.5956593e-01  -6.5043032e-01
  7.5989158e-01   6.5004983e-01  -7.5989158e-01  -6.5004983e-01
  7.6021700e-01   6.4966924e-01  -7.6021700e-01  -6.4966924e-01
  7.6054221e-01   6.4928850e-01  -7.6054221e-01  -6.4928850e-01
  7.6086724e-01   6.4890758e-01  -7.6086724e-01  -6.4890758e-01
  7.6119212e-01   6.4852645e-01  -7.6119212e-01  -6.4852645e-01
  7.6151689e-01   6.4814506e-01  -7.6151689e-01  -6.4814506e-01
  7.6184160e-01   6.4776337e-01  -7.6184160e-01  -6.4776337e-01
  7.6216627e-01   6.4738132e-01  -7.6216627e-01  -6.4738132e-01
  7.6249096e-01   6.4699887e-01  -7.6249096e-01  -6.4699887e-01
  7.6281572e-01   6.4661595e-01  -7.6281572e-01  -6.4661595e-01
  7.6314059e-01   6.4623249e-01  -7.6314059e-01  -6.4623249e-01
  7.6346564e-01   6.4584845e-01  -7.6346564e-01  -6.4584845e-01
  7.6379092e-01   6.4546373e-01  -7.6379092e-01  -6.4546373e-01
  7.6411651e-01   6.4507826e-01  -7.6411651e-01  -6.4507826e-01
  7.6444245e-01   6.4469197e-01  -7.6444245e-01  -6.4469197e-01
  7.6476883e-01   6.4430477e-01  -7.6476883e-01  -6.4430477e-01
  7.6509572e-01   6.4391656e-01  -7.6509572e-01  -6.4391656e-01
  7.6542320e-01   6.4352725e-01  -7.6542320e-01  -6.4352725e-01
  7.6575136e-01   6.4313673e-01  -7.6575136e-01  -6.4313673e-01
  7.6608028e-01   6.4274490e-01  -7.6608028e-01  -6.4274490e-01
  7.6641006e-01   6.4235164e-01  -7.6641006e-01  -6.4235164e-01
  7.6674079e-01   6.4195682e-01  -7.6674079e-01  -6.4195682e-01
  7.6707259e-01   6.4156032e-01  -7.6707259e-01  -6.4156032e-01
  7.6740555e-01   6.4116200e-01  -7.6740555e-01  -6.4116200e-01
  7.6773981e-01   6.4076172e-01  -7.6773981e-01  -6.4076172e-01
  7.6807549e-01   6.4035931e-01  -7.6807549e-01  -6.4035931e-01
  7.6841271e-01   6.3995461e-01  -7.6841271e-01  -6.3995461e-01
  7.6875163e-01   6.3954745e-01  -7.6875163e-01  -6.3954745e-01
  7.6909238e-01   6.3913763e-01  -7.6909238e-01  -6.3913763e-01
  7.6943513e-01   6.3872496e-01  -7.6943513e-01  -6.3872496e-01
  7.6978005e-01   6.3830923e-01  -7.6978005e-01  -6.3830923e-01
  7.7012732e-01   6.3789020e-01  -7.7012732e-01  -6.3789020e-01
  7.7047714e-01   6.3746763e-01  -7.7047714e-01  -6.3746763e-01
  7.7082971e-01   6.3704126e-01  -7.7082971e-01  -6.3704126e-01
  7.7118525e-01   6.3661080e-01  -7.7118525e-01  -6.3661080e-01
  7.7154402e-01   6.3617594e-01  -7.7154402e-01  -6.3617594e-01
  7.7190626e-01   6.3573637e-01  -7.7190626e-01  -6.3573637e-01
  7.7227226e-01   6.3529171e-01  -7.7227226e-01  -6.3529171e-01
  7.7264233e-01   6.3484158e-01  -7.7264233e-01  -6.3484158e-01
  7.7301680e-01   6.3438555e-01  -7.7301680e-01  -6.3438555e-01
  7.7339603e-01   6.3392317e-01  -7.7339603e-01  -6.3392317e-01
  7.7378041e-01   6.3345392e-01  -7.7378041e-01  -6.3345392e-01
  7.7417039e-01   6.3297725e-01  -7.7417039e-01  -6.3297725e-01
  7.7456645e-01   6.3249254e-01  -7.7456645e-01  -6.3249254e-01
  7.7496911e-01   6.3199911e-01  -7.7496911e-01  -6.3199911e-01
  7.7537898e-01   6.3149620e-01  -7.7537898e-01  -6.3149620e-01
  7.7579670e-01   6.3098295e-01  -7.7579670e-01  -6.3098295e-01
  7.7622302e-01   6.3045843e-01  -7.7622302e-01  -6.3045843e-01
  7.7665878e-01   6.2992154e-01  -7.7665878e-01  -6.2992154e-01
  7.7710492e-01   6.2937107e-01  -7.7710492e-01  -6.2937107e-01
  7.7756253e-01   6.2880562e-01  -7.7756253e-01  -6.2880562e-01
  7.7803286e-01   6.2822358e-01  -7.7803286e-01  -6.2822358e-01
  7.7851734e-01   6.2762309e-01  -7.7851734e-01  -6.2762309e-01
  7.7901768e-01   6.2700196e-01  -7.7901768e-01  -6.2700196e-01
  7.7953585e-01   6.2635762e-01  -7.7953585e-01  -6.2635762e-01
  7.8007423e-01   6.2568698e-01  -7.8007423e-01  -6.2568698e-01
  7.8063568e-01   6.2498634e-01  -7.8063568e-01  -6.2498634e-01
  7.8122373e-01   6.2425114e-01  -7.8122373e-01  -6.2425114e-01
  7.8184273e-01   6.2347570e-01  -7.8184273e-01  -6.2347570e-01
  7.8249821e-01   6.2265283e-01  -7.8249821e-01  -6.2265283e-01
  7.8319734e-01   6.2177321e-01  -7.8319734e-01  -6.2177321e-01
  7.8394967e-01   6.2082438e-01  -7.8394967e-01  -6.2082438e-01
  7.8476832e-01   6.1978923e-01  -7.8476832e-01  -6.1978923e-01
  7.8567211e-01   6.1864314e-01  -7.8567211e-01  -6.1864314e-01
  7.8668955e-01   6.1734882e-01  -7.8668955e-01  -6.1734882e-01
  7.8786707e-01   6.1584533e-01  -7.8786707e-01  -6.1584533e-01
  7.8928896e-01   6.1402194e-01  -7.8928896e-01  -6.1402194e-01
  7.9113664e-01   6.1163945e-01  -7.9113664e-01  -6.1163945e-01
  7.9395515e-01   6.0797634e-01  -7.9395515e-01  -6.0797634e-01
  7.1588981e-01   6.9821327e-01  -7.1588981e-01  -6.9821327e-01
  7.2061467e-01   6.9333577e-01  -7.2061467e-01  -6.9333577e-01
  7.2314432e-01   6.9069696e-01  -7.2314432e-01  -6.9069696e-01
  7.2496256e-01   6.8878828e-01  -7.2496256e-01  -6.8878828e-01
  7.2641506e-01   6.8725625e-01  -7.2641506e-01  -6.8725625e-01
  7.2764179e-01   6.8595731e-01  -7.2764179e-01  -6.8595731e-01
  7.2871416e-01   6.8481798e-01  -7.2871416e-01  -6.8481798e-01
  7.2967387e-01   6.8379533e-01  -7.2967387e-01  -6.8379533e-01
  7.3054746e-01   6.8286192e-01  -7.3054746e-01  -6.8286192e-01
  7.3135298e-01   6.8199913e-01  -7.3135298e-01  -6.8199913e-01
  7.3210326e-01   6.8119367e-01  -7.3210326e-01  -6.8119367e-01
  7.3280779e-01   6.8043570e-01  -7.3280779e-01  -6.8043570e-01
  7.3347379e-01   6.7971774e-01  -7.3347379e-01  -6.7971774e-01
  7.3410687e-01   6.7903395e-01  -7.3410687e-01  -6.7903395e-01
  7.3471152e-01   6.7837967e-01  -7.3471152e-01  -6.7837967e-01
  7.3529137e-01   6.7775113e-01  -7.3529137e-01  -6.7775113e-01
  7.3584940e-01   6.7714523e-01  -7.3584940e-01  -6.7714523e-01
  7.3638808e-01   6.7655938e-01  -7.3638808e-01  -6.7655938e-01
  7.3690952e-01   6.7599139e-01  -7.3690952e-01  -6.7599139e-01
  7.3741548e-01   6.7543942e-01  -7.3741548e-01  -6.7543942e-01
  7.3790750e-01   6.7490186e-01  -7.3790750e-01  -6.7490186e-01
  7.3838690e-01   6.7437733e-01  -7.3838690e-01  -6.7437733e-01
  7.3885482e-01   6.7386464e-01  -7.3885482e-01  -6.7386464e-01
  7.3931229e-01   6.7336271e-01  -7.3931229e-01  -6.7336271e-01
  7.3976018e-01   6.7287062e-01  -7.3976018e-01  -6.7287062e-01
  7.4019930e-01   6.7238753e-01  -7.4019930e-01  -6.7238753e-01
  7.4063035e-01   6.7191271e-01  -7.4063035e-01  -6.7191271e-01
  7.4105396e-01   6.7144547e-01  -7.4105396e-01  -6.7144547e-01
  7.4147071e-01   6.7098524e-01  -7.4147071e-01  -6.7098524e-01
  7.4188110e-01   6.7053146e-01  -7.4188110e-01  -6.7053146e-01
  7.4228561e-01   6.7008364e-01  -7.4228561e-01  -6.7008364e-01
  7.4268465e-01   6.6964133e-01  -7.4268465e-01  -6.6964133e-01
  7.4307863e-01   6.6920412e-01  -7.4307863e-01  -6.6920412e-01
  7.4346789e-01   6.6877163e-01  -7.4346789e-01  -6.6877163e-01
  7.4385276e-01   6.6834353e-01  -7.4385276e-01  -6.6834353e-01
  7.4423354e-01   6.6791948e-01  -7.4423354e-01  -6.6791948e-01
  7.4461051e-01   6.6749920e-01  -7.4461051e-01  -6.6749920e-01
  7.4498393e-01   6.6708242e-01  -7.4498393e-01  -6.6708242e-01
  7.4535402e-01   6.6666887e-01  -7.4535402e-01  -6.6666887e-01
  7.4572102e-01   6.6625832e-01  -7.4572102e-01  -6.6625832e-01
  7.4608513e-01   6.6585056e-01  -7.4608513e-01  -6.6585056e-01
  7.4644654e-01   6.6544538e-01  -7.4644654e-01  -6.6544538e-01
  7.4680543e-01   6.6504259e-01  -7.4680543e-01  -6.6504259e-01
  7.4716197e-01   6.6464201e-01  -7.4716197e-01  -6.6464201e-01
  7.4751630e-01   6.6424346e-01  -7.4751630e-01  -6.6424346e-01
  7.4786858e-01   6.6384681e-01  -7.4786858e-01  -6.6384681e-01
  7.4821895e-01   6.6345188e-01  -7.4821895e-01  -6.6345188e-01
  7.4856753e-01   6.6305856e-01  -7.4856753e-01  -6.6305856e-01
  7.4891444e-01   6.6266670e-01  -7.4891444e-01  -6.6266670e-01
  7.4925980e-01   6.6227619e-01  -7.4925980e-01  -6.6227619e-01
  7.4960371e-01   6.6188691e-01  -7.4960371e-01  -6.6188691e-01
  7.4994627e-01   6.6149875e-01  -7.4994627e-01  -6.6149875e-01
  7.5028757e-01   6.6111161e-01  -7.5028757e-01  -6.6111161e-01
  7.5062771e-01   6.6072539e-01  -7.5062771e-01  -6.6072539e-01
  7.5096676e-01   6.6034001e-01  -7.5096676e-01  -6.6034001e-01
  7.5130480e-01   6.5995537e-01  -7.5130480e-01  -6.5995537e-01
  7.5164191e-01   6.5957141e-01  -7.5164191e-01  -6.5957141e-01
  7.5197814e-01   6.5918804e-01  -7.5197814e-01  -6.5918804e-01
  7.5231357e-01   6.5880520e-01  -7.5231357e-01  -6.5880520e-01
  7.5264825e-01   6.5842283e-01  -7.5264825e-01  -6.5842283e-01
  7.5298223e-01   6.5804085e-01  -7.5298223e-01  -6.5804085e-01
  7.5331557e-01   6.5765923e-01  -7.5331557e-01  -6.5765923e-01
  7.5364830e-01   6.5727790e-01  -7.5364830e-01  -6.5727790e-01
  7.5398048e-01   6.5689682e-01  -7.5398048e-01  -6.5689682e-01
  7.5431215e-01   6.5651595e-01  -7.5431215e-01  -6.5651595e-01
  7.5464332e-01   6.5613524e-01  -7.5464332e-01  -6.5613524e-01
  7.5497404e-01   6.5575468e-01  -7.5497404e-01  -6.5575468e-01
  7.5530434e-01   6.5537421e-01  -7.5530434e-01  -6.5537421e-01
  7.5563423e-01   6.5499383e-01  -7.5563423e-01  -6.5499383e-01
  7.5596373e-01   6.5461350e-01  -7.5596373e-01  -6.5461350e-01
  7.5629288e-01   6.5423321e-01  -7.5629288e-01  -6.5423321e-01
  7.5662166e-01   6.5385293e-01  -7.5662166e-01  -6.5385293e-01
  7.5695011e-01   6.5347267e-01  -7.5695011e-01  -6.5347267e-01
  7.5727821e-01   6.5309242e-01  -7.5727821e-01  -6.5309242e-01
  7.5760599e-01   6.5271216e-01  -7.5760599e-01  -6.5271216e-01
  7.5793343e-01   6.5233190e-01  -7.5793343e-01  -6.5233190e-01
  7.5826055e-01   6.5195164e-01  -7.5826055e-01  -6.5195164e-01
  7.5858734e-01   6.5157137e-01  -7.5858734e-01  -6.5157137e-01
  7.5891383e-01   6.5119107e-01  -7.5891383e-01  -6.5119107e-01
  7.5924002e-01   6.5081072e-01  -7.5924002e-01  -6.5081072e-01
  7.5956593e-01   6.5043032e-01  -7.5956593e-01  -6.5043032e-01
  7.5989158e-01   6.5004983e-01  -7.5989158e-01  -6.5004983e-01
  7.6021700e-01   6.4966924e-01  -7.6021700e-01  -6.4966924e-01
  7.6054221e-01   6.4928850e-01  -7.6054221e-01  -6.4928850e-01
  7.6086724e-01   6.4890758e-01  -7.6086724e-01  -6.4890758e-01
  7.6119212e-01   6.4852645e-01  -7.6119212e-01  -6.4852645e-01
  7.6151689e-01   6.4814506e-01  -7.6151689e-01  -6.4814506e-01
  7.6184160e-01   6.4776337e-01  -7.6184160e-01  -6.4776337e-01
  7.6216627e-01   6.4738132e-01  -7.6216627e-01  -6.4738132e-01
  7.6249096e-01   6.4699887e-01  -7.6249096e-01  -6.4699887e-01
  7.6281572e-01   6.4661595e-01  -7.6281572e-01  -6.4661595e-01
  7.6314059e-01   6.4623249e-01  -7.6314059e-01  -6.4623249e-01
  7.6346564e-01   6.4584845e-01  -7.6346564e-01  -6.4584845e-01
  7.6379092e-01   6.4546373e-01  -7.6379092e-01  -6.4546373e-01
  7.6411651e-01   6.4507826e-01  -7.6411651e-01  -6.4507826e-01
  7.6444245e-01   6.4469197e-01  -7.6444245e-01  -6.4469197e-01
  7.6476883e-01   6.4430477e-01  -7.6476883e-01  -6.4430477e-01
  7.6509572e-01   6.4391656e-01  -7.6509572e-01  -6.4391656e-01
  7.6542320e-01   6.4352725e-01  -7.6542320e-01  -6.4352725e-01
  7.6575136e-01   6.4313673e-01  -7.6575136e-01  -6.4313673e-01
  7.6608028e-01   6.4274490e-01  -7.6608028e-01  -6.4274490e-01
  7.6641006e-01   6.4235164e-01  -7.6641006e-01  -6.4235164e-01
  7.6674079e-01   6.4195682e-01  -7.6674079e-01  -6.4195682e-01
  7.6707259e-01   6.4156032e-01  -7.6707259e-01  -6.4156032e-01
  7.6740555e-01   6.4116200e-01  -7.6740555e-01  -6.4116200e-01
  7.6773981e-01   6.4076172e-01  -7.6773981e-01  -6.4076172e-01
  7.6807549e-01   6.4035931e-01  -7.6807549e-01  -6.4035931e-01
  7.6841271e-01   6.3995461e-01  -7.6841271e-01  -6.3995461e-01
  7.6875163e-01   6.3954745e-01  -7.6875163e-01  -6.3954745e-01
  7.6909238e-01   6.3913763e-01  -7.6909238e-01  -6.3913763e-01
  7.6943513e-01   6.3872496e-01  -7.6943513e-01  -6.3872496e-01
  7.6978005e-01   6.3830923e-01  -7.6978005e-01  -6.3830923e-01
  7.7012732e-01   6.3789020e-01  -7.7012732e-01  -6.3789020e-01
  7.7047714e-01   6.3746763e-01  -7.7047714e-01  -6.3746763e-01
  7.7082971e-01   6.3704126e-01  -7.7082971e-01  -6.3704126e-01
  7.7118525e-01   6.3661080e-01  -7.7118525e-01  -6.3661080e-01
  7.7154402e-01   6.3617594e-01  -7.7154402e-01  -6.3617594e-01
  7.7190626e-01   6.3573637e-01  -7.7190626e-01  -6.3573637e-01
  7.7227226e-01   6.3529171e-01  -7.7227226e-01  -6.3529171e-01
  7.7264233e-01   6.3484158e-01  -7.7264233e-01  -6.3484158e-01
  7.7301680e-01   6.3438555e-01  -7.7301680e-01  -6.3438555e-01
  7.7339603e-01   6.3392317e-01  -7.7339603e-01  -6.3392317e-01
  7.7378041e-01   6.3345392e-01  -7.7378041e-01  -6.3345392e-01
  7.7417039e-01   6.3297725e-01  -7.7417039e-01  -6.3297725e-01
  7.7456645e-01   6.3249254e-01  -7.7456645e-01  -6.3249254e-01
  7.7496911e-01   6.3199911e-01  -7.7496911e-01  -6.3199911e-01
  7.7537898e-01   6.3149620e-01  -7.7537898e-01  -6.3149620e-01
  7.7579670e-01   6.3098295e-01  -7.7579670e-01  -6.3098295e-01
  7.7622302e-01   6.3045843e-01  -7.7622302e-01  -6.3045843e-01
  7.7665878e-01   6.2992154e-01  -7.7665878e-01  -6.2992154e-01
  7.7710492e-01   6.2937107e-01  -7.7710492e-01  -6.2937107e-01
  7.7756253e-01   6.2880562e-01  -7.7756253e-01  -6.2880562e-01
  7.7803286e-01   6.2822358e-01  -7.7803286e-01  -6.2822358e-01
  7.7851734e-01   6.2762309e-01  -7.7851734e-01  -6.2762309e-01
  7.7901768e-01   6.2700196e-01  -7.7901768e-01  -6.2700196e-01
  7.7953585e-01   6.2635762e-01  -7.7953585e-01  -6.2635762e-01
  7.8007423e-01   6.2568698e-01  -7.8007423e-01  -6.2568698e-01
  7.8063568e-01   6.2498634e-01  -7.8063568e-01  -6.2498634e-01
  7.8122373e-01   6.2425114e-01  -7.8122373e-01  -6.2425114e-01
  7.8184273e-01   6.2347570e-01  -7.8184273e-01  -6.2347570e-01
  7.8249821e-01   6.2265283e-01  -7.8249821e-01  -6.2265283e-01
  7.8319734e-01   6.2177321e-01  -7.8319734e-01  -6.2177321e-01
  7.8394967e-01   6.2082438e-01  -7.8394967e-01  -6.2082438e-01
  7.8476832e-01   6.1978923e-01  -7.8476832e-01  -6.1978923e-01
  7.8567211e-01   6.1864314e-01  -7.8567211e-01  -6.1864314e-01
  7.8668955e-01   6.1734882e-01  -7.8668955e-01  -6.1734882e-01
  7.8786707e-01   6.1584533e-01  -7.8786707e-01  -6.1584533e-01
  7.8928896e-01   6.1402194e-01  -7.8928896e-01  -6.1402194e-01
  7.9113664e-01   6.1163945e-01  -7.9113664e-01  -6.1163945e-01
  7.9395515e-01   6.0797634e-01  -7.9395515e-01  -6.0797634e-01
  8.8838718e-01   4.5909500e-01  -8.8838718e-01  -4.5909500e-01
  8.9147729e-01   4.5306537e-01  -8.9147729e-01  -4.5306537e-01
  8.9312344e-01   4.4981166e-01  -8.9312344e-01  -4.4981166e-01
  8.9430299e-01   4.4746191e-01  -8.9430299e-01  -4.4746191e-01
  8.9524307e-01   4.4557811e-01  -8.9524307e-01  -4.4557811e-01
  8.9603547e-01   4.4398248e-01  -8.9603547e-01  -4.4398248e-01
  8.9672700e-01   4.4258409e-01  -8.9672700e-01  -4.4258409e-01
  8.9734495e-01   4.4132985e-01  -8.9734495e-01  -4.4132985e-01
  8.9790670e-01   4.4018583e-01  -8.9790670e-01  -4.4018583e-01
  8.9842402e-01   4.3912901e-01  -8.9842402e-01  -4.3912901e-01
  8.9890530e-01   4.3814297e-01  -8.9890530e-01  -4.3814297e-01
  8.9935674e-01   4.3721556e-01  -8.9935674e-01  -4.3721556e-01
  8.9978305e-01   4.3633755e-01  -8.9978305e-01  -4.3633755e-01
  9.0018790e-01   4.3550172e-01  -9.0018790e-01  -4.3550172e-01
  9.0057420e-01   4.3470232e-01  -9.0057420e-01  -4.3470232e-01
  9.0094432e-01   4.3393470e-01  -9.0094432e-01  -4.3393470e-01
  9.0130021e-01   4.3319503e-01  -9.0130021e-01  -4.3319503e-01
  9.0164347e-01   4.3248011e-01  -9.0164347e-01  -4.3248011e-01
  9.0197548e-01   4.3178726e-01  -9.0197548e-01  -4.3178726e-01
  9.0229738e-01   4.3111419e-01  -9.0229738e-01  -4.3111419e-01
  9.0261017e-01   4.3045892e-01  -9.0261017e-01  -4.3045892e-01
  9.0291471e-01   4.2981976e-01  -9.0291471e-01  -4.2981976e-01
  9.0321175e-01   4.2919522e-01  -9.0321175e-01  -4.2919522e-01
  9.0350194e-01   4.2858400e-01  -9.0350194e-01  -4.2858400e-01
  9.0378587e-01   4.2798494e-01  -9.0378587e-01  -4.2798494e-01
  9.0406404e-01   4.2739702e-01  -9.0406404e-01  -4.2739702e-01
  9.0433692e-01   4.2681932e-01  -9.0433692e-01  -4.2681932e-01
  9.0460492e-01   4.2625102e-01  -9.0460492e-01  -4.2625102e-01
  9.0486841e-01   4.2569139e-01  -9.0486841e-01  -4.2569139e-01
  9.0512772e-01   4.2513976e-01  -9.0512772e-01  -4.2513976e-01
  9.0538315e-01   4.2459552e-01  -9.0538315e-01  -4.2459552e-01
  9.0563498e-01   4.2405812e-01  -9.0563498e-01  -4.2405812e-01
  9.0588346e-01   4.2352704e-01  -9.0588346e-01  -4.2352704e-01
  9.0612882e-01   4.2300184e-01  -9.0612882e-01  -4.2300184e-01
  9.0637128e-01   4.2248208e-01  -9.0637128e-01  -4.2248208e-01
  9.0661102e-01   4.2196737e-01  -9.0661102e-01  -4.2196737e-01
  9.0684823e-01   4.2145735e-01  -9.0684823e-01  -4.2145735e-01
  9.0708307e-01   4.2095167e-01  -9.0708307e-01  -4.2095167e-01
  9.0731569e-01   4.2045004e-01  -9.0731569e-01  -4.2045004e-01
  9.0754624e-01   4.1995216e-01  -9.0754624e-01  -4.1995216e-01
  9.0777486e-01   4.1945775e-01  -9.0777486e-01  -4.1945775e-01
  9.0800166e-01   4.1896658e-01  -9.0800166e-01  -4.1896658e-01
  9.0822675e-01   4.1847839e-01  -9.0822675e-01  -4.1847839e-01
  9.0845026e-01   4.1799297e-01  -9.0845026e-01  -4.1799297e-01
  9.0867227e-01   4.1751012e-01  -9.0867227e-01  -4.1751012e-01
  9.0889289e-01   4.1702964e-01  -9.0889289e-01  -4.1702964e-01
  9.0911219e-01   4.1655134e-01  -9.0911219e-01  -4.1655134e-01
  9.0933027e-01   4.1607506e-01  -9.0933027e-01  -4.1607506e-01
  9.0954720e-01   4.1560064e-01  -9.0954720e-01  -4.1560064e-01
  9.0976305e-01   4.1512792e-01  -9.0976305e-01  -4.1512792e-01
  9.0997790e-01   4.1465676e-01  -9.0997790e-01  -4.1465676e-01
  9.1019180e-01   4.1418702e-01  -9.1019180e-01  -4.1418702e-01
  9.1040481e-01   4.1371859e-01  -9.1040481e-01  -4.1371859e-01
  9.1061700e-01   4.1325134e-01  -9.1061700e-01  -4.1325134e-01
  9.1082842e-01   4.1278516e-01  -9.1082842e-01  -4.1278516e-01
  9.1103911e-01   4.1231995e-01  -9.1103911e-01  -4.1231995e-01
  9.1124912e-01   4.1185560e-01  -9.1124912e-01  -4.1185560e-01
  9.1145850e-01   4.1139202e-01  -9.1145850e-01  -4.1139202e-01
  9.1166729e-01   4.1092914e-01  -9.1166729e-01  -4.1092914e-01
  9.1187552e-01   4.1046686e-01  -9.1187552e-01  -4.1046686e-01
  9.1208322e-01   4.1000511e-01  -9.1208322e-01  -4.1000511e-01
  9.1229044e-01   4.0954383e-01  -9.1229044e-01  -4.0954383e-01
  9.1249720e-01   4.0908294e-01  -9.1249720e-01  -4.0908294e-01
  9.1270354e-01   4.0862239e-01  -9.1270354e-01  -4.0862239e-01
  9.1290946e-01   4.0816212e-01  -9.1290946e-01  -4.0816212e-01
  9.1311500e-01   4.0770209e-01  -9.1311500e-01  -4.0770209e-01
  9.1332018e-01   4.0724225e-01  -9.1332018e-01  -4.0724225e-01
  9.1352501e-01   4.0678256e-01  -9.1352501e-01  -4.0678256e-01
  9.1372952e-01   4.0632298e-01  -9.1372952e-01  -4.0632298e-01
  9.1393371e-01   4.0586349e-01  -9.1393371e-01  -4.0586349e-01
  9.1413760e-01   4.0540406e-01  -9.1413760e-01  -4.0540406e-01
  9.1434120e-01   4.0494466e-01  -9.1434120e-01  -4.0494466e-01
  9.1454451e-01   4.0448529e-01  -9.1454451e-01  -4.0448529e-01
  9.1474754e-01   4.0402592e-01  -9.1474754e-01  -4.0402592e-01
  9.1495029e-01   4.0356656e-01  -9.1495029e-01  -4.0356656e-01
  9.1515277e-01   4.0310720e-01  -9.1515277e-01  -4.0310720e-01
  9.1535497e-01   4.0264784e-01  -9.1535497e-01  -4.0264784e-01
  9.1555690e-01   4.0218847e-01  -9.1555690e-01  -4.0218847e-01
  9.1575857e-01   4.0172907e-01  -9.1575857e-01  -4.0172907e-01
  9.1595997e-01   4.0126964e-01  -9.1595997e-01  -4.0126964e-01
  9.1616113e-01   4.0081016e-01  -9.1616113e-01  -4.0081016e-01
  9.1636205e-01   4.0035059e-01  -9.1636205e-01  -4.0035059e-01
  9.1656274e-01   3.9989091e-01  -9.1656274e-01  -3.9989091e-01
  9.1676322e-01   3.9943108e-01  -9.1676322e-01  -3.9943108e-01
  9.1696351e-01   3.9897107e-01  -9.1696351e-01  -3.9897107e-01
  9.1716362e-01   3.9851083e-01  -9.1716362e-01  -3.9851083e-01
  9.1736358e-01   3.9805032e-01  -9.1736358e-01  -3.9805032e-01
  9.1756341e-01   3.9758947e-01  -9.1756341e-01  -3.9758947e-01
  9.1776313e-01   3.9712824e-01  -9.1776313e-01  -3.9712824e-01
  9.1796277e-01   3.9666655e-01  -9.1796277e-01  -3.9666655e-01
  9.1816236e-01   3.9620435e-01  -9.1816236e-01  -3.9620435e-01
  9.1836192e-01   3.9574155e-01  -9.1836192e-01  -3.9574155e-01
  9.1856150e-01   3.9527808e-01  -9.1856150e-01  -3.9527808e-01
  9.1876113e-01   3.9481386e-01  -9.1876113e-01  -3.9481386e-01
  9.1896084e-01   3.9434880e-01  -9.1896084e-01  -3.9434880e-01
  9.1916068e-01   3.9388279e-01  -9.1916068e-01  -3.9388279e-01
  9.1936068e-01   3.9341574e-01  -9.1936068e-01  -3.9341574e-01
  9.1956089e-01   3.9294754e-01  -9.1956089e-01  -3.9294754e-01
  9.1976136e-01   3.9247808e-01  -9.1976136e-01  -3.9247808e-01
  9.1996213e-01   3.9200724e-01  -9.1996213e-01  -3.9200724e-01
  9.2016327e-01   3.9153488e-01  -9.2016327e-01  -3.9153488e-01
  9.2036482e-01   3.9106087e-01  -9.2036482e-01  -3.9106087e-01
  9.2056684e-01   3.9058506e-01  -9.2056684e-01  -3.9058506e-01
  9.2076940e-01   3.9010730e-01  -9.2076940e-01  -3.9010730e-01
  9.2097257e-01   3.8962743e-01  -9.2097257e-01  -3.8962743e-01
  9.2117640e-01   3.8914527e-01  -9.2117640e-01  -3.8914527e-01
  9.2138098e-01   3.8866064e-01  -9.2138098e-01  -3.8866064e-01
  9.2158638e-01   3.8817335e-01  -9.2158638e-01  -3.8817335e-01
  9.2179269e-01   3.8768317e-01  -9.2179269e-01  -3.8768317e-01
  9.2199999e-01   3.8718990e-01  -9.2199999e-01  -3.8718990e-01
  9.2220838e-01   3.8669330e-01  -9.2220838e-01  -3.8669330e-01
  9.2241796e-01   3.8619310e-01  -9.2241796e-01  -3.8619310e-01
  9.2262883e-01   3.8568904e-01  -9.2262883e-01  -3.8568904e-01
  9.2284112e-01   3.8518084e-01  -9.2284112e-01  -3.8518084e-01
  9.2305493e-01   3.8466816e-01  -9.2305493e-01  -3.8466816e-01
  9.2327041e-01   3.8415069e-01  -9.2327041e-01  -3.8415069e-01
  9.2348769e-01   3.8362805e-01  -9.2348769e-01  -3.8362805e-01
  9.2370693e-01   3.8309985e-01  -9.2370693e-01  -3.8309985e-01
  9.2392830e-01   3.8256568e-01  -9.2392830e-01  -3.8256568e-01
  9.2415196e-01   3.8202506e-01  -9.2415196e-01  -3.8202506e-01
  9.2437813e-01   3.8147749e-01  -9.2437813e-01  -3.8147749e-01
  9.2460700e-01   3.8092244e-01  -9.2460700e-01  -3.8092244e-01
  9.2483881e-01   3.8035928e-01  -9.2483881e-01  -3.8035928e-01
  9.2507381e-01   3.7978736e-01  -9.2507381e-01  -3.7978736e-01
  9.2531229e-01   3.7920596e-01  -9.2531229e-01  -3.7920596e-01
  9.2555456e-01   3.7861425e-01  -9.2555456e-01  -3.7861425e-01
  9.2580096e-01   3.7801135e-01  -9.2580096e-01  -3.7801135e-01
  9.2605188e-01   3.7739624e-01  -9.2605188e-01  -3.7739624e-01
  9.2630774e-01   3.7676779e-01  -9.2630774e-01  -3.7676779e-01
  9.2656904e-01   3.7612473e-01  -9.2656904e-01  -3.7612473e-01
  9.2683633e-01   3.7546561e-01  -9.2683633e-01  -3.7546561e-01
  9.2711023e-01   3.7478877e-01  -9.2711023e-01  -3.7478877e-01
  9.2739148e-01   3.7409230e-01  -9.2739148e-01  -3.7409230e-01
  9.2768090e-01   3.7337400e-01  -9.2768090e-01  -3.7337400e-01
  9.2797949e-01   3.7263128e-01  -9.2797949e-01  -3.7263128e-01
  9.2828839e-01   3.7186108e-01  -9.2828839e-01  -3.7186108e-01
  9.2860898e-01   3.7105977e-01  -9.2860898e-01  -3.7105977e-01
  9.2894293e-01   3.7022294e-01  -9.2894293e-01  -3.7022294e-01
  9.2929227e-01   3.6934520e-01  -9.2929227e-01  -3.6934520e-01
  9.2965952e-01   3.6841983e-01  -9.2965952e-01  -3.6841983e-01
  9.3004789e-01   3.6743833e-01  -9.3004789e-01  -3.6743833e-01
  9.3046151e-01   3.6638965e-01  -9.3046151e-01  -3.6638965e-01
  9.3090591e-01   3.6525907e-01  -9.3090591e-01  -3.6525907e-01
  9.3138865e-01   3.6402635e-01  -9.3138865e-01  -3.6402635e-01
  9.3192060e-01   3.6266238e-01  -9.3192060e-01  -3.6266238e-01
  9.3251816e-01   3.6112309e-01  -9.3251816e-01  -3.6112309e-01
  9.3320806e-01   3.5933649e-01  -9.3320806e-01  -3.5933649e-01
  9.3403870e-01   3.5717180e-01  -9.3403870e-01  -3.5717180e-01
  9.3511410e-01   3.5434674e-01  -9.3511410e-01  -3.5434674e-01
  9.3674579e-01   3.5001046e-01  -9.3674579e-01  -3.5001046e-01
  8.8838718e-01   4.5909500e-01  -8.8838718e-01  -4.5909500e-01
  8.9147729e-01   4.5306537e-01  -8.9147729e-01  -4.5306537e-01
  8.9312344e-01   4.4981166e-01  -8.9312344e-01  -4.4981166e-01
  8.9430299e-01   4.4746191e-01  -8.9430299e-01  -4.4746191e-01
  8.9524307e-01   4.4557811e-01  -8.9524307e-01  -4.4557811e-01
  8.9603547e-01   4.4398248e-01  -8.9603547e-01  -4.4398248e-01
  8.9672700e-01   4.4258409e-01  -8.9672700e-01  -4.4258409e-01
  8.9734495e-01   4.4132985e-01  -8.9734495e-01  -4.4132985e-01
  8.9790670e-01   4.4018583e-01  -8.9790670e-01  -4.4018583e-01
  8.9842402e-01   4.3912901e-01  -8.9842402e-01  -4.3912901e-01
  8.9890530e-01   4.3814297e-01  -8.9890530e-01  -4.3814297e-01
  8.9935674e-01   4.3721556e-01  -8.9935674e-01  -4.3721556e-01
  8.9978305e-01   4.3633755e-01  -8.9978305e-01  -4.3633755e-01
  9.0018790e-01   4.3550172e-01  -9.0018790e-01  -4.3550172e-01
  9.0057420e-01   4.3470232e-01  -9.0057420e-01  -4.3470232e-01
  9.0094432e-01   4.3393470e-01  -9.0094432e-01  -4.3393470e-01
  9.0130021e-01   4.3319503e-01  -9.0130021e-01  -4.3319503e-01
  9.0164347e-01   4.3248011e-01  -9.0164347e-01  -4.3248011e-01
  9.0197548e-01   4.3178726e-01  -9.0197548e-01  -4.3178726e-01
  9.0229738e-01   4.3111419e-01  -9.0229738e-01  -4.3111419e-01
  9.0261017e-01   4.3045892e-01  -9.0261017e-01  -4.3045892e-01
  9.0291471e-01   4.2981976e-01  -9.0291471e-01  -4.2981976e-01
  9.0321175e-01   4.2919522e-01  -9.0321175e-01  -4.2919522e-01
  9.0350194e-01   4.2858400e-01  -9.0350194e-01  -4.2858400e-01
  9.0378587e-01   4.2798494e-01  -9.0378587e-01  -4.2798494e-01
  9.0406404e-01   4.2739702e-01  -9.0406404e-01  -4.2739702e-01
  9.0433692e-01   4.2681932e-01  -9.0433692e-01  -4.2681932e-01
  9.0460492e-01   4.2625102e-01  -9.0460492e-01  -4.2625102e-01
  9.0486841e-01   4.2569139e-01  -9.0486841e-01  -4.2569139e-01
  9.0512772e-01   4.2513976e-01  -9.0512772e-01  -4.2513976e-01
  9.0538315e-01   4.2459552e-01  -9.0538315e-01  -4.2459552e-01
  9.0563498e-01   4.2405812e-01  -9.0563498e-01  -4.2405812e-01
  9.0588346e-01   4.2352704e-01  -9.0588346e-01  -4.2352704e-01
  9.0612882e-01   4.2300184e-01  -9.0612882e-01  -4.2300184e-01
  9.0637128e-01   4.2248208e-01  -9.0637128e-01  -4.2248208e-01
  9.0661102e-01   4.2196737e-01  -9.0661102e-01  -4.2196737e-01
  9.0684823e-01   4.2145735e-01  -9.0684823e-01  -4.2145735e-01
  9.0708307e-01   4.2095167e-01  -9.0708307e-01  -4.2095167e-01
  9.0731569e-01   4.2045004e-01  -9.0731569e-01  -4.2045004e-01
  9.0754624e-01   4.1995216e-01  -9.0754624e-01  -4.1995216e-01
  9.0777486e-01   4.1945775e-01  -9.0777486e-01  -4.1945775e-01
  9.0800166e-01   4.1896658e-01  -9.0800166e-01  -4.1896658e-01
  9.0822675e-01   4.1847839e-01  -9.0822675e-01  -4.1847839e-01
  9.0845026e-01   4.1799297e-01  -9.0845026e-01  -4.1799297e-01
  9.0867227e-01   4.1751012e-01  -9.0867227e-01  -4.1751012e-01
  9.0889289e-01   4.1702964e-01  -9.0889289e-01  -4.1702964e-01
  9.0911219e-01   4.1655134e-01  -9.0911219e-01  -4.1655134e-01
  9.0933027e-01   4.1607506e-01  -9.0933027e-01  -4.1607506e-01
  9.0954720e-01   4.1560064e-01  -9.0954720e-01  -4.1560064e-01
  9.0976305e-01   4.1512792e-01  -9.0976305e-01  -4.1512792e-01
  9.0997790e-01   4.1465676e-01  -9.0997790e-01  -4.1465676e-01
  9.1019180e-01   4.1418702e-01  -9.1019180e-01  -4.1418702e-01
  9.1040481e-01   4.1371859e-01  -9.1040481e-01  -4.1371859e-01
  9.1061700e-01   4.1325134e-01  -9.1061700e-01  -4.1325134e-01
  9.1082842e-01   4.1278516e-01  -9.1082842e-01  -4.1278516e-01
  9.1103911e-01   4.1231995e-01  -9.1103911e-01  -4.1231995e-01
  9.1124912e-01   4.1185560e-01  -9.1124912e-01  -4.1185560e-01
  9.1145850e-01   4.1139202e-01  -9.1145850e-01  -4.1139202e-01
  9.1166729e-01   4.1092914e-01  -9.1166729e-01  -4.1092914e-01
  9.1187552e-01   4.1046686e-01  -9.1187552e-01  -4.1046686e-01
  9.1208322e-01   4.1000511e-01  -9.1208322e-01  -4.1000511e-01
  9.1229044e-01   4.0954383e-01  -9.1229044e-01  -4.0954383e-01
  9.1249720e-01   4.0908294e-01  -9.1249720e-01  -4.0908294e-01
  9.1270354e-01   4.0862239e-01  -9.1270354e-01  -4.0862239e-01
  9.1290946e-01   4.0816212e-01  -9.1290946e-01  -4.0816212e-01
  9.1311500e-01   4.0770209e-01  -9.1311500e-01  -4.0770209e-01
  9.1332018e-01   4.0724225e-01  -9.1332018e-01  -4.0724225e-01
  9.1352501e-01   4.0678256e-01  -9.1352501e-01  -4.0678256e-01
  9.1372952e-01   4.0632298e-01  -9.1372952e-01  -4.0632298e-01
  9.1393371e-01   4.0586349e-01  -9.1393371e-01  -4.0586349e-01
  9.1413760e-01   4.0540406e-01  -9.1413760e-01  -4.0540406e-01
  9.1434120e-01   4.0494466e-01  -9.1434120e-01  -4.0494466e-01
  9.1454451e-01   4.0448529e-01  -9.1454451e-01  -4.0448529e-01
  9.1474754e-01   4.0402592e-01  -9.1474754e-01  -4.0402592e-01
  9.1495029e-01   4.0356656e-01  -9.1495029e-01  -4.0356656e-01
  9.1515277e-01   4.0310720e-01  -9.1515277e-01  -4.0310720e-01
  9.1535497e-01   4.0264784e-01  -9.1535497e-01  -4.0264784e-01
  9.1555690e-01   4.0218847e-01  -9.1555690e-01  -4.0218847e-01
  9.1575857e-01   4.0172907e-01  -9.1575857e-01  -4.0172907e-01
  9.1595997e-01   4.0126964e-01  -9.1595997e-01  -4.0126964e-01
  9.1616113e-01   4.0081016e-01  -9.1616113e-01  -4.0081016e-01
  9.1636205e-01   4.0035059e-01  -9.1636205e-01  -4.0035059e-01
  9.1656274e-01   3.9989091e-01  -9.1656274e-01  -3.9989091e-01
  9.1676322e-01   3.9943108e-01  -9.1676322e-01  -3.9943108e-01
  9.1696351e-01   3.9897107e-01  -9.1696351e-01  -3.9897107e-01
  9.1716362e-01   3.9851083e-01  -9.1716362e-01  -3.9851083e-01
  9.1736358e-01   3.9805032e-01  -9.1736358e-01  -3.9805032e-01
  9.1756341e-01   3.9758947e-01  -9.1756341e-01  -3.9758947e-01
  9.1776313e-01   3.9712824e-01  -9.1776313e-01  -3.9712824e-01
  9.1796277e-01   3.9666655e-01  -9.1796277e-01  -3.9666655e-01
  9.1816236e-01   3.9620435e-01  -9.1816236e-01  -3.9620435e-01
  9.1836192e-01   3.9574155e-01  -9.1836192e-01  -3.9574155e-01
  9.1856150e-01   3.9527808e-01  -9.1856150e-01  -3.9527808e-01
  9.1876113e-01   3.9481386e-01  -9.1876113e-01  -3.9481386e-01
  9.1896084e-01   3.9434880e-01  -9.1896084e-01  -3.9434880e-01
  9.1916068e-01   3.9388279e-01  -9.1916068e-01  -3.9388279e-01
  9.1936068e-01   3.9341574e-01  -9.1936068e-01  -3.9341574e-01
  9.1956089e-01   3.9294754e-01  -9.1956089e-01  -3.9294754e-01
  9.1976136e-01   3.9247808e-01  -9.1976136e-01  -3.9247808e-01
  9.1996213e-01   3.9200724e-01  -9.1996213e-01  -3.9200724e-01
  9.2016327e-01   3.9153488e-01  -9.2016327e-01  -3.9153488e-01
  9.2036482e-01   3.9106087e-01  -9.2036482e-01  -3.9106087e-01
  9.2056684e-01   3.9058506e-01  -9.2056684e-01  -3.9058506e-01
  9.2076940e-01   3.9010730e-01  -9.2076940e-01  -3.9010730e-01
  9.2097257e-01   3.8962743e-01  -9.2097257e-01  -3.8962743e-01
  9.2117640e-01   3.8914527e-01  -9.2117640e-01  -3.8914527e-01
  9.2138098e-01   3.8866064e-01  -9.2138098e-01  -3.8866064e-01
  9.2158638e-01   3.8817335e-01  -9.2158638e-01  -3.8817335e-01
  9.2179269e-01   3.8768317e-01  -9.2179269e-01  -3.8768317e-01
  9.2199999e-01   3.8718990e-01  -9.2199999e-01  -3.8718990e-01
  9.2220838e-01   3.8669330e-01  -9.2220838e-01  -3.8669330e-01
  9.2241796e-01   3.8619310e-01  -9.2241796e-01  -3.8619310e-01
  9.2262883e-01   3.8568904e-01  -9.2262883e-01  -3.8568904e-01
  9.2284112e-01   3.8518084e-01  -9.2284112e-01  -3.8518084e-01
  9.2305493e-01   3.8466816e-01  -9.2305493e-01  -3.8466816e-01
  9.2327041e-01   3.8415069e-01  -9.2327041e-01  -3.8415069e-01
  9.2348769e-01   3.8362805e-01  -9.2348769e-01  -3.8362805e-01
  9.2370693e-01   3.8309985e-01  -9.2370693e-01  -3.8309985e-01
  9.2392830e-01   3.8256568e-01  -9.2392830e-01  -3.8256568e-01
  9.2415196e-01   3.8202506e-01  -9.2415196e-01  -3.8202506e-01
  9.2437813e-01   3.8147749e-01  -9.2437813e-01  -3.8147749e-01
  9.2460700e-01   3.8092244e-01  -9.2460700e-01  -3.8092244e-01
  9.2483881e-01   3.8035928e-01  -9.2483881e-01  -3.8035928e-01
  9.2507381e-01   3.7978736e-01  -9.2507381e-01  -3.7978736e-01
  9.2531229e-01   3.7920596e-01  -9.2531229e-01  -3.7920596e-01
  9.2555456e-01   3.7861425e-01  -9.2555456e-01  -3.7861425e-01
  9.2580096e-01   3.7801135e-01  -9.2580096e-01  -3.7801135e-01
  9.2605188e-01   3.7739624e-01  -9.2605188e-01  -3.7739624e-01
  9.2630774e-01   3.7676779e-01  -9.2630774e-01  -3.7676779e-01
  9.2656904e-01   3.7612473e-01  -9.2656904e-01  -3.7612473e-01
  9.2683633e-01   3.7546561e-01  -9.2683633e-01  -3.7546561e-01
  9.2711023e-01   3.7478877e-01  -9.2711023e-01  -3.7478877e-01
  9.2739148e-01   3.7409230e-01  -9.2739148e-01  -3.7409230e-01
  9.2768090e-01   3.7337400e-01  -9.2768090e-01  -3.7337400e-01
  9.2797949e-01   3.7263128e-01  -9.2797949e-01  -3.7263128e-01
  9.2828839e-01   3.7186108e-01  -9.2828839e-01  -3.7186108e-01
  9.2860898e-01   3.7105977e-01  -9.2860898e-01  -3.7105977e-01
  9.2894293e-01   3.7022294e-01  -9.2894293e-01  -3.7022294e-01
  9.2929227e-01   3.6934520e-01  -9.2929227e-01  -3.6934520e-01
  9.2965952e-01   3.6841983e-01  -9.2965952e-01  -3.6841983e-01
  9.3004789e-01   3.6743833e-01  -9.3004789e-01  -3.6743833e-01
  9.3046151e-01   3.6638965e-01  -9.3046151e-01  -3.6638965e-01
  9.3090591e-01   3.6525907e-01  -9.3090591e-01  -3.6525907e-01
  9.3138865e-01   3.6402635e-01  -9.3138865e-01  -3.6402635e-01
  9.3192060e-01   3.6266238e-01  -9.3192060e-01  -3.6266238e-01
  9.3251816e-01   3.6112309e-01  -9.3251816e-01  -3.6112309e-01
  9.3320806e-01   3.5933649e-01  -9.3320806e-01  -3.5933649e-01
  9.3403870e-01   3.5717180e-01  -9.3403870e-01  -3.5717180e-01
  9.3511410e-01   3.5434674e-01  -9.3511410e-01  -3.5434674e-01
  9.3674579e-01   3.5001046e-01  -9.3674579e-01  -3.5001046e-01
  8.8838718e-01   4.5909500e-01  -8.8838718e-01  -4.5909500e-01
  8.9147729e-01   4.5306537e-01  -8.9147729e-01  -4.5306537e-01
  8.9312344e-01   4.4981166e-01  -8.9312344e-01  -4.4981166e-01
  8.9430299e-01   4.4746191e-01  -8.9430299e-01  -4.4746191e-01
  8.9524307e-01   4.4557811e-01  -8.9524307e-01  -4.4557811e-01
  8.9603547e-01   4.4398248e-01  -8.9603547e-01  -4.4398248e-01
  8.9672700e-01   4.4258409e-01  -8.9672700e-01  -4.4258409e-01
  8.9734495e-01   4.4132985e-01  -8.9734495e-01  -4.4132985e-01
  8.9790670e-01   4.4018583e-01  -8.9790670e-01  -4.4018583e-01
  8.9842402e-01   4.3912901e-01  -8.9842402e-01  -4.3912901e-01
  8.9890530e-01   4.3814297e-01  -8.9890530e-01  -4.3814297e-01
  8.9935674e-01   4.3721556e-01  -8.9935674e-01  -4.3721556e-01
  8.9978305e-01   4.3633755e-01  -8.9978305e-01  -4.3633755e-01
  9.0018790e-01   4.3550172e-01  -9.0018790e-01  -4.3550172e-01
  9.0057420e-01   4.3470232e-01  -9.0057420e-01  -4.3470232e-01
  9.0094432e-01   4.3393470e-01  -9.0094432e-01  -4.3393470e-01
  9.0130021e-01   4.3319503e-01  -9.0130021e-01  -4.3319503e-01
  9.0164347e-01   4.3248011e-01  -9.0164347e-01  -4.3248011e-01
  9.0197548e-01   4.3178726e-01  -9.0197548e-01  -4.3178726e-01
  9.0229738e-01   4.3111419e-01  -9.0229738e-01  -4.3111419e-01
  9.0261017e-01   4.3045892e-01  -9.0261017e-01  -4.3045892e-01
  9.0291471e-01   4.2981976e-01  -9.0291471e-01  -4.2981976e-01
  9.0321175e-01   4.2919522e-01  -9.0321175e-01  -4.2919522e-01
  9.0350194e-01   4.2858400e-01  -9.0350194e-01  -4.2858400e-01
  9.0378587e-01   4.2798494e-01  -9.0378587e-01  -4.2798494e-01
  9.0406404e-01   4.2739702e-01  -9.0406404e-01  -4.2739702e-01
  9.0433692e-01   4.2681932e-01  -9.0433692e-01  -4.2681932e-01
  9.0460492e-01   4.2625102e-01  -9.0460492e-01  -4.2625102e-01
  9.0486841e-01   4.2569139e-01  -9.0486841e-01  -4.2569139e-01
  9.0512772e-01   4.2513976e-01  -9.0512772e-01  -4.2513976e-01
  9.0538315e-01   4.2459552e-01  -9.0538315e-01  -4.2459552e-01
  9.0563498e-01   4.2405812e-01  -9.0563498e-01  -4.2405812e-01
  9.0588346e-01   4.2352704e-01  -9.0588346e-01  -4.2352704e-01
  9.0612882e-01   4.2300184e-01  -9.0612882e-01  -4.2300184e-01
  9.0637128e-01   4.2248208e-01  -9.0637128e-01  -4.2248208e-01
  9.0661102e-01   4.2196737e-01  -9.0661102e-01  -4.2196737e-01
  9.0684823e-01   4.2145735e-01  -9.0684823e-01  -4.2145735e-01
  9.0708307e-01   4.2095167e-01  -9.0708307e-01  -4.2095167e-01
  9.0731569e-01   4.2045004e-01  -9.0731569e-01  -4.2045004e-01
  9.0754624e-01   4.1995216e-01  -9.0754624e-01  -4.1995216e-01
  9.0777486e-01   4.1945775e-01  -9.0777486e-01  -4.1945775e-01
  9.0800166e-01   4.1896658e-01  -9.0800166e-01  -4.1896658e-01
  9.0822675e-01   4.1847839e-01  -9.0822675e-01  -4.1847839e-01
  9.0845026e-01   4.1799297e-01  -9.0845026e-01  -4.1799297e-01
  9.0867227e-01   4.1751012e-01  -9.0867227e-01  -4.1751012e-01
  9.0889289e-01   4.1702964e-01  -9.0889289e-01  -4.1702964e-01
  9.0911219e-01   4.1655134e-01  -9.0911219e-01  -4.1655134e-01
  9.0933027e-01   4.1607506e-01  -9.0933027e-01  -4.1607506e-01
  9.0954720e-01   4.1560064e-01  -9.0954720e-01  -4.1560064e-01
  9.0976305e-01   4.1512792e-01  -9.0976305e-01  -4.1512792e-01
  9.0997790e-01   4.1465676e-01  -9.0997790e-01  -4.1465676e-01
  9.1019180e-01   4.1418702e-01  -9.1019180e-01  -4.1418702e-01
  9.1040481e-01   4.1371859e-01  -9.1040481e-01  -4.1371859e-01
  9.1061700e-01   4.1325134e-01  -9.1061700e-01  -4.1325134e-01
  9.1082842e-01   4.1278516e-01  -9.1082842e-01  -4.1278516e-01
  9.1103911e-01   4.1231995e-01  -9.1103911e-01  -4.1231995e-01
  9.1124912e-01   4.1185560e-01  -9.1124912e-01  -4.1185560e-01
  9.1145850e-01   4.1139202e-01  -9.1145850e-01  -4.1139202e-01
  9.1166729e-01   4.1092914e-01  -9.1166729e-01  -4.1092914e-01
  9.1187552e-01   4.1046686e-01  -9.1187552e-01  -4.1046686e-01
  9.1208322e-01   4.1000511e-01  -9.1208322e-01  -4.1000511e-01
  9.1229044e-01   4.0954383e-01  -9.1229044e-01  -4.0954383e-01
  9.1249720e-01   4.0908294e-01  -9.1249720e-01  -4.0908294e-01
  9.1270354e-01   4.0862239e-01  -9.1270354e-01  -4.0862239e-01
  9.1290946e-01   4.0816212e-01  -9.1290946e-01  -4.0816212e-01
  9.1311500e-01   4.0770209e-01  -9.1311500e-01  -4.0770209e-01
  9.1332018e-01   4.0724225e-01  -9.1332018e-01  -4.0724225e-01
  9.1352501e-01   4.0678256e-01  -9.1352501e-01  -4.0678256e-01
  9.1372952e-01   4.0632298e-01  -9.1372952e-01  -4.0632298e-01
  9.1393371e-01   4.0586349e-01  -9.1393371e-01  -4.0586349e-01
  9.1413760e-01   4.0540406e-01  -9.1413760e-01  -4.0540406e-01
  9.1434120e-01   4.0494466e-01  -9.1434120e-01  -4.0494466e-01
  9.1454451e-01   4.0448529e-01  -9.1454451e-01  -4.0448529e-01
  9.1474754e-01   4.0402592e-01  -9.1474754e-01  -4.0402592e-01
  9.1495029e-01   4.0356656e-01  -9.1495029e-01  -4.0356656e-01
  9.1515277e-01   4.0310720e-01  -9.1515277e-01  -4.0310720e-01
  9.1535497e-01   4.0264784e-01  -9.1535497e-01  -4.0264784e-01
  9.1555690e-01   4.0218847e-01  -9.1555690e-01  -4.0218847e-01
  9.1575857e-01   4.0172907e-01  -9.1575857e-01  -4.0172907e-01
  9.1595997e-01   4.0126964e-01  -9.1595997e-01  -4.0126964e-01
  9.1616113e-01   4.0081016e-01  -9.1616113e-01  -4.0081016e-01
  9.1636205e-01   4.0035059e-01  -9.1636205e-01  -4.0035059e-01
  9.1656274e-01   3.9989091e-01  -9.1656274e-01  -3.9989091e-01
  9.1676322e-01   3.9943108e-01  -9.1676322e-01  -3.9943108e-01
  9.1696351e-01   3.9897107e-01  -9.1696351e-01  -3.9897107e-01
  9.1716362e-01   3.9851083e-01  -9.1716362e-01  -3.9851083e-01
  9.1736358e-01   3.9805032e-01  -9.1736358e-01  -3.9805032e-01
  9.1756341e-01   3.9758947e-01  -9.1756341e-01  -3.9758947e-01
  9.1776313e-01   3.9712824e-01  -9.1776313e-01  -3.9712824e-01
  9.1796277e-01   3.9666655e-01  -9.1796277e-01  -3.9666655e-01
  9.1816236e-01   3.9620435e-01  -9.1816236e-01  -3.9620435e-01
  9.1836192e-01   3.9574155e-01  -9.1836192e-01  -3.9574155e-01
  9.1856150e-01   3.9527808e-01  -9.1856150e-01  -3.9527808e-01
  9.1876113e-01   3.9481386e-01  -9.1876113e-01  -3.9481386e-01
  9.1896084e-01   3.9434880e-01  -9.1896084e-01  -3.9434880e-01
  9.1916068e-01   3.9388279e-01  -9.1916068e-01  -3.9388279e-01
  9.1936068e-01   3.9341574e-01  -9.1936068e-01  -3.9341574e-01
  9.1956089e-01   3.9294754e-01  -9.1956089e-01  -3.9294754e-01
  9.1976136e-01   3.9247808e-01  -9.1976136e-01  -3.9247808e-01
  9.1996213e-01   3.9200724e-01  -9.1996213e-01  -3.9200724e-01
  9.2016327e-01   3.9153488e-01  -9.2016327e-01  -3.9153488e-01
  9.2036482e-01   3.9106087e-01  -9.2036482e-01  -3.9106087e-01
  9.2056684e-01   3.9058506e-01  -9.2056684e-01  -3.9058506e-01
  9.2076940e-01   3.9010730e-01  -9.2076940e-01  -3.9010730e-01
  9.2097257e-01   3.8962743e-01  -9.2097257e-01  -3.8962743e-01
  9.2117640e-01   3.8914527e-01  -9.2117640e-01  -3.8914527e-01
  9.2138098e-01   3.8866064e-01  -9.2138098e-01  -3.8866064e-01
  9.2158638e-01   3.8817335e-01  -9.2158638e-01  -3.8817335e-01
  9.2179269e-01   3.8768317e-01  -9.2179269e-01  -3.8768317e-01
  9.2199999e-01   3.8718990e-01  -9.2199999e-01  -3.8718990e-01
  9.2220838e-01   3.8669330e-01  -9.2220838e-01  -3.8669330e-01
  9.2241796e-01   3.8619310e-01  -9.2241796e-01  -3.8619310e-01
  9.2262883e-01   3.8568904e-01  -9.2262883e-01  -3.8568904e-01
  9.2284112e-01   3.8518084e-01  -9.2284112e-01  -3.8518084e-01
  9.2305493e-01   3.8466816e-01  -9.2305493e-01  -3.8466816e-01
  9.2327041e-01   3.8415069e-01  -9.2327041e-01  -3.8415069e-01
  9.2348769e-01   3.8362805e-01  -9.2348769e-01  -3.8362805e-01
  9.2370693e-01   3.8309985e-01  -9.2370693e-01  -3.8309985e-01
  9.2392830e-01   3.8256568e-01  -9.2392830e-01  -3.8256568e-01
  9.2415196e-01   3.8202506e-01  -9.2415196e-01  -3.8202506e-01
  9.2437813e-01   3.8147749e-01  -9.2437813e-01  -3.8147749e-01
  9.2460700e-01   3.8092244e-01  -9.2460700e-01  -3.8092244e-01
  9.2483881e-01   3.8035928e-01  -9.2483881e-01  -3.8035928e-01
  9.2507381e-01   3.7978736e-01  -9.2507381e-01  -3.7978736e-01
  9.2531229e-01   3.7920596e-01  -9.2531229e-01  -3.7920596e-01
  9.2555456e-01   3.7861425e-01  -9.2555456e-01  -3.7861425e-01
  9.2580096e-01   3.7801135e-01  -9.2580096e-01  -3.7801135e-01
  9.2605188e-01   3.7739624e-01  -9.2605188e-01  -3.7739624e-01
  9.2630774e-01   3.7676779e-01  -9.2630774e-01  -3.7676779e-01
  9.2656904e-01   3.7612473e-01  -9.2656904e-01  -3.7612473e-01
  9.2683633e-01   3.7546561e-01  -9.2683633e-01  -3.7546561e-01
  9.2711023e-01   3.7478877e-01  -9.2711023e-01  -3.7478877e-01
  9.2739148e-01   3.7409230e-01  -9.2739148e-01  -3.7409230e-01
  9.2768090e-01   3.7337400e-01  -9.2768090e-01  -3.7337400e-01
  9.2797949e-01   3.7263128e-01  -9.2797949e-01  -3.7263128e-01
  9.2828839e-01   3.7186108e-01  -9.2828839e-01  -3.7186108e-01
  9.2860898e-01   3.7105977e-01  -9.2860898e-01  -3.7105977e-01
  9.2894293e-01   3.7022294e-01  -9.2894293e-01  -3.7022294e-01
  9.2929227e-01   3.6934520e-01  -9.2929227e-01  -3.6934520e-01
  9.2965952e-01   3.6841983e-01  -9.2965952e-01  -3.6841983e-01
  9.3004789e-01   3.6743833e-01  -9.3004789e-01  -3.6743833e-01
  9.3046151e-01   3.6638965e-01  -9.3046151e-01  -3.6638965e-01
  9.3090591e-01   3.6525907e-01  -9.3090591e-01  -3.6525907e-01
  9.3138865e-01   3.6402635e-01  -9.3138865e-01  -3.6402635e-01
  9.3192060e-01   3.6266238e-01  -9.3192060e-01  -3.6266238e-01
  9.3251816e-01   3.6112309e-01  -9.3251816e-01  -3.6112309e-01
  9.3320806e-01   3.5933649e-01  -9.3320806e-01  -3.5933649e-01
  9.3403870e-01   3.5717180e-01  -9.3403870e-01  -3.5717180e-01
  9.3511410e-01   3.5434674e-01  -9.3511410e-01  -3.5434674e-01
  9.3674579e-01   3.5001046e-01  -9.3674579e-01  -3.5001046e-01
  8.8838718e-01   4.5909500e-01  -8.8838718e-01  -4.5909500e-01
  8.9147729e-01   4.5306537e-01  -8.9147729e-01  -4.5306537e-01
  8.9312344e-01   4.4981166e-01  -8.9312344e-01  -4.4981166e-01
  8.9430299e-01   4.4746191e-01  -8.9430299e-01  -4.4746191e-01
  8.9524307e-01   4.4557811e-01  -8.9524307e-01  -4.4557811e-01
  8.9603547e-01   4.4398248e-01  -8.9603547e-01  -4.4398248e-01
  8.9672700e-01   4.4258409e-01  -8.9672700e-01  -4.4258409e-01
  8.9734495e-01   4.4132985e-01  -8.9734495e-01  -4.4132985e-01
  8.9790670e-01   4.4018583e-01  -8.9790670e-01  -4.4018583e-01
  8.9842402e-01   4.3912901e-01  -8.9842402e-01  -4.3912901e-01
  8.9890530e-01   4.3814297e-01  -8.9890530e-01  -4.3814297e-01
  8.9935674e-01   4.3721556e-01  -8.9935674e-01  -4.3721556e-01
  8.9978305e-01   4.3633755e-01  -8.9978305e-01  -4.3633755e-01
  9.0018790e-01   4.3550172e-01  -9.0018790e-01  -4.3550172e-01
  9.0057420e-01   4.3470232e-01  -9.0057420e-01  -4.3470232e-01
  9.0094432e-01   4.3393470e-01  -9.0094432e-01  -4.3393470e-01
  9.0130021e-01   4.3319503e-01  -9.0130021e-01  -4.3319503e-01
  9.0164347e-01   4.3248011e-01  -9.0164347e-01  -4.3248011e-01
  9.0197548e-01   4.3178726e-01  -9.0197548e-01  -4.3178726e-01
  9.0229738e-01   4.3111419e-01  -9.0229738e-01  -4.3111419e-01
  9.0261017e-01   4.3045892e-01  -9.0261017e-01  -4.3045892e-01
  9.0291471e-01   4.2981976e-01  -9.0291471e-01  -4.2981976e-01
  9.0321175e-01   4.2919522e-01  -9.0321175e-01  -4.2919522e-01
  9.0350194e-01   4.2858400e-01  -9.0350194e-01  -4.2858400e-01
  9.0378587e-01   4.2798494e-01  -9.0378587e-01  -4.2798494e-01
  9.0406404e-01   4.2739702e-01  -9.0406404e-01  -4.2739702e-01
  9.0433692e-01   4.2681932e-01  -9.0433692e-01  -4.2681932e-01
  9.0460492e-01   4.2625102e-01  -9.0460492e-01  -4.2625102e-01
  9.0486841e-01   4.2569139e-01  -9.0486841e-01  -4.2569139e-01
  9.0512772e-01   4.2513976e-01  -9.0512772e-01  -4.2513976e-01
  9.0538315e-01   4.2459552e-01  -9.0538315e-01  -4.2459552e-01
  9.0563498e-01   4.2405812e-01  -9.0563498e-01  -4.2405812e-01
  9.0588346e-01   4.2352704e-01  -9.0588346e-01  -4.2352704e-01
  9.0612882e-01   4.2300184e-01  -9.0612882e-01  -4.2300184e-01
  9.0637128e-01   4.2248208e-01  -9.0637128e-01  -4.2248208e-01
  9.0661102e-01   4.2196737e-01  -9.0661102e-01  -4.2196737e-01
  9.0684823e-01   4.2145735e-01  -9.0684823e-01  -4.2145735e-01
  9.0708307e-01   4.2095167e-01  -9.0708307e-01  -4.2095167e-01
  9.0731569e-01   4.2045004e-01  -9.0731569e-01  -4.2045004e-01
  9.0754624e-01   4.1995216e-01  -9.0754624e-01  -4.1995216e-01
  9.0777486e-01   4.1945775e-01  -9.0777486e-01  -4.1945775e-01
  9.0800166e-01   4.1896658e-01  -9.0800166e-01  -4.1896658e-01
  9.0822675e-01   4.1847839e-01  -9.0822675e-01  -4.1847839e-01
  9.0845026e-01   4.1799297e-01  -9.0845026e-01  -4.1799297e-01
  9.0867227e-01   4.1751012e-01  -9.0867227e-01  -4.1751012e-01
  9.0889289e-01   4.1702964e-01  -9.0889289e-01  -4.1702964e-01
  9.0911219e-01   4.1655134e-01  -9.0911219e-01  -4.1655134e-01
  9.0933027e-01   4.1607506e-01  -9.0933027e-01  -4.1607506e-01
  9.0954720e-01   4.1560064e-01  -9.0954720e-01  -4.1560064e-01
  9.0976305e-01   4.1512792e-01  -9.0976305e-01  -4.1512792e-01
  9.0997790e-01   4.1465676e-01  -9.0997790e-01  -4.1465676e-01
  9.1019180e-01   4.1418702e-01  -9.1019180e-01  -4.1418702e-01
  9.1040481e-01   4.1371859e-01  -9.1040481e-01  -4.1371859e-01
  9.1061700e-01   4.1325134e-01  -9.1061700e-01  -4.1325134e-01
  9.1082842e-01   4.1278516e-01  -9.1082842e-01  -4.1278516e-01
  9.1103911e-01   4.1231995e-01  -9.1103911e-01  -4.1231995e-01
  9.1124912e-01   4.1185560e-01  -9.1124912e-01  -4.1185560e-01
  9.1145850e-01   4.1139202e-01  -9.1145850e-01  -4.1139202e-01
  9.1166729e-01   4.1092914e-01  -9.1166729e-01  -4.1092914e-01
  9.1187552e-01   4.1046686e-01  -9.1187552e-01  -4.1046686e-01
  9.1208322e-01   4.1000511e-01  -9.1208322e-01  -4.1000511e-01
  9.1229044e-01   4.0954383e-01  -9.1229044e-01  -4.0954383e-01
  9.1249720e-01   4.0908294e-01  -9.1249720e-01  -4.0908294e-01
  9.1270354e-01   4.0862239e-01  -9.1270354e-01  -4.0862239e-01
  9.1290946e-01   4.0816212e-01  -9.1290946e-01  -4.0816212e-01
  9.1311500e-01   4.0770209e-01  -9.1311500e-01  -4.0770209e-01
  9.1332018e-01   4.0724225e-01  -9.1332018e-01  -4.0724225e-01
  9.1352501e-01   4.0678256e-01  -9.1352501e-01  -4.0678256e-01
  9.1372952e-01   4.0632298e-01  -9.1372952e-01  -4.0632298e-01
  9.1393371e-01   4.0586349e-01  -9.1393371e-01  -4.0586349e-01
  9.1413760e-01   4.0540406e-01  -9.1413760e-01  -4.0540406e-01
  9.1434120e-01   4.0494466e-01  -9.1434120e-01  -4.0494466e-01
  9.1454451e-01   4.0448529e-01  -9.1454451e-01  -4.0448529e-01
  9.1474754e-01   4.0402592e-01  -9.1474754e-01  -4.0402592e-01
  9.1495029e-01   4.0356656e-01  -9.1495029e-01  -4.0356656e-01
  9.1515277e-01   4.0310720e-01  -9.1515277e-01  -4.0310720e-01
  9.1535497e-01   4.0264784e-01  -9.1535497e-01  -4.0264784e-01
  9.1555690e-01   4.0218847e-01  -9.1555690e-01  -4.0218847e-01
  9.1575857e-01   4.0172907e-01  -9.1575857e-01  -4.0172907e-01
  9.1595997e-01   4.0126964e-01  -9.1595997e-01  -4.0126964e-01
  9.1616113e-01   4.0081016e-01  -9.1616113e-01  -4.0081016e-01
  9.1636205e-01   4.0035059e-01  -9.1636205e-01  -4.0035059e-01
  9.1656274e-01   3.9989091e-01  -9.1656274e-01  -3.9989091e-01
  9.1676322e-01   3.9943108e-01  -9.1676322e-01  -3.9943108e-01
  9.1696351e-01   3.9897107e-01  -9.1696351e-01  -3.9897107e-01
  9.1716362e-01   3.9851083e-01  -9.1716362e-01  -3.9851083e-01
  9.1736358e-01   3.9805032e-01  -9.1736358e-01  -3.9805032e-01
  9.1756341e-01   3.9758947e-01  -9.1756341e-01  -3.9758947e-01
  9.1776313e-01   3.9712824e-01  -9.1776313e-01  -3.9712824e-01
  9.1796277e-01   3.9666655e-01  -9.1796277e-01  -3.9666655e-01
  9.1816236e-01   3.9620435e-01  -9.1816236e-01  -3.9620435e-01
  9.1836192e-01   3.9574155e-01  -9.1836192e-01  -3.9574155e-01
  9.1856150e-01   3.9527808e-01  -9.1856150e-01  -3.9527808e-01
  9.1876113e-01   3.9481386e-01  -9.1876113e-01  -3.9481386e-01
  9.1896084e-01   3.9434880e-01  -9.1896084e-01  -3.9434880e-01
  9.1916068e-01   3.9388279e-01  -9.1916068e-01  -3.9388279e-01
  9.1936068e-01   3.9341574e-01  -9.1936068e-01  -3.9341574e-01
  9.1956089e-01   3.9294754e-01  -9.1956089e-01  -3.9294754e-01
  9.1976136e-01   3.9247808e-01  -9.1976136e-01  -3.9247808e-01
  9.1996213e-01   3.9200724e-01  -9.1996213e-01  -3.9200724e-01
  9.2016327e-01   3.9153488e-01  -9.2016327e-01  -3.9153488e-01
  9.2036482e-01   3.9106087e-01  -9.2036482e-01  -3.9106087e-01
  9.2056684e-01   3.9058506e-01  -9.2056684e-01  -3.9058506e-01
  9.2076940e-01   3.9010730e-01  -9.2076940e-01  -3.9010730e-01
  9.2097257e-01   3.8962743e-01  -9.2097257e-01  -3.8962743e-01
  9.2117640e-01   3.8914527e-01  -9.2117640e-01  -3.8914527e-01
  9.2138098e-01   3.8866064e-01  -9.2138098e-01  -3.8866064e-01
  9.2158638e-01   3.8817335e-01  -9.2158638e-01  -3.8817335e-01
  9.2179269e-01   3.8768317e-01  -9.2179269e-01  -3.8768317e-01
  9.2199999e-01   3.8718990e-01  -9.2199999e-01  -3.8718990e-01
  9.2220838e-01   3.8669330e-01  -9.2220838e-01  -3.8669330e-01
  9.2241796e-01   3.8619310e-01  -9.2241796e-01  -3.8619310e-01
  9.2262883e-01   3.8568904e-01  -9.2262883e-01  -3.8568904e-01
  9.2284112e-01   3.8518084e-01  -9.2284112e-01  -3.8518084e-01
  9.2305493e-01   3.8466816e-01  -9.2305493e-01  -3.8466816e-01
  9.2327041e-01   3.8415069e-01  -9.2327041e-01  -3.8415069e-01
  9.2348769e-01   3.8362805e-01  -9.2348769e-01  -3.8362805e-01
  9.2370693e-01   3.8309985e-01  -9.2370693e-01  -3.8309985e-01
  9.2392830e-01   3.8256568e-01  -9.2392830e-01  -3.8256568e-01
  9.2415196e-01   3.8202506e-01  -9.2415196e-01  -3.8202506e-01
  9.2437813e-01   3.8147749e-01  -9.2437813e-01  -3.8147749e-01
  9.2460700e-01   3.8092244e-01  -9.2460700e-01  -3.8092244e-01
  9.2483881e-01   3.8035928e-01  -9.2483881e-01  -3.8035928e-01
  9.2507381e-01   3.7978736e-01  -9.2507381e-01  -3.7978736e-01
  9.2531229e-01   3.7920596e-01  -9.2531229e-01  -3.7920596e-01
  9.2555456e-01   3.7861425e-01  -9.2555456e-01  -3.7861425e-01
  9.2580096e-01   3.7801135e-01  -9.2580096e-01  -3.7801135e-01
  9.2605188e-01   3.7739624e-01  -9.2605188e-01  -3.7739624e-01
  9.2630774e-01   3.7676779e-01  -9.2630774e-01  -3.7676779e-01
  9.2656904e-01   3.7612473e-01  -9.2656904e-01  -3.7612473e-01
  9.2683633e-01   3.7546561e-01  -9.2683633e-01  -3.7546561e-01
  9.2711023e-01   3.7478877e-01  -9.2711023e-01  -3.7478877e-01
  9.2739148e-01   3.7409230e-01  -9.2739148e-01  -3.7409230e-01
  9.2768090e-01   3.7337400e-01  -9.2768090e-01  -3.7337400e-01
  9.2797949e-01   3.7263128e-01  -9.2797949e-01  -3.7263128e-01
  9.2828839e-01   3.7186108e-01  -9.2828839e-01  -3.7186108e-01
  9.2860898e-01   3.7105977e-01  -9.2860898e-01  -3.7105977e-01
  9.2894293e-01   3.7022294e-01  -9.2894293e-01  -3.7022294e-01
  9.2929227e-01   3.6934520e-01  -9.2929227e-01  -3.6934520e-01
  9.2965952e-01   3.6841983e-01  -9.2965952e-01  -3.6841983e-01
  9.3004789e-01   3.6743833e-01  -9.3004789e-01  -3.6743833e-01
  9.3046151e-01   3.6638965e-01  -9.3046151e-01  -3.6638965e-01
  9.3090591e-01   3.6525907e-01  -9.3090591e-01  -3.6525907e-01
  9.3138865e-01   3.6402635e-01  -9.3138865e-01  -3.6402635e-01
  9.3192060e-01   3.6266238e-01  -9.3192060e-01  -3.6266238e-01
  9.3251816e-01   3.6112309e-01  -9.3251816e-01  -3.6112309e-01
  9.3320806e-01   3.5933649e-01  -9.3320806e-01  -3.5933649e-01
  9.3403870e-01   3.5717180e-01  -9.3403870e-01  -3.5717180e-01
  9.3511410e-01   3.5434674e-01  -9.3511410e-01  -3.5434674e-01
  9.3674579e-01   3.5001046e-01  -9.3674579e-01  -3.5001046e-01
  9.2330571e-01   3.8406583e-01  -9.2330571e-01  -3.8406583e-01
  9.2588536e-01   3.7780459e-01  -9.2588536e-01  -3.7780459e-01
  9.2725607e-01   3.7442781e-01  -9.2725607e-01  -3.7442781e-01
  9.2823672e-01   3.7199005e-01  -9.2823672e-01  -3.7199005e-01
  9.2901733e-01   3.7003621e-01  -9.2901733e-01  -3.7003621e-01
  9.2967467e-01   3.6838160e-01  -9.2967467e-01  -3.6838160e-01
  9.3024784e-01   3.6693180e-01  -9.3024784e-01  -3.6693180e-01
  9.3075963e-01   3.6563166e-01  -9.3075963e-01  -3.6563166e-01
  9.3122454e-01   3.6444596e-01  -9.3122454e-01  -3.6444596e-01
  9.3165241e-01   3.6335078e-01  -9.3165241e-01  -3.6335078e-01
  9.3205024e-01   3.6232907e-01  -9.3205024e-01  -3.6232907e-01
  9.3242318e-01   3.6136824e-01  -9.3242318e-01  -3.6136824e-01
  9.3277518e-01   3.6045869e-01  -9.3277518e-01  -3.6045869e-01
  9.3310928e-01   3.5959292e-01  -9.3310928e-01  -3.5959292e-01
  9.3342793e-01   3.5876497e-01  -9.3342793e-01  -3.5876497e-01
  9.3373308e-01   3.5797001e-01  -9.3373308e-01  -3.5797001e-01
  9.3402637e-01   3.5720407e-01  -9.3402637e-01  -3.5720407e-01
  9.3430913e-01   3.5646382e-01  -9.3430913e-01  -3.5646382e-01
  9.3458249e-01   3.5574648e-01  -9.3458249e-01  -3.5574648e-01
  9.3484743e-01   3.5504968e-01  -9.3484743e-01  -3.5504968e-01
  9.3510477e-01   3.5437136e-01  -9.3510477e-01  -3.5437136e-01
  9.3535523e-01   3.5370977e-01  -9.3535523e-01  -3.5370977e-01
  9.3559941e-01   3.5306336e-01  -9.3559941e-01  -3.5306336e-01
  9.3583789e-01   3.5243078e-01  -9.3583789e-01  -3.5243078e-01
  9.3607112e-01   3.5181082e-01  -9.3607112e-01  -3.5181082e-01
  9.3629955e-01   3.5120244e-01  -9.3629955e-01  -3.5120244e-01
  9.3652355e-01   3.5060467e-01  -9.3652355e-01  -3.5060467e-01
  9.3674347e-01   3.5001668e-01  -9.3674347e-01  -3.5001668e-01
  9.3695961e-01   3.4943768e-01  -9.3695961e-01  -3.4943768e-01
  9.3717225e-01   3.4886700e-01  -9.3717225e-01  -3.4886700e-01
  9.3738163e-01   3.4830399e-01  -9.3738163e-01  -3.4830399e-01
  9.3758800e-01   3.4774809e-01  -9.3758800e-01  -3.4774809e-01
  9.3779156e-01   3.4719877e-01  -9.3779156e-01  -3.4719877e-01
  9.3799250e-01   3.4665556e-01  -9.3799250e-01  -3.4665556e-01
  9.3819099e-01   3.4611800e-01  -9.3819099e-01  -3.4611800e-01
  9.3838720e-01   3.4558569e-01  -9.3838720e-01  -3.4558569e-01
  9.3858127e-01   3.4505825e-01  -9.3858127e-01  -3.4505825e-01
  9.3877335e-01   3.4453535e-01  -9.3877335e-01  -3.4453535e-01
  9.3896355e-01   3.4401664e-01  -9.3896355e-01  -3.4401664e-01
  9.3915200e-01   3.4350184e-01  -9.3915200e-01  -3.4350184e-01
  9.3933881e-01   3.4299066e-01  -9.3933881e-01  -3.4299066e-01
  9.3952409e-01   3.4248284e-01  -9.3952409e-01  -3.4248284e-01
  9.3970791e-01   3.4197813e-01  -9.3970791e-01  -3.4197813e-01
  9.3989038e-01   3.4147631e-01  -9.3989038e-01  -3.4147631e-01
  9.4007158e-01   3.4097716e-01  -9.4007158e-01  -3.4097716e-01
  9.4025159e-01   3.4048048e-01  -9.4025159e-01  -3.4048048e-01
  9.4043047e-01   3.3998608e-01  -9.4043047e-01  -3.3998608e-01
  9.4060830e-01   3.3949378e-01  -9.4060830e-01  -3.3949378e-01
  9.4078514e-01   3.3900342e-01  -9.4078514e-01  -3.3900342e-01
  9.4096105e-01   3.3851484e-01  -9.4096105e-01  -3.3851484e-01
  9.4113609e-01   3.3802789e-01  -9.4113609e-01  -3.3802789e-01
  9.4131032e-01   3.3754243e-01  -9.4131032e-01  -3.3754243e-01
  9.4148377e-01   3.3705833e-01  -9.4148377e-01  -3.3705833e-01
  9.4165650e-01   3.3657546e-01  -9.4165650e-01  -3.3657546e-01
  9.4182855e-01   3.3609372e-01  -9.4182855e-01  -3.3609372e-01
  9.4199996e-01   3.3561299e-01  -9.4199996e-01  -3.3561299e-01
  9.4217077e-01   3.3513316e-01  -9.4217077e-01  -3.3513316e-01
  9.4234102e-01   3.3465415e-01  -9.4234102e-01  -3.3465415e-01
  9.4251074e-01   3.3417587e-01  -9.4251074e-01  -3.3417587e-01
  9.4267996e-01   3.3369822e-01  -9.4267996e-01  -3.3369822e-01
  9.4284870e-01   3.3322113e-01  -9.4284870e-01  -3.3322113e-01
  9.4301701e-01   3.3274453e-01  -9.4301701e-01  -3.3274453e-01
  9.4318489e-01   3.3226835e-01  -9.4318489e-01  -3.3226835e-01
  9.4335238e-01   3.3179252e-01  -9.4335238e-01  -3.3179252e-01
  9.4351950e-01   3.3131700e-01  -9.4351950e-01  -3.3131700e-01
  9.4368626e-01   3.3084173e-01  -9.4368626e-01  -3.3084173e-01
  9.4385267e-01   3.3036666e-01  -9.4385267e-01  -3.3036666e-01
  9.4401877e-01   3.2989175e-01  -9.4401877e-01  -3.2989175e-01
  9.4418455e-01   3.2941696e-01  -9.4418455e-01  -3.2941696e-01
  9.4435003e-01   3.2894227e-01  -9.4435003e-01  -3.2894227e-01
  9.4451522e-01   3.2846764e-01  -9.4451522e-01  -3.2846764e-01
  9.4468013e-01   3.2799305e-01  -9.4468013e-01  -3.2799305e-01
  9.4484477e-01   3.2751849e-01  -9.4484477e-01  -3.2751849e-01
  9.4500913e-01   3.2704394e-01  -9.4500913e-01  -3.2704394e-01
  9.4517323e-01   3.2656939e-01  -9.4517323e-01  -3.2656939e-01
  9.4533706e-01   3.2609485e-01  -9.4533706e-01  -3.2609485e-01
  9.4550062e-01   3.2562030e-01  -9.4550062e-01  -3.2562030e-01
  9.4566392e-01   3.2514574e-01  -9.4566392e-01  -3.2514574e-01
  9.4582696e-01   3.2467117e-01  -9.4582696e-01  -3.2467117e-01
  9.4598974e-01   3.2419656e-01  -9.4598974e-01  -3.2419656e-01
  9.4615228e-01   3.2372189e-01  -9.4615228e-01  -3.2372189e-01
  9.4631458e-01   3.2324715e-01  -9.4631458e-01  -3.2324715e-01
  9.4647665e-01   3.2277229e-01  -9.4647665e-01  -3.2277229e-01
  9.4663850e-01   3.2229729e-01  -9.4663850e-01  -3.2229729e-01
  9.4680015e-01   3.2182210e-01  -9.4680015e-01  -3.2182210e-01
  9.4696162e-01   3.2134669e-01  -9.4696162e-01  -3.2134669e-01
  9.4712291e-01   3.2087100e-01  -9.4712291e-01  -3.2087100e-01
  9.4728405e-01   3.2039497e-01  -9.4728405e-01  -3.2039497e-01
  9.4744505e-01   3.1991855e-01  -9.4744505e-01  -3.1991855e-01
  9.4760594e-01   3.1944168e-01  -9.4760594e-01  -3.1944168e-01
  9.4776674e-01   3.1896428e-01  -9.4776674e-01  -3.1896428e-01
  9.4792747e-01   3.1848628e-01  -9.4792747e-01  -3.1848628e-01
  9.4808816e-01   3.1800760e-01  -9.4808816e-01  -3.1800760e-01
  9.4824885e-01   3.1752815e-01  -9.4824885e-01  -3.1752815e-01
  9.4840955e-01   3.1704784e-01  -9.4840955e-01  -3.1704784e-01
  9.4857029e-01   3.1656657e-01  -9.4857029e-01  -3.1656657e-01
  9.4873113e-01   3.1608425e-01  -9.4873113e-01  -3.1608425e-01
  9.4889207e-01   3.1560075e-01  -9.4889207e-01  -3.1560075e-01
  9.4905318e-01   3.1511596e-01  -9.4905318e-01  -3.1511596e-01
  9.4921447e-01   3.1462976e-01  -9.4921447e-01  -3.1462976e-01
  9.4937601e-01   3.1414201e-01  -9.4937601e-01  -3.1414201e-01
  9.4953782e-01   3.1365257e-01  -9.4953782e-01  -3.1365257e-01
  9.4969995e-01   3.1316129e-01  -9.4969995e-01  -3.1316129e-01
  9.4986247e-01   3.1266802e-01  -9.4986247e-01  -3.1266802e-01
  9.5002541e-01   3.1217259e-01  -9.5002541e-01  -3.1217259e-01
  9.5018883e-01   3.1167481e-01  -9.5018883e-01  -3.1167481e-01
  9.5035279e-01   3.1117451e-01  -9.5035279e-01  -3.1117451e-01
  9.5051735e-01   3.1067147e-01  -9.5051735e-01  -3.1067147e-01
  9.5068258e-01   3.1016548e-01  -9.5068258e-01  -3.1016548e-01
  9.5084855e-01   3.0965632e-01  -9.5084855e-01  -3.0965632e-01
  9.5101532e-01   3.0914374e-01  -9.5101532e-01  -3.0914374e-01
  9.5118299e-01   3.0862748e-01  -9.5118299e-01  -3.0862748e-01
  9.5135163e-01   3.0810725e-01  -9.5135163e-01  -3.0810725e-01
  9.5152133e-01   3.0758277e-01  -9.5152133e-01  -3.0758277e-01
  9.5169219e-01   3.0705371e-01  -9.5169219e-01  -3.0705371e-01
  9.5186431e-01   3.0651971e-01  -9.5186431e-01  -3.0651971e-01
  9.5203781e-01   3.0598042e-01  -9.5203781e-01  -3.0598042e-01
  9.5221279e-01   3.0543542e-01  -9.5221279e-01  -3.0543542e-01
  9.5238940e-01   3.0488428e-01  -9.5238940e-01  -3.0488428e-01
  9.5256778e-01   3.0432652e-01  -9.5256778e-01  -3.0432652e-01
  9.5274806e-01   3.0376163e-01  -9.5274806e-01  -3.0376163e-01
  9.5293043e-01   3.0318904e-01  -9.5293043e-01  -3.0318904e-01
  9.5311506e-01   3.0260812e-01  -9.5311506e-01  -3.0260812e-01
  9.5330215e-01   3.0201821e-01  -9.5330215e-01  -3.0201821e-01
  9.5349193e-01   3.0141855e-01  -9.5349193e-01  -3.0141855e-01
  9.5368462e-01   3.0080831e-01  -9.5368462e-01  -3.0080831e-01
  9.5388051e-01   3.0018655e-01  -9.5388051e-01  -3.0018655e-01
  9.5407990e-01   2.9955225e-01  -9.5407990e-01  -2.9955225e-01
  9.5428311e-01   2.9890424e-01  -9.5428311e-01  -2.9890424e-01
  9.5449053e-01   2.9824121e-01  -9.5449053e-01  -2.9824121e-01
  9.5470260e-01   2.9756167e-01  -9.5470260e-01  -2.9756167e-01
  9.5491980e-01   2.9686391e-01  -9.5491980e-01  -2.9686391e-01
  9.5514269e-01   2.9614597e-01  -9.5514269e-01  -2.9614597e-01
  9.5537194e-01   2.9540559e-01  -9.5537194e-01  -2.9540559e-01
  9.5560830e-01   2.9464009e-01  -9.5560830e-01  -2.9464009e-01
  9.5585267e-01   2.9384635e-01  -9.5585267e-01  -2.9384635e-01
  9.5610612e-01   2.9302061e-01  -9.5610612e-01  -2.9302061e-01
  9.5636996e-01   2.9215836e-01  -9.5636996e-01  -2.9215836e-01
  9.5664575e-01   2.9125403e-01  -9.5664575e-01  -2.9125403e-01
  9.5693546e-01   2.9030074e-01  -9.5693546e-01  -2.9030074e-01
  9.5724159e-01   2.8928973e-01  -9.5724159e-01  -2.8928973e-01
  9.5756734e-01   2.8820964e-01  -9.5756734e-01  -2.8820964e-01
  9.5791699e-01   2.8704535e-01  -9.5791699e-01  -2.8704535e-01
  9.5829643e-01   2.8577604e-01  -9.5829643e-01  -2.8577604e-01
  9.5871408e-01   2.8437179e-01  -9.5871408e-01  -2.8437179e-01
  9.5918264e-01   2.8278730e-01  -9.5918264e-01  -2.8278730e-01
  9.5972282e-01   2.8094860e-01  -9.5972282e-01  -2.8094860e-01
  9.6037204e-01   2.7872126e-01  -9.6037204e-01  -2.7872126e-01
  9.6121067e-01   2.7581525e-01  -9.6121067e-01  -2.7581525e-01
  9.6247892e-01   2.7135646e-01  -9.6247892e-01  -2.7135646e-01
  9.2330571e-01   3.8406583e-01  -9.2330571e-01  -3.8406583e-01
  9.2588536e-01   3.7780459e-01  -9.2588536e-01  -3.7780459e-01
  9.2725607e-01   3.7442781e-01  -9.2725607e-01  -3.7442781e-01
  9.2823672e-01   3.7199005e-01  -9.2823672e-01  -3.7199005e-01
  9.2901733e-01   3.7003621e-01  -9.2901733e-01  -3.7003621e-01
  9.2967467e-01   3.6838160e-01  -9.2967467e-01  -3.6838160e-01
  9.3024784e-01   3.6693180e-01  -9.3024784e-01  -3.6693180e-01
  9.3075963e-01   3.6563166e-01  -9.3075963e-01  -3.6563166e-01
  9.3122454e-01   3.6444596e-01  -9.3122454e-01  -3.6444596e-01
  9.3165241e-01   3.6335078e-01  -9.3165241e-01  -3.6335078e-01
  9.3205024e-01   3.6232907e-01  -9.3205024e-01  -3.6232907e-01
  9.3242318e-01   3.6136824e-01  -9.3242318e-01  -3.6136824e-01
  9.3277518e-01   3.6045869e-01  -9.3277518e-01  -3.6045869e-01
  9.3310928e-01   3.5959292e-01  -9.3310928e-01  -3.5959292e-01
  9.3342793e-01   3.5876497e-01  -9.3342793e-01  -3.5876497e-01
  9.3373308e-01   3.5797001e-01  -9.3373308e-01  -3.5797001e-01
  9.3402637e-01   3.5720407e-01  -9.3402637e-01  -3.5720407e-01
  9.3430913e-01   3.5646382e-01  -9.3430913e-01  -3.5646382e-01
  9.3458249e-01   3.5574648e-01  -9.3458249e-01  -3.5574648e-01
  9.3484743e-01   3.5504968e-01  -9.3484743e-01  -3.5504968e-01
  9.3510477e-01   3.5437136e-01  -9.3510477e-01  -3.5437136e-01
  9.3535523e-01   3.5370977e-01  -9.3535523e-01  -3.5370977e-01
  9.3559941e-01   3.5306336e-01  -9.3559941e-01  -3.5306336e-01
  9.3583789e-01   3.5243078e-01  -9.3583789e-01  -3.5243078e-01
  9.3607112e-01   3.5181082e-01  -9.3607112e-01  -3.5181082e-01
  9.3629955e-01   3.5120244e-01  -9.3629955e-01  -3.5120244e-01
  9.3652355e-01   3.5060467e-01  -9.3652355e-01  -3.5060467e-01
  9.3674347e-01   3.5001668e-01  -9.3674347e-01  -3.5001668e-01
  9.3695961e-01   3.4943768e-01  -9.3695961e-01  -3.4943768e-01
  9.3717225e-01   3.4886700e-01  -9.3717225e-01  -3.4886700e-01
  9.3738163e-01   3.4830399e-01  -9.3738163e-01  -3.4830399e-01
  9.3758800e-01   3.4774809e-01  -9.3758800e-01  -3.4774809e-01
  9.3779156e-01   3.4719877e-01  -9.3779156e-01  -3.4719877e-01
  9.3799250e-01   3.4665556e-01  -9.3799250e-01  -3.4665556e-01
  9.3819099e-01   3.4611800e-01  -9.3819099e-01  -3.4611800e-01
  9.3838720e-01   3.4558569e-01  -9.3838720e-01  -3.4558569e-01
  9.3858127e-01   3.4505825e-01  -9.3858127e-01  -3.4505825e-01
  9.3877335e-01   3.4453535e-01  -9.3877335e-01  -3.4453535e-01
  9.3896355e-01   3.4401664e-01  -9.3896355e-01  -3.4401664e-01
  9.3915200e-01   3.4350184e-01  -9.3915200e-01  -3.4350184e-01
  9.3933881e-01   3.4299066e-01  -9.3933881e-01  -3.4299066e-01
  9.3952409e-01   3.4248284e-01  -9.3952409e-01  -3.4248284e-01
  9.3970791e-01   3.4197813e-01  -9.3970791e-01  -3.4197813e-01
  9.3989038e-01   3.4147631e-01  -9.3989038e-01  -3.4147631e-01
  9.4007158e-01   3.4097716e-01  -9.4007158e-01  -3.4097716e-01
  9.4025159e-01   3.4048048e-01  -9.4025159e-01  -3.4048048e-01
  9.4043047e-01   3.3998608e-01  -9.4043047e-01  -3.3998608e-01
  9.4060830e-01   3.3949378e-01  -9.4060830e-01  -3.3949378e-01
  9.4078514e-01   3.3900342e-01  -9.4078514e-01  -3.3900342e-01
  9.4096105e-01   3.3851484e-01  -9.4096105e-01  -3.3851484e-01
  9.4113609e-01   3.3802789e-01  -9.4113609e-01  -3.3802789e-01
  9.4131032e-01   3.3754243e-01  -9.4131032e-01  -3.3754243e-01
  9.4148377e-01   3.3705833e-01  -9.4148377e-01  -3.3705833e-01
  9.4165650e-01   3.3657546e-01  -9.4165650e-01  -3.3657546e-01
  9.4182855e-01   3.3609372e-01  -9.4182855e-01  -3.3609372e-01
  9.4199996e-01   3.3561299e-01  -9.4199996e-01  -3.3561299e-01
  9.4217077e-01   3.3513316e-01  -9.4217077e-01  -3.3513316e-01
  9.4234102e-01   3.3465415e-01  -9.4234102e-01  -3.3465415e-01
  9.4251074e-01   3.3417587e-01  -9.4251074e-01  -3.3417587e-01
  9.4267996e-01   3.3369822e-01  -9.4267996e-01  -3.3369822e-01
  9.4284870e-01   3.3322113e-01  -9.4284870e-01  -3.3322113e-01
  9.4301701e-01   3.3274453e-01  -9.4301701e-01  -3.3274453e-01
  9.4318489e-01   3.3226835e-01  -9.4318489e-01  -3.3226835e-01
  9.4335238e-01   3.3179252e-01  -9.4335238e-01  -3.3179252e-01
  9.4351950e-01   3.3131700e-01  -9.4351950e-01  -3.3131700e-01
  9.4368626e-01   3.3084173e-01  -9.4368626e-01  -3.3084173e-01
  9.4385267e-01   3.3036666e-01  -9.4385267e-01  -3.3036666e-01
  9.4401877e-01   3.2989175e-01  -9.4401877e-01  -3.2989175e-01
  9.4418455e-01   3.2941696e-01  -9.4418455e-01  -3.2941696e-01
  9.4435003e-01   3.2894227e-01  -9.4435003e-01  -3.2894227e-01
  9.4451522e-01   3.2846764e-01  -9.4451522e-01  -3.2846764e-01
  9.4468013e-01   3.2799305e-01  -9.4468013e-01  -3.2799305e-01
  9.4484477e-01   3.2751849e-01  -9.4484477e-01  -3.2751849e-01
  9.4500913e-01   3.2704394e-01  -9.4500913e-01  -3.2704394e-01
  9.4517323e-01   3.2656939e-01  -9.4517323e-01  -3.2656939e-01
  9.4533706e-01   3.2609485e-01  -9.4533706e-01  -3.2609485e-01
  9.4550062e-01   3.2562030e-01  -9.4550062e-01  -3.2562030e-01
  9.4566392e-01   3.2514574e-01  -9.4566392e-01  -3.2514574e-01
  9.4582696e-01   3.2467117e-01  -9.4582696e-01  -3.2467117e-01
  9.4598974e-01   3.2419656e-01  -9.4598974e-01  -3.2419656e-01
  9.4615228e-01   3.2372189e-01  -9.4615228e-01  -3.2372189e-01
  9.4631458e-01   3.2324715e-01  -9.4631458e-01  -3.2324715e-01
  9.4647665e-01   3.2277229e-01  -9.4647665e-01  -3.2277229e-01
  9.4663850e-01   3.2229729e-01  -9.4663850e-01  -3.2229729e-01
  9.4680015e-01   3.2182210e-01  -9.4680015e-01  -3.2182210e-01
  9.4696162e-01   3.2134669e-01  -9.4696162e-01  -3.2134669e-01
  9.4712291e-01   3.2087100e-01  -9.4712291e-01  -3.2087100e-01
  9.4728405e-01   3.2039497e-01  -9.4728405e-01  -3.2039497e-01
  9.4744505e-01   3.1991855e-01  -9.4744505e-01  -3.1991855e-01
  9.4760594e-01   3.1944168e-01  -9.4760594e-01  -3.1944168e-01
  9.4776674e-01   3.1896428e-01  -9.4776674e-01  -3.1896428e-01
  9.4792747e-01   3.1848628e-01  -9.4792747e-01  -3.1848628e-01
  9.4808816e-01   3.1800760e-01  -9.4808816e-01  -3.1800760e-01
  9.4824885e-01   3.1752815e-01  -9.4824885e-01  -3.1752815e-01
  9.4840955e-01   3.1704784e-01  -9.4840955e-01  -3.1704784e-01
  9.4857029e-01   3.1656657e-01  -9.4857029e-01  -3.1656657e-01
  9.4873113e-01   3.1608425e-01  -9.4873113e-01  -3.1608425e-01
  9.4889207e-01   3.1560075e-01  -9.4889207e-01  -3.1560075e-01
  9.4905318e-01   3.1511596e-01  -9.4905318e-01  -3.1511596e-01
  9.4921447e-01   3.1462976e-01  -9.4921447e-01  -3.1462976e-01
  9.4937601e-01   3.1414201e-01  -9.4937601e-01  -3.1414201e-01
  9.4953782e-01   3.1365257e-01  -9.4953782e-01  -3.1365257e-01
  9.4969995e-01   3.1316129e-01  -9.4969995e-01  -3.1316129e-01
  9.4986247e-01   3.1266802e-01  -9.4986247e-01  -3.1266802e-01
  9.5002541e-01   3.1217259e-01  -9.5002541e-01  -3.1217259e-01
  9.5018883e-01   3.1167481e-01  -9.5018883e-01  -3.1167481e-01
  9.5035279e-01   3.1117451e-01  -9.5035279e-01  -3.1117451e-01
  9.5051735e-01   3.1067147e-01  -9.5051735e-01  -3.1067147e-01
  9.5068258e-01   3.1016548e-01  -9.5068258e-01  -3.1016548e-01
  9.5084855e-01   3.0965632e-01  -9.5084855e-01  -3.0965632e-01
  9.5101532e-01   3.0914374e-01  -9.5101532e-01  -3.0914374e-01
  9.5118299e-01   3.0862748e-01  -9.5118299e-01  -3.0862748e-01
  9.5135163e-01   3.0810725e-01  -9.5135163e-01  -3.0810725e-01
  9.5152133e-01   3.0758277e-01  -9.5152133e-01  -3.0758277e-01
  9.5169219e-01   3.0705371e-01  -9.5169219e-01  -3.0705371e-01
  9.5186431e-01   3.0651971e-01  -9.5186431e-01  -3.0651971e-01
  9.5203781e-01   3.0598042e-01  -9.5203781e-01  -3.0598042e-01
  9.5221279e-01   3.0543542e-01  -9.5221279e-01  -3.0543542e-01
  9.5238940e-01   3.0488428e-01  -9.5238940e-01  -3.0488428e-01
  9.5256778e-01   3.0432652e-01  -9.5256778e-01  -3.0432652e-01
  9.5274806e-01   3.0376163e-01  -9.5274806e-01  -3.0376163e-01
  9.5293043e-01   3.0318904e-01  -9.5293043e-01  -3.0318904e-01
  9.5311506e-01   3.0260812e-01  -9.5311506e-01  -3.0260812e-01
  9.5330215e-01   3.0201821e-01  -9.5330215e-01  -3.0201821e-01
  9.5349193e-01   3.0141855e-01  -9.5349193e-01  -3.0141855e-01
  9.5368462e-01   3.0080831e-01  -9.5368462e-01  -3.0080831e-01
  9.5388051e-01   3.0018655e-01  -9.5388051e-01  -3.0018655e-01
  9.5407990e-01   2.9955225e-01  -9.5407990e-01  -2.9955225e-01
  9.5428311e-01   2.9890424e-01  -9.5428311e-01  -2.9890424e-01
  9.5449053e-01   2.9824121e-01  -9.5449053e-01  -2.9824121e-01
  9.5470260e-01   2.9756167e-01  -9.5470260e-01  -2.9756167e-01
  9.5491980e-01   2.9686391e-01  -9.5491980e-01  -2.9686391e-01
  9.5514269e-01   2.9614597e-01  -9.5514269e-01  -2.9614597e-01
  9.5537194e-01   2.9540559e-01  -9.5537194e-01  -2.9540559e-01
  9.5560830e-01   2.9464009e-01  -9.5560830e-01  -2.9464009e-01
  9.5585267e-01   2.9384635e-01  -9.5585267e-01  -2.9384635e-01
  9.5610612e-01   2.9302061e-01  -9.5610612e-01  -2.9302061e-01
  9.5636996e-01   2.9215836e-01  -9.5636996e-01  -2.9215836e-01
  9.5664575e-01   2.9125403e-01  -9.5664575e-01  -2.9125403e-01
  9.5693546e-01   2.9030074e-01  -9.5693546e-01  -2.9030074e-01
  9.5724159e-01   2.8928973e-01  -9.5724159e-01  -2.8928973e-01
  9.5756734e-01   2.8820964e-01  -9.5756734e-01  -2.8820964e-01
  9.5791699e-01   2.8704535e-01  -9.5791699e-01  -2.8704535e-01
  9.5829643e-01   2.8577604e-01  -9.5829643e-01  -2.8577604e-01
  9.5871408e-01   2.8437179e-01  -9.5871408e-01  -2.8437179e-01
  9.5918264e-01   2.8278730e-01  -9.5918264e-01  -2.8278730e-01
  9.5972282e-01   2.8094860e-01  -9.5972282e-01  -2.8094860e-01
  9.6037204e-01   2.7872126e-01  -9.6037204e-01  -2.7872126e-01
  9.6121067e-01   2.7581525e-01  -9.6121067e-01  -2.7581525e-01
  9.6247892e-01   2.7135646e-01  -9.6247892e-01  -2.7135646e-01
  9.2330571e-01   3.8406583e-01  -9.2330571e-01  -3.8406583e-01
  9.2588536e-01   3.7780459e-01  -9.2588536e-01  -3.7780459e-01
  9.2725607e-01   3.7442781e-01  -9.2725607e-01  -3.7442781e-01
  9.2823672e-01   3.7199005e-01  -9.2823672e-01  -3.7199005e-01
  9.2901733e-01   3.7003621e-01  -9.2901733e-01  -3.7003621e-01
  9.2967467e-01   3.6838160e-01  -9.2967467e-01  -3.6838160e-01
  9.3024784e-01   3.6693180e-01  -9.3024784e-01  -3.6693180e-01
  9.3075963e-01   3.6563166e-01  -9.3075963e-01  -3.6563166e-01
  9.3122454e-01   3.6444596e-01  -9.3122454e-01  -3.6444596e-01
  9.3165241e-01   3.6335078e-01  -9.3165241e-01  -3.6335078e-01
  9.3205024e-01   3.6232907e-01  -9.3205024e-01  -3.6232907e-01
  9.3242318e-01   3.6136824e-01  -9.3242318e-01  -3.6136824e-01
  9.3277518e-01   3.6045869e-01  -9.3277518e-01  -3.6045869e-01
  9.3310928e-01   3.5959292e-01  -9.3310928e-01  -3.5959292e-01
  9.3342793e-01   3.5876497e-01  -9.3342793e-01  -3.5876497e-01
  9.3373308e-01   3.5797001e-01  -9.3373308e-01  -3.5797001e-01
  9.3402637e-01   3.5720407e-01  -9.3402637e-01  -3.5720407e-01
  9.3430913e-01   3.5646382e-01  -9.3430913e-01  -3.5646382e-01
  9.3458249e-01   3.5574648e-01  -9.3458249e-01  -3.5574648e-01
  9.3484743e-01   3.5504968e-01  -9.3484743e-01  -3.5504968e-01
  9.3510477e-01   3.5437136e-01  -9.3510477e-01  -3.5437136e-01
  9.3535523e-01   3.5370977e-01  -9.3535523e-01  -3.5370977e-01
  9.3559941e-01   3.5306336e-01  -9.3559941e-01  -3.5306336e-01
  9.3583789e-01   3.5243078e-01  -9.3583789e-01  -3.5243078e-01
  9.3607112e-01   3.5181082e-01  -9.3607112e-01  -3.5181082e-01
  9.3629955e-01   3.5120244e-01  -9.3629955e-01  -3.5120244e-01
  9.3652355e-01   3.5060467e-01  -9.3652355e-01  -3.5060467e-01
  9.3674347e-01   3.5001668e-01  -9.3674347e-01  -3.5001668e-01
  9.3695961e-01   3.4943768e-01  -9.3695961e-01  -3.4943768e-01
  9.3717225e-01   3.4886700e-01  -9.3717225e-01  -3.4886700e-01
  9.3738163e-01   3.4830399e-01  -9.3738163e-01  -3.4830399e-01
  9.3758800e-01   3.4774809e-01  -9.3758800e-01  -3.4774809e-01
  9.3779156e-01   3.4719877e-01  -9.3779156e-01  -3.4719877e-01
  9.3799250e-01   3.4665556e-01  -9.3799250e-01  -3.4665556e-01
  9.3819099e-01   3.4611800e-01  -9.3819099e-01  -3.4611800e-01
  9.3838720e-01   3.4558569e-01  -9.3838720e-01  -3.4558569e-01
  9.3858127e-01   3.4505825e-01  -9.3858127e-01  -3.4505825e-01
  9.3877335e-01   3.4453535e-01  -9.3877335e-01  -3.4453535e-01
  9.3896355e-01   3.4401664e-01  -9.3896355e-01  -3.4401664e-01
  9.3915200e-01   3.4350184e-01  -9.3915200e-01  -3.4350184e-01
  9.3933881e-01   3.4299066e-01  -9.3933881e-01  -3.4299066e-01
  9.3952409e-01   3.4248284e-01  -9.3952409e-01  -3.4248284e-01
  9.3970791e-01   3.4197813e-01  -9.3970791e-01  -3.4197813e-01
  9.3989038e-01   3.4147631e-01  -9.3989038e-01  -3.4147631e-01
  9.4007158e-01   3.4097716e-01  -9.4007158e-01  -3.4097716e-01
  9.4025159e-01   3.4048048e-01  -9.4025159e-01  -3.4048048e-01
  9.4043047e-01   3.3998608e-01  -9.4043047e-01  -3.3998608e-01
  9.4060830e-01   3.3949378e-01  -9.4060830e-01  -3.3949378e-01
  9.4078514e-01   3.3900342e-01  -9.4078514e-01  -3.3900342e-01
  9.4096105e-01   3.3851484e-01  -9.4096105e-01  -3.3851484e-01
  9.4113609e-01   3.3802789e-01  -9.4113609e-01  -3.3802789e-01
  9.4131032e-01   3.3754243e-01  -9.4131032e-01  -3.3754243e-01
  9.4148377e-01   3.3705833e-01  -9.4148377e-01  -3.3705833e-01
  9.4165650e-01   3.3657546e-01  -9.4165650e-01  -3.3657546e-01
  9.4182855e-01   3.3609372e-01  -9.4182855e-01  -3.3609372e-01
  9.4199996e-01   3.3561299e-01  -9.4199996e-01  -3.3561299e-01
  9.4217077e-01   3.3513316e-01  -9.4217077e-01  -3.3513316e-01
  9.4234102e-01   3.3465415e-01  -9.4234102e-01  -3.3465415e-01
  9.4251074e-01   3.3417587e-01  -9.4251074e-01  -3.3417587e-01
  9.4267996e-01   3.3369822e-01  -9.4267996e-01  -3.3369822e-01
  9.4284870e-01   3.3322113e-01  -9.4284870e-01  -3.3322113e-01
  9.4301701e-01   3.3274453e-01  -9.4301701e-01  -3.3274453e-01
  9.4318489e-01   3.3226835e-01  -9.4318489e-01  -3.3226835e-01
  9.4335238e-01   3.3179252e-01  -9.4335238e-01  -3.3179252e-01
  9.4351950e-01   3.3131700e-01  -9.4351950e-01  -3.3131700e-01
  9.4368626e-01   3.3084173e-01  -9.4368626e-01  -3.3084173e-01
  9.4385267e-01   3.3036666e-01  -9.4385267e-01  -3.3036666e-01
  9.4401877e-01   3.2989175e-01  -9.4401877e-01  -3.2989175e-01
  9.4418455e-01   3.2941696e-01  -9.4418455e-01  -3.2941696e-01
  9.4435003e-01   3.2894227e-01  -9.4435003e-01  -3.2894227e-01
  9.4451522e-01   3.2846764e-01  -9.4451522e-01  -3.2846764e-01
  9.4468013e-01   3.2799305e-01  -9.4468013e-01  -3.2799305e-01
  9.4484477e-01   3.2751849e-01  -9.4484477e-01  -3.2751849e-01
  9.4500913e-01   3.2704394e-01  -9.4500913e-01  -3.2704394e-01
  9.4517323e-01   3.2656939e-01  -9.4517323e-01  -3.2656939e-01
  9.4533706e-01   3.2609485e-01  -9.4533706e-01  -3.2609485e-01
  9.4550062e-01   3.2562030e-01  -9.4550062e-01  -3.2562030e-01
  9.4566392e-01   3.2514574e-01  -9.4566392e-01  -3.2514574e-01
  9.4582696e-01   3.2467117e-01  -9.4582696e-01  -3.2467117e-01
  9.4598974e-01   3.2419656e-01  -9.4598974e-01  -3.2419656e-01
  9.4615228e-01   3.2372189e-01  -9.4615228e-01  -3.2372189e-01
  9.4631458e-01   3.2324715e-01  -9.4631458e-01  -3.2324715e-01
  9.4647665e-01   3.2277229e-01  -9.4647665e-01  -3.2277229e-01
  9.4663850e-01   3.2229729e-01  -9.4663850e-01  -3.2229729e-01
  9.4680015e-01   3.2182210e-01  -9.4680015e-01  -3.2182210e-01
  9.4696162e-01   3.2134669e-01  -9.4696162e-01  -3.2134669e-01
  9.4712291e-01   3.2087100e-01  -9.4712291e-01  -3.2087100e-01
  9.4728405e-01   3.2039497e-01  -9.4728405e-01  -3.2039497e-01
  9.4744505e-01   3.1991855e-01  -9.4744505e-01  -3.1991855e-01
  9.4760594e-01   3.1944168e-01  -9.4760594e-01  -3.1944168e-01
  9.4776674e-01   3.1896428e-01  -9.4776674e-01  -3.1896428e-01
  9.4792747e-01   3.1848628e-01  -9.4792747e-01  -3.1848628e-01
  9.4808816e-01   3.1800760e-01  -9.4808816e-01  -3.1800760e-01
  9.4824885e-01   3.1752815e-01  -9.4824885e-01  -3.1752815e-01
  9.4840955e-01   3.1704784e-01  -9.4840955e-01  -3.1704784e-01
  9.4857029e-01   3.1656657e-01  -9.4857029e-01  -3.1656657e-01
  9.4873113e-01   3.1608425e-01  -9.4873113e-01  -3.1608425e-01
  9.4889207e-01   3.1560075e-01  -9.4889207e-01  -3.1560075e-01
  9.4905318e-01   3.1511596e-01  -9.4905318e-01  -3.1511596e-01
  9.4921447e-01   3.1462976e-01  -9.4921447e-01  -3.1462976e-01
  9.4937601e-01   3.1414201e-01  -9.4937601e-01  -3.1414201e-01
  9.4953782e-01   3.1365257e-01  -9.4953782e-01  -3.1365257e-01
  9.4969995e-01   3.1316129e-01  -9.4969995e-01  -3.1316129e-01
  9.4986247e-01   3.1266802e-01  -9.4986247e-01  -3.1266802e-01
  9.5002541e-01   3.1217259e-01  -9.5002541e-01  -3.1217259e-01
  9.5018883e-01   3.1167481e-01  -9.5018883e-01  -3.1167481e-01
  9.5035279e-01   3.1117451e-01  -9.5035279e-01  -3.1117451e-01
  9.5051735e-01   3.1067147e-01  -9.5051735e-01  -3.1067147e-01
  9.5068258e-01   3.1016548e-01  -9.5068258e-01  -3.1016548e-01
  9.5084855e-01   3.0965632e-01  -9.5084855e-01  -3.0965632e-01
  9.5101532e-01   3.0914374e-01  -9.5101532e-01  -3.0914374e-01
  9.5118299e-01   3.0862748e-01  -9.5118299e-01  -3.0862748e-01
  9.5135163e-01   3.0810725e-01  -9.5135163e-01  -3.0810725e-01
  9.5152133e-01   3.0758277e-01  -9.5152133e-01  -3.0758277e-01
  9.5169219e-01   3.0705371e-01  -9.5169219e-01  -3.0705371e-01
  9.5186431e-01   3.0651971e-01  -9.5186431e-01  -3.0651971e-01
  9.5203781e-01   3.0598042e-01  -9.5203781e-01  -3.0598042e-01
  9.5221279e-01   3.0543542e-01  -9.5221279e-01  -3.0543542e-01
  9.5238940e-01   3.0488428e-01  -9.5238940e-01  -3.0488428e-01
  9.5256778e-01   3.0432652e-01  -9.5256778e-01  -3.0432652e-01
  9.5274806e-01   3.0376163e-01  -9.5274806e-01  -3.0376163e-01
  9.5293043e-01   3.0318904e-01  -9.5293043e-01  -3.0318904e-01
  9.5311506e-01   3.0260812e-01  -9.5311506e-01  -3.0260812e-01
  9.5330215e-01   3.0201821e-01  -9.5330215e-01  -3.0201821e-01
  9.5349193e-01   3.0141855e-01  -9.5349193e-01  -3.0141855e-01
  9.5368462e-01   3.0080831e-01  -9.5368462e-01  -3.0080831e-01
  9.5388051e-01   3.0018655e-01  -9.5388051e-01  -3.0018655e-01
  9.5407990e-01   2.9955225e-01  -9.5407990e-01  -2.9955225e-01
  9.5428311e-01   2.9890424e-01  -9.5428311e-01  -2.9890424e-01
  9.5449053e-01   2.9824121e-01  -9.5449053e-01  -2.9824121e-01
  9.5470260e-01   2.9756167e-01  -9.5470260e-01  -2.9756167e-01
  9.5491980e-01   2.9686391e-01  -9.5491980e-01  -2.9686391e-01
  9.5514269e-01   2.9614597e-01  -9.5514269e-01  -2.9614597e-01
  9.5537194e-01   2.9540559e-01  -9.5537194e-01  -2.9540559e-01
  9.5560830e-01   2.9464009e-01  -9.5560830e-01  -2.9464009e-01
  9.5585267e-01   2.9384635e-01  -9.5585267e-01  -2.9384635e-01
  9.5610612e-01   2.9302061e-01  -9.5610612e-01  -2.9302061e-01
  9.5636996e-01   2.9215836e-01  -9.5636996e-01  -2.9215836e-01
  9.5664575e-01   2.9125403e-01  -9.5664575e-01  -2.9125403e-01
  9.5693546e-01   2.9030074e-01  -9.5693546e-01  -2.9030074e-01
  9.5724159e-01   2.8928973e-01  -9.5724159e-01  -2.8928973e-01
  9.5756734e-01   2.8820964e-01  -9.5756734e-01  -2.8820964e-01
  9.5791699e-01   2.8704535e-01  -9.5791699e-01  -2.8704535e-01
  9.5829643e-01   2.8577604e-01  -9.5829643e-01  -2.8577604e-01
  9.5871408e-01   2.8437179e-01  -9.5871408e-01  -2.8437179e-01
  9.5918264e-01   2.8278730e-01  -9.5918264e-01  -2.8278730e-01
  9.5972282e-01   2.8094860e-01  -9.5972282e-01  -2.8094860e-01
  9.6037204e-01   2.7872126e-01  -9.6037204e-01  -2.7872126e-01
  9.6121067e-01   2.7581525e-01  -9.6121067e-01  -2.7581525e-01
  9.6247892e-01   2.7135646e-01  -9.6247892e-01  -2.7135646e-01
  9.2330571e-01   3.8406583e-01  -9.2330571e-01  -3.8406583e-01
  9.2588536e-01   3.7780459e-01  -9.2588536e-01  -3.7780459e-01
  9.2725607e-01   3.7442781e-01  -9.2725607e-01  -3.7442781e-01
  9.2823672e-01   3.7199005e-01  -9.2823672e-01  -3.7199005e-01
  9.2901733e-01   3.7003621e-01  -9.2901733e-01  -3.7003621e-01
  9.2967467e-01   3.6838160e-01  -9.2967467e-01  -3.6838160e-01
  9.3024784e-01   3.6693180e-01  -9.3024784e-01  -3.6693180e-01
  9.3075963e-01   3.6563166e-01  -9.3075963e-01  -3.6563166e-01
  9.3122454e-01   3.6444596e-01  -9.3122454e-01  -3.6444596e-01
  9.3165241e-01   3.6335078e-01  -9.3165241e-01  -3.6335078e-01
  9.3205024e-01   3.6232907e-01  -9.3205024e-01  -3.6232907e-01
  9.3242318e-01   3.6136824e-01  -9.3242318e-01  -3.6136824e-01
  9.3277518e-01   3.6045869e-01  -9.3277518e-01  -3.6045869e-01
  9.3310928e-01   3.5959292e-01  -9.3310928e-01  -3.5959292e-01
  9.3342793e-01   3.5876497e-01  -9.3342793e-01  -3.5876497e-01
  9.3373308e-01   3.5797001e-01  -9.3373308e-01  -3.5797001e-01
  9.3402637e-01   3.5720407e-01  -9.3402637e-01  -3.5720407e-01
  9.3430913e-01   3.5646382e-01  -9.3430913e-01  -3.5646382e-01
  9.3458249e-01   3.5574648e-01  -9.3458249e-01  -3.5574648e-01
  9.3484743e-01   3.5504968e-01  -9.3484743e-01  -3.5504968e-01
  9.3510477e-01   3.5437136e-01  -9.3510477e-01  -3.5437136e-01
  9.3535523e-01   3.5370977e-01  -9.3535523e-01  -3.5370977e-01
  9.3559941e-01   3.5306336e-01  -9.3559941e-01  -3.5306336e-01
  9.3583789e-01   3.5243078e-01  -9.3583789e-01  -3.5243078e-01
  9.3607112e-01   3.5181082e-01  -9.3607112e-01  -3.5181082e-01
  9.3629955e-01   3.5120244e-01  -9.3629955e-01  -3.5120244e-01
  9.3652355e-01   3.5060467e-01  -9.3652355e-01  -3.5060467e-01
  9.3674347e-01   3.5001668e-01  -9.3674347e-01  -3.5001668e-01
  9.3695961e-01   3.4943768e-01  -9.3695961e-01  -3.4943768e-01
  9.3717225e-01   3.4886700e-01  -9.3717225e-01  -3.4886700e-01
  9.3738163e-01   3.4830399e-01  -9.3738163e-01  -3.4830399e-01
  9.3758800e-01   3.4774809e-01  -9.3758800e-01  -3.4774809e-01
  9.3779156e-01   3.4719877e-01  -9.3779156e-01  -3.4719877e-01
  9.3799250e-01   3.4665556e-01  -9.3799250e-01  -3.4665556e-01
  9.3819099e-01   3.4611800e-01  -9.3819099e-01  -3.4611800e-01
  9.3838720e-01   3.4558569e-01  -9.3838720e-01  -3.4558569e-01
  9.3858127e-01   3.4505825e-01  -9.3858127e-01  -3.4505825e-01
  9.3877335e-01   3.4453535e-01  -9.3877335e-01  -3.4453535e-01
  9.3896355e-01   3.4401664e-01  -9.3896355e-01  -3.4401664e-01
  9.3915200e-01   3.4350184e-01  -9.3915200e-01  -3.4350184e-01
  9.3933881e-01   3.4299066e-01  -9.3933881e-01  -3.4299066e-01
  9.3952409e-01   3.4248284e-01  -9.3952409e-01  -3.4248284e-01
  9.3970791e-01   3.4197813e-01  -9.3970791e-01  -3.4197813e-01
  9.3989038e-01   3.4147631e-01  -9.3989038e-01  -3.4147631e-01
  9.4007158e-01   3.4097716e-01  -9.4007158e-01  -3.4097716e-01
  9.4025159e-01   3.4048048e-01  -9.4025159e-01  -3.4048048e-01
  9.4043047e-01   3.3998608e-01  -9.4043047e-01  -3.3998608e-01
  9.4060830e-01   3.3949378e-01  -9.4060830e-01  -3.3949378e-01
  9.4078514e-01   3.3900342e-01  -9.4078514e-01  -3.3900342e-01
  9.4096105e-01   3.3851484e-01  -9.4096105e-01  -3.3851484e-01
  9.4113609e-01   3.3802789e-01  -9.4113609e-01  -3.3802789e-01
  9.4131032e-01   3.3754243e-01  -9.4131032e-01  -3.3754243e-01
  9.4148377e-01   3.3705833e-01  -9.4148377e-01  -3.3705833e-01
  9.4165650e-01   3.3657546e-01  -9.4165650e-01  -3.3657546e-01
  9.4182855e-01   3.3609372e-01  -9.4182855e-01  -3.3609372e-01
  9.4199996e-01   3.3561299e-01  -9.4199996e-01  -3.3561299e-01
  9.4217077e-01   3.3513316e-01  -9.4217077e-01  -3.3513316e-01
  9.4234102e-01   3.3465415e-01  -9.4234102e-01  -3.3465415e-01
  9.4251074e-01   3.3417587e-01  -9.4251074e-01  -3.3417587e-01
  9.4267996e-01   3.3369822e-01  -9.4267996e-01  -3.3369822e-01
  9.4284870e-01   3.3322113e-01  -9.4284870e-01  -3.3322113e-01
  9.4301701e-01   3.3274453e-01  -9.4301701e-01  -3.3274453e-01
  9.4318489e-01   3.3226835e-01  -9.4318489e-01  -3.3226835e-01
  9.4335238e-01   3.3179252e-01  -9.4335238e-01  -3.3179252e-01
  9.4351950e-01   3.3131700e-01  -9.4351950e-01  -3.3131700e-01
  9.4368626e-01   3.3084173e-01  -9.4368626e-01  -3.3084173e-01
  9.4385267e-01   3.3036666e-01  -9.4385267e-01  -3.3036666e-01
  9.4401877e-01   3.2989175e-01  -9.4401877e-01  -3.2989175e-01
  9.4418455e-01   3.2941696e-01  -9.4418455e-01  -3.2941696e-01
  9.4435003e-01   3.2894227e-01  -9.4435003e-01  -3.2894227e-01
  9.4451522e-01   3.2846764e-01  -9.4451522e-01  -3.2846764e-01
  9.4468013e-01   3.2799305e-01  -9.4468013e-01  -3.2799305e-01
  9.4484477e-01   3.2751849e-01  -9.4484477e-01  -3.2751849e-01
  9.4500913e-01   3.2704394e-01  -9.4500913e-01  -3.2704394e-01
  9.4517323e-01   3.2656939e-01  -9.4517323e-01  -3.2656939e-01
  9.4533706e-01   3.2609485e-01  -9.4533706e-01  -3.2609485e-01
  9.4550062e-01   3.2562030e-01  -9.4550062e-01  -3.2562030e-01
  9.4566392e-01   3.2514574e-01  -9.4566392e-01  -3.2514574e-01
  9.4582696e-01   3.2467117e-01  -9.4582696e-01  -3.2467117e-01
  9.4598974e-01   3.2419656e-01  -9.4598974e-01  -3.2419656e-01
  9.4615228e-01   3.2372189e-01  -9.4615228e-01  -3.2372189e-01
  9.4631458e-01   3.2324715e-01  -9.4631458e-01  -3.2324715e-01
  9.4647665e-01   3.2277229e-01  -9.4647665e-01  -3.2277229e-01
  9.4663850e-01   3.2229729e-01  -9.4663850e-01  -3.2229729e-01
  9.4680015e-01   3.2182210e-01  -9.4680015e-01  -3.2182210e-01
  9.4696162e-01   3.2134669e-01  -9.4696162e-01  -3.2134669e-01
  9.4712291e-01   3.2087100e-01  -9.4712291e-01  -3.2087100e-01
  9.4728405e-01   3.2039497e-01  -9.4728405e-01  -3.2039497e-01
  9.4744505e-01   3.1991855e-01  -9.4744505e-01  -3.1991855e-01
  9.4760594e-01   3.1944168e-01  -9.4760594e-01  -3.1944168e-01
  9.4776674e-01   3.1896428e-01  -9.4776674e-01  -3.1896428e-01
  9.4792747e-01   3.1848628e-01  -9.4792747e-01  -3.1848628e-01
  9.4808816e-01   3.1800760e-01  -9.4808816e-01  -3.1800760e-01
  9.4824885e-01   3.1752815e-01  -9.4824885e-01  -3.1752815e-01
  9.4840955e-01   3.1704784e-01  -9.4840955e-01  -3.1704784e-01
  9.4857029e-01   3.1656657e-01  -9.4857029e-01  -3.1656657e-01
  9.4873113e-01   3.1608425e-01  -9.4873113e-01  -3.1608425e-01
  9.4889207e-01   3.1560075e-01  -9.4889207e-01  -3.1560075e-01
  9.4905318e-01   3.1511596e-01  -9.4905318e-01  -3.1511596e-01
  9.4921447e-01   3.1462976e-01  -9.4921447e-01  -3.1462976e-01
  9.4937601e-01   3.1414201e-01  -9.4937601e-01  -3.1414201e-01
  9.4953782e-01   3.1365257e-01  -9.4953782e-01  -3.1365257e-01
  9.4969995e-01   3.1316129e-01  -9.4969995e-01  -3.1316129e-01
  9.4986247e-01   3.1266802e-01  -9.4986247e-01  -3.1266802e-01
  9.5002541e-01   3.1217259e-01  -9.5002541e-01  -3.1217259e-01
  9.5018883e-01   3.1167481e-01  -9.5018883e-01  -3.1167481e-01
  9.5035279e-01   3.1117451e-01  -9.5035279e-01  -3.1117451e-01
  9.5051735e-01   3.1067147e-01  -9.5051735e-01  -3.1067147e-01
  9.5068258e-01   3.1016548e-01  -9.5068258e-01  -3.1016548e-01
  9.5084855e-01   3.0965632e-01  -9.5084855e-01  -3.0965632e-01
  9.5101532e-01   3.0914374e-01  -9.5101532e-01  -3.0914374e-01
  9.5118299e-01   3.0862748e-01  -9.5118299e-01  -3.0862748e-01
  9.5135163e-01   3.0810725e-01  -9.5135163e-01  -3.0810725e-01
  9.5152133e-01   3.0758277e-01  -9.5152133e-01  -3.0758277e-01
  9.5169219e-01   3.0705371e-01  -9.5169219e-01  -3.0705371e-01
  9.5186431e-01   3.0651971e-01  -9.5186431e-01  -3.0651971e-01
  9.5203781e-01   3.0598042e-01  -9.5203781e-01  -3.0598042e-01
  9.5221279e-01   3.0543542e-01  -9.5221279e-01  -3.0543542e-01
  9.5238940e-01   3.0488428e-01  -9.5238940e-01  -3.0488428e-01
  9.5256778e-01   3.0432652e-01  -9.5256778e-01  -3.0432652e-01
  9.5274806e-01   3.0376163e-01  -9.5274806e-01  -3.0376163e-01
  9.5293043e-01   3.0318904e-01  -9.5293043e-01  -3.0318904e-01
  9.5311506e-01   3.0260812e-01  -9.5311506e-01  -3.0260812e-01
  9.5330215e-01   3.0201821e-01  -9.5330215e-01  -3.0201821e-01
  9.5349193e-01   3.0141855e-01  -9.5349193e-01  -3.0141855e-01
  9.5368462e-01   3.0080831e-01  -9.5368462e-01  -3.0080831e-01
  9.5388051e-01   3.0018655e-01  -9.5388051e-01  -3.0018655e-01
  9.5407990e-01   2.9955225e-01  -9.5407990e-01  -2.9955225e-01
  9.5428311e-01   2.9890424e-01  -9.5428311e-01  -2.9890424e-01
  9.5449053e-01   2.9824121e-01  -9.5449053e-01  -2.9824121e-01
  9.5470260e-01   2.9756167e-01  -9.5470260e-01  -2.9756167e-01
  9.5491980e-01   2.9686391e-01  -9.5491980e-01  -2.9686391e-01
  9.5514269e-01   2.9614597e-01  -9.5514269e-01  -2.9614597e-01
  9.5537194e-01   2.9540559e-01  -9.5537194e-01  -2.9540559e-01
  9.5560830e-01   2.9464009e-01  -9.5560830e-01  -2.9464009e-01
  9.5585267e-01   2.9384635e-01  -9.5585267e-01  -2.9384635e-01
  9.5610612e-01   2.9302061e-01  -9.5610612e-01  -2.9302061e-01
  9.5636996e-01   2.9215836e-01  -9.5636996e-01  -2.9215836e-01
  9.5664575e-01   2.9125403e-01  -9.5664575e-01  -2.9125403e-01
  9.5693546e-01   2.9030074e-01  -9.5693546e-01  -2.9030074e-01
  9.5724159e-01   2.8928973e-01  -9.5724159e-01  -2.8928973e-01
  9.5756734e-01   2.8820964e-01  -9.5756734e-01  -2.8820964e-01
  9.5791699e-01   2.8704535e-01  -9.5791699e-01  -2.8704535e-01
  9.5829643e-01   2.8577604e-01  -9.5829643e-01  -2.8577604e-01
  9.5871408e-01   2.8437179e-01  -9.5871408e-01  -2.8437179e-01
  9.5918264e-01   2.8278730e-01  -9.5918264e-01  -2.8278730e-01
  9.5972282e-01   2.8094860e-01  -9.5972282e-01  -2.8094860e-01
  9.6037204e-01   2.7872126e-01  -9.6037204e-01  -2.7872126e-01
  9.6121067e-01   2.7581525e-01  -9.6121067e-01  -2.7581525e-01
  9.6247892e-01   2.7135646e-01  -9.6247892e-01  -2.7135646e-01
  9.6513341e-01   2.6175846e-01  -9.6513341e-01  -2.6175846e-01
  9.6688255e-01   2.5522173e-01  -9.6688255e-01  -2.5522173e-01
  9.6780550e-01   2.5169926e-01  -9.6780550e-01  -2.5169926e-01
  9.6846295e-01   2.4915760e-01  -9.6846295e-01  -2.4915760e-01
  9.6898456e-01   2.4712126e-01  -9.6898456e-01  -2.4712126e-01
  9.6942259e-01   2.4539732e-01  -9.6942259e-01  -2.4539732e-01
  9.6980361e-01   2.4388719e-01  -9.6980361e-01  -2.4388719e-01
  9.7014309e-01   2.4253327e-01  -9.7014309e-01  -2.4253327e-01
  9.7045087e-01   2.4129878e-01  -9.7045087e-01  -2.4129878e-01
  9.7073362e-01   2.4015877e-01  -9.7073362e-01  -2.4015877e-01
  9.7099607e-01   2.3909544e-01  -9.7099607e-01  -2.3909544e-01
  9.7124172e-01   2.3809563e-01  -9.7124172e-01  -2.3809563e-01
  9.7147321e-01   2.3714933e-01  -9.7147321e-01  -2.3714933e-01
  9.7169262e-01   2.3624872e-01  -9.7169262e-01  -2.3624872e-01
  9.7190158e-01   2.3538758e-01  -9.7190158e-01  -2.3538758e-01
  9.7210144e-01   2.3456086e-01  -9.7210144e-01  -2.3456086e-01
  9.7229327e-01   2.3376443e-01  -9.7229327e-01  -2.3376443e-01
  9.7247798e-01   2.3299481e-01  -9.7247798e-01  -2.3299481e-01
  9.7265634e-01   2.3224910e-01  -9.7265634e-01  -2.3224910e-01
  9.7282900e-01   2.3152482e-01  -9.7282900e-01  -2.3152482e-01
  9.7299651e-01   2.3081984e-01  -9.7299651e-01  -2.3081984e-01
  9.7315935e-01   2.3013232e-01  -9.7315935e-01  -2.3013232e-01
  9.7331794e-01   2.2946065e-01  -9.7331794e-01  -2.2946065e-01
  9.7347265e-01   2.2880341e-01  -9.7347265e-01  -2.2880341e-01
  9.7362380e-01   2.2815936e-01  -9.7362380e-01  -2.2815936e-01
  9.7377168e-01   2.2752739e-01  -9.7377168e-01  -2.2752739e-01
  9.7391654e-01   2.2690651e-01  -9.7391654e-01  -2.2690651e-01
  9.7405862e-01   2.2629584e-01  -9.7405862e-01  -2.2629584e-01
  9.7419811e-01   2.2569457e-01  -9.7419811e-01  -2.2569457e-01
  9.7433521e-01   2.2510198e-01  -9.7433521e-01  -2.2510198e-01
  9.7447008e-01   2.2451741e-01  -9.7447008e-01  -2.2451741e-01
  9.7460287e-01   2.2394027e-01  -9.7460287e-01  -2.2394027e-01
  9.7473373e-01   2.2337001e-01  -9.7473373e-01  -2.2337001e-01
  9.7486277e-01   2.2280613e-01  -9.7486277e-01  -2.2280613e-01
  9.7499013e-01   2.2224817e-01  -9.7499013e-01  -2.2224817e-01
  9.7511590e-01   2.2169570e-01  -9.7511590e-01  -2.2169570e-01
  9.7524018e-01   2.2114834e-01  -9.7524018e-01  -2.2114834e-01
  9.7536307e-01   2.2060570e-01  -9.7536307e-01  -2.2060570e-01
  9.7548465e-01   2.2006747e-01  -9.7548465e-01  -2.2006747e-01
  9.7560500e-01   2.1953333e-01  -9.7560500e-01  -2.1953333e-01
  9.7572419e-01   2.1900298e-01  -9.7572419e-01  -2.1900298e-01
  9.7584229e-01   2.1847615e-01  -9.7584229e-01  -2.1847615e-01
  9.7595936e-01   2.1795258e-01  -9.7595936e-01  -2.1795258e-01
  9.7607546e-01   2.1743204e-01  -9.7607546e-01  -2.1743204e-01
  9.7619065e-01   2.1691430e-01  -9.7619065e-01  -2.1691430e-01
  9.7630497e-01   2.1639916e-01  -9.7630497e-01  -2.1639916e-01
  9.7641848e-01   2.1588641e-01  -9.7641848e-01  -2.1588641e-01
  9.7653122e-01   2.1537587e-01  -9.7653122e-01  -2.1537587e-01
  9.7664324e-01   2.1486737e-01  -9.7664324e-01  -2.1486737e-01
  9.7675456e-01   2.1436074e-01  -9.7675456e-01  -2.1436074e-01
  9.7686523e-01   2.1385582e-01  -9.7686523e-01  -2.1385582e-01
  9.7697529e-01   2.1335248e-01  -9.7697529e-01  -2.1335248e-01
  9.7708476e-01   2.1285057e-01  -9.7708476e-01  -2.1285057e-01
  9.7719368e-01   2.1234997e-01  -9.7719368e-01  -2.1234997e-01
  9.7730208e-01   2.1185055e-01  -9.7730208e-01  -2.1185055e-01
  9.7740997e-01   2.1135220e-01  -9.7740997e-01  -2.1135220e-01
  9.7751739e-01   2.1085481e-01  -9.7751739e-01  -2.1085481e-01
  9.7762436e-01   2.1035828e-01  -9.7762436e-01  -2.1035828e-01
  9.7773091e-01   2.0986252e-01  -9.7773091e-01  -2.0986252e-01
  9.7783704e-01   2.0936744e-01  -9.7783704e-01  -2.0936744e-01
  9.7794278e-01   2.0887295e-01  -9.7794278e-01  -2.0887295e-01
  9.7804816e-01   2.0837899e-01  -9.7804816e-01  -2.0837899e-01
  9.7815317e-01   2.0788548e-01  -9.7815317e-01  -2.0788548e-01
  9.7825785e-01   2.0739235e-01  -9.7825785e-01  -2.0739235e-01
  9.7836219e-01   2.0689954e-01  -9.7836219e-01  -2.0689954e-01
  9.7846622e-01   2.0640701e-01  -9.7846622e-01  -2.0640701e-01
  9.7856995e-01   2.0591469e-01  -9.7856995e-01  -2.0591469e-01
  9.7867338e-01   2.0542255e-01  -9.7867338e-01  -2.0542255e-01
  9.7877652e-01   2.0493055e-01  -9.7877652e-01  -2.0493055e-01
  9.7887938e-01   2.0443865e-01  -9.7887938e-01  -2.0443865e-01
  9.7898197e-01   2.0394682e-01  -9.7898197e-01  -2.0394682e-01
  9.7908429e-01   2.0345504e-01  -9.7908429e-01  -2.0345504e-01
  9.7918635e-01   2.0296329e-01  -9.7918635e-01  -2.0296329e-01
  9.7928815e-01   2.0247155e-01  -9.7928815e-01  -2.0247155e-01
  9.7938968e-01   2.0197982e-01  -9.7938968e-01  -2.0197982e-01
  9.7949096e-01   2.0148809e-01  -9.7949096e-01  -2.0148809e-01
  9.7959199e-01   2.0099636e-01  -9.7959199e-01  -2.0099636e-01
  9.7969276e-01   2.0050462e-01  -9.7969276e-01  -2.0050462e-01
  9.7979327e-01   2.0001287e-01  -9.7979327e-01  -2.0001287e-01
  9.7989353e-01   1.9952108e-01  -9.7989353e-01  -1.9952108e-01
  9.7999355e-01   1.9902924e-01  -9.7999355e-01  -1.9902924e-01
  9.8009333e-01   1.9853732e-01  -9.8009333e-01  -1.9853732e-01
  9.8019287e-01   1.9804530e-01  -9.8019287e-01  -1.9804530e-01
  9.8029218e-01   1.9755314e-01  -9.8029218e-01  -1.9755314e-01
  9.8039127e-01   1.9706079e-01  -9.8039127e-01  -1.9706079e-01
  9.8049015e-01   1.9656822e-01  -9.8049015e-01  -1.9656822e-01
  9.8058883e-01   1.9607537e-01  -9.8058883e-01  -1.9607537e-01
  9.8068731e-01   1.9558218e-01  -9.8068731e-01  -1.9558218e-01
  9.8078562e-01   1.9508861e-01  -9.8078562e-01  -1.9508861e-01
  9.8088376e-01   1.9459457e-01  -9.8088376e-01  -1.9459457e-01
  9.8098175e-01   1.9410001e-01  -9.8098175e-01  -1.9410001e-01
  9.8107959e-01   1.9360484e-01  -9.8107959e-01  -1.9360484e-01
  9.8117731e-01   1.9310899e-01  -9.8117731e-01  -1.9310899e-01
  9.8127493e-01   1.9261235e-01  -9.8127493e-01  -1.9261235e-01
  9.8137245e-01   1.9211485e-01  -9.8137245e-01  -1.9211485e-01
  9.8146990e-01   1.9161637e-01  -9.8146990e-01  -1.9161637e-01
  9.8156730e-01   1.9111682e-01  -9.8156730e-01  -1.9111682e-01
  9.8166466e-01   1.9061608e-01  -9.8166466e-01  -1.9061608e-01
  9.8176202e-01   1.9011402e-01  -9.8176202e-01  -1.9011402e-01
  9.8185938e-01   1.8961052e-01  -9.8185938e-01  -1.8961052e-01
  9.8195679e-01   1.8910544e-01  -9.8195679e-01  -1.8910544e-01
  9.8205425e-01   1.8859864e-01  -9.8205425e-01  -1.8859864e-01
  9.8215180e-01   1.8808997e-01  -9.8215180e-01  -1.8808997e-01
  9.8224947e-01   1.8757926e-01  -9.8224947e-01  -1.8757926e-01
  9.8234728e-01   1.8706633e-01  -9.8234728e-01  -1.8706633e-01
  9.8244528e-01   1.8655102e-01  -9.8244528e-01  -1.8655102e-01
  9.8254348e-01   1.8603311e-01  -9.8254348e-01  -1.8603311e-01
  9.8264192e-01   1.8551240e-01  -9.8264192e-01  -1.8551240e-01
  9.8274065e-01   1.8498868e-01  -9.8274065e-01  -1.8498868e-01
  9.8283970e-01   1.8446171e-01  -9.8283970e-01  -1.8446171e-01
  9.8293912e-01   1.8393122e-01  -9.8293912e-01  -1.8393122e-01
  9.8303894e-01   1.8339697e-01  -9.8303894e-01  -1.8339697e-01
  9.8313921e-01   1.8285865e-01  -9.8313921e-01  -1.8285865e-01
  9.8324000e-01   1.8231596e-01  -9.8324000e-01  -1.8231596e-01
  9.8334134e-01   1.8176857e-01  -9.8334134e-01  -1.8176857e-01
  9.8344330e-01   1.8121613e-01  -9.8344330e-01  -1.8121613e-01
  9.8354593e-01   1.8065824e-01  -9.8354593e-01  -1.8065824e-01
  9.8364931e-01   1.8009449e-01  -9.8364931e-01  -1.8009449e-01
  9.8375351e-01   1.7952443e-01  -9.8375351e-01  -1.7952443e-01
  9.8385861e-01   1.7894758e-01  -9.8385861e-01  -1.7894758e-01
  9.8396468e-01   1.7836340e-01  -9.8396468e-01  -1.7836340e-01
  9.8407183e-01   1.7777130e-01  -9.8407183e-01  -1.7777130e-01
  9.8418015e-01   1.7717065e-01  -9.8418015e-01  -1.7717065e-01
  9.8428974e-01   1.7656075e-01  -9.8428974e-01  -1.7656075e-01
  9.8440074e-01   1.7594083e-01  -9.8440074e-01  -1.7594083e-01
  9.8451328e-01   1.7531002e-01  -9.8451328e-01  -1.7531002e-01
  9.8462750e-01   1.7466737e-01  -9.8462750e-01  -1.7466737e-01
  9.8474356e-01   1.7401183e-01  -9.8474356e-01  -1.7401183e-01
  9.8486166e-01   1.7334218e-01  -9.8486166e-01  -1.7334218e-01
  9.8498200e-01   1.7265707e-01  -9.8498200e-01  -1.7265707e-01
  9.8510481e-01   1.7195498e-01  -9.8510481e-01  -1.7195498e-01
  9.8523036e-01   1.7123415e-01  -9.8523036e-01  -1.7123415e-01
  9.8535896e-01   1.7049256e-01  -9.8535896e-01  -1.7049256e-01
  9.8549097e-01   1.6972787e-01  -9.8549097e-01  -1.6972787e-01
  9.8562679e-01   1.6893734e-01  -9.8562679e-01  -1.6893734e-01
  9.8576692e-01   1.6811774e-01  -9.8576692e-01  -1.6811774e-01
  9.8591194e-01   1.6726522e-01  -9.8591194e-01  -1.6726522e-01
  9.8606254e-01   1.6637511e-01  -9.8606254e-01  -1.6637511e-01
  9.8621957e-01   1.6544171e-01  -9.8621957e-01  -1.6544171e-01
  9.8638410e-01   1.6445792e-01  -9.8638410e-01  -1.6445792e-01
  9.8655746e-01   1.6341472e-01  -9.8655746e-01  -1.6341472e-01
  9.8674139e-01   1.6230044e-01  -9.8674139e-01  -1.6230044e-01
  9.8693817e-01   1.6109951e-01  -9.8693817e-01  -1.6109951e-01
  9.8715095e-01   1.5979051e-01  -9.8715095e-01  -1.5979051e-01
  9.8738422e-01   1.5834268e-01  -9.8738422e-01  -1.5834268e-01
  9.8764476e-01   1.5670940e-01  -9.8764476e-01  -1.5670940e-01
  9.8794354e-01   1.5481459e-01  -9.8794354e-01  -1.5481459e-01
  9.8830038e-01   1.5252006e-01  -9.8830038e-01  -1.5252006e-01
  9.8875755e-01   1.4952759e-01  -9.8875755e-01  -1.4952759e-01
  9.8944062e-01   1.4493879e-01  -9.8944062e-01  -1.4493879e-01
  9.6513341e-01   2.6175846e-01  -9.6513341e-01  -2.6175846e-01
  9.6688255e-01   2.5522173e-01  -9.6688255e-01  -2.5522173e-01
  9.6780550e-01   2.5169926e-01  -9.6780550e-01  -2.5169926e-01
  9.6846295e-01   2.4915760e-01  -9.6846295e-01  -2.4915760e-01
  9.6898456e-01   2.4712126e-01  -9.6898456e-01  -2.4712126e-01
  9.6942259e-01   2.4539732e-01  -9.6942259e-01  -2.4539732e-01
  9.6980361e-01   2.4388719e-01  -9.6980361e-01  -2.4388719e-01
  9.7014309e-01   2.4253327e-01  -9.7014309e-01  -2.4253327e-01
  9.7045087e-01   2.4129878e-01  -9.7045087e-01  -2.4129878e-01
  9.7073362e-01   2.4015877e-01  -9.7073362e-01  -2.4015877e-01
  9.7099607e-01   2.3909544e-01  -9.7099607e-01  -2.3909544e-01
  9.7124172e-01   2.3809563e-01  -9.7124172e-01  -2.3809563e-01
  9.7147321e-01   2.3714933e-01  -9.7147321e-01  -2.3714933e-01
  9.7169262e-01   2.3624872e-01  -9.7169262e-01  -2.3624872e-01
  9.7190158e-01   2.3538758e-01  -9.7190158e-01  -2.3538758e-01
  9.7210144e-01   2.3456086e-01  -9.7210144e-01  -2.3456086e-01
  9.7229327e-01   2.3376443e-01  -9.7229327e-01  -2.3376443e-01
  9.7247798e-01   2.3299481e-01  -9.7247798e-01  -2.3299481e-01
  9.7265634e-01   2.3224910e-01  -9.7265634e-01  -2.3224910e-01
  9.7282900e-01   2.3152482e-01  -9.7282900e-01  -2.3152482e-01
  9.7299651e-01   2.3081984e-01  -9.7299651e-01  -2.3081984e-01
  9.7315935e-01   2.3013232e-01  -9.7315935e-01  -2.3013232e-01
  9.7331794e-01   2.2946065e-01  -9.7331794e-01  -2.2946065e-01
  9.7347265e-01   2.2880341e-01  -9.7347265e-01  -2.2880341e-01
  9.7362380e-01   2.2815936e-01  -9.7362380e-01  -2.2815936e-01
  9.7377168e-01   2.2752739e-01  -9.7377168e-01  -2.2752739e-01
  9.7391654e-01   2.2690651e-01  -9.7391654e-01  -2.2690651e-01
  9.7405862e-01   2.2629584e-01  -9.7405862e-01  -2.2629584e-01
  9.7419811e-01   2.2569457e-01  -9.7419811e-01  -2.2569457e-01
  9.7433521e-01   2.2510198e-01  -9.7433521e-01  -2.2510198e-01
  9.7447008e-01   2.2451741e-01  -9.7447008e-01  -2.2451741e-01
  9.7460287e-01   2.2394027e-01  -9.7460287e-01  -2.2394027e-01
  9.7473373e-01   2.2337001e-01  -9.7473373e-01  -2.2337001e-01
  9.7486277e-01   2.2280613e-01  -9.7486277e-01  -2.2280613e-01
  9.7499013e-01   2.2224817e-01  -9.7499013e-01  -2.2224817e-01
  9.7511590e-01   2.2169570e-01  -9.7511590e-01  -2.2169570e-01
  9.7524018e-01   2.2114834e-01  -9.7524018e-01  -2.2114834e-01
  9.7536307e-01   2.2060570e-01  -9.7536307e-01  -2.2060570e-01
  9.7548465e-01   2.2006747e-01  -9.7548465e-01  -2.2006747e-01
  9.7560500e-01   2.1953333e-01  -9.7560500e-01  -2.1953333e-01
  9.7572419e-01   2.1900298e-01  -9.7572419e-01  -2.1900298e-01
  9.7584229e-01   2.1847615e-01  -9.7584229e-01  -2.1847615e-01
  9.7595936e-01   2.1795258e-01  -9.7595936e-01  -2.1795258e-01
  9.7607546e-01   2.1743204e-01  -9.7607546e-01  -2.1743204e-01
  9.7619065e-01   2.1691430e-01  -9.7619065e-01  -2.1691430e-01
  9.7630497e-01   2.1639916e-01  -9.7630497e-01  -2.1639916e-01
  9.7641848e-01   2.1588641e-01  -9.7641848e-01  -2.1588641e-01
  9.7653122e-01   2.1537587e-01  -9.7653122e-01  -2.1537587e-01
  9.7664324e-01   2.1486737e-01  -9.7664324e-01  -2.1486737e-01
  9.7675456e-01   2.1436074e-01  -9.7675456e-01  -2.1436074e-01
  9.7686523e-01   2.1385582e-01  -9.7686523e-01  -2.1385582e-01
  9.7697529e-01   2.1335248e-01  -9.7697529e-01  -2.1335248e-01
  9.7708476e-01   2.1285057e-01  -9.7708476e-01  -2.1285057e-01
  9.7719368e-01   2.1234997e-01  -9.7719368e-01  -2.1234997e-01
  9.7730208e-01   2.1185055e-01  -9.7730208e-01  -2.1185055e-01
  9.7740997e-01   2.1135220e-01  -9.7740997e-01  -2.1135220e-01
  9.7751739e-01   2.1085481e-01  -9.7751739e-01  -2.1085481e-01
  9.7762436e-01   2.1035828e-01  -9.7762436e-01  -2.1035828e-01
  9.7773091e-01   2.0986252e-01  -9.7773091e-01  -2.0986252e-01
  9.7783704e-01   2.0936744e-01  -9.7783704e-01  -2.0936744e-01
  9.7794278e-01   2.0887295e-01  -9.7794278e-01  -2.0887295e-01
  9.7804816e-01   2.0837899e-01  -9.7804816e-01  -2.0837899e-01
  9.7815317e-01   2.0788548e-01  -9.7815317e-01  -2.0788548e-01
  9.7825785e-01   2.0739235e-01  -9.7825785e-01  -2.0739235e-01
  9.7836219e-01   2.0689954e-01  -9.7836219e-01  -2.0689954e-01
  9.7846622e-01   2.0640701e-01  -9.7846622e-01  -2.0640701e-01
  9.7856995e-01   2.0591469e-01  -9.7856995e-01  -2.0591469e-01
  9.7867338e-01   2.0542255e-01  -9.7867338e-01  -2.0542255e-01
  9.7877652e-01   2.0493055e-01  -9.7877652e-01  -2.0493055e-01
  9.7887938e-01   2.0443865e-01  -9.7887938e-01  -2.0443865e-01
  9.7898197e-01   2.0394682e-01  -9.7898197e-01  -2.0394682e-01
  9.7908429e-01   2.0345504e-01  -9.7908429e-01  -2.0345504e-01
  9.7918635e-01   2.0296329e-01  -9.7918635e-01  -2.0296329e-01
  9.7928815e-01   2.0247155e-01  -9.7928815e-01  -2.0247155e-01
  9.7938968e-01   2.0197982e-01  -9.7938968e-01  -2.0197982e-01
  9.7949096e-01   2.0148809e-01  -9.7949096e-01  -2.0148809e-01
  9.7959199e-01   2.0099636e-01  -9.7959199e-01  -2.0099636e-01
  9.7969276e-01   2.0050462e-01  -9.7969276e-01  -2.0050462e-01
  9.7979327e-01   2.0001287e-01  -9.7979327e-01  -2.0001287e-01
  9.7989353e-01   1.9952108e-01  -9.7989353e-01  -1.9952108e-01
  9.7999355e-01   1.9902924e-01  -9.7999355e-01  -1.9902924e-01
  9.8009333e-01   1.9853732e-01  -9.8009333e-01  -1.9853732e-01
  9.8019287e-01   1.9804530e-01  -9.8019287e-01  -1.9804530e-01
  9.8029218e-01   1.9755314e-01  -9.8029218e-01  -1.9755314e-01
  9.8039127e-01   1.9706079e-01  -9.8039127e-01  -1.9706079e-01
  9.8049015e-01   1.9656822e-01  -9.8049015e-01  -1.9656822e-01
  9.8058883e-01   1.9607537e-01  -9.8058883e-01  -1.9607537e-01
  9.8068731e-01   1.9558218e-01  -9.8068731e-01  -1.9558218e-01
  9.8078562e-01   1.9508861e-01  -9.8078562e-01  -1.9508861e-01
  9.8088376e-01   1.9459457e-01  -9.8088376e-01  -1.9459457e-01
  9.8098175e-01   1.9410001e-01  -9.8098175e-01  -1.9410001e-01
  9.8107959e-01   1.9360484e-01  -9.8107959e-01  -1.9360484e-01
  9.8117731e-01   1.9310899e-01  -9.8117731e-01  -1.9310899e-01
  9.8127493e-01   1.9261235e-01  -9.8127493e-01  -1.9261235e-01
  9.8137245e-01   1.9211485e-01  -9.8137245e-01  -1.9211485e-01
  9.8146990e-01   1.9161637e-01  -9.8146990e-01  -1.9161637e-01
  9.8156730e-01   1.9111682e-01  -9.8156730e-01  -1.9111682e-01
  9.8166466e-01   1.9061608e-01  -9.8166466e-01  -1.9061608e-01
  9.8176202e-01   1.9011402e-01  -9.8176202e-01  -1.9011402e-01
  9.8185938e-01   1.8961052e-01  -9.8185938e-01  -1.8961052e-01
  9.8195679e-01   1.8910544e-01  -9.8195679e-01  -1.8910544e-01
  9.8205425e-01   1.8859864e-01  -9.8205425e-01  -1.8859864e-01
  9.8215180e-01   1.8808997e-01  -9.8215180e-01  -1.8808997e-01
  9.8224947e-01   1.8757926e-01  -9.8224947e-01  -1.8757926e-01
  9.8234728e-01   1.8706633e-01  -9.8234728e-01  -1.8706633e-01
  9.8244528e-01   1.8655102e-01  -9.8244528e-01  -1.8655102e-01
  9.8254348e-01   1.8603311e-01  -9.8254348e-01  -1.8603311e-01
  9.8264192e-01   1.8551240e-01  -9.8264192e-01  -1.8551240e-01
  9.8274065e-01   1.8498868e-01  -9.8274065e-01  -1.8498868e-01
  9.8283970e-01   1.8446171e-01  -9.8283970e-01  -1.8446171e-01
  9.8293912e-01   1.8393122e-01  -9.8293912e-01  -1.8393122e-01
  9.8303894e-01   1.8339697e-01  -9.8303894e-01  -1.8339697e-01
  9.8313921e-01   1.8285865e-01  -9.8313921e-01  -1.8285865e-01
  9.8324000e-01   1.8231596e-01  -9.8324000e-01  -1.8231596e-01
  9.8334134e-01   1.8176857e-01  -9.8334134e-01  -1.8176857e-01
  9.8344330e-01   1.8121613e-01  -9.8344330e-01  -1.8121613e-01
  9.8354593e-01   1.8065824e-01  -9.8354593e-01  -1.8065824e-01
  9.8364931e-01   1.8009449e-01  -9.8364931e-01  -1.8009449e-01
  9.8375351e-01   1.7952443e-01  -9.8375351e-01  -1.7952443e-01
  9.8385861e-01   1.7894758e-01  -9.8385861e-01  -1.7894758e-01
  9.8396468e-01   1.7836340e-01  -9.8396468e-01  -1.7836340e-01
  9.8407183e-01   1.7777130e-01  -9.8407183e-01  -1.7777130e-01
  9.8418015e-01   1.7717065e-01  -9.8418015e-01  -1.7717065e-01
  9.8428974e-01   1.7656075e-01  -9.8428974e-01  -1.7656075e-01
  9.8440074e-01   1.7594083e-01  -9.8440074e-01  -1.7594083e-01
  9.8451328e-01   1.7531002e-01  -9.8451328e-01  -1.7531002e-01
  9.8462750e-01   1.7466737e-01  -9.8462750e-01  -1.7466737e-01
  9.8474356e-01   1.7401183e-01  -9.8474356e-01  -1.7401183e-01
  9.8486166e-01   1.7334218e-01  -9.8486166e-01  -1.7334218e-01
  9.8498200e-01   1.7265707e-01  -9.8498200e-01  -1.7265707e-01
  9.8510481e-01   1.7195498e-01  -9.8510481e-01  -1.7195498e-01
  9.8523036e-01   1.7123415e-01  -9.8523036e-01  -1.7123415e-01
  9.8535896e-01   1.7049256e-01  -9.8535896e-01  -1.7049256e-01
  9.8549097e-01   1.6972787e-01  -9.8549097e-01  -1.6972787e-01
  9.8562679e-01   1.6893734e-01  -9.8562679e-01  -1.6893734e-01
  9.8576692e-01   1.6811774e-01  -9.8576692e-01  -1.6811774e-01
  9.8591194e-01   1.6726522e-01  -9.8591194e-01  -1.6726522e-01
  9.8606254e-01   1.6637511e-01  -9.8606254e-01  -1.6637511e-01
  9.8621957e-01   1.6544171e-01  -9.8621957e-01  -1.6544171e-01
  9.8638410e-01   1.6445792e-01  -9.8638410e-01  -1.6445792e-01
  9.8655746e-01   1.6341472e-01  -9.8655746e-01  -1.6341472e-01
  9.8674139e-01   1.6230044e-01  -9.8674139e-01  -1.6230044e-01
  9.8693817e-01   1.6109951e-01  -9.8693817e-01  -1.6109951e-01
  9.8715095e-01   1.5979051e-01  -9.8715095e-01  -1.5979051e-01
  9.8738422e-01   1.5834268e-01  -9.8738422e-01  -1.5834268e-01
  9.8764476e-01   1.5670940e-01  -9.8764476e-01  -1.5670940e-01
  9.8794354e-01   1.5481459e-01  -9.8794354e-01  -1.5481459e-01
  9.8830038e-01   1.5252006e-01  -9.8830038e-01  -1.5252006e-01
  9.8875755e-01   1.4952759e-01  -9.8875755e-01  -1.4952759e-01
  9.8944062e-01   1.4493879e-01  -9.8944062e-01  -1.4493879e-01
  9.6513341e-01   2.6175846e-01  -9.6513341e-01  -2.6175846e-01
  9.6688255e-01   2.5522173e-01  -9.6688255e-01  -2.5522173e-01
  9.6780550e-01   2.5169926e-01  -9.6780550e-01  -2.5169926e-01
  9.6846295e-01   2.4915760e-01  -9.6846295e-01  -2.4915760e-01
  9.6898456e-01   2.4712126e-01  -9.6898456e-01  -2.4712126e-01
  9.6942259e-01   2.4539732e-01  -9.6942259e-01  -2.4539732e-01
  9.6980361e-01   2.4388719e-01  -9.6980361e-01  -2.4388719e-01
  9.7014309e-01   2.4253327e-01  -9.7014309e-01  -2.4253327e-01
  9.7045087e-01   2.4129878e-01  -9.7045087e-01  -2.4129878e-01
  9.7073362e-01   2.4015877e-01  -9.7073362e-01  -2.4015877e-01
  9.7099607e-01   2.3909544e-01  -9.7099607e-01  -2.3909544e-01
  9.7124172e-01   2.3809563e-01  -9.7124172e-01  -2.3809563e-01
  9.7147321e-01   2.3714933e-01  -9.7147321e-01  -2.3714933e-01
  9.7169262e-01   2.3624872e-01  -9.7169262e-01  -2.3624872e-01
  9.7190158e-01   2.3538758e-01  -9.7190158e-01  -2.3538758e-01
  9.7210144e-01   2.3456086e-01  -9.7210144e-01  -2.3456086e-01
  9.7229327e-01   2.3376443e-01  -9.7229327e-01  -2.3376443e-01
  9.7247798e-01   2.3299481e-01  -9.7247798e-01  -2.3299481e-01
  9.7265634e-01   2.3224910e-01  -9.7265634e-01  -2.3224910e-01
  9.7282900e-01   2.3152482e-01  -9.7282900e-01  -2.3152482e-01
  9.7299651e-01   2.3081984e-01  -9.7299651e-01  -2.3081984e-01
  9.7315935e-01   2.3013232e-01  -9.7315935e-01  -2.3013232e-01
  9.7331794e-01   2.2946065e-01  -9.7331794e-01  -2.2946065e-01
  9.7347265e-01   2.2880341e-01  -9.7347265e-01  -2.2880341e-01
  9.7362380e-01   2.2815936e-01  -9.7362380e-01  -2.2815936e-01
  9.7377168e-01   2.2752739e-01  -9.7377168e-01  -2.2752739e-01
  9.7391654e-01   2.2690651e-01  -9.7391654e-01  -2.2690651e-01
  9.7405862e-01   2.2629584e-01  -9.7405862e-01  -2.2629584e-01
  9.7419811e-01   2.2569457e-01  -9.7419811e-01  -2.2569457e-01
  9.7433521e-01   2.2510198e-01  -9.7433521e-01  -2.2510198e-01
  9.7447008e-01   2.2451741e-01  -9.7447008e-01  -2.2451741e-01
  9.7460287e-01   2.2394027e-01  -9.7460287e-01  -2.2394027e-01
  9.7473373e-01   2.2337001e-01  -9.7473373e-01  -2.2337001e-01
  9.7486277e-01   2.2280613e-01  -9.7486277e-01  -2.2280613e-01
  9.7499013e-01   2.2224817e-01  -9.7499013e-01  -2.2224817e-01
  9.7511590e-01   2.2169570e-01  -9.7511590e-01  -2.2169570e-01
  9.7524018e-01   2.2114834e-01  -9.7524018e-01  -2.2114834e-01
  9.7536307e-01   2.2060570e-01  -9.7536307e-01  -2.2060570e-01
  9.7548465e-01   2.2006747e-01  -9.7548465e-01  -2.2006747e-01
  9.7560500e-01   2.1953333e-01  -9.7560500e-01  -2.1953333e-01
  9.7572419e-01   2.1900298e-01  -9.7572419e-01  -2.1900298e-01
  9.7584229e-01   2.1847615e-01  -9.7584229e-01  -2.1847615e-01
  9.7595936e-01   2.1795258e-01  -9.7595936e-01  -2.1795258e-01
  9.7607546e-01   2.1743204e-01  -9.7607546e-01  -2.1743204e-01
  9.7619065e-01   2.1691430e-01  -9.7619065e-01  -2.1691430e-01
  9.7630497e-01   2.1639916e-01  -9.7630497e-01  -2.1639916e-01
  9.7641848e-01   2.1588641e-01  -9.7641848e-01  -2.1588641e-01
  9.7653122e-01   2.1537587e-01  -9.7653122e-01  -2.1537587e-01
  9.7664324e-01   2.1486737e-01  -9.7664324e-01  -2.1486737e-01
  9.7675456e-01   2.1436074e-01  -9.7675456e-01  -2.1436074e-01
  9.7686523e-01   2.1385582e-01  -9.7686523e-01  -2.1385582e-01
  9.7697529e-01   2.1335248e-01  -9.7697529e-01  -2.1335248e-01
  9.7708476e-01   2.1285057e-01  -9.7708476e-01  -2.1285057e-01
  9.7719368e-01   2.1234997e-01  -9.7719368e-01  -2.1234997e-01
  9.7730208e-01   2.1185055e-01  -9.7730208e-01  -2.1185055e-01
  9.7740997e-01   2.1135220e-01  -9.7740997e-01  -2.1135220e-01
  9.7751739e-01   2.1085481e-01  -9.7751739e-01  -2.1085481e-01
  9.7762436e-01   2.1035828e-01  -9.7762436e-01  -2.1035828e-01
  9.7773091e-01   2.0986252e-01  -9.7773091e-01  -2.0986252e-01
  9.7783704e-01   2.0936744e-01  -9.7783704e-01  -2.0936744e-01
  9.7794278e-01   2.0887295e-01  -9.7794278e-01  -2.0887295e-01
  9.7804816e-01   2.0837899e-01  -9.7804816e-01  -2.0837899e-01
  9.7815317e-01   2.0788548e-01  -9.7815317e-01  -2.0788548e-01
  9.7825785e-01   2.0739235e-01  -9.7825785e-01  -2.0739235e-01
  9.7836219e-01   2.0689954e-01  -9.7836219e-01  -2.0689954e-01
  9.7846622e-01   2.0640701e-01  -9.7846622e-01  -2.0640701e-01
  9.7856995e-01   2.0591469e-01  -9.7856995e-01  -2.0591469e-01
  9.7867338e-01   2.0542255e-01  -9.7867338e-01  -2.0542255e-01
  9.7877652e-01   2.0493055e-01  -9.7877652e-01  -2.0493055e-01
  9.7887938e-01   2.0443865e-01  -9.7887938e-01  -2.0443865e-01
  9.7898197e-01   2.0394682e-01  -9.7898197e-01  -2.0394682e-01
  9.7908429e-01   2.0345504e-01  -9.7908429e-01  -2.0345504e-01
  9.7918635e-01   2.0296329e-01  -9.7918635e-01  -2.0296329e-01
  9.7928815e-01   2.0247155e-01  -9.7928815e-01  -2.0247155e-01
  9.7938968e-01   2.0197982e-01  -9.7938968e-01  -2.0197982e-01
  9.7949096e-01   2.0148809e-01  -9.7949096e-01  -2.0148809e-01
  9.7959199e-01   2.0099636e-01  -9.7959199e-01  -2.0099636e-01
  9.7969276e-01   2.0050462e-01  -9.7969276e-01  -2.0050462e-01
  9.7979327e-01   2.0001287e-01  -9.7979327e-01  -2.0001287e-01
  9.7989353e-01   1.9952108e-01  -9.7989353e-01  -1.9952108e-01
  9.7999355e-01   1.9902924e-01  -9.7999355e-01  -1.9902924e-01
  9.8009333e-01   1.9853732e-01  -9.8009333e-01  -1.9853732e-01
  9.8019287e-01   1.9804530e-01  -9.8019287e-01  -1.9804530e-01
  9.8029218e-01   1.9755314e-01  -9.8029218e-01  -1.9755314e-01
  9.8039127e-01   1.9706079e-01  -9.8039127e-01  -1.9706079e-01
  9.8049015e-01   1.9656822e-01  -9.8049015e-01  -1.9656822e-01
  9.8058883e-01   1.9607537e-01  -9.8058883e-01  -1.9607537e-01
  9.8068731e-01   1.9558218e-01  -9.8068731e-01  -1.9558218e-01
  9.8078562e-01   1.9508861e-01  -9.8078562e-01  -1.9508861e-01
  9.8088376e-01   1.9459457e-01  -9.8088376e-01  -1.9459457e-01
  9.8098175e-01   1.9410001e-01  -9.8098175e-01  -1.9410001e-01
  9.8107959e-01   1.9360484e-01  -9.8107959e-01  -1.9360484e-01
  9.8117731e-01   1.9310899e-01  -9.8117731e-01  -1.9310899e-01
  9.8127493e-01   1.9261235e-01  -9.8127493e-01  -1.9261235e-01
  9.8137245e-01   1.9211485e-01  -9.8137245e-01  -1.9211485e-01
  9.8146990e-01   1.9161637e-01  -9.8146990e-01  -1.9161637e-01
  9.8156730e-01   1.9111682e-01  -9.8156730e-01  -1.9111682e-01
  9.8166466e-01   1.9061608e-01  -9.8166466e-01  -1.9061608e-01
  9.8176202e-01   1.9011402e-01  -9.8176202e-01  -1.9011402e-01
  9.8185938e-01   1.8961052e-01  -9.8185938e-01  -1.8961052e-01
  9.8195679e-01   1.8910544e-01  -9.8195679e-01  -1.8910544e-01
  9.8205425e-01   1.8859864e-01  -9.8205425e-01  -1.8859864e-01
  9.8215180e-01   1.8808997e-01  -9.8215180e-01  -1.8808997e-01
  9.8224947e-01   1.8757926e-01  -9.8224947e-01  -1.8757926e-01
  9.8234728e-01   1.8706633e-01  -9.8234728e-01  -1.8706633e-01
  9.8244528e-01   1.8655102e-01  -9.8244528e-01  -1.8655102e-01
  9.8254348e-01   1.8603311e-01  -9.8254348e-01  -1.8603311e-01
  9.8264192e-01   1.8551240e-01  -9.8264192e-01  -1.8551240e-01
  9.8274065e-01   1.8498868e-01  -9.8274065e-01  -1.8498868e-01
  9.8283970e-01   1.8446171e-01  -9.8283970e-01  -1.8446171e-01
  9.8293912e-01   1.8393122e-01  -9.8293912e-01  -1.8393122e-01
  9.8303894e-01   1.8339697e-01  -9.8303894e-01  -1.8339697e-01
  9.8313921e-01   1.8285865e-01  -9.8313921e-01  -1.8285865e-01
  9.8324000e-01   1.8231596e-01  -9.8324000e-01  -1.8231596e-01
  9.8334134e-01   1.8176857e-01  -9.8334134e-01  -1.8176857e-01
  9.8344330e-01   1.8121613e-01  -9.8344330e-01  -1.8121613e-01
  9.8354593e-01   1.8065824e-01  -9.8354593e-01  -1.8065824e-01
  9.8364931e-01   1.8009449e-01  -9.8364931e-01  -1.8009449e-01
  9.8375351e-01   1.7952443e-01  -9.8375351e-01  -1.7952443e-01
  9.8385861e-01   1.7894758e-01  -9.8385861e-01  -1.7894758e-01
  9.8396468e-01   1.7836340e-01  -9.8396468e-01  -1.7836340e-01
  9.8407183e-01   1.7777130e-01  -9.8407183e-01  -1.7777130e-01
  9.8418015e-01   1.7717065e-01  -9.8418015e-01  -1.7717065e-01
  9.8428974e-01   1.7656075e-01  -9.8428974e-01  -1.7656075e-01
  9.8440074e-01   1.7594083e-01  -9.8440074e-01  -1.7594083e-01
  9.8451328e-01   1.7531002e-01  -9.8451328e-01  -1.7531002e-01
  9.8462750e-01   1.7466737e-01  -9.8462750e-01  -1.7466737e-01
  9.8474356e-01   1.7401183e-01  -9.8474356e-01  -1.7401183e-01
  9.8486166e-01   1.7334218e-01  -9.8486166e-01  -1.7334218e-01
  9.8498200e-01   1.7265707e-01  -9.8498200e-01  -1.7265707e-01
  9.8510481e-01   1.7195498e-01  -9.8510481e-01  -1.7195498e-01
  9.8523036e-01   1.7123415e-01  -9.8523036e-01  -1.7123415e-01
  9.8535896e-01   1.7049256e-01  -9.8535896e-01  -1.7049256e-01
  9.8549097e-01   1.6972787e-01  -9.8549097e-01  -1.6972787e-01
  9.8562679e-01   1.6893734e-01  -9.8562679e-01  -1.6893734e-01
  9.8576692e-01   1.6811774e-01  -9.8576692e-01  -1.6811774e-01
  9.8591194e-01   1.6726522e-01  -9.8591194e-01  -1.6726522e-01
  9.8606254e-01   1.6637511e-01  -9.8606254e-01  -1.6637511e-01
  9.8621957e-01   1.6544171e-01  -9.8621957e-01  -1.6544171e-01
  9.8638410e-01   1.6445792e-01  -9.8638410e-01  -1.6445792e-01
  9.8655746e-01   1.6341472e-01  -9.8655746e-01  -1.6341472e-01
  9.8674139e-01   1.6230044e-01  -9.8674139e-01  -1.6230044e-01
  9.8693817e-01   1.6109951e-01  -9.8693817e-01  -1.6109951e-01
  9.8715095e-01   1.5979051e-01  -9.8715095e-01  -1.5979051e-01
  9.8738422e-01   1.5834268e-01  -9.8738422e-01  -1.5834268e-01
  9.8764476e-01   1.5670940e-01  -9.8764476e-01  -1.5670940e-01
  9.8794354e-01   1.5481459e-01  -9.8794354e-01  -1.5481459e-01
  9.8830038e-01   1.5252006e-01  -9.8830038e-01  -1.5252006e-01
  9.8875755e-01   1.4952759e-01  -9.8875755e-01  -1.4952759e-01
  9.8944062e-01   1.4493879e-01  -9.8944062e-01  -1.4493879e-01
  9.6513341e-01   2.6175846e-01  -9.6513341e-01  -2.6175846e-01
  9.6688255e-01   2.5522173e-01  -9.6688255e-01  -2.5522173e-01
  9.6780550e-01   2.5169926e-01  -9.6780550e-01  -2.5169926e-01
  9.6846295e-01   2.4915760e-01  -9.6846295e-01  -2.4915760e-01
  9.6898456e-01   2.4712126e-01  -9.6898456e-01  -2.4712126e-01
  9.6942259e-01   2.4539732e-01  -9.6942259e-01  -2.4539732e-01
  9.6980361e-01   2.4388719e-01  -9.6980361e-01  -2.4388719e-01
  9.7014309e-01   2.4253327e-01  -9.7014309e-01  -2.4253327e-01
  9.7045087e-01   2.4129878e-01  -9.7045087e-01  -2.4129878e-01
  9.7073362e-01   2.4015877e-01  -9.7073362e-01  -2.4015877e-01
  9.7099607e-01   2.3909544e-01  -9.7099607e-01  -2.3909544e-01
  9.7124172e-01   2.3809563e-01  -9.7124172e-01  -2.3809563e-01
  9.7147321e-01   2.3714933e-01  -9.7147321e-01  -2.3714933e-01
  9.7169262e-01   2.3624872e-01  -9.7169262e-01  -2.3624872e-01
  9.7190158e-01   2.3538758e-01  -9.7190158e-01  -2.3538758e-01
  9.7210144e-01   2.3456086e-01  -9.7210144e-01  -2.3456086e-01
  9.7229327e-01   2.3376443e-01  -9.7229327e-01  -2.3376443e-01
  9.7247798e-01   2.3299481e-01  -9.7247798e-01  -2.3299481e-01
  9.7265634e-01   2.3224910e-01  -9.7265634e-01  -2.3224910e-01
  9.7282900e-01   2.3152482e-01  -9.7282900e-01  -2.3152482e-01
  9.7299651e-01   2.3081984e-01  -9.7299651e-01  -2.3081984e-01
  9.7315935e-01   2.3013232e-01  -9.7315935e-01  -2.3013232e-01
  9.7331794e-01   2.2946065e-01  -9.7331794e-01  -2.2946065e-01
  9.7347265e-01   2.2880341e-01  -9.7347265e-01  -2.2880341e-01
  9.7362380e-01   2.2815936e-01  -9.7362380e-01  -2.2815936e-01
  9.7377168e-01   2.2752739e-01  -9.7377168e-01  -2.2752739e-01
  9.7391654e-01   2.2690651e-01  -9.7391654e-01  -2.2690651e-01
  9.7405862e-01   2.2629584e-01  -9.7405862e-01  -2.2629584e-01
  9.7419811e-01   2.2569457e-01  -9.7419811e-01  -2.2569457e-01
  9.7433521e-01   2.2510198e-01  -9.7433521e-01  -2.2510198e-01
  9.7447008e-01   2.2451741e-01  -9.7447008e-01  -2.2451741e-01
  9.7460287e-01   2.2394027e-01  -9.7460287e-01  -2.2394027e-01
  9.7473373e-01   2.2337001e-01  -9.7473373e-01  -2.2337001e-01
  9.7486277e-01   2.2280613e-01  -9.7486277e-01  -2.2280613e-01
  9.7499013e-01   2.2224817e-01  -9.7499013e-01  -2.2224817e-01
  9.7511590e-01   2.2169570e-01  -9.7511590e-01  -2.2169570e-01
  9.7524018e-01   2.2114834e-01  -9.7524018e-01  -2.2114834e-01
  9.7536307e-01   2.2060570e-01  -9.7536307e-01  -2.2060570e-01
  9.7548465e-01   2.2006747e-01  -9.7548465e-01  -2.2006747e-01
  9.7560500e-01   2.1953333e-01  -9.7560500e-01  -2.1953333e-01
  9.7572419e-01   2.1900298e-01  -9.7572419e-01  -2.1900298e-01
  9.7584229e-01   2.1847615e-01  -9.7584229e-01  -2.1847615e-01
  9.7595936e-01   2.1795258e-01  -9.7595936e-01  -2.1795258e-01
  9.7607546e-01   2.1743204e-01  -9.7607546e-01  -2.1743204e-01
  9.7619065e-01   2.1691430e-01  -9.7619065e-01  -2.1691430e-01
  9.7630497e-01   2.1639916e-01  -9.7630497e-01  -2.1639916e-01
  9.7641848e-01   2.1588641e-01  -9.7641848e-01  -2.1588641e-01
  9.7653122e-01   2.1537587e-01  -9.7653122e-01  -2.1537587e-01
  9.7664324e-01   2.1486737e-01  -9.7664324e-01  -2.1486737e-01
  9.7675456e-01   2.1436074e-01  -9.7675456e-01  -2.1436074e-01
  9.7686523e-01   2.1385582e-01  -9.7686523e-01  -2.1385582e-01
  9.7697529e-01   2.1335248e-01  -9.7697529e-01  -2.1335248e-01
  9.7708476e-01   2.1285057e-01  -9.7708476e-01  -2.1285057e-01
  9.7719368e-01   2.1234997e-01  -9.7719368e-01  -2.1234997e-01
  9.7730208e-01   2.1185055e-01  -9.7730208e-01  -2.1185055e-01
  9.7740997e-01   2.1135220e-01  -9.7740997e-01  -2.1135220e-01
  9.7751739e-01   2.1085481e-01  -9.7751739e-01  -2.1085481e-01
  9.7762436e-01   2.1035828e-01  -9.7762436e-01  -2.1035828e-01
  9.7773091e-01   2.0986252e-01  -9.7773091e-01  -2.0986252e-01
  9.7783704e-01   2.0936744e-01  -9.7783704e-01  -2.0936744e-01
  9.7794278e-01   2.0887295e-01  -9.7794278e-01  -2.0887295e-01
  9.7804816e-01   2.0837899e-01  -9.7804816e-01  -2.0837899e-01
  9.7815317e-01   2.0788548e-01  -9.7815317e-01  -2.0788548e-01
  9.7825785e-01   2.0739235e-01  -9.7825785e-01  -2.0739235e-01
  9.7836219e-01   2.0689954e-01  -9.7836219e-01  -2.0689954e-01
  9.7846622e-01   2.0640701e-01  -9.7846622e-01  -2.0640701e-01
  9.7856995e-01   2.0591469e-01  -9.7856995e-01  -2.0591469e-01
  9.7867338e-01   2.0542255e-01  -9.7867338e-01  -2.0542255e-01
  9.7877652e-01   2.0493055e-01  -9.7877652e-01  -2.0493055e-01
  9.7887938e-01   2.0443865e-01  -9.7887938e-01  -2.0443865e-01
  9.7898197e-01   2.0394682e-01  -9.7898197e-01  -2.0394682e-01
  9.7908429e-01   2.0345504e-01  -9.7908429e-01  -2.0345504e-01
  9.7918635e-01   2.0296329e-01  -9.7918635e-01  -2.0296329e-01
  9.7928815e-01   2.0247155e-01  -9.7928815e-01  -2.0247155e-01
  9.7938968e-01   2.0197982e-01  -9.7938968e-01  -2.0197982e-01
  9.7949096e-01   2.0148809e-01  -9.7949096e-01  -2.0148809e-01
  9.7959199e-01   2.0099636e-01  -9.7959199e-01  -2.0099636e-01
  9.7969276e-01   2.0050462e-01  -9.7969276e-01  -2.0050462e-01
  9.7979327e-01   2.0001287e-01  -9.7979327e-01  -2.0001287e-01
  9.7989353e-01   1.9952108e-01  -9.7989353e-01  -1.9952108e-01
  9.7999355e-01   1.9902924e-01  -9.7999355e-01  -1.9902924e-01
  9.8009333e-01   1.9853732e-01  -9.8009333e-01  -1.9853732e-01
  9.8019287e-01   1.9804530e-01  -9.8019287e-01  -1.9804530e-01
  9.8029218e-01   1.9755314e-01  -9.8029218e-01  -1.9755314e-01
  9.8039127e-01   1.9706079e-01  -9.8039127e-01  -1.9706079e-01
  9.8049015e-01   1.9656822e-01  -9.8049015e-01  -1.9656822e-01
  9.8058883e-01   1.9607537e-01  -9.8058883e-01  -1.9607537e-01
  9.8068731e-01   1.9558218e-01  -9.8068731e-01  -1.9558218e-01
  9.8078562e-01   1.9508861e-01  -9.8078562e-01  -1.9508861e-01
  9.8088376e-01   1.9459457e-01  -9.8088376e-01  -1.9459457e-01
  9.8098175e-01   1.9410001e-01  -9.8098175e-01  -1.9410001e-01
  9.8107959e-01   1.9360484e-01  -9.8107959e-01  -1.9360484e-01
  9.8117731e-01   1.9310899e-01  -9.8117731e-01  -1.9310899e-01
  9.8127493e-01   1.9261235e-01  -9.8127493e-01  -1.9261235e-01
  9.8137245e-01   1.9211485e-01  -9.8137245e-01  -1.9211485e-01
  9.8146990e-01   1.9161637e-01  -9.8146990e-01  -1.9161637e-01
  9.8156730e-01   1.9111682e-01  -9.8156730e-01  -1.9111682e-01
  9.8166466e-01   1.9061608e-01  -9.8166466e-01  -1.9061608e-01
  9.8176202e-01   1.9011402e-01  -9.8176202e-01  -1.9011402e-01
  9.8185938e-01   1.8961052e-01  -9.8185938e-01  -1.8961052e-01
  9.8195679e-01   1.8910544e-01  -9.8195679e-01  -1.8910544e-01
  9.8205425e-01   1.8859864e-01  -9.8205425e-01  -1.8859864e-01
  9.8215180e-01   1.8808997e-01  -9.8215180e-01  -1.8808997e-01
  9.8224947e-01   1.8757926e-01  -9.8224947e-01  -1.8757926e-01
  9.8234728e-01   1.8706633e-01  -9.8234728e-01  -1.8706633e-01
  9.8244528e-01   1.8655102e-01  -9.8244528e-01  -1.8655102e-01
  9.8254348e-01   1.8603311e-01  -9.8254348e-01  -1.8603311e-01
  9.8264192e-01   1.8551240e-01  -9.8264192e-01  -1.8551240e-01
  9.8274065e-01   1.8498868e-01  -9.8274065e-01  -1.8498868e-01
  9.8283970e-01   1.8446171e-01  -9.8283970e-01  -1.8446171e-01
  9.8293912e-01   1.8393122e-01  -9.8293912e-01  -1.8393122e-01
  9.8303894e-01   1.8339697e-01  -9.8303894e-01  -1.8339697e-01
  9.8313921e-01   1.8285865e-01  -9.8313921e-01  -1.8285865e-01
  9.8324000e-01   1.8231596e-01  -9.8324000e-01  -1.8231596e-01
  9.8334134e-01   1.8176857e-01  -9.8334134e-01  -1.8176857e-01
  9.8344330e-01   1.8121613e-01  -9.8344330e-01  -1.8121613e-01
  9.8354593e-01   1.8065824e-01  -9.8354593e-01  -1.8065824e-01
  9.8364931e-01   1.8009449e-01  -9.8364931e-01  -1.8009449e-01
  9.8375351e-01   1.7952443e-01  -9.8375351e-01  -1.7952443e-01
  9.8385861e-01   1.7894758e-01  -9.8385861e-01  -1.7894758e-01
  9.8396468e-01   1.7836340e-01  -9.8396468e-01  -1.7836340e-01
  9.8407183e-01   1.7777130e-01  -9.8407183e-01  -1.7777130e-01
  9.8418015e-01   1.7717065e-01  -9.8418015e-01  -1.7717065e-01
  9.8428974e-01   1.7656075e-01  -9.8428974e-01  -1.7656075e-01
  9.8440074e-01   1.7594083e-01  -9.8440074e-01  -1.7594083e-01
  9.8451328e-01   1.7531002e-01  -9.8451328e-01  -1.7531002e-01
  9.8462750e-01   1.7466737e-01  -9.8462750e-01  -1.7466737e-01
  9.8474356e-01   1.7401183e-01  -9.8474356e-01  -1.7401183e-01
  9.8486166e-01   1.7334218e-01  -9.8486166e-01  -1.7334218e-01
  9.8498200e-01   1.7265707e-01  -9.8498200e-01  -1.7265707e-01
  9.8510481e-01   1.7195498e-01  -9.8510481e-01  -1.7195498e-01
  9.8523036e-01   1.7123415e-01  -9.8523036e-01  -1.7123415e-01
  9.8535896e-01   1.7049256e-01  -9.8535896e-01  -1.7049256e-01
  9.8549097e-01   1.6972787e-01  -9.8549097e-01  -1.6972787e-01
  9.8562679e-01   1.6893734e-01  -9.8562679e-01  -1.6893734e-01
  9.8576692e-01   1.6811774e-01  -9.8576692e-01  -1.6811774e-01
  9.8591194e-01   1.6726522e-01  -9.8591194e-01  -1.6726522e-01
  9.8606254e-01   1.6637511e-01  -9.8606254e-01  -1.6637511e-01
  9.8621957e-01   1.6544171e-01  -9.8621957e-01  -1.6544171e-01
  9.8638410e-01   1.6445792e-01  -9.8638410e-01  -1.6445792e-01
  9.8655746e-01   1.6341472e-01  -9.8655746e-01  -1.6341472e-01
  9.8674139e-01   1.6230044e-01  -9.8674139e-01  -1.6230044e-01
  9.8693817e-01   1.6109951e-01  -9.8693817e-01  -1.6109951e-01
  9.8715095e-01   1.5979051e-01  -9.8715095e-01  -1.5979051e-01
  9.8738422e-01   1.5834268e-01  -9.8738422e-01  -1.5834268e-01
  9.8764476e-01   1.5670940e-01  -9.8764476e-01  -1.5670940e-01
  9.8794354e-01   1.5481459e-01  -9.8794354e-01  -1.5481459e-01
  9.8830038e-01   1.5252006e-01  -9.8830038e-01  -1.5252006e-01
  9.8875755e-01   1.4952759e-01  -9.8875755e-01  -1.4952759e-01
  9.8944062e-01   1.4493879e-01  -9.8944062e-01  -1.4493879e-01
  9.6513341e-01   2.6175846e-01  -9.6513341e-01  -2.6175846e-01
  9.6688255e-01   2.5522173e-01  -9.6688255e-01  -2.5522173e-01
  9.6780550e-01   2.5169926e-01  -9.6780550e-01  -2.5169926e-01
  9.6846295e-01   2.4915760e-01  -9.6846295e-01  -2.4915760e-01
  9.6898456e-01   2.4712126e-01  -9.6898456e-01  -2.4712126e-01
  9.6942259e-01   2.4539732e-01  -9.6942259e-01  -2.4539732e-01
  9.6980361e-01   2.4388719e-01  -9.6980361e-01  -2.4388719e-01
  9.7014309e-01   2.4253327e-01  -9.7014309e-01  -2.4253327e-01
  9.7045087e-01   2.4129878e-01  -9.7045087e-01  -2.4129878e-01
  9.7073362e-01   2.4015877e-01  -9.7073362e-01  -2.4015877e-01
  9.7099607e-01   2.3909544e-01  -9.7099607e-01  -2.3909544e-01
  9.7124172e-01   2.3809563e-01  -9.7124172e-01  -2.3809563e-01
  9.7147321e-01   2.3714933e-01  -9.7147321e-01  -2.3714933e-01
  9.7169262e-01   2.3624872e-01  -9.7169262e-01  -2.3624872e-01
  9.7190158e-01   2.3538758e-01  -9.7190158e-01  -2.3538758e-01
  9.7210144e-01   2.3456086e-01  -9.7210144e-01  -2.3456086e-01
  9.7229327e-01   2.3376443e-01  -9.7229327e-01  -2.3376443e-01
  9.7247798e-01   2.3299481e-01  -9.7247798e-01  -2.3299481e-01
  9.7265634e-01   2.3224910e-01  -9.7265634e-01  -2.3224910e-01
  9.7282900e-01   2.3152482e-01  -9.7282900e-01  -2.3152482e-01
  9.7299651e-01   2.3081984e-01  -9.7299651e-01  -2.3081984e-01
  9.7315935e-01   2.3013232e-01  -9.7315935e-01  -2.3013232e-01
  9.7331794e-01   2.2946065e-01  -9.7331794e-01  -2.2946065e-01
  9.7347265e-01   2.2880341e-01  -9.7347265e-01  -2.2880341e-01
  9.7362380e-01   2.2815936e-01  -9.7362380e-01  -2.2815936e-01
  9.7377168e-01   2.2752739e-01  -9.7377168e-01  -2.2752739e-01
  9.7391654e-01   2.2690651e-01  -9.7391654e-01  -2.2690651e-01
  9.7405862e-01   2.2629584e-01  -9.7405862e-01  -2.2629584e-01
  9.7419811e-01   2.2569457e-01  -9.7419811e-01  -2.2569457e-01
  9.7433521e-01   2.2510198e-01  -9.7433521e-01  -2.2510198e-01
  9.7447008e-01   2.2451741e-01  -9.7447008e-01  -2.2451741e-01
  9.7460287e-01   2.2394027e-01  -9.7460287e-01  -2.2394027e-01
  9.7473373e-01   2.2337001e-01  -9.7473373e-01  -2.2337001e-01
  9.7486277e-01   2.2280613e-01  -9.7486277e-01  -2.2280613e-01
  9.7499013e-01   2.2224817e-01  -9.7499013e-01  -2.2224817e-01
  9.7511590e-01   2.2169570e-01  -9.7511590e-01  -2.2169570e-01
  9.7524018e-01   2.2114834e-01  -9.7524018e-01  -2.2114834e-01
  9.7536307e-01   2.2060570e-01  -9.7536307e-01  -2.2060570e-01
  9.7548465e-01   2.2006747e-01  -9.7548465e-01  -2.2006747e-01
  9.7560500e-01   2.1953333e-01  -9.7560500e-01  -2.1953333e-01
  9.7572419e-01   2.1900298e-01  -9.7572419e-01  -2.1900298e-01
  9.7584229e-01   2.1847615e-01  -9.7584229e-01  -2.1847615e-01
  9.7595936e-01   2.1795258e-01  -9.7595936e-01  -2.1795258e-01
  9.7607546e-01   2.1743204e-01  -9.7607546e-01  -2.1743204e-01
  9.7619065e-01   2.1691430e-01  -9.7619065e-01  -2.1691430e-01
  9.7630497e-01   2.1639916e-01  -9.7630497e-01  -2.1639916e-01
  9.7641848e-01   2.1588641e-01  -9.7641848e-01  -2.1588641e-01
  9.7653122e-01   2.1537587e-01  -9.7653122e-01  -2.1537587e-01
  9.7664324e-01   2.1486737e-01  -9.7664324e-01  -2.1486737e-01
  9.7675456e-01   2.1436074e-01  -9.7675456e-01  -2.1436074e-01
  9.7686523e-01   2.1385582e-01  -9.7686523e-01  -2.1385582e-01
  9.7697529e-01   2.1335248e-01  -9.7697529e-01  -2.1335248e-01
  9.7708476e-01   2.1285057e-01  -9.7708476e-01  -2.1285057e-01
  9.7719368e-01   2.1234997e-01  -9.7719368e-01  -2.1234997e-01
  9.7730208e-01   2.1185055e-01  -9.7730208e-01  -2.1185055e-01
  9.7740997e-01   2.1135220e-01  -9.7740997e-01  -2.1135220e-01
  9.7751739e-01   2.1085481e-01  -9.7751739e-01  -2.1085481e-01
  9.7762436e-01   2.1035828e-01  -9.7762436e-01  -2.1035828e-01
  9.7773091e-01   2.0986252e-01  -9.7773091e-01  -2.0986252e-01
  9.7783704e-01   2.0936744e-01  -9.7783704e-01  -2.0936744e-01
  9.7794278e-01   2.0887295e-01  -9.7794278e-01  -2.0887295e-01
  9.7804816e-01   2.0837899e-01  -9.7804816e-01  -2.0837899e-01
  9.7815317e-01   2.0788548e-01  -9.7815317e-01  -2.0788548e-01
  9.7825785e-01   2.0739235e-01  -9.7825785e-01  -2.0739235e-01
  9.7836219e-01   2.0689954e-01  -9.7836219e-01  -2.0689954e-01
  9.7846622e-01   2.0640701e-01  -9.7846622e-01  -2.0640701e-01
  9.7856995e-01   2.0591469e-01  -9.7856995e-01  -2.0591469e-01
  9.7867338e-01   2.0542255e-01  -9.7867338e-01  -2.0542255e-01
  9.7877652e-01   2.0493055e-01  -9.7877652e-01  -2.0493055e-01
  9.7887938e-01   2.0443865e-01  -9.7887938e-01  -2.0443865e-01
  9.7898197e-01   2.0394682e-01  -9.7898197e-01  -2.0394682e-01
  9.7908429e-01   2.0345504e-01  -9.7908429e-01  -2.0345504e-01
  9.7918635e-01   2.0296329e-01  -9.7918635e-01  -2.0296329e-01
  9.7928815e-01   2.0247155e-01  -9.7928815e-01  -2.0247155e-01
  9.7938968e-01   2.0197982e-01  -9.7938968e-01  -2.0197982e-01
  9.7949096e-01   2.0148809e-01  -9.7949096e-01  -2.0148809e-01
  9.7959199e-01   2.0099636e-01  -9.7959199e-01  -2.0099636e-01
  9.7969276e-01   2.0050462e-01  -9.7969276e-01  -2.0050462e-01
  9.7979327e-01   2.0001287e-01  -9.7979327e-01  -2.0001287e-01
  9.7989353e-01   1.9952108e-01  -9.7989353e-01  -1.9952108e-01
  9.7999355e-01   1.9902924e-01  -9.7999355e-01  -1.9902924e-01
  9.8009333e-01   1.9853732e-01  -9.8009333e-01  -1.9853732e-01
  9.8019287e-01   1.9804530e-01  -9.8019287e-01  -1.9804530e-01
  9.8029218e-01   1.9755314e-01  -9.8029218e-01  -1.9755314e-01
  9.8039127e-01   1.9706079e-01  -9.8039127e-01  -1.9706079e-01
  9.8049015e-01   1.9656822e-01  -9.8049015e-01  -1.9656822e-01
  9.8058883e-01   1.9607537e-01  -9.8058883e-01  -1.9607537e-01
  9.8068731e-01   1.9558218e-01  -9.8068731e-01  -1.9558218e-01
  9.8078562e-01   1.9508861e-01  -9.8078562e-01  -1.9508861e-01
  9.8088376e-01   1.9459457e-01  -9.8088376e-01  -1.9459457e-01
  9.8098175e-01   1.9410001e-01  -9.8098175e-01  -1.9410001e-01
  9.8107959e-01   1.9360484e-01  -9.8107959e-01  -1.9360484e-01
  9.8117731e-01   1.9310899e-01  -9.8117731e-01  -1.9310899e-01
  9.8127493e-01   1.9261235e-01  -9.8127493e-01  -1.9261235e-01
  9.8137245e-01   1.9211485e-01  -9.8137245e-01  -1.9211485e-01
  9.8146990e-01   1.9161637e-01  -9.8146990e-01  -1.9161637e-01
  9.8156730e-01   1.9111682e-01  -9.8156730e-01  -1.9111682e-01
  9.8166466e-01   1.9061608e-01  -9.8166466e-01  -1.9061608e-01
  9.8176202e-01   1.9011402e-01  -9.8176202e-01  -1.9011402e-01
  9.8185938e-01   1.8961052e-01  -9.8185938e-01  -1.8961052e-01
  9.8195679e-01   1.8910544e-01  -9.8195679e-01  -1.8910544e-01
  9.8205425e-01   1.8859864e-01  -9.8205425e-01  -1.8859864e-01
  9.8215180e-01   1.8808997e-01  -9.8215180e-01  -1.8808997e-01
  9.8224947e-01   1.8757926e-01  -9.8224947e-01  -1.8757926e-01
  9.8234728e-01   1.8706633e-01  -9.8234728e-01  -1.8706633e-01
  9.8244528e-01   1.8655102e-01  -9.8244528e-01  -1.8655102e-01
  9.8254348e-01   1.8603311e-01  -9.8254348e-01  -1.8603311e-01
  9.8264192e-01   1.8551240e-01  -9.8264192e-01  -1.8551240e-01
  9.8274065e-01   1.8498868e-01  -9.8274065e-01  -1.8498868e-01
  9.8283970e-01   1.8446171e-01  -9.8283970e-01  -1.8446171e-01
  9.8293912e-01   1.8393122e-01  -9.8293912e-01  -1.8393122e-01
  9.8303894e-01   1.8339697e-01  -9.8303894e-01  -1.8339697e-01
  9.8313921e-01   1.8285865e-01  -9.8313921e-01  -1.8285865e-01
  9.8324000e-01   1.8231596e-01  -9.8324000e-01  -1.8231596e-01
  9.8334134e-01   1.8176857e-01  -9.8334134e-01  -1.8176857e-01
  9.8344330e-01   1.8121613e-01  -9.8344330e-01  -1.8121613e-01
  9.8354593e-01   1.8065824e-01  -9.8354593e-01  -1.8065824e-01
  9.8364931e-01   1.8009449e-01  -9.8364931e-01  -1.8009449e-01
  9.8375351e-01   1.7952443e-01  -9.8375351e-01  -1.7952443e-01
  9.8385861e-01   1.7894758e-01  -9.8385861e-01  -1.7894758e-01
  9.8396468e-01   1.7836340e-01  -9.8396468e-01  -1.7836340e-01
  9.8407183e-01   1.7777130e-01  -9.8407183e-01  -1.7777130e-01
  9.8418015e-01   1.7717065e-01  -9.8418015e-01  -1.7717065e-01
  9.8428974e-01   1.7656075e-01  -9.8428974e-01  -1.7656075e-01
  9.8440074e-01   1.7594083e-01  -9.8440074e-01  -1.7594083e-01
  9.8451328e-01   1.7531002e-01  -9.8451328e-01  -1.7531002e-01
  9.8462750e-01   1.7466737e-01  -9.8462750e-01  -1.7466737e-01
  9.8474356e-01   1.7401183e-01  -9.8474356e-01  -1.7401183e-01
  9.8486166e-01   1.7334218e-01  -9.8486166e-01  -1.7334218e-01
  9.8498200e-01   1.7265707e-01  -9.8498200e-01  -1.7265707e-01
  9.8510481e-01   1.7195498e-01  -9.8510481e-01  -1.7195498e-01
  9.8523036e-01   1.7123415e-01  -9.8523036e-01  -1.7123415e-01
  9.8535896e-01   1.7049256e-01  -9.8535896e-01  -1.7049256e-01
  9.8549097e-01   1.6972787e-01  -9.8549097e-01  -1.6972787e-01
  9.8562679e-01   1.6893734e-01  -9.8562679e-01  -1.6893734e-01
  9.8576692e-01   1.6811774e-01  -9.8576692e-01  -1.6811774e-01
  9.8591194e-01   1.6726522e-01  -9.8591194e-01  -1.6726522e-01
  9.8606254e-01   1.6637511e-01  -9.8606254e-01  -1.6637511e-01
  9.8621957e-01   1.6544171e-01  -9.8621957e-01  -1.6544171e-01
  9.8638410e-01   1.6445792e-01  -9.8638410e-01  -1.6445792e-01
  9.8655746e-01   1.6341472e-01  -9.8655746e-01  -1.6341472e-01
  9.8674139e-01   1.6230044e-01  -9.8674139e-01  -1.6230044e-01
  9.8693817e-01   1.6109951e-01  -9.8693817e-01  -1.6109951e-01
  9.8715095e-01   1.5979051e-01  -9.8715095e-01  -1.5979051e-01
  9.8738422e-01   1.5834268e-01  -9.8738422e-01  -1.5834268e-01
  9.8764476e-01   1.5670940e-01  -9.8764476e-01  -1.5670940e-01
  9.8794354e-01   1.5481459e-01  -9.8794354e-01  -1.5481459e-01
  9.8830038e-01   1.5252006e-01  -9.8830038e-01  -1.5252006e-01
  9.8875755e-01   1.4952759e-01  -9.8875755e-01  -1.4952759e-01
  9.8944062e-01   1.4493879e-01  -9.8944062e-01  -1.4493879e-01
  9.6513341e-01   2.6175846e-01  -9.6513341e-01  -2.6175846e-01
  9.6688255e-01   2.5522173e-01  -9.6688255e-01  -2.5522173e-01
  9.6780550e-01   2.5169926e-01  -9.6780550e-01  -2.5169926e-01
  9.6846295e-01   2.4915760e-01  -9.6846295e-01  -2.4915760e-01
  9.6898456e-01   2.4712126e-01  -9.6898456e-01  -2.4712126e-01
  9.6942259e-01   2.4539732e-01  -9.6942259e-01  -2.4539732e-01
  9.6980361e-01   2.4388719e-01  -9.6980361e-01  -2.4388719e-01
  9.7014309e-01   2.4253327e-01  -9.7014309e-01  -2.4253327e-01
  9.7045087e-01   2.4129878e-01  -9.7045087e-01  -2.4129878e-01
  9.7073362e-01   2.4015877e-01  -9.7073362e-01  -2.4015877e-01
  9.7099607e-01   2.3909544e-01  -9.7099607e-01  -2.3909544e-01
  9.7124172e-01   2.3809563e-01  -9.7124172e-01  -2.3809563e-01
  9.7147321e-01   2.3714933e-01  -9.7147321e-01  -2.3714933e-01
  9.7169262e-01   2.3624872e-01  -9.7169262e-01  -2.3624872e-01
  9.7190158e-01   2.3538758e-01  -9.7190158e-01  -2.3538758e-01
  9.7210144e-01   2.3456086e-01  -9.7210144e-01  -2.3456086e-01
  9.7229327e-01   2.3376443e-01  -9.7229327e-01  -2.3376443e-01
  9.7247798e-01   2.3299481e-01  -9.7247798e-01  -2.3299481e-01
  9.7265634e-01   2.3224910e-01  -9.7265634e-01  -2.3224910e-01
  9.7282900e-01   2.3152482e-01  -9.7282900e-01  -2.3152482e-01
  9.7299651e-01   2.3081984e-01  -9.7299651e-01  -2.3081984e-01
  9.7315935e-01   2.3013232e-01  -9.7315935e-01  -2.3013232e-01
  9.7331794e-01   2.2946065e-01  -9.7331794e-01  -2.2946065e-01
  9.7347265e-01   2.2880341e-01  -9.7347265e-01  -2.2880341e-01
  9.7362380e-01   2.2815936e-01  -9.7362380e-01  -2.2815936e-01
  9.7377168e-01   2.2752739e-01  -9.7377168e-01  -2.2752739e-01
  9.7391654e-01   2.2690651e-01  -9.7391654e-01  -2.2690651e-01
  9.7405862e-01   2.2629584e-01  -9.7405862e-01  -2.2629584e-01
  9.7419811e-01   2.2569457e-01  -9.7419811e-01  -2.2569457e-01
  9.7433521e-01   2.2510198e-01  -9.7433521e-01  -2.2510198e-01
  9.7447008e-01   2.2451741e-01  -9.7447008e-01  -2.2451741e-01
  9.7460287e-01   2.2394027e-01  -9.7460287e-01  -2.2394027e-01
  9.7473373e-01   2.2337001e-01  -9.7473373e-01  -2.2337001e-01
  9.7486277e-01   2.2280613e-01  -9.7486277e-01  -2.2280613e-01
  9.7499013e-01   2.2224817e-01  -9.7499013e-01  -2.2224817e-01
  9.7511590e-01   2.2169570e-01  -9.7511590e-01  -2.2169570e-01
  9.7524018e-01   2.2114834e-01  -9.7524018e-01  -2.2114834e-01
  9.7536307e-01   2.2060570e-01  -9.7536307e-01  -2.2060570e-01
  9.7548465e-01   2.2006747e-01  -9.7548465e-01  -2.2006747e-01
  9.7560500e-01   2.1953333e-01  -9.7560500e-01  -2.1953333e-01
  9.7572419e-01   2.1900298e-01  -9.7572419e-01  -2.1900298e-01
  9.7584229e-01   2.1847615e-01  -9.7584229e-01  -2.1847615e-01
  9.7595936e-01   2.1795258e-01  -9.7595936e-01  -2.1795258e-01
  9.7607546e-01   2.1743204e-01  -9.7607546e-01  -2.1743204e-01
  9.7619065e-01   2.1691430e-01  -9.7619065e-01  -2.1691430e-01
  9.7630497e-01   2.1639916e-01  -9.7630497e-01  -2.1639916e-01
  9.7641848e-01   2.1588641e-01  -9.7641848e-01  -2.1588641e-01
  9.7653122e-01   2.1537587e-01  -9.7653122e-01  -2.1537587e-01
  9.7664324e-01   2.1486737e-01  -9.7664324e-01  -2.1486737e-01
  9.7675456e-01   2.1436074e-01  -9.7675456e-01  -2.1436074e-01
  9.7686523e-01   2.1385582e-01  -9.7686523e-01  -2.1385582e-01
  9.7697529e-01   2.1335248e-01  -9.7697529e-01  -2.1335248e-01
  9.7708476e-01   2.1285057e-01  -9.7708476e-01  -2.1285057e-01
  9.7719368e-01   2.1234997e-01  -9.7719368e-01  -2.1234997e-01
  9.7730208e-01   2.1185055e-01  -9.7730208e-01  -2.1185055e-01
  9.7740997e-01   2.1135220e-01  -9.7740997e-01  -2.1135220e-01
  9.7751739e-01   2.1085481e-01  -9.7751739e-01  -2.1085481e-01
  9.7762436e-01   2.1035828e-01  -9.7762436e-01  -2.1035828e-01
  9.7773091e-01   2.0986252e-01  -9.7773091e-01  -2.0986252e-01
  9.7783704e-01   2.0936744e-01  -9.7783704e-01  -2.0936744e-01
  9.7794278e-01   2.0887295e-01  -9.7794278e-01  -2.0887295e-01
  9.7804816e-01   2.0837899e-01  -9.7804816e-01  -2.0837899e-01
  9.7815317e-01   2.0788548e-01  -9.7815317e-01  -2.0788548e-01
  9.7825785e-01   2.0739235e-01  -9.7825785e-01  -2.0739235e-01
  9.7836219e-01   2.0689954e-01  -9.7836219e-01  -2.0689954e-01
  9.7846622e-01   2.0640701e-01  -9.7846622e-01  -2.0640701e-01
  9.7856995e-01   2.0591469e-01  -9.7856995e-01  -2.0591469e-01
  9.7867338e-01   2.0542255e-01  -9.7867338e-01  -2.0542255e-01
  9.7877652e-01   2.0493055e-01  -9.7877652e-01  -2.0493055e-01
  9.7887938e-01   2.0443865e-01  -9.7887938e-01  -2.0443865e-01
  9.7898197e-01   2.0394682e-01  -9.7898197e-01  -2.0394682e-01
  9.7908429e-01   2.0345504e-01  -9.7908429e-01  -2.0345504e-01
  9.7918635e-01   2.0296329e-01  -9.7918635e-01  -2.0296329e-01
  9.7928815e-01   2.0247155e-01  -9.7928815e-01  -2.0247155e-01
  9.7938968e-01   2.0197982e-01  -9.7938968e-01  -2.0197982e-01
  9.7949096e-01   2.0148809e-01  -9.7949096e-01  -2.0148809e-01
  9.7959199e-01   2.0099636e-01  -9.7959199e-01  -2.0099636e-01
  9.7969276e-01   2.0050462e-01  -9.7969276e-01  -2.0050462e-01
  9.7979327e-01   2.0001287e-01  -9.7979327e-01  -2.0001287e-01
  9.7989353e-01   1.9952108e-01  -9.7989353e-01  -1.9952108e-01
  9.7999355e-01   1.9902924e-01  -9.7999355e-01  -1.9902924e-01
  9.8009333e-01   1.9853732e-01  -9.8009333e-01  -1.9853732e-01
  9.8019287e-01   1.9804530e-01  -9.8019287e-01  -1.9804530e-01
  9.8029218e-01   1.9755314e-01  -9.8029218e-01  -1.9755314e-01
  9.8039127e-01   1.9706079e-01  -9.8039127e-01  -1.9706079e-01
  9.8049015e-01   1.9656822e-01  -9.8049015e-01  -1.9656822e-01
  9.8058883e-01   1.9607537e-01  -9.8058883e-01  -1.9607537e-01
  9.8068731e-01   1.9558218e-01  -9.8068731e-01  -1.9558218e-01
  9.8078562e-01   1.9508861e-01  -9.8078562e-01  -1.9508861e-01
  9.8088376e-01   1.9459457e-01  -9.8088376e-01  -1.9459457e-01
  9.8098175e-01   1.9410001e-01  -9.8098175e-01  -1.9410001e-01
  9.8107959e-01   1.9360484e-01  -9.8107959e-01  -1.9360484e-01
  9.8117731e-01   1.9310899e-01  -9.8117731e-01  -1.9310899e-01
  9.8127493e-01   1.9261235e-01  -9.8127493e-01  -1.9261235e-01
  9.8137245e-01   1.9211485e-01  -9.8137245e-01  -1.9211485e-01
  9.8146990e-01   1.9161637e-01  -9.8146990e-01  -1.9161637e-01
  9.8156730e-01   1.9111682e-01  -9.8156730e-01  -1.9111682e-01
  9.8166466e-01   1.9061608e-01  -9.8166466e-01  -1.9061608e-01
  9.8176202e-01   1.9011402e-01  -9.8176202e-01  -1.9011402e-01
  9.8185938e-01   1.8961052e-01  -9.8185938e-01  -1.8961052e-01
  9.8195679e-01   1.8910544e-01  -9.8195679e-01  -1.8910544e-01
  9.8205425e-01   1.8859864e-01  -9.8205425e-01  -1.8859864e-01
  9.8215180e-01   1.8808997e-01  -9.8215180e-01  -1.8808997e-01
  9.8224947e-01   1.8757926e-01  -9.8224947e-01  -1.8757926e-01
  9.8234728e-01   1.8706633e-01  -9.8234728e-01  -1.8706633e-01
  9.8244528e-01   1.8655102e-01  -9.8244528e-01  -1.8655102e-01
  9.8254348e-01   1.8603311e-01  -9.8254348e-01  -1.8603311e-01
  9.8264192e-01   1.8551240e-01  -9.8264192e-01  -1.8551240e-01
  9.8274065e-01   1.8498868e-01  -9.8274065e-01  -1.8498868e-01
  9.8283970e-01   1.8446171e-01  -9.8283970e-01  -1.8446171e-01
  9.8293912e-01   1.8393122e-01  -9.8293912e-01  -1.8393122e-01
  9.8303894e-01   1.8339697e-01  -9.8303894e-01  -1.8339697e-01
  9.8313921e-01   1.8285865e-01  -9.8313921e-01  -1.8285865e-01
  9.8324000e-01   1.8231596e-01  -9.8324000e-01  -1.8231596e-01
  9.8334134e-01   1.8176857e-01  -9.8334134e-01  -1.8176857e-01
  9.8344330e-01   1.8121613e-01  -9.8344330e-01  -1.8121613e-01
  9.8354593e-01   1.8065824e-01  -9.8354593e-01  -1.8065824e-01
  9.8364931e-01   1.8009449e-01  -9.8364931e-01  -1.8009449e-01
  9.8375351e-01   1.7952443e-01  -9.8375351e-01  -1.7952443e-01
  9.8385861e-01   1.7894758e-01  -9.8385861e-01  -1.7894758e-01
  9.8396468e-01   1.7836340e-01  -9.8396468e-01  -1.7836340e-01
  9.8407183e-01   1.7777130e-01  -9.8407183e-01  -1.7777130e-01
  9.8418015e-01   1.7717065e-01  -9.8418015e-01  -1.7717065e-01
  9.8428974e-01   1.7656075e-01  -9.8428974e-01  -1.7656075e-01
  9.8440074e-01   1.7594083e-01  -9.8440074e-01  -1.7594083e-01
  9.8451328e-01   1.7531002e-01  -9.8451328e-01  -1.7531002e-01
  9.8462750e-01   1.7466737e-01  -9.8462750e-01  -1.7466737e-01
  9.8474356e-01   1.7401183e-01  -9.8474356e-01  -1.7401183e-01
  9.8486166e-01   1.7334218e-01  -9.8486166e-01  -1.7334218e-01
  9.8498200e-01   1.7265707e-01  -9.8498200e-01  -1.7265707e-01
  9.8510481e-01   1.7195498e-01  -9.8510481e-01  -1.7195498e-01
  9.8523036e-01   1.7123415e-01  -9.8523036e-01  -1.7123415e-01
  9.8535896e-01   1.7049256e-01  -9.8535896e-01  -1.7049256e-01
  9.8549097e-01   1.6972787e-01  -9.8549097e-01  -1.6972787e-01
  9.8562679e-01   1.6893734e-01  -9.8562679e-01  -1.6893734e-01
  9.8576692e-01   1.6811774e-01  -9.8576692e-01  -1.6811774e-01
  9.8591194e-01   1.6726522e-01  -9.8591194e-01  -1.6726522e-01
  9.8606254e-01   1.6637511e-01  -9.8606254e-01  -1.6637511e-01
  9.8621957e-01   1.6544171e-01  -9.8621957e-01  -1.6544171e-01
  9.8638410e-01   1.6445792e-01  -9.8638410e-01  -1.6445792e-01
  9.8655746e-01   1.6341472e-01  -9.8655746e-01  -1.6341472e-01
  9.8674139e-01   1.6230044e-01  -9.8674139e-01  -1.6230044e-01
  9.8693817e-01   1.6109951e-01  -9.8693817e-01  -1.6109951e-01
  9.8715095e-01   1.5979051e-01  -9.8715095e-01  -1.5979051e-01
  9.8738422e-01   1.5834268e-01  -9.8738422e-01  -1.5834268e-01
  9.8764476e-01   1.5670940e-01  -9.8764476e-01  -1.5670940e-01
  9.8794354e-01   1.5481459e-01  -9.8794354e-01  -1.5481459e-01
  9.8830038e-01   1.5252006e-01  -9.8830038e-01  -1.5252006e-01
  9.8875755e-01   1.4952759e-01  -9.8875755e-01  -1.4952759e-01
  9.8944062e-01   1.4493879e-01  -9.8944062e-01  -1.4493879e-01
  9.9809391e-01   6.1713369e-02  -9.9809391e-01  -6.1713369e-02
  9.9848824e-01   5.4965736e-02  -9.9848824e-01  -5.4965736e-02
  9.9868154e-01   5.1333950e-02  -9.9868154e-01  -5.1333950e-02
  9.9881270e-01   4.8715317e-02  -9.9881270e-01  -4.8715317e-02
  9.9891277e-01   4.6618464e-02  -9.9891277e-01  -4.6618464e-02
  9.9899400e-01   4.4844116e-02  -9.9899400e-01  -4.4844116e-02
  9.9906253e-01   4.3290436e-02  -9.9906253e-01  -4.3290436e-02
  9.9912190e-01   4.1897946e-02  -9.9912190e-01  -4.1897946e-02
  9.9917431e-01   4.0628703e-02  -9.9917431e-01  -4.0628703e-02
  9.9922127e-01   3.9456928e-02  -9.9922127e-01  -3.9456928e-02
  9.9926382e-01   3.8364260e-02  -9.9926382e-01  -3.8364260e-02
  9.9930273e-01   3.7337126e-02  -9.9930273e-01  -3.7337126e-02
  9.9933857e-01   3.6365190e-02  -9.9933857e-01  -3.6365190e-02
  9.9937179e-01   3.5440390e-02  -9.9937179e-01  -3.5440390e-02
  9.9940275e-01   3.4556306e-02  -9.9940275e-01  -3.4556306e-02
  9.9943173e-01   3.3707735e-02  -9.9943173e-01  -3.3707735e-02
  9.9945896e-01   3.2890400e-02  -9.9945896e-01  -3.2890400e-02
  9.9948464e-01   3.2100737e-02  -9.9948464e-01  -3.2100737e-02
  9.9950892e-01   3.1335743e-02  -9.9950892e-01  -3.1335743e-02
  9.9953193e-01   3.0592861e-02  -9.9953193e-01  -3.0592861e-02
  9.9955380e-01   2.9869895e-02  -9.9955380e-01  -2.9869895e-02
  9.9957461e-01   2.9164946e-02  -9.9957461e-01  -2.9164946e-02
  9.9959447e-01   2.8476355e-02  -9.9959447e-01  -2.8476355e-02
  9.9961343e-01   2.7802666e-02  -9.9961343e-01  -2.7802666e-02
  9.9963157e-01   2.7142593e-02  -9.9963157e-01  -2.7142593e-02
  9.9964895e-01   2.6494995e-02  -9.9964895e-01  -2.6494995e-02
  9.9966560e-01   2.5858851e-02  -9.9966560e-01  -2.5858851e-02
  9.9968159e-01   2.5233248e-02  -9.9968159e-01  -2.5233248e-02
  9.9969695e-01   2.4617361e-02  -9.9969695e-01  -2.4617361e-02
  9.9971171e-01   2.4010446e-02  -9.9971171e-01  -2.4010446e-02
  9.9972591e-01   2.3411825e-02  -9.9972591e-01  -2.3411825e-02
  9.9973957e-01   2.2820883e-02  -9.9973957e-01  -2.2820883e-02
  9.9975273e-01   2.2237057e-02  -9.9975273e-01  -2.2237057e-02
  9.9976540e-01   2.1659830e-02  -9.9976540e-01  -2.1659830e-02
  9.9977761e-01   2.1088726e-02  -9.9977761e-01  -2.1088726e-02
  9.9978937e-01   2.0523310e-02  -9.9978937e-01  -2.0523310e-02
  9.9980072e-01   1.9963176e-02  -9.9980072e-01  -1.9963176e-02
  9.9981165e-01   1.9407949e-02  -9.9981165e-01  -1.9407949e-02
  9.9982219e-01   1.8857282e-02  -9.9982219e-01  -1.8857282e-02
  9.9983234e-01   1.8310852e-02  -9.9983234e-01  -1.8310852e-02
  9.9984213e-01   1.7768357e-02  -9.9984213e-01  -1.7768357e-02
  9.9985156e-01   1.7229517e-02  -9.9985156e-01  -1.7229517e-02
  9.9986064e-01   1.6694067e-02  -9.9986064e-01  -1.6694067e-02
  9.9986939e-01   1.6161763e-02  -9.9986939e-01  -1.6161763e-02
  9.9987781e-01   1.5632372e-02  -9.9987781e-01  -1.5632372e-02
  9.9988590e-01   1.5105679e-02  -9.9988590e-01  -1.5105679e-02
  9.9989368e-01   1.4581481e-02  -9.9989368e-01  -1.4581481e-02
  9.9990116e-01   1.4059585e-02  -9.9990116e-01  -1.4059585e-02
  9.9990833e-01   1.3539813e-02  -9.9990833e-01  -1.3539813e-02
  9.9991521e-01   1.3021994e-02  -9.9991521e-01  -1.3021994e-02
  9.9992180e-01   1.2505969e-02  -9.9992180e-01  -1.2505969e-02
  9.9992810e-01   1.1991587e-02  -9.9992810e-01  -1.1991587e-02
  9.9993412e-01   1.1478707e-02  -9.9993412e-01  -1.1478707e-02
  9.9993986e-01   1.0967196e-02  -9.9993986e-01  -1.0967196e-02
  9.9994532e-01   1.0456928e-02  -9.9994532e-01  -1.0456928e-02
  9.9995052e-01   9.9477853e-03  -9.9995052e-01  -9.9477853e-03
  9.9995545e-01   9.4396558e-03  -9.9995545e-01  -9.4396558e-03
  9.9996011e-01   8.9324356e-03  -9.9996011e-01  -8.9324356e-03
  9.9996450e-01   8.4260271e-03  -9.9996450e-01  -8.4260271e-03
  9.9996863e-01   7.9203385e-03  -9.9996863e-01  -7.9203385e-03
  9.9997251e-01   7.4152844e-03  -9.9997251e-01  -7.4152844e-03
  9.9997612e-01   6.9107852e-03  -9.9997612e-01  -6.9107852e-03
  9.9997948e-01   6.4067671e-03  -9.9997948e-01  -6.4067671e-03
  9.9998258e-01   5.9031617e-03  -9.9998258e-01  -5.9031617e-03
  9.9998542e-01   5.3999063e-03  -9.9998542e-01  -5.3999063e-03
  9.9998801e-01   4.8969434e-03  -9.9998801e-01  -4.8969434e-03
  9.9999035e-01   4.3942208e-03  -9.9999035e-01  -4.3942208e-03
  9.9999243e-01   3.8916917e-03  -9.9999243e-01  -3.8916917e-03
  9.9999426e-01   3.3893144e-03  -9.9999426e-01  -3.3893144e-03
  9.9999583e-01   2.8870522e-03  -9.9999583e-01  -2.8870522e-03
  9.9999716e-01   2.3848736e-03  -9.9999716e-01  -2.3848736e-03
  9.9999823e-01   1.8827522e-03  -9.9999823e-01  -1.8827522e-03
  9.9999905e-01   1.3806665e-03  -9.9999905e-01  -1.3806665e-03
  9.9999961e-01   8.7860030e-04  -9.9999961e-01  -8.7860030e-04
  9.9999993e-01   3.7654221e-04  -9.9999993e-01  -3.7654221e-04
  9.9999999e-01  -1.2551405e-04  -9.9999999e-01   1.2551405e-04
  9.9999980e-01  -6.2757075e-04  -9.9999980e-01   6.2757075e-04
  9.9999936e-01  -1.1296318e-03  -9.9999936e-01   1.1296318e-03
  9.9999867e-01  -1.6317060e-03  -9.9999867e-01   1.6317060e-03
  9.9999772e-01  -2.1338072e-03  -9.9999772e-01   2.1338072e-03
  9.9999653e-01  -2.6359542e-03  -9.9999653e-01   2.6359542e-03
  9.9999508e-01  -3.1381710e-03  -9.9999508e-01   3.1381710e-03
  9.9999337e-01  -3.6404865e-03  -9.9999337e-01   3.6404865e-03
  9.9999142e-01  -4.1429348e-03  -9.9999142e-01   4.1429348e-03
  9.9998921e-01  -4.6455551e-03  -9.9998921e-01   4.6455551e-03
  9.9998675e-01  -5.1483917e-03  -9.9998675e-01   5.1483917e-03
  9.9998403e-01  -5.6514940e-03  -9.9998403e-01   5.6514940e-03
  9.9998106e-01  -6.1549169e-03  -9.9998106e-01   6.1549169e-03
  9.9997783e-01  -6.6587205e-03  -9.9997783e-01   6.6587205e-03
  9.9997435e-01  -7.1629702e-03  -9.9997435e-01   7.1629702e-03
  9.9997060e-01  -7.6677372e-03  -9.9997060e-01   7.6677372e-03
  9.9996660e-01  -8.1730983e-03  -9.9996660e-01   8.1730983e-03
  9.9996234e-01  -8.6791358e-03  -9.9996234e-01   8.6791358e-03
  9.9995781e-01  -9.1859383e-03  -9.9995781e-01   9.1859383e-03
  9.9995302e-01  -9.6936005e-03  -9.9995302e-01   9.6936005e-03
  9.9994796e-01  -1.0202223e-02  -9.9994796e-01   1.0202223e-02
  9.9994263e-01  -1.0711915e-02  -9.9994263e-01   1.0711915e-02
  9.9993702e-01  -1.1222789e-02  -9.9993702e-01   1.1222789e-02
  9.9993114e-01  -1.1734968e-02  -9.9993114e-01   1.1734968e-02
  9.9992498e-01  -1.2248581e-02  -9.9992498e-01   1.2248581e-02
  9.9991854e-01  -1.2763767e-02  -9.9991854e-01   1.2763767e-02
  9.9991181e-01  -1.3280669e-02  -9.9991181e-01   1.3280669e-02
  9.9990478e-01  -1.3799445e-02  -9.9990478e-01   1.3799445e-02
  9.9989746e-01  -1.4320257e-02  -9.9989746e-01   1.4320257e-02
  9.9988983e-01  -1.4843281e-02  -9.9988983e-01   1.4843281e-02
  9.9988189e-01  -1.5368702e-02  -9.9988189e-01   1.5368702e-02
  9.9987364e-01  -1.5896717e-02  -9.9987364e-01   1.5896717e-02
  9.9986506e-01  -1.6427537e-02  -9.9986506e-01   1.6427537e-02
  9.9985615e-01  -1.6961384e-02  -9.9985615e-01   1.6961384e-02
  9.9984689e-01  -1.7498497e-02  -9.9984689e-01   1.7498497e-02
  9.9983728e-01  -1.8039131e-02  -9.9983728e-01   1.8039131e-02
  9.9982731e-01  -1.8583557e-02  -9.9982731e-01   1.8583557e-02
  9.9981697e-01  -1.9132066e-02  -9.9981697e-01   1.9132066e-02
  9.9980623e-01  -1.9684971e-02  -9.9980623e-01   1.9684971e-02
  9.9979510e-01  -2.0242606e-02  -9.9979510e-01   2.0242606e-02
  9.9978355e-01  -2.0805333e-02  -9.9978355e-01   2.0805333e-02
  9.9977156e-01  -2.1373541e-02  -9.9977156e-01   2.1373541e-02
  9.9975912e-01  -2.1947649e-02  -9.9975912e-01   2.1947649e-02
  9.9974621e-01  -2.2528114e-02  -9.9974621e-01   2.2528114e-02
  9.9973280e-01  -2.3115431e-02  -9.9973280e-01   2.3115431e-02
  9.9971888e-01  -2.3710138e-02  -9.9971888e-01   2.3710138e-02
  9.9970440e-01  -2.4312826e-02  -9.9970440e-01   2.4312826e-02
  9.9968935e-01  -2.4924138e-02  -9.9968935e-01   2.4924138e-02
  9.9967368e-01  -2.5544785e-02  -9.9967368e-01   2.5544785e-02
  9.9965736e-01  -2.6175550e-02  -9.9965736e-01   2.6175550e-02
  9.9964035e-01  -2.6817301e-02  -9.9964035e-01   2.6817301e-02
  9.9962260e-01  -2.7471002e-02  -9.9962260e-01   2.7471002e-02
  9.9960406e-01  -2.8137731e-02  -9.9960406e-01   2.8137731e-02
  9.9958465e-01  -2.8818701e-02  -9.9958465e-01   2.8818701e-02
  9.9956433e-01  -2.9515277e-02  -9.9956433e-01   2.9515277e-02
  9.9954300e-01  -3.0229013e-02  -9.9954300e-01   3.0229013e-02
  9.9952057e-01  -3.0961682e-02  -9.9952057e-01   3.0961682e-02
  9.9949694e-01  -3.1715326e-02  -9.9949694e-01   3.1715326e-02
  9.9947199e-01  -3.2492309e-02  -9.9947199e-01   3.2492309e-02
  9.9944555e-01  -3.3295401e-02  -9.9944555e-01   3.3295401e-02
  9.9941747e-01  -3.4127868e-02  -9.9941747e-01   3.4127868e-02
  9.9938754e-01  -3.4993609e-02  -9.9938754e-01   3.4993609e-02
  9.9935548e-01  -3.5897332e-02  -9.9935548e-01   3.5897332e-02
  9.9932100e-01  -3.6844807e-02  -9.9932100e-01   3.6844807e-02
  9.9928369e-01  -3.7843210e-02  -9.9928369e-01   3.7843210e-02
  9.9924304e-01  -3.8901645e-02  -9.9924304e-01   3.8901645e-02
  9.9919840e-01  -4.0031916e-02  -9.9919840e-01   4.0031916e-02
  9.9914887e-01  -4.1249745e-02  -9.9914887e-01   4.1249745e-02
  9.9909320e-01  -4.2576776e-02  -9.9909320e-01   4.2576776e-02
  9.9902959e-01  -4.4044075e-02  -9.9902959e-01   4.4044075e-02
  9.9895527e-01  -4.5698714e-02  -9.9895527e-01   4.5698714e-02
  9.9886564e-01  -4.7617501e-02  -9.9886564e-01   4.7617501e-02
  9.9875222e-01  -4.9939945e-02  -9.9875222e-01   4.9939945e-02
  9.9859627e-01  -5.2966950e-02  -9.9859627e-01   5.2966950e-02
  9.9833947e-01  -5.7604663e-02  -9.9833947e-01   5.7604663e-02
  9.9809391e-01   6.1713369e-02  -9.9809391e-01  -6.1713369e-02
  9.9848824e-01   5.4965736e-02  -9.9848824e-01  -5.4965736e-02
  9.9868154e-01   5.1333950e-02  -9.9868154e-01  -5.1333950e-02
  9.9881270e-01   4.8715317e-02  -9.9881270e-01  -4.8715317e-02
  9.9891277e-01   4.6618464e-02  -9.9891277e-01  -4.6618464e-02
  9.9899400e-01   4.4844116e-02  -9.9899400e-01  -4.4844116e-02
  9.9906253e-01   4.3290436e-02  -9.9906253e-01  -4.3290436e-02
  9.9912190e-01   4.1897946e-02  -9.9912190e-01  -4.1897946e-02
  9.9917431e-01   4.0628703e-02  -9.9917431e-01  -4.0628703e-02
  9.9922127e-01   3.9456928e-02  -9.9922127e-01  -3.9456928e-02
  9.9926382e-01   3.8364260e-02  -9.9926382e-01  -3.8364260e-02
  9.9930273e-01   3.7337126e-02  -9.9930273e-01  -3.7337126e-02
  9.9933857e-01   3.6365190e-02  -9.9933857e-01  -3.6365190e-02
  9.9937179e-01   3.5440390e-02  -9.9937179e-01  -3.5440390e-02
  9.9940275e-01   3.4556306e-02  -9.9940275e-01  -3.4556306e-02
  9.9943173e-01   3.3707735e-02  -9.9943173e-01  -3.3707735e-02
  9.9945896e-01   3.2890400e-02  -9.9945896e-01  -3.2890400e-02
  9.9948464e-01   3.2100737e-02  -9.9948464e-01  -3.2100737e-02
  9.9950892e-01   3.1335743e-02  -9.9950892e-01  -3.1335743e-02
  9.9953193e-01   3.0592861e-02  -9.9953193e-01  -3.0592861e-02
  9.9955380e-01   2.9869895e-02  -9.9955380e-01  -2.9869895e-02
  9.9957461e-01   2.9164946e-02  -9.9957461e-01  -2.9164946e-02
  9.9959447e-01   2.8476355e-02  -9.9959447e-01  -2.8476355e-02
  9.9961343e-01   2.7802666e-02  -9.9961343e-01  -2.7802666e-02
  9.9963157e-01   2.7142593e-02  -9.9963157e-01  -2.7142593e-02
  9.9964895e-01   2.6494995e-02  -9.9964895e-01  -2.6494995e-02
  9.9966560e-01   2.5858851e-02  -9.9966560e-01  -2.5858851e-02
  9.9968159e-01   2.5233248e-02  -9.9968159e-01  -2.5233248e-02
  9.9969695e-01   2.4617361e-02  -9.9969695e-01  -2.4617361e-02
  9.9971171e-01   2.4010446e-02  -9.9971171e-01  -2.4010446e-02
  9.9972591e-01   2.3411825e-02  -9.9972591e-01  -2.3411825e-02
  9.9973957e-01   2.2820883e-02  -9.9973957e-01  -2.2820883e-02
  9.9975273e-01   2.2237057e-02  -9.9975273e-01  -2.2237057e-02
  9.9976540e-01   2.1659830e-02  -9.9976540e-01  -2.1659830e-02
  9.9977761e-01   2.1088726e-02  -9.9977761e-01  -2.1088726e-02
  9.9978937e-01   2.0523310e-02  -9.9978937e-01  -2.0523310e-02
  9.9980072e-01   1.9963176e-02  -9.9980072e-01  -1.9963176e-02
  9.9981165e-01   1.9407949e-02  -9.9981165e-01  -1.9407949e-02
  9.9982219e-01   1.8857282e-02  -9.9982219e-01  -1.8857282e-02
  9.9983234e-01   1.8310852e-02  -9.9983234e-01  -1.8310852e-02
  9.9984213e-01   1.7768357e-02  -9.9984213e-01  -1.7768357e-02
  9.9985156e-01   1.7229517e-02  -9.9985156e-01  -1.7229517e-02
  9.9986064e-01   1.6694067e-02  -9.9986064e-01  -1.6694067e-02
  9.9986939e-01   1.6161763e-02  -9.9986939e-01  -1.6161763e-02
  9.9987781e-01   1.5632372e-02  -9.9987781e-01  -1.5632372e-02
  9.9988590e-01   1.5105679e-02  -9.9988590e-01  -1.5105679e-02
  9.9989368e-01   1.4581481e-02  -9.9989368e-01  -1.4581481e-02
  9.9990116e-01   1.4059585e-02  -9.9990116e-01  -1.4059585e-02
  9.9990833e-01   1.3539813e-02  -9.9990833e-01  -1.3539813e-02
  9.9991521e-01   1.3021994e-02  -9.9991521e-01  -1.3021994e-02
  9.9992180e-01   1.2505969e-02  -9.9992180e-01  -1.2505969e-02
  9.9992810e-01   1.1991587e-02  -9.9992810e-01  -1.1991587e-02
  9.9993412e-01   1.1478707e-02  -9.9993412e-01  -1.1478707e-02
  9.9993986e-01   1.0967196e-02  -9.9993986e-01  -1.0967196e-02
  9.9994532e-01   1.0456928e-02  -9.9994532e-01  -1.0456928e-02
  9.9995052e-01   9.9477853e-03  -9.9995052e-01  -9.9477853e-03
  9.9995545e-01   9.4396558e-03  -9.9995545e-01  -9.4396558e-03
  9.9996011e-01   8.9324356e-03  -9.9996011e-01  -8.9324356e-03
  9.9996450e-01   8.4260271e-03  -9.9996450e-01  -8.4260271e-03
  9.9996863e-01   7.9203385e-03  -9.9996863e-01  -7.9203385e-03
  9.9997251e-01   7.4152844e-03  -9.9997251e-01  -7.4152844e-03
  9.9997612e-01   6.9107852e-03  -9.9997612e-01  -6.9107852e-03
  9.9997948e-01   6.4067671e-03  -9.9997948e-01  -6.4067671e-03
  9.9998258e-01   5.9031617e-03  -9.9998258e-01  -5.9031617e-03
  9.9998542e-01   5.3999063e-03  -9.9998542e-01  -5.3999063e-03
  9.9998801e-01   4.8969434e-03  -9.9998801e-01  -4.8969434e-03
  9.9999035e-01   4.3942208e-03  -9.9999035e-01  -4.3942208e-03
  9.9999243e-01   3.8916917e-03  -9.9999243e-01  -3.8916917e-03
  9.9999426e-01   3.3893144e-03  -9.9999426e-01  -3.3893144e-03
  9.9999583e-01   2.8870522e-03  -9.9999583e-01  -2.8870522e-03
  9.9999716e-01   2.3848736e-03  -9.9999716e-01  -2.3848736e-03
  9.9999823e-01   1.8827522e-03  -9.9999823e-01  -1.8827522e-03
  9.9999905e-01   1.3806665e-03  -9.9999905e-01  -1.3806665e-03
  9.9999961e-01   8.7860030e-04  -9.9999961e-01  -8.7860030e-04
  9.9999993e-01   3.7654221e-04  -9.9999993e-01  -3.7654221e-04
  9.9999999e-01  -1.2551405e-04  -9.9999999e-01   1.2551405e-04
  9.9999980e-01  -6.2757075e-04  -9.9999980e-01   6.2757075e-04
  9.9999936e-01  -1.1296318e-03  -9.9999936e-01   1.1296318e-03
  9.9999867e-01  -1.6317060e-03  -9.9999867e-01   1.6317060e-03
  9.9999772e-01  -2.1338072e-03  -9.9999772e-01   2.1338072e-03
  9.9999653e-01  -2.6359542e-03  -9.9999653e-01   2.6359542e-03
  9.9999508e-01  -3.1381710e-03  -9.9999508e-01   3.1381710e-03
  9.9999337e-01  -3.6404865e-03  -9.9999337e-01   3.6404865e-03
  9.9999142e-01  -4.1429348e-03  -9.9999142e-01   4.1429348e-03
  9.9998921e-01  -4.6455551e-03  -9.9998921e-01   4.6455551e-03
  9.9998675e-01  -5.1483917e-03  -9.9998675e-01   5.1483917e-03
  9.9998403e-01  -5.6514940e-03  -9.9998403e-01   5.6514940e-03
  9.9998106e-01  -6.1549169e-03  -9.9998106e-01   6.1549169e-03
  9.9997783e-01  -6.6587205e-03  -9.9997783e-01   6.6587205e-03
  9.9997435e-01  -7.1629702e-03  -9.9997435e-01   7.1629702e-03
  9.9997060e-01  -7.6677372e-03  -9.9997060e-01   7.6677372e-03
  9.9996660e-01  -8.1730983e-03  -9.9996660e-01   8.1730983e-03
  9.9996234e-01  -8.6791358e-03  -9.9996234e-01   8.6791358e-03
  9.9995781e-01  -9.1859383e-03  -9.9995781e-01   9.1859383e-03
  9.9995302e-01  -9.6936005e-03  -9.9995302e-01   9.6936005e-03
  9.9994796e-01  -1.0202223e-02  -9.9994796e-01   1.0202223e-02
  9.9994263e-01  -1.0711915e-02  -9.9994263e-01   1.0711915e-02
  9.9993702e-01  -1.1222789e-02  -9.9993702e-01   1.1222789e-02
  9.9993114e-01  -1.1734968e-02  -9.9993114e-01   1.1734968e-02
  9.9992498e-01  -1.2248581e-02  -9.9992498e-01   1.2248581e-02
  9.9991854e-01  -1.2763767e-02  -9.9991854e-01   1.2763767e-02
  9.9991181e-01  -1.3280669e-02  -9.9991181e-01   1.3280669e-02
  9.9990478e-01  -1.3799445e-02  -9.9990478e-01   1.3799445e-02
  9.9989746e-01  -1.4320257e-02  -9.9989746e-01   1.4320257e-02
  9.9988983e-01  -1.4843281e-02  -9.9988983e-01   1.4843281e-02
  9.9988189e-01  -1.5368702e-02  -9.9988189e-01   1.5368702e-02
  9.9987364e-01  -1.5896717e-02  -9.9987364e-01   1.5896717e-02
  9.9986506e-01  -1.6427537e-02  -9.9986506e-01   1.6427537e-02
  9.9985615e-01  -1.6961384e-02  -9.9985615e-01   1.6961384e-02
  9.9984689e-01  -1.7498497e-02  -9.9984689e-01   1.7498497e-02
  9.9983728e-01  -1.8039131e-02  -9.9983728e-01   1.8039131e-02
  9.9982731e-01  -1.8583557e-02  -9.9982731e-01   1.8583557e-02
  9.9981697e-01  -1.9132066e-02  -9.9981697e-01   1.9132066e-02
  9.9980623e-01  -1.9684971e-02  -9.9980623e-01   1.9684971e-02
  9.9979510e-01  -2.0242606e-02  -9.9979510e-01   2.0242606e-02
  9.9978355e-01  -2.0805333e-02  -9.9978355e-01   2.0805333e-02
  9.9977156e-01  -2.1373541e-02  -9.9977156e-01   2.1373541e-02
  9.9975912e-01  -2.1947649e-02  -9.9975912e-01   2.1947649e-02
  9.9974621e-01  -2.2528114e-02  -9.9974621e-01   2.2528114e-02
  9.9973280e-01  -2.3115431e-02  -9.9973280e-01   2.3115431e-02
  9.9971888e-01  -2.3710138e-02  -9.9971888e-01   2.3710138e-02
  9.9970440e-01  -2.4312826e-02  -9.9970440e-01   2.4312826e-02
  9.9968935e-01  -2.4924138e-02  -9.9968935e-01   2.4924138e-02
  9.9967368e-01  -2.5544785e-02  -9.9967368e-01   2.5544785e-02
  9.9965736e-01  -2.6175550e-02  -9.9965736e-01   2.6175550e-02
  9.9964035e-01  -2.6817301e-02  -9.9964035e-01   2.6817301e-02
  9.9962260e-01  -2.7471002e-02  -9.9962260e-01   2.7471002e-02
  9.9960406e-01  -2.8137731e-02  -9.9960406e-01   2.8137731e-02
  9.9958465e-01  -2.8818701e-02  -9.9958465e-01   2.8818701e-02
  9.9956433e-01  -2.9515277e-02  -9.9956433e-01   2.9515277e-02
  9.9954300e-01  -3.0229013e-02  -9.9954300e-01   3.0229013e-02
  9.9952057e-01  -3.0961682e-02  -9.9952057e-01   3.0961682e-02
  9.9949694e-01  -3.1715326e-02  -9.9949694e-01   3.1715326e-02
  9.9947199e-01  -3.2492309e-02  -9.9947199e-01   3.2492309e-02
  9.9944555e-01  -3.3295401e-02  -9.9944555e-01   3.3295401e-02
  9.9941747e-01  -3.4127868e-02  -9.9941747e-01   3.4127868e-02
  9.9938754e-01  -3.4993609e-02  -9.9938754e-01   3.4993609e-02
  9.9935548e-01  -3.5897332e-02  -9.9935548e-01   3.5897332e-02
  9.9932100e-01  -3.6844807e-02  -9.9932100e-01   3.6844807e-02
  9.9928369e-01  -3.7843210e-02  -9.9928369e-01   3.7843210e-02
  9.9924304e-01  -3.8901645e-02  -9.9924304e-01   3.8901645e-02
  9.9919840e-01  -4.0031916e-02  -9.9919840e-01   4.0031916e-02
  9.9914887e-01  -4.1249745e-02  -9.9914887e-01   4.1249745e-02
  9.9909320e-01  -4.2576776e-02  -9.9909320e-01   4.2576776e-02
  9.9902959e-01  -4.4044075e-02  -9.9902959e-01   4.4044075e-02
  9.9895527e-01  -4.5698714e-02  -9.9895527e-01   4.5698714e-02
  9.9886564e-01  -4.7617501e-02  -9.9886564e-01   4.7617501e-02
  9.9875222e-01  -4.9939945e-02  -9.9875222e-01   4.9939945e-02
  9.9859627e-01  -5.2966950e-02  -9.9859627e-01   5.2966950e-02
  9.9833947e-01  -5.7604663e-02  -9.9833947e-01   5.7604663e-02
  9.9809391e-01   6.1713369e-02  -9.9809391e-01  -6.1713369e-02
  9.9848824e-01   5.4965736e-02  -9.9848824e-01  -5.4965736e-02
  9.9868154e-01   5.1333950e-02  -9.9868154e-01  -5.1333950e-02
  9.9881270e-01   4.8715317e-02  -9.9881270e-01  -4.8715317e-02
  9.9891277e-01   4.6618464e-02  -9.9891277e-01  -4.6618464e-02
  9.9899400e-01   4.4844116e-02  -9.9899400e-01  -4.4844116e-02
  9.9906253e-01   4.3290436e-02  -9.9906253e-01  -4.3290436e-02
  9.9912190e-01   4.1897946e-02  -9.9912190e-01  -4.1897946e-02
  9.9917431e-01   4.0628703e-02  -9.9917431e-01  -4.0628703e-02
  9.9922127e-01   3.9456928e-02  -9.9922127e-01  -3.9456928e-02
  9.9926382e-01   3.8364260e-02  -9.9926382e-01  -3.8364260e-02
  9.9930273e-01   3.7337126e-02  -9.9930273e-01  -3.7337126e-02
  9.9933857e-01   3.6365190e-02  -9.9933857e-01  -3.6365190e-02
  9.9937179e-01   3.5440390e-02  -9.9937179e-01  -3.5440390e-02
  9.9940275e-01   3.4556306e-02  -9.9940275e-01  -3.4556306e-02
  9.9943173e-01   3.3707735e-02  -9.9943173e-01  -3.3707735e-02
  9.9945896e-01   3.2890400e-02  -9.9945896e-01  -3.2890400e-02
  9.9948464e-01   3.2100737e-02  -9.9948464e-01  -3.2100737e-02
  9.9950892e-01   3.1335743e-02  -9.9950892e-01  -3.1335743e-02
  9.9953193e-01   3.0592861e-02  -9.9953193e-01  -3.0592861e-02
  9.9955380e-01   2.9869895e-02  -9.9955380e-01  -2.9869895e-02
  9.9957461e-01   2.9164946e-02  -9.9957461e-01  -2.9164946e-02
  9.9959447e-01   2.8476355e-02  -9.9959447e-01  -2.8476355e-02
  9.9961343e-01   2.7802666e-02  -9.9961343e-01  -2.7802666e-02
  9.9963157e-01   2.7142593e-02  -9.9963157e-01  -2.7142593e-02
  9.9964895e-01   2.6494995e-02  -9.9964895e-01  -2.6494995e-02
  9.9966560e-01   2.5858851e-02  -9.9966560e-01  -2.5858851e-02
  9.9968159e-01   2.5233248e-02  -9.9968159e-01  -2.5233248e-02
  9.9969695e-01   2.4617361e-02  -9.9969695e-01  -2.4617361e-02
  9.9971171e-01   2.4010446e-02  -9.9971171e-01  -2.4010446e-02
  9.9972591e-01   2.3411825e-02  -9.9972591e-01  -2.3411825e-02
  9.9973957e-01   2.2820883e-02  -9.9973957e-01  -2.2820883e-02
  9.9975273e-01   2.2237057e-02  -9.9975273e-01  -2.2237057e-02
  9.9976540e-01   2.1659830e-02  -9.9976540e-01  -2.1659830e-02
  9.9977761e-01   2.1088726e-02  -9.9977761e-01  -2.1088726e-02
  9.9978937e-01   2.0523310e-02  -9.9978937e-01  -2.0523310e-02
  9.9980072e-01   1.9963176e-02  -9.9980072e-01  -1.9963176e-02
  9.9981165e-01   1.9407949e-02  -9.9981165e-01  -1.9407949e-02
  9.9982219e-01   1.8857282e-02  -9.9982219e-01  -1.8857282e-02
  9.9983234e-01   1.8310852e-02  -9.9983234e-01  -1.8310852e-02
  9.9984213e-01   1.7768357e-02  -9.9984213e-01  -1.7768357e-02
  9.9985156e-01   1.7229517e-02  -9.9985156e-01  -1.7229517e-02
  9.9986064e-01   1.6694067e-02  -9.9986064e-01  -1.6694067e-02
  9.9986939e-01   1.6161763e-02  -9.9986939e-01  -1.6161763e-02
  9.9987781e-01   1.5632372e-02  -9.9987781e-01  -1.5632372e-02
  9.9988590e-01   1.5105679e-02  -9.9988590e-01  -1.5105679e-02
  9.9989368e-01   1.4581481e-02  -9.9989368e-01  -1.4581481e-02
  9.9990116e-01   1.4059585e-02  -9.9990116e-01  -1.4059585e-02
  9.9990833e-01   1.3539813e-02  -9.9990833e-01  -1.3539813e-02
  9.9991521e-01   1.3021994e-02  -9.9991521e-01  -1.3021994e-02
  9.9992180e-01   1.2505969e-02  -9.9992180e-01  -1.2505969e-02
  9.9992810e-01   1.1991587e-02  -9.9992810e-01  -1.1991587e-02
  9.9993412e-01   1.1478707e-02  -9.9993412e-01  -1.1478707e-02
  9.9993986e-01   1.0967196e-02  -9.9993986e-01  -1.0967196e-02
  9.9994532e-01   1.0456928e-02  -9.9994532e-01  -1.0456928e-02
  9.9995052e-01   9.9477853e-03  -9.9995052e-01  -9.9477853e-03
  9.9995545e-01   9.4396558e-03  -9.9995545e-01  -9.4396558e-03
  9.9996011e-01   8.9324356e-03  -9.9996011e-01  -8.9324356e-03
  9.9996450e-01   8.4260271e-03  -9.9996450e-01  -8.4260271e-03
  9.9996863e-01   7.9203385e-03  -9.9996863e-01  -7.9203385e-03
  9.9997251e-01   7.4152844e-03  -9.9997251e-01  -7.4152844e-03
  9.9997612e-01   6.9107852e-03  -9.9997612e-01  -6.9107852e-03
  9.9997948e-01   6.4067671e-03  -9.9997948e-01  -6.4067671e-03
  9.9998258e-01   5.9031617e-03  -9.9998258e-01  -5.9031617e-03
  9.9998542e-01   5.3999063e-03  -9.9998542e-01  -5.3999063e-03
  9.9998801e-01   4.8969434e-03  -9.9998801e-01  -4.8969434e-03
  9.9999035e-01   4.3942208e-03  -9.9999035e-01  -4.3942208e-03
  9.9999243e-01   3.8916917e-03  -9.9999243e-01  -3.8916917e-03
  9.9999426e-01   3.3893144e-03  -9.9999426e-01  -3.3893144e-03
  9.9999583e-01   2.8870522e-03  -9.9999583e-01  -2.8870522e-03
  9.9999716e-01   2.3848736e-03  -9.9999716e-01  -2.3848736e-03
  9.9999823e-01   1.8827522e-03  -9.9999823e-01  -1.8827522e-03
  9.9999905e-01   1.3806665e-03  -9.9999905e-01  -1.3806665e-03
  9.9999961e-01   8.7860030e-04  -9.9999961e-01  -8.7860030e-04
  9.9999993e-01   3.7654221e-04  -9.9999993e-01  -3.7654221e-04
  9.9999999e-01  -1.2551405e-04  -9.9999999e-01   1.2551405e-04
  9.9999980e-01  -6.2757075e-04  -9.9999980e-01   6.2757075e-04
  9.9999936e-01  -1.1296318e-03  -9.9999936e-01   1.1296318e-03
  9.9999867e-01  -1.6317060e-03  -9.9999867e-01   1.6317060e-03
  9.9999772e-01  -2.1338072e-03  -9.9999772e-01   2.1338072e-03
  9.9999653e-01  -2.6359542e-03  -9.9999653e-01   2.6359542e-03
  9.9999508e-01  -3.1381710e-03  -9.9999508e-01   3.1381710e-03
  9.9999337e-01  -3.6404865e-03  -9.9999337e-01   3.6404865e-03
  9.9999142e-01  -4.1429348e-03  -9.9999142e-01   4.1429348e-03
  9.9998921e-01  -4.6455551e-03  -9.9998921e-01   4.6455551e-03
  9.9998675e-01  -5.1483917e-03  -9.9998675e-01   5.1483917e-03
  9.9998403e-01  -5.6514940e-03  -9.9998403e-01   5.6514940e-03
  9.9998106e-01  -6.1549169e-03  -9.9998106e-01   6.1549169e-03
  9.9997783e-01  -6.6587205e-03  -9.9997783e-01   6.6587205e-03
  9.9997435e-01  -7.1629702e-03  -9.9997435e-01   7.1629702e-03
  9.9997060e-01  -7.6677372e-03  -9.9997060e-01   7.6677372e-03
  9.9996660e-01  -8.1730983e-03  -9.9996660e-01   8.1730983e-03
  9.9996234e-01  -8.6791358e-03  -9.9996234e-01   8.6791358e-03
  9.9995781e-01  -9.1859383e-03  -9.9995781e-01   9.1859383e-03
  9.9995302e-01  -9.6936005e-03  -9.9995302e-01   9.6936005e-03
  9.9994796e-01  -1.0202223e-02  -9.9994796e-01   1.0202223e-02
  9.9994263e-01  -1.0711915e-02  -9.9994263e-01   1.0711915e-02
  9.9993702e-01  -1.1222789e-02  -9.9993702e-01   1.1222789e-02
  9.9993114e-01  -1.1734968e-02  -9.9993114e-01   1.1734968e-02
  9.9992498e-01  -1.2248581e-02  -9.9992498e-01   1.2248581e-02
  9.9991854e-01  -1.2763767e-02  -9.9991854e-01   1.2763767e-02
  9.9991181e-01  -1.3280669e-02  -9.9991181e-01   1.3280669e-02
  9.9990478e-01  -1.3799445e-02  -9.9990478e-01   1.3799445e-02
  9.9989746e-01  -1.4320257e-02  -9.9989746e-01   1.4320257e-02
  9.9988983e-01  -1.4843281e-02  -9.9988983e-01   1.4843281e-02
  9.9988189e-01  -1.5368702e-02  -9.9988189e-01   1.5368702e-02
  9.9987364e-01  -1.5896717e-02  -9.9987364e-01   1.5896717e-02
  9.9986506e-01  -1.6427537e-02  -9.9986506e-01   1.6427537e-02
  9.9985615e-01  -1.6961384e-02  -9.9985615e-01   1.6961384e-02
  9.9984689e-01  -1.7498497e-02  -9.9984689e-01   1.7498497e-02
  9.9983728e-01  -1.8039131e-02  -9.9983728e-01   1.8039131e-02
  9.9982731e-01  -1.8583557e-02  -9.9982731e-01   1.8583557e-02
  9.9981697e-01  -1.9132066e-02  -9.9981697e-01   1.9132066e-02
  9.9980623e-01  -1.9684971e-02  -9.9980623e-01   1.9684971e-02
  9.9979510e-01  -2.0242606e-02  -9.9979510e-01   2.0242606e-02
  9.9978355e-01  -2.0805333e-02  -9.9978355e-01   2.0805333e-02
  9.9977156e-01  -2.1373541e-02  -9.9977156e-01   2.1373541e-02
  9.9975912e-01  -2.1947649e-02  -9.9975912e-01   2.1947649e-02
  9.9974621e-01  -2.2528114e-02  -9.9974621e-01   2.2528114e-02
  9.9973280e-01  -2.3115431e-02  -9.9973280e-01   2.3115431e-02
  9.9971888e-01  -2.3710138e-02  -9.9971888e-01   2.3710138e-02
  9.9970440e-01  -2.4312826e-02  -9.9970440e-01   2.4312826e-02
  9.9968935e-01  -2.4924138e-02  -9.9968935e-01   2.4924138e-02
  9.9967368e-01  -2.5544785e-02  -9.9967368e-01   2.5544785e-02
  9.9965736e-01  -2.6175550e-02  -9.9965736e-01   2.6175550e-02
  9.9964035e-01  -2.6817301e-02  -9.9964035e-01   2.6817301e-02
  9.9962260e-01  -2.7471002e-02  -9.9962260e-01   2.7471002e-02
  9.9960406e-01  -2.8137731e-02  -9.9960406e-01   2.8137731e-02
  9.9958465e-01  -2.8818701e-02  -9.9958465e-01   2.8818701e-02
  9.9956433e-01  -2.9515277e-02  -9.9956433e-01   2.9515277e-02
  9.9954300e-01  -3.0229013e-02  -9.9954300e-01   3.0229013e-02
  9.9952057e-01  -3.0961682e-02  -9.9952057e-01   3.0961682e-02
  9.9949694e-01  -3.1715326e-02  -9.9949694e-01   3.1715326e-02
  9.9947199e-01  -3.2492309e-02  -9.9947199e-01   3.2492309e-02
  9.9944555e-01  -3.3295401e-02  -9.9944555e-01   3.3295401e-02
  9.9941747e-01  -3.4127868e-02  -9.9941747e-01   3.4127868e-02
  9.9938754e-01  -3.4993609e-02  -9.9938754e-01   3.4993609e-02
  9.9935548e-01  -3.5897332e-02  -9.9935548e-01   3.5897332e-02
  9.9932100e-01  -3.6844807e-02  -9.9932100e-01   3.6844807e-02
  9.9928369e-01  -3.7843210e-02  -9.9928369e-01   3.7843210e-02
  9.9924304e-01  -3.8901645e-02  -9.9924304e-01   3.8901645e-02
  9.9919840e-01  -4.0031916e-02  -9.9919840e-01   4.0031916e-02
  9.9914887e-01  -4.1249745e-02  -9.9914887e-01   4.1249745e-02
  9.9909320e-01  -4.2576776e-02  -9.9909320e-01   4.2576776e-02
  9.9902959e-01  -4.4044075e-02  -9.9902959e-01   4.4044075e-02
  9.9895527e-01  -4.5698714e-02  -9.9895527e-01   4.5698714e-02
  9.9886564e-01  -4.7617501e-02  -9.9886564e-01   4.7617501e-02
  9.9875222e-01  -4.9939945e-02  -9.9875222e-01   4.9939945e-02
  9.9859627e-01  -5.2966950e-02  -9.9859627e-01   5.2966950e-02
  9.9833947e-01  -5.7604663e-02  -9.9833947e-01   5.7604663e-02
  9.9809391e-01   6.1713369e-02  -9.9809391e-01  -6.1713369e-02
  9.9848824e-01   5.4965736e-02  -9.9848824e-01  -5.4965736e-02
  9.9868154e-01   5.1333950e-02  -9.9868154e-01  -5.1333950e-02
  9.9881270e-01   4.8715317e-02  -9.9881270e-01  -4.8715317e-02
  9.9891277e-01   4.6618464e-02  -9.9891277e-01  -4.6618464e-02
  9.9899400e-01   4.4844116e-02  -9.9899400e-01  -4.4844116e-02
  9.9906253e-01   4.3290436e-02  -9.9906253e-01  -4.3290436e-02
  9.9912190e-01   4.1897946e-02  -9.9912190e-01  -4.1897946e-02
  9.9917431e-01   4.0628703e-02  -9.9917431e-01  -4.0628703e-02
  9.9922127e-01   3.9456928e-02  -9.9922127e-01  -3.9456928e-02
  9.9926382e-01   3.8364260e-02  -9.9926382e-01  -3.8364260e-02
  9.9930273e-01   3.7337126e-02  -9.9930273e-01  -3.7337126e-02
  9.9933857e-01   3.6365190e-02  -9.9933857e-01  -3.6365190e-02
  9.9937179e-01   3.5440390e-02  -9.9937179e-01  -3.5440390e-02
  9.9940275e-01   3.4556306e-02  -9.9940275e-01  -3.4556306e-02
  9.9943173e-01   3.3707735e-02  -9.9943173e-01  -3.3707735e-02
  9.9945896e-01   3.2890400e-02  -9.9945896e-01  -3.2890400e-02
  9.9948464e-01   3.2100737e-02  -9.9948464e-01  -3.2100737e-02
  9.9950892e-01   3.1335743e-02  -9.9950892e-01  -3.1335743e-02
  9.9953193e-01   3.0592861e-02  -9.9953193e-01  -3.0592861e-02
  9.9955380e-01   2.9869895e-02  -9.9955380e-01  -2.9869895e-02
  9.9957461e-01   2.9164946e-02  -9.9957461e-01  -2.9164946e-02
  9.9959447e-01   2.8476355e-02  -9.9959447e-01  -2.8476355e-02
  9.9961343e-01   2.7802666e-02  -9.9961343e-01  -2.7802666e-02
  9.9963157e-01   2.7142593e-02  -9.9963157e-01  -2.7142593e-02
  9.9964895e-01   2.6494995e-02  -9.9964895e-01  -2.6494995e-02
  9.9966560e-01   2.5858851e-02  -9.9966560e-01  -2.5858851e-02
  9.9968159e-01   2.5233248e-02  -9.9968159e-01  -2.5233248e-02
  9.9969695e-01   2.4617361e-02  -9.9969695e-01  -2.4617361e-02
  9.9971171e-01   2.4010446e-02  -9.9971171e-01  -2.4010446e-02
  9.9972591e-01   2.3411825e-02  -9.9972591e-01  -2.3411825e-02
  9.9973957e-01   2.2820883e-02  -9.9973957e-01  -2.2820883e-02
  9.9975273e-01   2.2237057e-02  -9.9975273e-01  -2.2237057e-02
  9.9976540e-01   2.1659830e-02  -9.9976540e-01  -2.1659830e-02
  9.9977761e-01   2.1088726e-02  -9.9977761e-01  -2.1088726e-02
  9.9978937e-01   2.0523310e-02  -9.9978937e-01  -2.0523310e-02
  9.9980072e-01   1.9963176e-02  -9.9980072e-01  -1.9963176e-02
  9.9981165e-01   1.9407949e-02  -9.9981165e-01  -1.9407949e-02
  9.9982219e-01   1.8857282e-02  -9.9982219e-01  -1.8857282e-02
  9.9983234e-01   1.8310852e-02  -9.9983234e-01  -1.8310852e-02
  9.9984213e-01   1.7768357e-02  -9.9984213e-01  -1.7768357e-02
  9.9985156e-01   1.7229517e-02  -9.9985156e-01  -1.7229517e-02
  9.9986064e-01   1.6694067e-02  -9.9986064e-01  -1.6694067e-02
  9.9986939e-01   1.6161763e-02  -9.9986939e-01  -1.6161763e-02
  9.9987781e-01   1.5632372e-02  -9.9987781e-01  -1.5632372e-02
  9.9988590e-01   1.5105679e-02  -9.9988590e-01  -1.5105679e-02
  9.9989368e-01   1.4581481e-02  -9.9989368e-01  -1.4581481e-02
  9.9990116e-01   1.4059585e-02  -9.9990116e-01  -1.4059585e-02
  9.9990833e-01   1.3539813e-02  -9.9990833e-01  -1.3539813e-02
  9.9991521e-01   1.3021994e-02  -9.9991521e-01  -1.3021994e-02
  9.9992180e-01   1.2505969e-02  -9.9992180e-01  -1.2505969e-02
  9.9992810e-01   1.1991587e-02  -9.9992810e-01  -1.1991587e-02
  9.9993412e-01   1.1478707e-02  -9.9993412e-01  -1.1478707e-02
  9.9993986e-01   1.0967196e-02  -9.9993986e-01  -1.0967196e-02
  9.9994532e-01   1.0456928e-02  -9.9994532e-01  -1.0456928e-02
  9.9995052e-01   9.9477853e-03  -9.9995052e-01  -9.9477853e-03
  9.9995545e-01   9.4396558e-03  -9.9995545e-01  -9.4396558e-03
  9.9996011e-01   8.9324356e-03  -9.9996011e-01  -8.9324356e-03
  9.9996450e-01   8.4260271e-03  -9.9996450e-01  -8.4260271e-03
  9.9996863e-01   7.9203385e-03  -9.9996863e-01  -7.9203385e-03
  9.9997251e-01   7.4152844e-03  -9.9997251e-01  -7.4152844e-03
  9.9997612e-01   6.9107852e-03  -9.9997612e-01  -6.9107852e-03
  9.9997948e-01   6.4067671e-03  -9.9997948e-01  -6.4067671e-03
  9.9998258e-01   5.9031617e-03  -9.9998258e-01  -5.9031617e-03
  9.9998542e-01   5.3999063e-03  -9.9998542e-01  -5.3999063e-03
  9.9998801e-01   4.8969434e-03  -9.9998801e-01  -4.8969434e-03
  9.9999035e-01   4.3942208e-03  -9.9999035e-01  -4.3942208e-03
  9.9999243e-01   3.8916917e-03  -9.9999243e-01  -3.8916917e-03
  9.9999426e-01   3.3893144e-03  -9.9999426e-01  -3.3893144e-03
  9.9999583e-01   2.8870522e-03  -9.9999583e-01  -2.8870522e-03
  9.9999716e-01   2.3848736e-03  -9.9999716e-01  -2.3848736e-03
  9.9999823e-01   1.8827522e-03  -9.9999823e-01  -1.8827522e-03
  9.9999905e-01   1.3806665e-03  -9.9999905e-01  -1.3806665e-03
  9.9999961e-01   8.7860030e-04  -9.9999961e-01  -8.7860030e-04
  9.9999993e-01   3.7654221e-04  -9.9999993e-01  -3.7654221e-04
  9.9999999e-01  -1.2551405e-04  -9.9999999e-01   1.2551405e-04
  9.9999980e-01  -6.2757075e-04  -9.9999980e-01   6.2757075e-04
  9.9999936e-01  -1.1296318e-03  -9.9999936e-01   1.1296318e-03
  9.9999867e-01  -1.6317060e-03  -9.9999867e-01   1.6317060e-03
  9.9999772e-01  -2.1338072e-03  -9.9999772e-01   2.1338072e-03
  9.9999653e-01  -2.6359542e-03  -9.9999653e-01   2.6359542e-03
  9.9999508e-01  -3.1381710e-03  -9.9999508e-01   3.1381710e-03
  9.9999337e-01  -3.6404865e-03  -9.9999337e-01   3.6404865e-03
  9.9999142e-01  -4.1429348e-03  -9.9999142e-01   4.1429348e-03
  9.9998921e-01  -4.6455551e-03  -9.9998921e-01   4.6455551e-03
  9.9998675e-01  -5.1483917e-03  -9.9998675e-01   5.1483917e-03
  9.9998403e-01  -5.6514940e-03  -9.9998403e-01   5.6514940e-03
  9.9998106e-01  -6.1549169e-03  -9.9998106e-01   6.1549169e-03
  9.9997783e-01  -6.6587205e-03  -9.9997783e-01   6.6587205e-03
  9.9997435e-01  -7.1629702e-03  -9.9997435e-01   7.1629702e-03
  9.9997060e-01  -7.6677372e-03  -9.9997060e-01   7.6677372e-03
  9.9996660e-01  -8.1730983e-03  -9.9996660e-01   8.1730983e-03
  9.9996234e-01  -8.6791358e-03  -9.9996234e-01   8.6791358e-03
  9.9995781e-01  -9.1859383e-03  -9.9995781e-01   9.1859383e-03
  9.9995302e-01  -9.6936005e-03  -9.9995302e-01   9.6936005e-03
  9.9994796e-01  -1.0202223e-02  -9.9994796e-01   1.0202223e-02
  9.9994263e-01  -1.0711915e-02  -9.9994263e-01   1.0711915e-02
  9.9993702e-01  -1.1222789e-02  -9.9993702e-01   1.1222789e-02
  9.9993114e-01  -1.1734968e-02  -9.9993114e-01   1.1734968e-02
  9.9992498e-01  -1.2248581e-02  -9.9992498e-01   1.2248581e-02
  9.9991854e-01  -1.2763767e-02  -9.9991854e-01   1.2763767e-02
  9.9991181e-01  -1.3280669e-02  -9.9991181e-01   1.3280669e-02
  9.9990478e-01  -1.3799445e-02  -9.9990478e-01   1.3799445e-02
  9.9989746e-01  -1.4320257e-02  -9.9989746e-01   1.4320257e-02
  9.9988983e-01  -1.4843281e-02  -9.9988983e-01   1.4843281e-02
  9.9988189e-01  -1.5368702e-02  -9.9988189e-01   1.5368702e-02
  9.9987364e-01  -1.5896717e-02  -9.9987364e-01   1.5896717e-02
  9.9986506e-01  -1.6427537e-02  -9.9986506e-01   1.6427537e-02
  9.9985615e-01  -1.6961384e-02  -9.9985615e-01   1.6961384e-02
  9.9984689e-01  -1.7498497e-02  -9.9984689e-01   1.7498497e-02
  9.9983728e-01  -1.8039131e-02  -9.9983728e-01   1.8039131e-02
  9.9982731e-01  -1.8583557e-02  -9.9982731e-01   1.8583557e-02
  9.9981697e-01  -1.9132066e-02  -9.9981697e-01   1.9132066e-02
  9.9980623e-01  -1.9684971e-02  -9.9980623e-01   1.9684971e-02
  9.9979510e-01  -2.0242606e-02  -9.9979510e-01   2.0242606e-02
  9.9978355e-01  -2.0805333e-02  -9.9978355e-01   2.0805333e-02
  9.9977156e-01  -2.1373541e-02  -9.9977156e-01   2.1373541e-02
  9.9975912e-01  -2.1947649e-02  -9.9975912e-01   2.1947649e-02
  9.9974621e-01  -2.2528114e-02  -9.9974621e-01   2.2528114e-02
  9.9973280e-01  -2.3115431e-02  -9.9973280e-01   2.3115431e-02
  9.9971888e-01  -2.3710138e-02  -9.9971888e-01   2.3710138e-02
  9.9970440e-01  -2.4312826e-02  -9.9970440e-01   2.4312826e-02
  9.9968935e-01  -2.4924138e-02  -9.9968935e-01   2.4924138e-02
  9.9967368e-01  -2.5544785e-02  -9.9967368e-01   2.5544785e-02
  9.9965736e-01  -2.6175550e-02  -9.9965736e-01   2.6175550e-02
  9.9964035e-01  -2.6817301e-02  -9.9964035e-01   2.6817301e-02
  9.9962260e-01  -2.7471002e-02  -9.9962260e-01   2.7471002e-02
  9.9960406e-01  -2.8137731e-02  -9.9960406e-01   2.8137731e-02
  9.9958465e-01  -2.8818701e-02  -9.9958465e-01   2.8818701e-02
  9.9956433e-01  -2.9515277e-02  -9.9956433e-01   2.9515277e-02
  9.9954300e-01  -3.0229013e-02  -9.9954300e-01   3.0229013e-02
  9.9952057e-01  -3.0961682e-02  -9.9952057e-01   3.0961682e-02
  9.9949694e-01  -3.1715326e-02  -9.9949694e-01   3.1715326e-02
  9.9947199e-01  -3.2492309e-02  -9.9947199e-01   3.2492309e-02
  9.9944555e-01  -3.3295401e-02  -9.9944555e-01   3.3295401e-02
  9.9941747e-01  -3.4127868e-02  -9.9941747e-01   3.4127868e-02
  9.9938754e-01  -3.4993609e-02  -9.9938754e-01   3.4993609e-02
  9.9935548e-01  -3.5897332e-02  -9.9935548e-01   3.5897332e-02
  9.9932100e-01  -3.6844807e-02  -9.9932100e-01   3.6844807e-02
  9.9928369e-01  -3.7843210e-02  -9.9928369e-01   3.7843210e-02
  9.9924304e-01  -3.8901645e-02  -9.9924304e-01   3.8901645e-02
  9.9919840e-01  -4.0031916e-02  -9.9919840e-01   4.0031916e-02
  9.9914887e-01  -4.1249745e-02  -9.9914887e-01   4.1249745e-02
  9.9909320e-01  -4.2576776e-02  -9.9909320e-01   4.2576776e-02
  9.9902959e-01  -4.4044075e-02  -9.9902959e-01   4.4044075e-02
  9.9895527e-01  -4.5698714e-02  -9.9895527e-01   4.5698714e-02
  9.9886564e-01  -4.7617501e-02  -9.9886564e-01   4.7617501e-02
  9.9875222e-01  -4.9939945e-02  -9.9875222e-01   4.9939945e-02
  9.9859627e-01  -5.2966950e-02  -9.9859627e-01   5.2966950e-02
  9.9833947e-01  -5.7604663e-02  -9.9833947e-01   5.7604663e-02
  9.9002818e-01  -1.4086948e-01  -9.9002818e-01   1.4086948e-01
  9.8905453e-01  -1.4755047e-01  -9.8905453e-01   1.4755047e-01
  9.8851203e-01  -1.5114221e-01  -9.8851203e-01   1.5114221e-01
  9.8811287e-01  -1.5373012e-01  -9.8811287e-01   1.5373012e-01
  9.8778842e-01  -1.5580125e-01  -9.8778842e-01   1.5580125e-01
  9.8751053e-01  -1.5755304e-01  -9.8751053e-01   1.5755304e-01
  9.8726467e-01  -1.5908638e-01  -9.8726467e-01   1.5908638e-01
  9.8704232e-01  -1.6046017e-01  -9.8704232e-01   1.6046017e-01
  9.8683800e-01  -1.6171198e-01  -9.8683800e-01   1.6171198e-01
  9.8664798e-01  -1.6286733e-01  -9.8664798e-01   1.6286733e-01
  9.8646958e-01  -1.6394440e-01  -9.8646958e-01   1.6394440e-01
  9.8630082e-01  -1.6495662e-01  -9.8630082e-01   1.6495662e-01
  9.8614019e-01  -1.6591423e-01  -9.8614019e-01   1.6591423e-01
  9.8598649e-01  -1.6682519e-01  -9.8598649e-01   1.6682519e-01
  9.8583878e-01  -1.6769587e-01  -9.8583878e-01   1.6769587e-01
  9.8569629e-01  -1.6853140e-01  -9.8569629e-01   1.6853140e-01
  9.8555838e-01  -1.6933602e-01  -9.8555838e-01   1.6933602e-01
  9.8542452e-01  -1.7011326e-01  -9.8542452e-01   1.7011326e-01
  9.8529426e-01  -1.7086609e-01  -9.8529426e-01   1.7086609e-01
  9.8516722e-01  -1.7159703e-01  -9.8516722e-01   1.7159703e-01
  9.8504308e-01  -1.7230826e-01  -9.8504308e-01   1.7230826e-01
  9.8492154e-01  -1.7300165e-01  -9.8492154e-01   1.7300165e-01
  9.8480235e-01  -1.7367884e-01  -9.8480235e-01   1.7367884e-01
  9.8468529e-01  -1.7434128e-01  -9.8468529e-01   1.7434128e-01
  9.8457017e-01  -1.7499024e-01  -9.8457017e-01   1.7499024e-01
  9.8445681e-01  -1.7562684e-01  -9.8445681e-01   1.7562684e-01
  9.8434506e-01  -1.7625210e-01  -9.8434506e-01   1.7625210e-01
  9.8423478e-01  -1.7686691e-01  -9.8423478e-01   1.7686691e-01
  9.8412583e-01  -1.7747209e-01  -9.8412583e-01   1.7747209e-01
  9.8401812e-01  -1.7806838e-01  -9.8401812e-01   1.7806838e-01
  9.8391152e-01  -1.7865644e-01  -9.8391152e-01   1.7865644e-01
  9.8380595e-01  -1.7923689e-01  -9.8380595e-01   1.7923689e-01
  9.8370131e-01  -1.7981028e-01  -9.8370131e-01   1.7981028e-01
  9.8359753e-01  -1.8037712e-01  -9.8359753e-01   1.8037712e-01
  9.8349452e-01  -1.8093789e-01  -9.8349452e-01   1.8093789e-01
  9.8339224e-01  -1.8149301e-01  -9.8339224e-01   1.8149301e-01
  9.8329059e-01  -1.8204288e-01  -9.8329059e-01   1.8204288e-01
  9.8318954e-01  -1.8258787e-01  -9.8318954e-01   1.8258787e-01
  9.8308902e-01  -1.8312834e-01  -9.8308902e-01   1.8312834e-01
  9.8298897e-01  -1.8366459e-01  -9.8298897e-01   1.8366459e-01
  9.8288936e-01  -1.8419692e-01  -9.8288936e-01   1.8419692e-01
  9.8279013e-01  -1.8472562e-01  -9.8279013e-01   1.8472562e-01
  9.8269125e-01  -1.8525093e-01  -9.8269125e-01   1.8525093e-01
  9.8259267e-01  -1.8577312e-01  -9.8259267e-01   1.8577312e-01
  9.8249435e-01  -1.8629240e-01  -9.8249435e-01   1.8629240e-01
  9.8239626e-01  -1.8680899e-01  -9.8239626e-01   1.8680899e-01
  9.8229836e-01  -1.8732308e-01  -9.8229836e-01   1.8732308e-01
  9.8220062e-01  -1.8783488e-01  -9.8220062e-01   1.8783488e-01
  9.8210301e-01  -1.8834455e-01  -9.8210301e-01   1.8834455e-01
  9.8200551e-01  -1.8885227e-01  -9.8200551e-01   1.8885227e-01
  9.8190808e-01  -1.8935819e-01  -9.8190808e-01   1.8935819e-01
  9.8181070e-01  -1.8986246e-01  -9.8181070e-01   1.8986246e-01
  9.8171334e-01  -1.9036522e-01  -9.8171334e-01   1.9036522e-01
  9.8161598e-01  -1.9086660e-01  -9.8161598e-01   1.9086660e-01
  9.8151860e-01  -1.9136674e-01  -9.8151860e-01   1.9136674e-01
  9.8142118e-01  -1.9186574e-01  -9.8142118e-01   1.9186574e-01
  9.8132370e-01  -1.9236372e-01  -9.8132370e-01   1.9236372e-01
  9.8122613e-01  -1.9286077e-01  -9.8122613e-01   1.9286077e-01
  9.8112847e-01  -1.9335701e-01  -9.8112847e-01   1.9335701e-01
  9.8103069e-01  -1.9385251e-01  -9.8103069e-01   1.9385251e-01
  9.8093277e-01  -1.9434736e-01  -9.8093277e-01   1.9434736e-01
  9.8083471e-01  -1.9484165e-01  -9.8083471e-01   1.9484165e-01
  9.8073649e-01  -1.9533545e-01  -9.8073649e-01   1.9533545e-01
  9.8063810e-01  -1.9582882e-01  -9.8063810e-01   1.9582882e-01
  9.8053951e-01  -1.9632183e-01  -9.8053951e-01   1.9632183e-01
  9.8044074e-01  -1.9681453e-01  -9.8044074e-01   1.9681453e-01
  9.8034175e-01  -1.9730699e-01  -9.8034175e-01   1.9730699e-01
  9.8024255e-01  -1.9779924e-01  -9.8024255e-01   1.9779924e-01
  9.8014313e-01  -1.9829133e-01  -9.8014313e-01   1.9829133e-01
  9.8004347e-01  -1.9878329e-01  -9.8004347e-01   1.9878329e-01
  9.7994357e-01  -1.9927517e-01  -9.7994357e-01   1.9927517e-01
  9.7984343e-01  -1.9976698e-01  -9.7984343e-01   1.9976698e-01
  9.7974305e-01  -2.0025875e-01  -9.7974305e-01   2.0025875e-01
  9.7964240e-01  -2.0075049e-01  -9.7964240e-01   2.0075049e-01
  9.7954151e-01  -2.0124222e-01  -9.7954151e-01   2.0124222e-01
  9.7944036e-01  -2.0173395e-01  -9.7944036e-01   2.0173395e-01
  9.7933895e-01  -2.0222568e-01  -9.7933895e-01   2.0222568e-01
  9.7923728e-01  -2.0271742e-01  -9.7923728e-01   2.0271742e-01
  9.7913535e-01  -2.0320916e-01  -9.7913535e-01   2.0320916e-01
  9.7903316e-01  -2.0370092e-01  -9.7903316e-01   2.0370092e-01
  9.7893071e-01  -2.0419272e-01  -9.7893071e-01   2.0419272e-01
  9.7882798e-01  -2.0468459e-01  -9.7882798e-01   2.0468459e-01
  9.7872498e-01  -2.0517653e-01  -9.7872498e-01   2.0517653e-01
  9.7862170e-01  -2.0566860e-01  -9.7862170e-01   2.0566860e-01
  9.7851812e-01  -2.0616082e-01  -9.7851812e-01   2.0616082e-01
  9.7841425e-01  -2.0665324e-01  -9.7841425e-01   2.0665324e-01
  9.7831006e-01  -2.0714591e-01  -9.7831006e-01   2.0714591e-01
  9.7820555e-01  -2.0763887e-01  -9.7820555e-01   2.0763887e-01
  9.7810071e-01  -2.0813218e-01  -9.7810071e-01   2.0813218e-01
  9.7799552e-01  -2.0862591e-01  -9.7799552e-01   2.0862591e-01
  9.7788996e-01  -2.0912013e-01  -9.7788996e-01   2.0912013e-01
  9.7778402e-01  -2.0961490e-01  -9.7778402e-01   2.0961490e-01
  9.7767769e-01  -2.1011031e-01  -9.7767769e-01   2.1011031e-01
  9.7757093e-01  -2.1060644e-01  -9.7757093e-01   2.1060644e-01
  9.7746374e-01  -2.1110339e-01  -9.7746374e-01   2.1110339e-01
  9.7735608e-01  -2.1160124e-01  -9.7735608e-01   2.1160124e-01
  9.7724794e-01  -2.1210012e-01  -9.7724794e-01   2.1210012e-01
  9.7713929e-01  -2.1260011e-01  -9.7713929e-01   2.1260011e-01
  9.7703010e-01  -2.1310135e-01  -9.7703010e-01   2.1310135e-01
  9.7692034e-01  -2.1360396e-01  -9.7692034e-01   2.1360396e-01
  9.7680998e-01  -2.1410808e-01  -9.7680998e-01   2.1410808e-01
  9.7669898e-01  -2.1461383e-01  -9.7669898e-01   2.1461383e-01
  9.7658732e-01  -2.1512138e-01  -9.7658732e-01   2.1512138e-01
  9.7647495e-01  -2.1563088e-01  -9.7647495e-01   2.1563088e-01
  9.7636183e-01  -2.1614250e-01  -9.7636183e-01   2.1614250e-01
  9.7624792e-01  -2.1665642e-01  -9.7624792e-01   2.1665642e-01
  9.7613317e-01  -2.1717283e-01  -9.7613317e-01   2.1717283e-01
  9.7601753e-01  -2.1769195e-01  -9.7601753e-01   2.1769195e-01
  9.7590095e-01  -2.1821397e-01  -9.7590095e-01   2.1821397e-01
  9.7578337e-01  -2.1873914e-01  -9.7578337e-01   2.1873914e-01
  9.7566474e-01  -2.1926770e-01  -9.7566474e-01   2.1926770e-01
  9.7554498e-01  -2.1979991e-01  -9.7554498e-01   2.1979991e-01
  9.7542402e-01  -2.2033606e-01  -9.7542402e-01   2.2033606e-01
  9.7530180e-01  -2.2087645e-01  -9.7530180e-01   2.2087645e-01
  9.7517822e-01  -2.2142141e-01  -9.7517822e-01   2.2142141e-01
  9.7505320e-01  -2.2197128e-01  -9.7505320e-01   2.2197128e-01
  9.7492666e-01  -2.2252644e-01  -9.7492666e-01   2.2252644e-01
  9.7479847e-01  -2.2308731e-01  -9.7479847e-01   2.2308731e-01
  9.7466853e-01  -2.2365432e-01  -9.7466853e-01   2.2365432e-01
  9.7453672e-01  -2.2422795e-01  -9.7453672e-01   2.2422795e-01
  9.7440291e-01  -2.2480873e-01  -9.7440291e-01   2.2480873e-01
  9.7426695e-01  -2.2539723e-01  -9.7426695e-01   2.2539723e-01
  9.7412868e-01  -2.2599407e-01  -9.7412868e-01   2.2599407e-01
  9.7398792e-01  -2.2659995e-01  -9.7398792e-01   2.2659995e-01
  9.7384448e-01  -2.2721562e-01  -9.7384448e-01   2.2721562e-01
  9.7369813e-01  -2.2784193e-01  -9.7369813e-01   2.2784193e-01
  9.7354865e-01  -2.2847981e-01  -9.7354865e-01   2.2847981e-01
  9.7339576e-01  -2.2913030e-01  -9.7339576e-01   2.2913030e-01
  9.7323915e-01  -2.2979460e-01  -9.7323915e-01   2.2979460e-01
  9.7307848e-01  -2.3047401e-01  -9.7307848e-01   2.3047401e-01
  9.7291336e-01  -2.3117004e-01  -9.7291336e-01   2.3117004e-01
  9.7274334e-01  -2.3188442e-01  -9.7274334e-01   2.3188442e-01
  9.7256791e-01  -2.3261913e-01  -9.7256791e-01   2.3261913e-01
  9.7238646e-01  -2.3337646e-01  -9.7238646e-01   2.3337646e-01
  9.7219829e-01  -2.3415909e-01  -9.7219829e-01   2.3415909e-01
  9.7200258e-01  -2.3497020e-01  -9.7200258e-01   2.3497020e-01
  9.7179832e-01  -2.3581356e-01  -9.7179832e-01   2.3581356e-01
  9.7158431e-01  -2.3669373e-01  -9.7158431e-01   2.3669373e-01
  9.7135909e-01  -2.3761632e-01  -9.7135909e-01   2.3761632e-01
  9.7112081e-01  -2.3858828e-01  -9.7112081e-01   2.3858828e-01
  9.7086714e-01  -2.3961843e-01  -9.7086714e-01   2.3961843e-01
  9.7059505e-01  -2.4071821e-01  -9.7059505e-01   2.4071821e-01
  9.7030047e-01  -2.4190286e-01  -9.7030047e-01   2.4190286e-01
  9.6997783e-01  -2.4319335e-01  -9.6997783e-01   2.4319335e-01
  9.6961908e-01  -2.4461978e-01  -9.6961908e-01   2.4461978e-01
  9.6921200e-01  -2.4622773e-01  -9.6921200e-01   2.4622773e-01
  9.6873658e-01  -2.4809159e-01  -9.6873658e-01   2.4809159e-01
  9.6815632e-01  -2.5034643e-01  -9.6815632e-01   2.5034643e-01
  9.6739210e-01  -2.5328347e-01  -9.6739210e-01   2.5328347e-01
  9.6620381e-01  -2.5777936e-01  -9.6620381e-01   2.5777936e-01
  9.9002818e-01  -1.4086948e-01  -9.9002818e-01   1.4086948e-01
  9.8905453e-01  -1.4755047e-01  -9.8905453e-01   1.4755047e-01
  9.8851203e-01  -1.5114221e-01  -9.8851203e-01   1.5114221e-01
  9.8811287e-01  -1.5373012e-01  -9.8811287e-01   1.5373012e-01
  9.8778842e-01  -1.5580125e-01  -9.8778842e-01   1.5580125e-01
  9.8751053e-01  -1.5755304e-01  -9.8751053e-01   1.5755304e-01
  9.8726467e-01  -1.5908638e-01  -9.8726467e-01   1.5908638e-01
  9.8704232e-01  -1.6046017e-01  -9.8704232e-01   1.6046017e-01
  9.8683800e-01  -1.6171198e-01  -9.8683800e-01   1.6171198e-01
  9.8664798e-01  -1.6286733e-01  -9.8664798e-01   1.6286733e-01
  9.8646958e-01  -1.6394440e-01  -9.8646958e-01   1.6394440e-01
  9.8630082e-01  -1.6495662e-01  -9.8630082e-01   1.6495662e-01
  9.8614019e-01  -1.6591423e-01  -9.8614019e-01   1.6591423e-01
  9.8598649e-01  -1.6682519e-01  -9.8598649e-01   1.6682519e-01
  9.8583878e-01  -1.6769587e-01  -9.8583878e-01   1.6769587e-01
  9.8569629e-01  -1.6853140e-01  -9.8569629e-01   1.6853140e-01
  9.8555838e-01  -1.6933602e-01  -9.8555838e-01   1.6933602e-01
  9.8542452e-01  -1.7011326e-01  -9.8542452e-01   1.7011326e-01
  9.8529426e-01  -1.7086609e-01  -9.8529426e-01   1.7086609e-01
  9.8516722e-01  -1.7159703e-01  -9.8516722e-01   1.7159703e-01
  9.8504308e-01  -1.7230826e-01  -9.8504308e-01   1.7230826e-01
  9.8492154e-01  -1.7300165e-01  -9.8492154e-01   1.7300165e-01
  9.8480235e-01  -1.7367884e-01  -9.8480235e-01   1.7367884e-01
  9.8468529e-01  -1.7434128e-01  -9.8468529e-01   1.7434128e-01
  9.8457017e-01  -1.7499024e-01  -9.8457017e-01   1.7499024e-01
  9.8445681e-01  -1.7562684e-01  -9.8445681e-01   1.7562684e-01
  9.8434506e-01  -1.7625210e-01  -9.8434506e-01   1.7625210e-01
  9.8423478e-01  -1.7686691e-01  -9.8423478e-01   1.7686691e-01
  9.8412583e-01  -1.7747209e-01  -9.8412583e-01   1.7747209e-01
  9.8401812e-01  -1.7806838e-01  -9.8401812e-01   1.7806838e-01
  9.8391152e-01  -1.7865644e-01  -9.8391152e-01   1.7865644e-01
  9.8380595e-01  -1.7923689e-01  -9.8380595e-01   1.7923689e-01
  9.8370131e-01  -1.7981028e-01  -9.8370131e-01   1.7981028e-01
  9.8359753e-01  -1.8037712e-01  -9.8359753e-01   1.8037712e-01
  9.8349452e-01  -1.8093789e-01  -9.8349452e-01   1.8093789e-01
  9.8339224e-01  -1.8149301e-01  -9.8339224e-01   1.8149301e-01
  9.8329059e-01  -1.8204288e-01  -9.8329059e-01   1.8204288e-01
  9.8318954e-01  -1.8258787e-01  -9.8318954e-01   1.8258787e-01
  9.8308902e-01  -1.8312834e-01  -9.8308902e-01   1.8312834e-01
  9.8298897e-01  -1.8366459e-01  -9.8298897e-01   1.8366459e-01
  9.8288936e-01  -1.8419692e-01  -9.8288936e-01   1.8419692e-01
  9.8279013e-01  -1.8472562e-01  -9.8279013e-01   1.8472562e-01
  9.8269125e-01  -1.8525093e-01  -9.8269125e-01   1.8525093e-01
  9.8259267e-01  -1.8577312e-01  -9.8259267e-01   1.8577312e-01
  9.8249435e-01  -1.8629240e-01  -9.8249435e-01   1.8629240e-01
  9.8239626e-01  -1.8680899e-01  -9.8239626e-01   1.8680899e-01
  9.8229836e-01  -1.8732308e-01  -9.8229836e-01   1.8732308e-01
  9.8220062e-01  -1.8783488e-01  -9.8220062e-01   1.8783488e-01
  9.8210301e-01  -1.8834455e-01  -9.8210301e-01   1.8834455e-01
  9.8200551e-01  -1.8885227e-01  -9.8200551e-01   1.8885227e-01
  9.8190808e-01  -1.8935819e-01  -9.8190808e-01   1.8935819e-01
  9.8181070e-01  -1.8986246e-01  -9.8181070e-01   1.8986246e-01
  9.8171334e-01  -1.9036522e-01  -9.8171334e-01   1.9036522e-01
  9.8161598e-01  -1.9086660e-01  -9.8161598e-01   1.9086660e-01
  9.8151860e-01  -1.9136674e-01  -9.8151860e-01   1.9136674e-01
  9.8142118e-01  -1.9186574e-01  -9.8142118e-01   1.9186574e-01
  9.8132370e-01  -1.9236372e-01  -9.8132370e-01   1.9236372e-01
  9.8122613e-01  -1.9286077e-01  -9.8122613e-01   1.9286077e-01
  9.8112847e-01  -1.9335701e-01  -9.8112847e-01   1.9335701e-01
  9.8103069e-01  -1.9385251e-01  -9.8103069e-01   1.9385251e-01
  9.8093277e-01  -1.9434736e-01  -9.8093277e-01   1.9434736e-01
  9.8083471e-01  -1.9484165e-01  -9.8083471e-01   1.9484165e-01
  9.8073649e-01  -1.9533545e-01  -9.8073649e-01   1.9533545e-01
  9.8063810e-01  -1.9582882e-01  -9.8063810e-01   1.9582882e-01
  9.8053951e-01  -1.9632183e-01  -9.8053951e-01   1.9632183e-01
  9.8044074e-01  -1.9681453e-01  -9.8044074e-01   1.9681453e-01
  9.8034175e-01  -1.9730699e-01  -9.8034175e-01   1.9730699e-01
  9.8024255e-01  -1.9779924e-01  -9.8024255e-01   1.9779924e-01
  9.8014313e-01  -1.9829133e-01  -9.8014313e-01   1.9829133e-01
  9.8004347e-01  -1.9878329e-01  -9.8004347e-01   1.9878329e-01
  9.7994357e-01  -1.9927517e-01  -9.7994357e-01   1.9927517e-01
  9.7984343e-01  -1.9976698e-01  -9.7984343e-01   1.9976698e-01
  9.7974305e-01  -2.0025875e-01  -9.7974305e-01   2.0025875e-01
  9.7964240e-01  -2.0075049e-01  -9.7964240e-01   2.0075049e-01
  9.7954151e-01  -2.0124222e-01  -9.7954151e-01   2.0124222e-01
  9.7944036e-01  -2.0173395e-01  -9.7944036e-01   2.0173395e-01
  9.7933895e-01  -2.0222568e-01  -9.7933895e-01   2.0222568e-01
  9.7923728e-01  -2.0271742e-01  -9.7923728e-01   2.0271742e-01
  9.7913535e-01  -2.0320916e-01  -9.7913535e-01   2.0320916e-01
  9.7903316e-01  -2.0370092e-01  -9.7903316e-01   2.0370092e-01
  9.7893071e-01  -2.0419272e-01  -9.7893071e-01   2.0419272e-01
  9.7882798e-01  -2.0468459e-01  -9.7882798e-01   2.0468459e-01
  9.7872498e-01  -2.0517653e-01  -9.7872498e-01   2.0517653e-01
  9.7862170e-01  -2.0566860e-01  -9.7862170e-01   2.0566860e-01
  9.7851812e-01  -2.0616082e-01  -9.7851812e-01   2.0616082e-01
  9.7841425e-01  -2.0665324e-01  -9.7841425e-01   2.0665324e-01
  9.7831006e-01  -2.0714591e-01  -9.7831006e-01   2.0714591e-01
  9.7820555e-01  -2.0763887e-01  -9.7820555e-01   2.0763887e-01
  9.7810071e-01  -2.0813218e-01  -9.7810071e-01   2.0813218e-01
  9.7799552e-01  -2.0862591e-01  -9.7799552e-01   2.0862591e-01
  9.7788996e-01  -2.0912013e-01  -9.7788996e-01   2.0912013e-01
  9.7778402e-01  -2.0961490e-01  -9.7778402e-01   2.0961490e-01
  9.7767769e-01  -2.1011031e-01  -9.7767769e-01   2.1011031e-01
  9.7757093e-01  -2.1060644e-01  -9.7757093e-01   2.1060644e-01
  9.7746374e-01  -2.1110339e-01  -9.7746374e-01   2.1110339e-01
  9.7735608e-01  -2.1160124e-01  -9.7735608e-01   2.1160124e-01
  9.7724794e-01  -2.1210012e-01  -9.7724794e-01   2.1210012e-01
  9.7713929e-01  -2.1260011e-01  -9.7713929e-01   2.1260011e-01
  9.7703010e-01  -2.1310135e-01  -9.7703010e-01   2.1310135e-01
  9.7692034e-01  -2.1360396e-01  -9.7692034e-01   2.1360396e-01
  9.7680998e-01  -2.1410808e-01  -9.7680998e-01   2.1410808e-01
  9.7669898e-01  -2.1461383e-01  -9.7669898e-01   2.1461383e-01
  9.7658732e-01  -2.1512138e-01  -9.7658732e-01   2.1512138e-01
  9.7647495e-01  -2.1563088e-01  -9.7647495e-01   2.1563088e-01
  9.7636183e-01  -2.1614250e-01  -9.7636183e-01   2.1614250e-01
  9.7624792e-01  -2.1665642e-01  -9.7624792e-01   2.1665642e-01
  9.7613317e-01  -2.1717283e-01  -9.7613317e-01   2.1717283e-01
  9.7601753e-01  -2.1769195e-01  -9.7601753e-01   2.1769195e-01
  9.7590095e-01  -2.1821397e-01  -9.7590095e-01   2.1821397e-01
  9.7578337e-01  -2.1873914e-01  -9.7578337e-01   2.1873914e-01
  9.7566474e-01  -2.1926770e-01  -9.7566474e-01   2.1926770e-01
  9.7554498e-01  -2.1979991e-01  -9.7554498e-01   2.1979991e-01
  9.7542402e-01  -2.2033606e-01  -9.7542402e-01   2.2033606e-01
  9.7530180e-01  -2.2087645e-01  -9.7530180e-01   2.2087645e-01
  9.7517822e-01  -2.2142141e-01  -9.7517822e-01   2.2142141e-01
  9.7505320e-01  -2.2197128e-01  -9.7505320e-01   2.2197128e-01
  9.7492666e-01  -2.2252644e-01  -9.7492666e-01   2.2252644e-01
  9.7479847e-01  -2.2308731e-01  -9.7479847e-01   2.2308731e-01
  9.7466853e-01  -2.2365432e-01  -9.7466853e-01   2.2365432e-01
  9.7453672e-01  -2.2422795e-01  -9.7453672e-01   2.2422795e-01
  9.7440291e-01  -2.2480873e-01  -9.7440291e-01   2.2480873e-01
  9.7426695e-01  -2.2539723e-01  -9.7426695e-01   2.2539723e-01
  9.7412868e-01  -2.2599407e-01  -9.7412868e-01   2.2599407e-01
  9.7398792e-01  -2.2659995e-01  -9.7398792e-01   2.2659995e-01
  9.7384448e-01  -2.2721562e-01  -9.7384448e-01   2.2721562e-01
  9.7369813e-01  -2.2784193e-01  -9.7369813e-01   2.2784193e-01
  9.7354865e-01  -2.2847981e-01  -9.7354865e-01   2.2847981e-01
  9.7339576e-01  -2.2913030e-01  -9.7339576e-01   2.2913030e-01
  9.7323915e-01  -2.2979460e-01  -9.7323915e-01   2.2979460e-01
  9.7307848e-01  -2.3047401e-01  -9.7307848e-01   2.3047401e-01
  9.7291336e-01  -2.3117004e-01  -9.7291336e-01   2.3117004e-01
  9.7274334e-01  -2.3188442e-01  -9.7274334e-01   2.3188442e-01
  9.7256791e-01  -2.3261913e-01  -9.7256791e-01   2.3261913e-01
  9.7238646e-01  -2.3337646e-01  -9.7238646e-01   2.3337646e-01
  9.7219829e-01  -2.3415909e-01  -9.7219829e-01   2.3415909e-01
  9.7200258e-01  -2.3497020e-01  -9.7200258e-01   2.3497020e-01
  9.7179832e-01  -2.3581356e-01  -9.7179832e-01   2.3581356e-01
  9.7158431e-01  -2.3669373e-01  -9.7158431e-01   2.3669373e-01
  9.7135909e-01  -2.3761632e-01  -9.7135909e-01   2.3761632e-01
  9.7112081e-01  -2.3858828e-01  -9.7112081e-01   2.3858828e-01
  9.7086714e-01  -2.3961843e-01  -9.7086714e-01   2.3961843e-01
  9.7059505e-01  -2.4071821e-01  -9.7059505e-01   2.4071821e-01
  9.7030047e-01  -2.4190286e-01  -9.7030047e-01   2.4190286e-01
  9.6997783e-01  -2.4319335e-01  -9.6997783e-01   2.4319335e-01
  9.6961908e-01  -2.4461978e-01  -9.6961908e-01   2.4461978e-01
  9.6921200e-01  -2.4622773e-01  -9.6921200e-01   2.4622773e-01
  9.6873658e-01  -2.4809159e-01  -9.6873658e-01   2.4809159e-01
  9.6815632e-01  -2.5034643e-01  -9.6815632e-01   2.5034643e-01
  9.6739210e-01  -2.5328347e-01  -9.6739210e-01   2.5328347e-01
  9.6620381e-01  -2.5777936e-01  -9.6620381e-01   2.5777936e-01
  9.9002818e-01  -1.4086948e-01  -9.9002818e-01   1.4086948e-01
  9.8905453e-01  -1.4755047e-01  -9.8905453e-01   1.4755047e-01
  9.8851203e-01  -1.5114221e-01  -9.8851203e-01   1.5114221e-01
  9.8811287e-01  -1.5373012e-01  -9.8811287e-01   1.5373012e-01
  9.8778842e-01  -1.5580125e-01  -9.8778842e-01   1.5580125e-01
  9.8751053e-01  -1.5755304e-01  -9.8751053e-01   1.5755304e-01
  9.8726467e-01  -1.5908638e-01  -9.8726467e-01   1.5908638e-01
  9.8704232e-01  -1.6046017e-01  -9.8704232e-01   1.6046017e-01
  9.8683800e-01  -1.6171198e-01  -9.8683800e-01   1.6171198e-01
  9.8664798e-01  -1.6286733e-01  -9.8664798e-01   1.6286733e-01
  9.8646958e-01  -1.6394440e-01  -9.8646958e-01   1.6394440e-01
  9.8630082e-01  -1.6495662e-01  -9.8630082e-01   1.6495662e-01
  9.8614019e-01  -1.6591423e-01  -9.8614019e-01   1.6591423e-01
  9.8598649e-01  -1.6682519e-01  -9.8598649e-01   1.6682519e-01
  9.8583878e-01  -1.6769587e-01  -9.8583878e-01   1.6769587e-01
  9.8569629e-01  -1.6853140e-01  -9.8569629e-01   1.6853140e-01
  9.8555838e-01  -1.6933602e-01  -9.8555838e-01   1.6933602e-01
  9.8542452e-01  -1.7011326e-01  -9.8542452e-01   1.7011326e-01
  9.8529426e-01  -1.7086609e-01  -9.8529426e-01   1.7086609e-01
  9.8516722e-01  -1.7159703e-01  -9.8516722e-01   1.7159703e-01
  9.8504308e-01  -1.7230826e-01  -9.8504308e-01   1.7230826e-01
  9.8492154e-01  -1.7300165e-01  -9.8492154e-01   1.7300165e-01
  9.8480235e-01  -1.7367884e-01  -9.8480235e-01   1.7367884e-01
  9.8468529e-01  -1.7434128e-01  -9.8468529e-01   1.7434128e-01
  9.8457017e-01  -1.7499024e-01  -9.8457017e-01   1.7499024e-01
  9.8445681e-01  -1.7562684e-01  -9.8445681e-01   1.7562684e-01
  9.8434506e-01  -1.7625210e-01  -9.8434506e-01   1.7625210e-01
  9.8423478e-01  -1.7686691e-01  -9.8423478e-01   1.7686691e-01
  9.8412583e-01  -1.7747209e-01  -9.8412583e-01   1.7747209e-01
  9.8401812e-01  -1.7806838e-01  -9.8401812e-01   1.7806838e-01
  9.8391152e-01  -1.7865644e-01  -9.8391152e-01   1.7865644e-01
  9.8380595e-01  -1.7923689e-01  -9.8380595e-01   1.7923689e-01
  9.8370131e-01  -1.7981028e-01  -9.8370131e-01   1.7981028e-01
  9.8359753e-01  -1.8037712e-01  -9.8359753e-01   1.8037712e-01
  9.8349452e-01  -1.8093789e-01  -9.8349452e-01   1.8093789e-01
  9.8339224e-01  -1.8149301e-01  -9.8339224e-01   1.8149301e-01
  9.8329059e-01  -1.8204288e-01  -9.8329059e-01   1.8204288e-01
  9.8318954e-01  -1.8258787e-01  -9.8318954e-01   1.8258787e-01
  9.8308902e-01  -1.8312834e-01  -9.8308902e-01   1.8312834e-01
  9.8298897e-01  -1.8366459e-01  -9.8298897e-01   1.8366459e-01
  9.8288936e-01  -1.8419692e-01  -9.8288936e-01   1.8419692e-01
  9.8279013e-01  -1.8472562e-01  -9.8279013e-01   1.8472562e-01
  9.8269125e-01  -1.8525093e-01  -9.8269125e-01   1.8525093e-01
  9.8259267e-01  -1.8577312e-01  -9.8259267e-01   1.8577312e-01
  9.8249435e-01  -1.8629240e-01  -9.8249435e-01   1.8629240e-01
  9.8239626e-01  -1.8680899e-01  -9.8239626e-01   1.8680899e-01
  9.8229836e-01  -1.8732308e-01  -9.8229836e-01   1.8732308e-01
  9.8220062e-01  -1.8783488e-01  -9.8220062e-01   1.8783488e-01
  9.8210301e-01  -1.8834455e-01  -9.8210301e-01   1.8834455e-01
  9.8200551e-01  -1.8885227e-01  -9.8200551e-01   1.8885227e-01
  9.8190808e-01  -1.8935819e-01  -9.8190808e-01   1.8935819e-01
  9.8181070e-01  -1.8986246e-01  -9.8181070e-01   1.8986246e-01
  9.8171334e-01  -1.9036522e-01  -9.8171334e-01   1.9036522e-01
  9.8161598e-01  -1.9086660e-01  -9.8161598e-01   1.9086660e-01
  9.8151860e-01  -1.9136674e-01  -9.8151860e-01   1.9136674e-01
  9.8142118e-01  -1.9186574e-01  -9.8142118e-01   1.9186574e-01
  9.8132370e-01  -1.9236372e-01  -9.8132370e-01   1.9236372e-01
  9.8122613e-01  -1.9286077e-01  -9.8122613e-01   1.9286077e-01
  9.8112847e-01  -1.9335701e-01  -9.8112847e-01   1.9335701e-01
  9.8103069e-01  -1.9385251e-01  -9.8103069e-01   1.9385251e-01
  9.8093277e-01  -1.9434736e-01  -9.8093277e-01   1.9434736e-01
  9.8083471e-01  -1.9484165e-01  -9.8083471e-01   1.9484165e-01
  9.8073649e-01  -1.9533545e-01  -9.8073649e-01   1.9533545e-01
  9.8063810e-01  -1.9582882e-01  -9.8063810e-01   1.9582882e-01
  9.8053951e-01  -1.9632183e-01  -9.8053951e-01   1.9632183e-01
  9.8044074e-01  -1.9681453e-01  -9.8044074e-01   1.9681453e-01
  9.8034175e-01  -1.9730699e-01  -9.8034175e-01   1.9730699e-01
  9.8024255e-01  -1.9779924e-01  -9.8024255e-01   1.9779924e-01
  9.8014313e-01  -1.9829133e-01  -9.8014313e-01   1.9829133e-01
  9.8004347e-01  -1.9878329e-01  -9.8004347e-01   1.9878329e-01
  9.7994357e-01  -1.9927517e-01  -9.7994357e-01   1.9927517e-01
  9.7984343e-01  -1.9976698e-01  -9.7984343e-01   1.9976698e-01
  9.7974305e-01  -2.0025875e-01  -9.7974305e-01   2.0025875e-01
  9.7964240e-01  -2.0075049e-01  -9.7964240e-01   2.0075049e-01
  9.7954151e-01  -2.0124222e-01  -9.7954151e-01   2.0124222e-01
  9.7944036e-01  -2.0173395e-01  -9.7944036e-01   2.0173395e-01
  9.7933895e-01  -2.0222568e-01  -9.7933895e-01   2.0222568e-01
  9.7923728e-01  -2.0271742e-01  -9.7923728e-01   2.0271742e-01
  9.7913535e-01  -2.0320916e-01  -9.7913535e-01   2.0320916e-01
  9.7903316e-01  -2.0370092e-01  -9.7903316e-01   2.0370092e-01
  9.7893071e-01  -2.0419272e-01  -9.7893071e-01   2.0419272e-01
  9.7882798e-01  -2.0468459e-01  -9.7882798e-01   2.0468459e-01
  9.7872498e-01  -2.0517653e-01  -9.7872498e-01   2.0517653e-01
  9.7862170e-01  -2.0566860e-01  -9.7862170e-01   2.0566860e-01
  9.7851812e-01  -2.0616082e-01  -9.7851812e-01   2.0616082e-01
  9.7841425e-01  -2.0665324e-01  -9.7841425e-01   2.0665324e-01
  9.7831006e-01  -2.0714591e-01  -9.7831006e-01   2.0714591e-01
  9.7820555e-01  -2.0763887e-01  -9.7820555e-01   2.0763887e-01
  9.7810071e-01  -2.0813218e-01  -9.7810071e-01   2.0813218e-01
  9.7799552e-01  -2.0862591e-01  -9.7799552e-01   2.0862591e-01
  9.7788996e-01  -2.0912013e-01  -9.7788996e-01   2.0912013e-01
  9.7778402e-01  -2.0961490e-01  -9.7778402e-01   2.0961490e-01
  9.7767769e-01  -2.1011031e-01  -9.7767769e-01   2.1011031e-01
  9.7757093e-01  -2.1060644e-01  -9.7757093e-01   2.1060644e-01
  9.7746374e-01  -2.1110339e-01  -9.7746374e-01   2.1110339e-01
  9.7735608e-01  -2.1160124e-01  -9.7735608e-01   2.1160124e-01
  9.7724794e-01  -2.1210012e-01  -9.7724794e-01   2.1210012e-01
  9.7713929e-01  -2.1260011e-01  -9.7713929e-01   2.1260011e-01
  9.7703010e-01  -2.1310135e-01  -9.7703010e-01   2.1310135e-01
  9.7692034e-01  -2.1360396e-01  -9.7692034e-01   2.1360396e-01
  9.7680998e-01  -2.1410808e-01  -9.7680998e-01   2.1410808e-01
  9.7669898e-01  -2.1461383e-01  -9.7669898e-01   2.1461383e-01
  9.7658732e-01  -2.1512138e-01  -9.7658732e-01   2.1512138e-01
  9.7647495e-01  -2.1563088e-01  -9.7647495e-01   2.1563088e-01
  9.7636183e-01  -2.1614250e-01  -9.7636183e-01   2.1614250e-01
  9.7624792e-01  -2.1665642e-01  -9.7624792e-01   2.1665642e-01
  9.7613317e-01  -2.1717283e-01  -9.7613317e-01   2.1717283e-01
  9.7601753e-01  -2.1769195e-01  -9.7601753e-01   2.1769195e-01
  9.7590095e-01  -2.1821397e-01  -9.7590095e-01   2.1821397e-01
  9.7578337e-01  -2.1873914e-01  -9.7578337e-01   2.1873914e-01
  9.7566474e-01  -2.1926770e-01  -9.7566474e-01   2.1926770e-01
  9.7554498e-01  -2.1979991e-01  -9.7554498e-01   2.1979991e-01
  9.7542402e-01  -2.2033606e-01  -9.7542402e-01   2.2033606e-01
  9.7530180e-01  -2.2087645e-01  -9.7530180e-01   2.2087645e-01
  9.7517822e-01  -2.2142141e-01  -9.7517822e-01   2.2142141e-01
  9.7505320e-01  -2.2197128e-01  -9.7505320e-01   2.2197128e-01
  9.7492666e-01  -2.2252644e-01  -9.7492666e-01   2.2252644e-01
  9.7479847e-01  -2.2308731e-01  -9.7479847e-01   2.2308731e-01
  9.7466853e-01  -2.2365432e-01  -9.7466853e-01   2.2365432e-01
  9.7453672e-01  -2.2422795e-01  -9.7453672e-01   2.2422795e-01
  9.7440291e-01  -2.2480873e-01  -9.7440291e-01   2.2480873e-01
  9.7426695e-01  -2.2539723e-01  -9.7426695e-01   2.2539723e-01
  9.7412868e-01  -2.2599407e-01  -9.7412868e-01   2.2599407e-01
  9.7398792e-01  -2.2659995e-01  -9.7398792e-01   2.2659995e-01
  9.7384448e-01  -2.2721562e-01  -9.7384448e-01   2.2721562e-01
  9.7369813e-01  -2.2784193e-01  -9.7369813e-01   2.2784193e-01
  9.7354865e-01  -2.2847981e-01  -9.7354865e-01   2.2847981e-01
  9.7339576e-01  -2.2913030e-01  -9.7339576e-01   2.2913030e-01
  9.7323915e-01  -2.2979460e-01  -9.7323915e-01   2.2979460e-01
  9.7307848e-01  -2.3047401e-01  -9.7307848e-01   2.3047401e-01
  9.7291336e-01  -2.3117004e-01  -9.7291336e-01   2.3117004e-01
  9.7274334e-01  -2.3188442e-01  -9.7274334e-01   2.3188442e-01
  9.7256791e-01  -2.3261913e-01  -9.7256791e-01   2.3261913e-01
  9.7238646e-01  -2.3337646e-01  -9.7238646e-01   2.3337646e-01
  9.7219829e-01  -2.3415909e-01  -9.7219829e-01   2.3415909e-01
  9.7200258e-01  -2.3497020e-01  -9.7200258e-01   2.3497020e-01
  9.7179832e-01  -2.3581356e-01  -9.7179832e-01   2.3581356e-01
  9.7158431e-01  -2.3669373e-01  -9.7158431e-01   2.3669373e-01
  9.7135909e-01  -2.3761632e-01  -9.7135909e-01   2.3761632e-01
  9.7112081e-01  -2.3858828e-01  -9.7112081e-01   2.3858828e-01
  9.7086714e-01  -2.3961843e-01  -9.7086714e-01   2.3961843e-01
  9.7059505e-01  -2.4071821e-01  -9.7059505e-01   2.4071821e-01
  9.7030047e-01  -2.4190286e-01  -9.7030047e-01   2.4190286e-01
  9.6997783e-01  -2.4319335e-01  -9.6997783e-01   2.4319335e-01
  9.6961908e-01  -2.4461978e-01  -9.6961908e-01   2.4461978e-01
  9.6921200e-01  -2.4622773e-01  -9.6921200e-01   2.4622773e-01
  9.6873658e-01  -2.4809159e-01  -9.6873658e-01   2.4809159e-01
  9.6815632e-01  -2.5034643e-01  -9.6815632e-01   2.5034643e-01
  9.6739210e-01  -2.5328347e-01  -9.6739210e-01   2.5328347e-01
  9.6620381e-01  -2.5777936e-01  -9.6620381e-01   2.5777936e-01
  9.9002818e-01  -1.4086948e-01  -9.9002818e-01   1.4086948e-01
  9.8905453e-01  -1.4755047e-01  -9.8905453e-01   1.4755047e-01
  9.8851203e-01  -1.5114221e-01  -9.8851203e-01   1.5114221e-01
  9.8811287e-01  -1.5373012e-01  -9.8811287e-01   1.5373012e-01
  9.8778842e-01  -1.5580125e-01  -9.8778842e-01   1.5580125e-01
  9.8751053e-01  -1.5755304e-01  -9.8751053e-01   1.5755304e-01
  9.8726467e-01  -1.5908638e-01  -9.8726467e-01   1.5908638e-01
  9.8704232e-01  -1.6046017e-01  -9.8704232e-01   1.6046017e-01
  9.8683800e-01  -1.6171198e-01  -9.8683800e-01   1.6171198e-01
  9.8664798e-01  -1.6286733e-01  -9.8664798e-01   1.6286733e-01
  9.8646958e-01  -1.6394440e-01  -9.8646958e-01   1.6394440e-01
  9.8630082e-01  -1.6495662e-01  -9.8630082e-01   1.6495662e-01
  9.8614019e-01  -1.6591423e-01  -9.8614019e-01   1.6591423e-01
  9.8598649e-01  -1.6682519e-01  -9.8598649e-01   1.6682519e-01
  9.8583878e-01  -1.6769587e-01  -9.8583878e-01   1.6769587e-01
  9.8569629e-01  -1.6853140e-01  -9.8569629e-01   1.6853140e-01
  9.8555838e-01  -1.6933602e-01  -9.8555838e-01   1.6933602e-01
  9.8542452e-01  -1.7011326e-01  -9.8542452e-01   1.7011326e-01
  9.8529426e-01  -1.7086609e-01  -9.8529426e-01   1.7086609e-01
  9.8516722e-01  -1.7159703e-01  -9.8516722e-01   1.7159703e-01
  9.8504308e-01  -1.7230826e-01  -9.8504308e-01   1.7230826e-01
  9.8492154e-01  -1.7300165e-01  -9.8492154e-01   1.7300165e-01
  9.8480235e-01  -1.7367884e-01  -9.8480235e-01   1.7367884e-01
  9.8468529e-01  -1.7434128e-01  -9.8468529e-01   1.7434128e-01
  9.8457017e-01  -1.7499024e-01  -9.8457017e-01   1.7499024e-01
  9.8445681e-01  -1.7562684e-01  -9.8445681e-01   1.7562684e-01
  9.8434506e-01  -1.7625210e-01  -9.8434506e-01   1.7625210e-01
  9.8423478e-01  -1.7686691e-01  -9.8423478e-01   1.7686691e-01
  9.8412583e-01  -1.7747209e-01  -9.8412583e-01   1.7747209e-01
  9.8401812e-01  -1.7806838e-01  -9.8401812e-01   1.7806838e-01
  9.8391152e-01  -1.7865644e-01  -9.8391152e-01   1.7865644e-01
  9.8380595e-01  -1.7923689e-01  -9.8380595e-01   1.7923689e-01
  9.8370131e-01  -1.7981028e-01  -9.8370131e-01   1.7981028e-01
  9.8359753e-01  -1.8037712e-01  -9.8359753e-01   1.8037712e-01
  9.8349452e-01  -1.8093789e-01  -9.8349452e-01   1.8093789e-01
  9.8339224e-01  -1.8149301e-01  -9.8339224e-01   1.8149301e-01
  9.8329059e-01  -1.8204288e-01  -9.8329059e-01   1.8204288e-01
  9.8318954e-01  -1.8258787e-01  -9.8318954e-01   1.8258787e-01
  9.8308902e-01  -1.8312834e-01  -9.8308902e-01   1.8312834e-01
  9.8298897e-01  -1.8366459e-01  -9.8298897e-01   1.8366459e-01
  9.8288936e-01  -1.8419692e-01  -9.8288936e-01   1.8419692e-01
  9.8279013e-01  -1.8472562e-01  -9.8279013e-01   1.8472562e-01
  9.8269125e-01  -1.8525093e-01  -9.8269125e-01   1.8525093e-01
  9.8259267e-01  -1.8577312e-01  -9.8259267e-01   1.8577312e-01
  9.8249435e-01  -1.8629240e-01  -9.8249435e-01   1.8629240e-01
  9.8239626e-01  -1.8680899e-01  -9.8239626e-01   1.8680899e-01
  9.8229836e-01  -1.8732308e-01  -9.8229836e-01   1.8732308e-01
  9.8220062e-01  -1.8783488e-01  -9.8220062e-01   1.8783488e-01
  9.8210301e-01  -1.8834455e-01  -9.8210301e-01   1.8834455e-01
  9.8200551e-01  -1.8885227e-01  -9.8200551e-01   1.8885227e-01
  9.8190808e-01  -1.8935819e-01  -9.8190808e-01   1.8935819e-01
  9.8181070e-01  -1.8986246e-01  -9.8181070e-01   1.8986246e-01
  9.8171334e-01  -1.9036522e-01  -9.8171334e-01   1.9036522e-01
  9.8161598e-01  -1.9086660e-01  -9.8161598e-01   1.9086660e-01
  9.8151860e-01  -1.9136674e-01  -9.8151860e-01   1.9136674e-01
  9.8142118e-01  -1.9186574e-01  -9.8142118e-01   1.9186574e-01
  9.8132370e-01  -1.9236372e-01  -9.8132370e-01   1.9236372e-01
  9.8122613e-01  -1.9286077e-01  -9.8122613e-01   1.9286077e-01
  9.8112847e-01  -1.9335701e-01  -9.8112847e-01   1.9335701e-01
  9.8103069e-01  -1.9385251e-01  -9.8103069e-01   1.9385251e-01
  9.8093277e-01  -1.9434736e-01  -9.8093277e-01   1.9434736e-01
  9.8083471e-01  -1.9484165e-01  -9.8083471e-01   1.9484165e-01
  9.8073649e-01  -1.9533545e-01  -9.8073649e-01   1.9533545e-01
  9.8063810e-01  -1.9582882e-01  -9.8063810e-01   1.9582882e-01
  9.8053951e-01  -1.9632183e-01  -9.8053951e-01   1.9632183e-01
  9.8044074e-01  -1.9681453e-01  -9.8044074e-01   1.9681453e-01
  9.8034175e-01  -1.9730699e-01  -9.8034175e-01   1.9730699e-01
  9.8024255e-01  -1.9779924e-01  -9.8024255e-01   1.9779924e-01
  9.8014313e-01  -1.9829133e-01  -9.8014313e-01   1.9829133e-01
  9.8004347e-01  -1.9878329e-01  -9.8004347e-01   1.9878329e-01
  9.7994357e-01  -1.9927517e-01  -9.7994357e-01   1.9927517e-01
  9.7984343e-01  -1.9976698e-01  -9.7984343e-01   1.9976698e-01
  9.7974305e-01  -2.0025875e-01  -9.7974305e-01   2.0025875e-01
  9.7964240e-01  -2.0075049e-01  -9.7964240e-01   2.0075049e-01
  9.7954151e-01  -2.0124222e-01  -9.7954151e-01   2.0124222e-01
  9.7944036e-01  -2.0173395e-01  -9.7944036e-01   2.0173395e-01
  9.7933895e-01  -2.0222568e-01  -9.7933895e-01   2.0222568e-01
  9.7923728e-01  -2.0271742e-01  -9.7923728e-01   2.0271742e-01
  9.7913535e-01  -2.0320916e-01  -9.7913535e-01   2.0320916e-01
  9.7903316e-01  -2.0370092e-01  -9.7903316e-01   2.0370092e-01
  9.7893071e-01  -2.0419272e-01  -9.7893071e-01   2.0419272e-01
  9.7882798e-01  -2.0468459e-01  -9.7882798e-01   2.0468459e-01
  9.7872498e-01  -2.0517653e-01  -9.7872498e-01   2.0517653e-01
  9.7862170e-01  -2.0566860e-01  -9.7862170e-01   2.0566860e-01
  9.7851812e-01  -2.0616082e-01  -9.7851812e-01   2.0616082e-01
  9.7841425e-01  -2.0665324e-01  -9.7841425e-01   2.0665324e-01
  9.7831006e-01  -2.0714591e-01  -9.7831006e-01   2.0714591e-01
  9.7820555e-01  -2.0763887e-01  -9.7820555e-01   2.0763887e-01
  9.7810071e-01  -2.0813218e-01  -9.7810071e-01   2.0813218e-01
  9.7799552e-01  -2.0862591e-01  -9.7799552e-01   2.0862591e-01
  9.7788996e-01  -2.0912013e-01  -9.7788996e-01   2.0912013e-01
  9.7778402e-01  -2.0961490e-01  -9.7778402e-01   2.0961490e-01
  9.7767769e-01  -2.1011031e-01  -9.7767769e-01   2.1011031e-01
  9.7757093e-01  -2.1060644e-01  -9.7757093e-01   2.1060644e-01
  9.7746374e-01  -2.1110339e-01  -9.7746374e-01   2.1110339e-01
  9.7735608e-01  -2.1160124e-01  -9.7735608e-01   2.1160124e-01
  9.7724794e-01  -2.1210012e-01  -9.7724794e-01   2.1210012e-01
  9.7713929e-01  -2.1260011e-01  -9.7713929e-01   2.1260011e-01
  9.7703010e-01  -2.1310135e-01  -9.7703010e-01   2.1310135e-01
  9.7692034e-01  -2.1360396e-01  -9.7692034e-01   2.1360396e-01
  9.7680998e-01  -2.1410808e-01  -9.7680998e-01   2.1410808e-01
  9.7669898e-01  -2.1461383e-01  -9.7669898e-01   2.1461383e-01
  9.7658732e-01  -2.1512138e-01  -9.7658732e-01   2.1512138e-01
  9.7647495e-01  -2.1563088e-01  -9.7647495e-01   2.1563088e-01
  9.7636183e-01  -2.1614250e-01  -9.7636183e-01   2.1614250e-01
  9.7624792e-01  -2.1665642e-01  -9.7624792e-01   2.1665642e-01
  9.7613317e-01  -2.1717283e-01  -9.7613317e-01   2.1717283e-01
  9.7601753e-01  -2.1769195e-01  -9.7601753e-01   2.1769195e-01
  9.7590095e-01  -2.1821397e-01  -9.7590095e-01   2.1821397e-01
  9.7578337e-01  -2.1873914e-01  -9.7578337e-01   2.1873914e-01
  9.7566474e-01  -2.1926770e-01  -9.7566474e-01   2.1926770e-01
  9.7554498e-01  -2.1979991e-01  -9.7554498e-01   2.1979991e-01
  9.7542402e-01  -2.2033606e-01  -9.7542402e-01   2.2033606e-01
  9.7530180e-01  -2.2087645e-01  -9.7530180e-01   2.2087645e-01
  9.7517822e-01  -2.2142141e-01  -9.7517822e-01   2.2142141e-01
  9.7505320e-01  -2.2197128e-01  -9.7505320e-01   2.2197128e-01
  9.7492666e-01  -2.2252644e-01  -9.7492666e-01   2.2252644e-01
  9.7479847e-01  -2.2308731e-01  -9.7479847e-01   2.2308731e-01
  9.7466853e-01  -2.2365432e-01  -9.7466853e-01   2.2365432e-01
  9.7453672e-01  -2.2422795e-01  -9.7453672e-01   2.2422795e-01
  9.7440291e-01  -2.2480873e-01  -9.7440291e-01   2.2480873e-01
  9.7426695e-01  -2.2539723e-01  -9.7426695e-01   2.2539723e-01
  9.7412868e-01  -2.2599407e-01  -9.7412868e-01   2.2599407e-01
  9.7398792e-01  -2.2659995e-01  -9.7398792e-01   2.2659995e-01
  9.7384448e-01  -2.2721562e-01  -9.7384448e-01   2.2721562e-01
  9.7369813e-01  -2.2784193e-01  -9.7369813e-01   2.2784193e-01
  9.7354865e-01  -2.2847981e-01  -9.7354865e-01   2.2847981e-01
  9.7339576e-01  -2.2913030e-01  -9.7339576e-01   2.2913030e-01
  9.7323915e-01  -2.2979460e-01  -9.7323915e-01   2.2979460e-01
  9.7307848e-01  -2.3047401e-01  -9.7307848e-01   2.3047401e-01
  9.7291336e-01  -2.3117004e-01  -9.7291336e-01   2.3117004e-01
  9.7274334e-01  -2.3188442e-01  -9.7274334e-01   2.3188442e-01
  9.7256791e-01  -2.3261913e-01  -9.7256791e-01   2.3261913e-01
  9.7238646e-01  -2.3337646e-01  -9.7238646e-01   2.3337646e-01
  9.7219829e-01  -2.3415909e-01  -9.7219829e-01   2.3415909e-01
  9.7200258e-01  -2.3497020e-01  -9.7200258e-01   2.3497020e-01
  9.7179832e-01  -2.3581356e-01  -9.7179832e-01   2.3581356e-01
  9.7158431e-01  -2.3669373e-01  -9.7158431e-01   2.3669373e-01
  9.7135909e-01  -2.3761632e-01  -9.7135909e-01   2.3761632e-01
  9.7112081e-01  -2.3858828e-01  -9.7112081e-01   2.3858828e-01
  9.7086714e-01  -2.3961843e-01  -9.7086714e-01   2.3961843e-01
  9.7059505e-01  -2.4071821e-01  -9.7059505e-01   2.4071821e-01
  9.7030047e-01  -2.4190286e-01  -9.7030047e-01   2.4190286e-01
  9.6997783e-01  -2.4319335e-01  -9.6997783e-01   2.4319335e-01
  9.6961908e-01  -2.4461978e-01  -9.6961908e-01   2.4461978e-01
  9.6921200e-01  -2.4622773e-01  -9.6921200e-01   2.4622773e-01
  9.6873658e-01  -2.4809159e-01  -9.6873658e-01   2.4809159e-01
  9.6815632e-01  -2.5034643e-01  -9.6815632e-01   2.5034643e-01
  9.6739210e-01  -2.5328347e-01  -9.6739210e-01   2.5328347e-01
  9.6620381e-01  -2.5777936e-01  -9.6620381e-01   2.5777936e-01
  9.9002818e-01  -1.4086948e-01  -9.9002818e-01   1.4086948e-01
  9.8905453e-01  -1.4755047e-01  -9.8905453e-01   1.4755047e-01
  9.8851203e-01  -1.5114221e-01  -9.8851203e-01   1.5114221e-01
  9.8811287e-01  -1.5373012e-01  -9.8811287e-01   1.5373012e-01
  9.8778842e-01  -1.5580125e-01  -9.8778842e-01   1.5580125e-01
  9.8751053e-01  -1.5755304e-01  -9.8751053e-01   1.5755304e-01
  9.8726467e-01  -1.5908638e-01  -9.8726467e-01   1.5908638e-01
  9.8704232e-01  -1.6046017e-01  -9.8704232e-01   1.6046017e-01
  9.8683800e-01  -1.6171198e-01  -9.8683800e-01   1.6171198e-01
  9.8664798e-01  -1.6286733e-01  -9.8664798e-01   1.6286733e-01
  9.8646958e-01  -1.6394440e-01  -9.8646958e-01   1.6394440e-01
  9.8630082e-01  -1.6495662e-01  -9.8630082e-01   1.6495662e-01
  9.8614019e-01  -1.6591423e-01  -9.8614019e-01   1.6591423e-01
  9.8598649e-01  -1.6682519e-01  -9.8598649e-01   1.6682519e-01
  9.8583878e-01  -1.6769587e-01  -9.8583878e-01   1.6769587e-01
  9.8569629e-01  -1.6853140e-01  -9.8569629e-01   1.6853140e-01
  9.8555838e-01  -1.6933602e-01  -9.8555838e-01   1.6933602e-01
  9.8542452e-01  -1.7011326e-01  -9.8542452e-01   1.7011326e-01
  9.8529426e-01  -1.7086609e-01  -9.8529426e-01   1.7086609e-01
  9.8516722e-01  -1.7159703e-01  -9.8516722e-01   1.7159703e-01
  9.8504308e-01  -1.7230826e-01  -9.8504308e-01   1.7230826e-01
  9.8492154e-01  -1.7300165e-01  -9.8492154e-01   1.7300165e-01
  9.8480235e-01  -1.7367884e-01  -9.8480235e-01   1.7367884e-01
  9.8468529e-01  -1.7434128e-01  -9.8468529e-01   1.7434128e-01
  9.8457017e-01  -1.7499024e-01  -9.8457017e-01   1.7499024e-01
  9.8445681e-01  -1.7562684e-01  -9.8445681e-01   1.7562684e-01
  9.8434506e-01  -1.7625210e-01  -9.8434506e-01   1.7625210e-01
  9.8423478e-01  -1.7686691e-01  -9.8423478e-01   1.7686691e-01
  9.8412583e-01  -1.7747209e-01  -9.8412583e-01   1.7747209e-01
  9.8401812e-01  -1.7806838e-01  -9.8401812e-01   1.7806838e-01
  9.8391152e-01  -1.7865644e-01  -9.8391152e-01   1.7865644e-01
  9.8380595e-01  -1.7923689e-01  -9.8380595e-01   1.7923689e-01
  9.8370131e-01  -1.7981028e-01  -9.8370131e-01   1.7981028e-01
  9.8359753e-01  -1.8037712e-01  -9.8359753e-01   1.8037712e-01
  9.8349452e-01  -1.8093789e-01  -9.8349452e-01   1.8093789e-01
  9.8339224e-01  -1.8149301e-01  -9.8339224e-01   1.8149301e-01
  9.8329059e-01  -1.8204288e-01  -9.8329059e-01   1.8204288e-01
  9.8318954e-01  -1.8258787e-01  -9.8318954e-01   1.8258787e-01
  9.8308902e-01  -1.8312834e-01  -9.8308902e-01   1.8312834e-01
  9.8298897e-01  -1.8366459e-01  -9.8298897e-01   1.8366459e-01
  9.8288936e-01  -1.8419692e-01  -9.8288936e-01   1.8419692e-01
  9.8279013e-01  -1.8472562e-01  -9.8279013e-01   1.8472562e-01
  9.8269125e-01  -1.8525093e-01  -9.8269125e-01   1.8525093e-01
  9.8259267e-01  -1.8577312e-01  -9.8259267e-01   1.8577312e-01
  9.8249435e-01  -1.8629240e-01  -9.8249435e-01   1.8629240e-01
  9.8239626e-01  -1.8680899e-01  -9.8239626e-01   1.8680899e-01
  9.8229836e-01  -1.8732308e-01  -9.8229836e-01   1.8732308e-01
  9.8220062e-01  -1.8783488e-01  -9.8220062e-01   1.8783488e-01
  9.8210301e-01  -1.8834455e-01  -9.8210301e-01   1.8834455e-01
  9.8200551e-01  -1.8885227e-01  -9.8200551e-01   1.8885227e-01
  9.8190808e-01  -1.8935819e-01  -9.8190808e-01   1.8935819e-01
  9.8181070e-01  -1.8986246e-01  -9.8181070e-01   1.8986246e-01
  9.8171334e-01  -1.9036522e-01  -9.8171334e-01   1.9036522e-01
  9.8161598e-01  -1.9086660e-01  -9.8161598e-01   1.9086660e-01
  9.8151860e-01  -1.9136674e-01  -9.8151860e-01   1.9136674e-01
  9.8142118e-01  -1.9186574e-01  -9.8142118e-01   1.9186574e-01
  9.8132370e-01  -1.9236372e-01  -9.8132370e-01   1.9236372e-01
  9.8122613e-01  -1.9286077e-01  -9.8122613e-01   1.9286077e-01
  9.8112847e-01  -1.9335701e-01  -9.8112847e-01   1.9335701e-01
  9.8103069e-01  -1.9385251e-01  -9.8103069e-01   1.9385251e-01
  9.8093277e-01  -1.9434736e-01  -9.8093277e-01   1.9434736e-01
  9.8083471e-01  -1.9484165e-01  -9.8083471e-01   1.9484165e-01
  9.8073649e-01  -1.9533545e-01  -9.8073649e-01   1.9533545e-01
  9.8063810e-01  -1.9582882e-01  -9.8063810e-01   1.9582882e-01
  9.8053951e-01  -1.9632183e-01  -9.8053951e-01   1.9632183e-01
  9.8044074e-01  -1.9681453e-01  -9.8044074e-01   1.9681453e-01
  9.8034175e-01  -1.9730699e-01  -9.8034175e-01   1.9730699e-01
  9.8024255e-01  -1.9779924e-01  -9.8024255e-01   1.9779924e-01
  9.8014313e-01  -1.9829133e-01  -9.8014313e-01   1.9829133e-01
  9.8004347e-01  -1.9878329e-01  -9.8004347e-01   1.9878329e-01
  9.7994357e-01  -1.9927517e-01  -9.7994357e-01   1.9927517e-01
  9.7984343e-01  -1.9976698e-01  -9.7984343e-01   1.9976698e-01
  9.7974305e-01  -2.0025875e-01  -9.7974305e-01   2.0025875e-01
  9.7964240e-01  -2.0075049e-01  -9.7964240e-01   2.0075049e-01
  9.7954151e-01  -2.0124222e-01  -9.7954151e-01   2.0124222e-01
  9.7944036e-01  -2.0173395e-01  -9.7944036e-01   2.0173395e-01
  9.7933895e-01  -2.0222568e-01  -9.7933895e-01   2.0222568e-01
  9.7923728e-01  -2.0271742e-01  -9.7923728e-01   2.0271742e-01
  9.7913535e-01  -2.0320916e-01  -9.7913535e-01   2.0320916e-01
  9.7903316e-01  -2.0370092e-01  -9.7903316e-01   2.0370092e-01
  9.7893071e-01  -2.0419272e-01  -9.7893071e-01   2.0419272e-01
  9.7882798e-01  -2.0468459e-01  -9.7882798e-01   2.0468459e-01
  9.7872498e-01  -2.0517653e-01  -9.7872498e-01   2.0517653e-01
  9.7862170e-01  -2.0566860e-01  -9.7862170e-01   2.0566860e-01
  9.7851812e-01  -2.0616082e-01  -9.7851812e-01   2.0616082e-01
  9.7841425e-01  -2.0665324e-01  -9.7841425e-01   2.0665324e-01
  9.7831006e-01  -2.0714591e-01  -9.7831006e-01   2.0714591e-01
  9.7820555e-01  -2.0763887e-01  -9.7820555e-01   2.0763887e-01
  9.7810071e-01  -2.0813218e-01  -9.7810071e-01   2.0813218e-01
  9.7799552e-01  -2.0862591e-01  -9.7799552e-01   2.0862591e-01
  9.7788996e-01  -2.0912013e-01  -9.7788996e-01   2.0912013e-01
  9.7778402e-01  -2.0961490e-01  -9.7778402e-01   2.0961490e-01
  9.7767769e-01  -2.1011031e-01  -9.7767769e-01   2.1011031e-01
  9.7757093e-01  -2.1060644e-01  -9.7757093e-01   2.1060644e-01
  9.7746374e-01  -2.1110339e-01  -9.7746374e-01   2.1110339e-01
  9.7735608e-01  -2.1160124e-01  -9.7735608e-01   2.1160124e-01
  9.7724794e-01  -2.1210012e-01  -9.7724794e-01   2.1210012e-01
  9.7713929e-01  -2.1260011e-01  -9.7713929e-01   2.1260011e-01
  9.7703010e-01  -2.1310135e-01  -9.7703010e-01   2.1310135e-01
  9.7692034e-01  -2.1360396e-01  -9.7692034e-01   2.1360396e-01
  9.7680998e-01  -2.1410808e-01  -9.7680998e-01   2.1410808e-01
  9.7669898e-01  -2.1461383e-01  -9.7669898e-01   2.1461383e-01
  9.7658732e-01  -2.1512138e-01  -9.7658732e-01   2.1512138e-01
  9.7647495e-01  -2.1563088e-01  -9.7647495e-01   2.1563088e-01
  9.7636183e-01  -2.1614250e-01  -9.7636183e-01   2.1614250e-01
  9.7624792e-01  -2.1665642e-01  -9.7624792e-01   2.1665642e-01
  9.7613317e-01  -2.1717283e-01  -9.7613317e-01   2.1717283e-01
  9.7601753e-01  -2.1769195e-01  -9.7601753e-01   2.1769195e-01
  9.7590095e-01  -2.1821397e-01  -9.7590095e-01   2.1821397e-01
  9.7578337e-01  -2.1873914e-01  -9.7578337e-01   2.1873914e-01
  9.7566474e-01  -2.1926770e-01  -9.7566474e-01   2.1926770e-01
  9.7554498e-01  -2.1979991e-01  -9.7554498e-01   2.1979991e-01
  9.7542402e-01  -2.2033606e-01  -9.7542402e-01   2.2033606e-01
  9.7530180e-01  -2.2087645e-01  -9.7530180e-01   2.2087645e-01
  9.7517822e-01  -2.2142141e-01  -9.7517822e-01   2.2142141e-01
  9.7505320e-01  -2.2197128e-01  -9.7505320e-01   2.2197128e-01
  9.7492666e-01  -2.2252644e-01  -9.7492666e-01   2.2252644e-01
  9.7479847e-01  -2.2308731e-01  -9.7479847e-01   2.2308731e-01
  9.7466853e-01  -2.2365432e-01  -9.7466853e-01   2.2365432e-01
  9.7453672e-01  -2.2422795e-01  -9.7453672e-01   2.2422795e-01
  9.7440291e-01  -2.2480873e-01  -9.7440291e-01   2.2480873e-01
  9.7426695e-01  -2.2539723e-01  -9.7426695e-01   2.2539723e-01
  9.7412868e-01  -2.2599407e-01  -9.7412868e-01   2.2599407e-01
  9.7398792e-01  -2.2659995e-01  -9.7398792e-01   2.2659995e-01
  9.7384448e-01  -2.2721562e-01  -9.7384448e-01   2.2721562e-01
  9.7369813e-01  -2.2784193e-01  -9.7369813e-01   2.2784193e-01
  9.7354865e-01  -2.2847981e-01  -9.7354865e-01   2.2847981e-01
  9.7339576e-01  -2.2913030e-01  -9.7339576e-01   2.2913030e-01
  9.7323915e-01  -2.2979460e-01  -9.7323915e-01   2.2979460e-01
  9.7307848e-01  -2.3047401e-01  -9.7307848e-01   2.3047401e-01
  9.7291336e-01  -2.3117004e-01  -9.7291336e-01   2.3117004e-01
  9.7274334e-01  -2.3188442e-01  -9.7274334e-01   2.3188442e-01
  9.7256791e-01  -2.3261913e-01  -9.7256791e-01   2.3261913e-01
  9.7238646e-01  -2.3337646e-01  -9.7238646e-01   2.3337646e-01
  9.7219829e-01  -2.3415909e-01  -9.7219829e-01   2.3415909e-01
  9.7200258e-01  -2.3497020e-01  -9.7200258e-01   2.3497020e-01
  9.7179832e-01  -2.3581356e-01  -9.7179832e-01   2.3581356e-01
  9.7158431e-01  -2.3669373e-01  -9.7158431e-01   2.3669373e-01
  9.7135909e-01  -2.3761632e-01  -9.7135909e-01   2.3761632e-01
  9.7112081e-01  -2.3858828e-01  -9.7112081e-01   2.3858828e-01
  9.7086714e-01  -2.3961843e-01  -9.7086714e-01   2.3961843e-01
  9.7059505e-01  -2.4071821e-01  -9.7059505e-01   2.4071821e-01
  9.7030047e-01  -2.4190286e-01  -9.7030047e-01   2.4190286e-01
  9.6997783e-01  -2.4319335e-01  -9.6997783e-01   2.4319335e-01
  9.6961908e-01  -2.4461978e-01  -9.6961908e-01   2.4461978e-01
  9.6921200e-01  -2.4622773e-01  -9.6921200e-01   2.4622773e-01
  9.6873658e-01  -2.4809159e-01  -9.6873658e-01   2.4809159e-01
  9.6815632e-01  -2.5034643e-01  -9.6815632e-01   2.5034643e-01
  9.6739210e-01  -2.5328347e-01  -9.6739210e-01   2.5328347e-01
  9.6620381e-01  -2.5777936e-01  -9.6620381e-01   2.5777936e-01
  9.9002818e-01  -1.4086948e-01  -9.9002818e-01   1.4086948e-01
  9.8905453e-01  -1.4755047e-01  -9.8905453e-01   1.4755047e-01
  9.8851203e-01  -1.5114221e-01  -9.8851203e-01   1.5114221e-01
  9.8811287e-01  -1.5373012e-01  -9.8811287e-01   1.5373012e-01
  9.8778842e-01  -1.5580125e-01  -9.8778842e-01   1.5580125e-01
  9.8751053e-01  -1.5755304e-01  -9.8751053e-01   1.5755304e-01
  9.8726467e-01  -1.5908638e-01  -9.8726467e-01   1.5908638e-01
  9.8704232e-01  -1.6046017e-01  -9.8704232e-01   1.6046017e-01
  9.8683800e-01  -1.6171198e-01  -9.8683800e-01   1.6171198e-01
  9.8664798e-01  -1.6286733e-01  -9.8664798e-01   1.6286733e-01
  9.8646958e-01  -1.6394440e-01  -9.8646958e-01   1.6394440e-01
  9.8630082e-01  -1.6495662e-01  -9.8630082e-01   1.6495662e-01
  9.8614019e-01  -1.6591423e-01  -9.8614019e-01   1.6591423e-01
  9.8598649e-01  -1.6682519e-01  -9.8598649e-01   1.6682519e-01
  9.8583878e-01  -1.6769587e-01  -9.8583878e-01   1.6769587e-01
  9.8569629e-01  -1.6853140e-01  -9.8569629e-01   1.6853140e-01
  9.8555838e-01  -1.6933602e-01  -9.8555838e-01   1.6933602e-01
  9.8542452e-01  -1.7011326e-01  -9.8542452e-01   1.7011326e-01
  9.8529426e-01  -1.7086609e-01  -9.8529426e-01   1.7086609e-01
  9.8516722e-01  -1.7159703e-01  -9.8516722e-01   1.7159703e-01
  9.8504308e-01  -1.7230826e-01  -9.8504308e-01   1.7230826e-01
  9.8492154e-01  -1.7300165e-01  -9.8492154e-01   1.7300165e-01
  9.8480235e-01  -1.7367884e-01  -9.8480235e-01   1.7367884e-01
  9.8468529e-01  -1.7434128e-01  -9.8468529e-01   1.7434128e-01
  9.8457017e-01  -1.7499024e-01  -9.8457017e-01   1.7499024e-01
  9.8445681e-01  -1.7562684e-01  -9.8445681e-01   1.7562684e-01
  9.8434506e-01  -1.7625210e-01  -9.8434506e-01   1.7625210e-01
  9.8423478e-01  -1.7686691e-01  -9.8423478e-01   1.7686691e-01
  9.8412583e-01  -1.7747209e-01  -9.8412583e-01   1.7747209e-01
  9.8401812e-01  -1.7806838e-01  -9.8401812e-01   1.7806838e-01
  9.8391152e-01  -1.7865644e-01  -9.8391152e-01   1.7865644e-01
  9.8380595e-01  -1.7923689e-01  -9.8380595e-01   1.7923689e-01
  9.8370131e-01  -1.7981028e-01  -9.8370131e-01   1.7981028e-01
  9.8359753e-01  -1.8037712e-01  -9.8359753e-01   1.8037712e-01
  9.8349452e-01  -1.8093789e-01  -9.8349452e-01   1.8093789e-01
  9.8339224e-01  -1.8149301e-01  -9.8339224e-01   1.8149301e-01
  9.8329059e-01  -1.8204288e-01  -9.8329059e-01   1.8204288e-01
  9.8318954e-01  -1.8258787e-01  -9.8318954e-01   1.8258787e-01
  9.8308902e-01  -1.8312834e-01  -9.8308902e-01   1.8312834e-01
  9.8298897e-01  -1.8366459e-01  -9.8298897e-01   1.8366459e-01
  9.8288936e-01  -1.8419692e-01  -9.8288936e-01   1.8419692e-01
  9.8279013e-01  -1.8472562e-01  -9.8279013e-01   1.8472562e-01
  9.8269125e-01  -1.8525093e-01  -9.8269125e-01   1.8525093e-01
  9.8259267e-01  -1.8577312e-01  -9.8259267e-01   1.8577312e-01
  9.8249435e-01  -1.8629240e-01  -9.8249435e-01   1.8629240e-01
  9.8239626e-01  -1.8680899e-01  -9.8239626e-01   1.8680899e-01
  9.8229836e-01  -1.8732308e-01  -9.8229836e-01   1.8732308e-01
  9.8220062e-01  -1.8783488e-01  -9.8220062e-01   1.8783488e-01
  9.8210301e-01  -1.8834455e-01  -9.8210301e-01   1.8834455e-01
  9.8200551e-01  -1.8885227e-01  -9.8200551e-01   1.8885227e-01
  9.8190808e-01  -1.8935819e-01  -9.8190808e-01   1.8935819e-01
  9.8181070e-01  -1.8986246e-01  -9.8181070e-01   1.8986246e-01
  9.8171334e-01  -1.9036522e-01  -9.8171334e-01   1.9036522e-01
  9.8161598e-01  -1.9086660e-01  -9.8161598e-01   1.9086660e-01
  9.8151860e-01  -1.9136674e-01  -9.8151860e-01   1.9136674e-01
  9.8142118e-01  -1.9186574e-01  -9.8142118e-01   1.9186574e-01
  9.8132370e-01  -1.9236372e-01  -9.8132370e-01   1.9236372e-01
  9.8122613e-01  -1.9286077e-01  -9.8122613e-01   1.9286077e-01
  9.8112847e-01  -1.9335701e-01  -9.8112847e-01   1.9335701e-01
  9.8103069e-01  -1.9385251e-01  -9.8103069e-01   1.9385251e-01
  9.8093277e-01  -1.9434736e-01  -9.8093277e-01   1.9434736e-01
  9.8083471e-01  -1.9484165e-01  -9.8083471e-01   1.9484165e-01
  9.8073649e-01  -1.9533545e-01  -9.8073649e-01   1.9533545e-01
  9.8063810e-01  -1.9582882e-01  -9.8063810e-01   1.9582882e-01
  9.8053951e-01  -1.9632183e-01  -9.8053951e-01   1.9632183e-01
  9.8044074e-01  -1.9681453e-01  -9.8044074e-01   1.9681453e-01
  9.8034175e-01  -1.9730699e-01  -9.8034175e-01   1.9730699e-01
  9.8024255e-01  -1.9779924e-01  -9.8024255e-01   1.9779924e-01
  9.8014313e-01  -1.9829133e-01  -9.8014313e-01   1.9829133e-01
  9.8004347e-01  -1.9878329e-01  -9.8004347e-01   1.9878329e-01
  9.7994357e-01  -1.9927517e-01  -9.7994357e-01   1.9927517e-01
  9.7984343e-01  -1.9976698e-01  -9.7984343e-01   1.9976698e-01
  9.7974305e-01  -2.0025875e-01  -9.7974305e-01   2.0025875e-01
  9.7964240e-01  -2.0075049e-01  -9.7964240e-01   2.0075049e-01
  9.7954151e-01  -2.0124222e-01  -9.7954151e-01   2.0124222e-01
  9.7944036e-01  -2.0173395e-01  -9.7944036e-01   2.0173395e-01
  9.7933895e-01  -2.0222568e-01  -9.7933895e-01   2.0222568e-01
  9.7923728e-01  -2.0271742e-01  -9.7923728e-01   2.0271742e-01
  9.7913535e-01  -2.0320916e-01  -9.7913535e-01   2.0320916e-01
  9.7903316e-01  -2.0370092e-01  -9.7903316e-01   2.0370092e-01
  9.7893071e-01  -2.0419272e-01  -9.7893071e-01   2.0419272e-01
  9.7882798e-01  -2.0468459e-01  -9.7882798e-01   2.0468459e-01
  9.7872498e-01  -2.0517653e-01  -9.7872498e-01   2.0517653e-01
  9.7862170e-01  -2.0566860e-01  -9.7862170e-01   2.0566860e-01
  9.7851812e-01  -2.0616082e-01  -9.7851812e-01   2.0616082e-01
  9.7841425e-01  -2.0665324e-01  -9.7841425e-01   2.0665324e-01
  9.7831006e-01  -2.0714591e-01  -9.7831006e-01   2.0714591e-01
  9.7820555e-01  -2.0763887e-01  -9.7820555e-01   2.0763887e-01
  9.7810071e-01  -2.0813218e-01  -9.7810071e-01   2.0813218e-01
  9.7799552e-01  -2.0862591e-01  -9.7799552e-01   2.0862591e-01
  9.7788996e-01  -2.0912013e-01  -9.7788996e-01   2.0912013e-01
  9.7778402e-01  -2.0961490e-01  -9.7778402e-01   2.0961490e-01
  9.7767769e-01  -2.1011031e-01  -9.7767769e-01   2.1011031e-01
  9.7757093e-01  -2.1060644e-01  -9.7757093e-01   2.1060644e-01
  9.7746374e-01  -2.1110339e-01  -9.7746374e-01   2.1110339e-01
  9.7735608e-01  -2.1160124e-01  -9.7735608e-01   2.1160124e-01
  9.7724794e-01  -2.1210012e-01  -9.7724794e-01   2.1210012e-01
  9.7713929e-01  -2.1260011e-01  -9.7713929e-01   2.1260011e-01
  9.7703010e-01  -2.1310135e-01  -9.7703010e-01   2.1310135e-01
  9.7692034e-01  -2.1360396e-01  -9.7692034e-01   2.1360396e-01
  9.7680998e-01  -2.1410808e-01  -9.7680998e-01   2.1410808e-01
  9.7669898e-01  -2.1461383e-01  -9.7669898e-01   2.1461383e-01
  9.7658732e-01  -2.1512138e-01  -9.7658732e-01   2.1512138e-01
  9.7647495e-01  -2.1563088e-01  -9.7647495e-01   2.1563088e-01
  9.7636183e-01  -2.1614250e-01  -9.7636183e-01   2.1614250e-01
  9.7624792e-01  -2.1665642e-01  -9.7624792e-01   2.1665642e-01
  9.7613317e-01  -2.1717283e-01  -9.7613317e-01   2.1717283e-01
  9.7601753e-01  -2.1769195e-01  -9.7601753e-01   2.1769195e-01
  9.7590095e-01  -2.1821397e-01  -9.7590095e-01   2.1821397e-01
  9.7578337e-01  -2.1873914e-01  -9.7578337e-01   2.1873914e-01
  9.7566474e-01  -2.1926770e-01  -9.7566474e-01   2.1926770e-01
  9.7554498e-01  -2.1979991e-01  -9.7554498e-01   2.1979991e-01
  9.7542402e-01  -2.2033606e-01  -9.7542402e-01   2.2033606e-01
  9.7530180e-01  -2.2087645e-01  -9.7530180e-01   2.2087645e-01
  9.7517822e-01  -2.2142141e-01  -9.7517822e-01   2.2142141e-01
  9.7505320e-01  -2.2197128e-01  -9.7505320e-01   2.2197128e-01
  9.7492666e-01  -2.2252644e-01  -9.7492666e-01   2.2252644e-01
  9.7479847e-01  -2.2308731e-01  -9.7479847e-01   2.2308731e-01
  9.7466853e-01  -2.2365432e-01  -9.7466853e-01   2.2365432e-01
  9.7453672e-01  -2.2422795e-01  -9.7453672e-01   2.2422795e-01
  9.7440291e-01  -2.2480873e-01  -9.7440291e-01   2.2480873e-01
  9.7426695e-01  -2.2539723e-01  -9.7426695e-01   2.2539723e-01
  9.7412868e-01  -2.2599407e-01  -9.7412868e-01   2.2599407e-01
  9.7398792e-01  -2.2659995e-01  -9.7398792e-01   2.2659995e-01
  9.7384448e-01  -2.2721562e-01  -9.7384448e-01   2.2721562e-01
  9.7369813e-01  -2.2784193e-01  -9.7369813e-01   2.2784193e-01
  9.7354865e-01  -2.2847981e-01  -9.7354865e-01   2.2847981e-01
  9.7339576e-01  -2.2913030e-01  -9.7339576e-01   2.2913030e-01
  9.7323915e-01  -2.2979460e-01  -9.7323915e-01   2.2979460e-01
  9.7307848e-01  -2.3047401e-01  -9.7307848e-01   2.3047401e-01
  9.7291336e-01  -2.3117004e-01  -9.7291336e-01   2.3117004e-01
  9.7274334e-01  -2.3188442e-01  -9.7274334e-01   2.3188442e-01
  9.7256791e-01  -2.3261913e-01  -9.7256791e-01   2.3261913e-01
  9.7238646e-01  -2.3337646e-01  -9.7238646e-01   2.3337646e-01
  9.7219829e-01  -2.3415909e-01  -9.7219829e-01   2.3415909e-01
  9.7200258e-01  -2.3497020e-01  -9.7200258e-01   2.3497020e-01
  9.7179832e-01  -2.3581356e-01  -9.7179832e-01   2.3581356e-01
  9.7158431e-01  -2.3669373e-01  -9.7158431e-01   2.3669373e-01
  9.7135909e-01  -2.3761632e-01  -9.7135909e-01   2.3761632e-01
  9.7112081e-01  -2.3858828e-01  -9.7112081e-01   2.3858828e-01
  9.7086714e-01  -2.3961843e-01  -9.7086714e-01   2.3961843e-01
  9.7059505e-01  -2.4071821e-01  -9.7059505e-01   2.4071821e-01
  9.7030047e-01  -2.4190286e-01  -9.7030047e-01   2.4190286e-01
  9.6997783e-01  -2.4319335e-01  -9.6997783e-01   2.4319335e-01
  9.6961908e-01  -2.4461978e-01  -9.6961908e-01   2.4461978e-01
  9.6921200e-01  -2.4622773e-01  -9.6921200e-01   2.4622773e-01
  9.6873658e-01  -2.4809159e-01  -9.6873658e-01   2.4809159e-01
  9.6815632e-01  -2.5034643e-01  -9.6815632e-01   2.5034643e-01
  9.6739210e-01  -2.5328347e-01  -9.6739210e-01   2.5328347e-01
  9.6620381e-01  -2.5777936e-01  -9.6620381e-01   2.5777936e-01
  9.6358565e-01  -2.6739987e-01  -9.6358565e-01   2.6739987e-01
  9.6175974e-01  -2.7389453e-01  -9.6175974e-01   2.7389453e-01
  9.6075931e-01  -2.7738339e-01  -9.6075931e-01   2.7738339e-01
  9.6003033e-01  -2.7989598e-01  -9.6003033e-01   2.7989598e-01
  9.5944200e-01  -2.8190611e-01  -9.5944200e-01   2.8190611e-01
  9.5894095e-01  -2.8360580e-01  -9.5894095e-01   2.8360580e-01
  9.5849982e-01  -2.8509314e-01  -9.5849982e-01   2.8509314e-01
  9.5810254e-01  -2.8642542e-01  -9.5810254e-01   2.8642542e-01
  9.5773885e-01  -2.8763916e-01  -9.5773885e-01   2.8763916e-01
  9.5740177e-01  -2.8875916e-01  -9.5740177e-01   2.8875916e-01
  9.5708629e-01  -2.8980309e-01  -9.5708629e-01   2.8980309e-01
  9.5678872e-01  -2.9078401e-01  -9.5678872e-01   2.9078401e-01
  9.5650625e-01  -2.9171185e-01  -9.5650625e-01   2.9171185e-01
  9.5623665e-01  -2.9259437e-01  -9.5623665e-01   2.9259437e-01
  9.5597818e-01  -2.9343774e-01  -9.5597818e-01   2.9343774e-01
  9.5572942e-01  -2.9424697e-01  -9.5572942e-01   2.9424697e-01
  9.5548918e-01  -2.9502616e-01  -9.5548918e-01   2.9502616e-01
  9.5525648e-01  -2.9577874e-01  -9.5525648e-01   2.9577874e-01
  9.5503049e-01  -2.9650759e-01  -9.5503049e-01   2.9650759e-01
  9.5481052e-01  -2.9721518e-01  -9.5481052e-01   2.9721518e-01
  9.5459596e-01  -2.9790360e-01  -9.5459596e-01   2.9790360e-01
  9.5438627e-01  -2.9857469e-01  -9.5438627e-01   2.9857469e-01
  9.5418100e-01  -2.9923004e-01  -9.5418100e-01   2.9923004e-01
  9.5397975e-01  -2.9987104e-01  -9.5397975e-01   2.9987104e-01
  9.5378215e-01  -3.0049893e-01  -9.5378215e-01   3.0049893e-01
  9.5358789e-01  -3.0111481e-01  -9.5358789e-01   3.0111481e-01
  9.5339669e-01  -3.0171965e-01  -9.5339669e-01   3.0171965e-01
  9.5320829e-01  -3.0231434e-01  -9.5320829e-01   3.0231434e-01
  9.5302245e-01  -3.0289966e-01  -9.5302245e-01   3.0289966e-01
  9.5283898e-01  -3.0347633e-01  -9.5283898e-01   3.0347633e-01
  9.5265767e-01  -3.0404500e-01  -9.5265767e-01   3.0404500e-01
  9.5247836e-01  -3.0460626e-01  -9.5247836e-01   3.0460626e-01
  9.5230089e-01  -3.0516064e-01  -9.5230089e-01   3.0516064e-01
  9.5212511e-01  -3.0570866e-01  -9.5212511e-01   3.0570866e-01
  9.5195088e-01  -3.0625075e-01  -9.5195088e-01   3.0625075e-01
  9.5177809e-01  -3.0678735e-01  -9.5177809e-01   3.0678735e-01
  9.5160661e-01  -3.0731883e-01  -9.5160661e-01   3.0731883e-01
  9.5143634e-01  -3.0784556e-01  -9.5143634e-01   3.0784556e-01
  9.5126718e-01  -3.0836788e-01  -9.5126718e-01   3.0836788e-01
  9.5109904e-01  -3.0888609e-01  -9.5109904e-01   3.0888609e-01
  9.5093183e-01  -3.0940048e-01  -9.5093183e-01   3.0940048e-01
  9.5076547e-01  -3.0991132e-01  -9.5076547e-01   3.0991132e-01
  9.5059988e-01  -3.1041886e-01  -9.5059988e-01   3.1041886e-01
  9.5043499e-01  -3.1092334e-01  -9.5043499e-01   3.1092334e-01
  9.5027074e-01  -3.1142499e-01  -9.5027074e-01   3.1142499e-01
  9.5010705e-01  -3.1192401e-01  -9.5010705e-01   3.1192401e-01
  9.4994388e-01  -3.1242059e-01  -9.4994388e-01   3.1242059e-01
  9.4978116e-01  -3.1291492e-01  -9.4978116e-01   3.1291492e-01
  9.4961884e-01  -3.1340717e-01  -9.4961884e-01   3.1340717e-01
  9.4945687e-01  -3.1389751e-01  -9.4945687e-01   3.1389751e-01
  9.4929521e-01  -3.1438608e-01  -9.4929521e-01   3.1438608e-01
  9.4913380e-01  -3.1487304e-01  -9.4913380e-01   3.1487304e-01
  9.4897260e-01  -3.1535852e-01  -9.4897260e-01   3.1535852e-01
  9.4881158e-01  -3.1584265e-01  -9.4881158e-01   3.1584265e-01
  9.4865070e-01  -3.1632555e-01  -9.4865070e-01   3.1632555e-01
  9.4848991e-01  -3.1680733e-01  -9.4848991e-01   3.1680733e-01
  9.4832919e-01  -3.1728811e-01  -9.4832919e-01   3.1728811e-01
  9.4816851e-01  -3.1776797e-01  -9.4816851e-01   3.1776797e-01
  9.4800782e-01  -3.1824703e-01  -9.4800782e-01   3.1824703e-01
  9.4784711e-01  -3.1872536e-01  -9.4784711e-01   3.1872536e-01
  9.4768635e-01  -3.1920305e-01  -9.4768635e-01   3.1920305e-01
  9.4752551e-01  -3.1968018e-01  -9.4752551e-01   3.1968018e-01
  9.4736456e-01  -3.2015681e-01  -9.4736456e-01   3.2015681e-01
  9.4720349e-01  -3.2063303e-01  -9.4720349e-01   3.2063303e-01
  9.4704228e-01  -3.2110888e-01  -9.4704228e-01   3.2110888e-01
  9.4688091e-01  -3.2158443e-01  -9.4688091e-01   3.2158443e-01
  9.4671935e-01  -3.2205972e-01  -9.4671935e-01   3.2205972e-01
  9.4655760e-01  -3.2253481e-01  -9.4655760e-01   3.2253481e-01
  9.4639564e-01  -3.2300974e-01  -9.4639564e-01   3.2300974e-01
  9.4623346e-01  -3.2348453e-01  -9.4623346e-01   3.2348453e-01
  9.4607104e-01  -3.2395923e-01  -9.4607104e-01   3.2395923e-01
  9.4590838e-01  -3.2443387e-01  -9.4590838e-01   3.2443387e-01
  9.4574547e-01  -3.2490846e-01  -9.4574547e-01   3.2490846e-01
  9.4558230e-01  -3.2538302e-01  -9.4558230e-01   3.2538302e-01
  9.4541887e-01  -3.2585757e-01  -9.4541887e-01   3.2585757e-01
  9.4525518e-01  -3.2633212e-01  -9.4525518e-01   3.2633212e-01
  9.4509121e-01  -3.2680667e-01  -9.4509121e-01   3.2680667e-01
  9.4492698e-01  -3.2728122e-01  -9.4492698e-01   3.2728122e-01
  9.4476249e-01  -3.2775577e-01  -9.4476249e-01   3.2775577e-01
  9.4459771e-01  -3.2823034e-01  -9.4459771e-01   3.2823034e-01
  9.4443266e-01  -3.2870495e-01  -9.4443266e-01   3.2870495e-01
  9.4426733e-01  -3.2917961e-01  -9.4426733e-01   3.2917961e-01
  9.4410170e-01  -3.2965434e-01  -9.4410170e-01   3.2965434e-01
  9.4393576e-01  -3.3012919e-01  -9.4393576e-01   3.3012919e-01
  9.4376951e-01  -3.3060417e-01  -9.4376951e-01   3.3060417e-01
  9.4360292e-01  -3.3107934e-01  -9.4360292e-01   3.3107934e-01
  9.4343599e-01  -3.3155473e-01  -9.4343599e-01   3.3155473e-01
  9.4326869e-01  -3.3203039e-01  -9.4326869e-01   3.3203039e-01
  9.4310100e-01  -3.3250639e-01  -9.4310100e-01   3.3250639e-01
  9.4293291e-01  -3.3298277e-01  -9.4293291e-01   3.3298277e-01
  9.4276439e-01  -3.3345961e-01  -9.4276439e-01   3.3345961e-01
  9.4259541e-01  -3.3393697e-01  -9.4259541e-01   3.3393697e-01
  9.4242594e-01  -3.3441493e-01  -9.4242594e-01   3.3441493e-01
  9.4225596e-01  -3.3489356e-01  -9.4225596e-01   3.3489356e-01
  9.4208544e-01  -3.3537297e-01  -9.4208544e-01   3.3537297e-01
  9.4191433e-01  -3.3585323e-01  -9.4191433e-01   3.3585323e-01
  9.4174260e-01  -3.3633446e-01  -9.4174260e-01   3.3633446e-01
  9.4157022e-01  -3.3681675e-01  -9.4157022e-01   3.3681675e-01
  9.4139714e-01  -3.3730021e-01  -9.4139714e-01   3.3730021e-01
  9.4122330e-01  -3.3778498e-01  -9.4122330e-01   3.3778498e-01
  9.4104868e-01  -3.3827117e-01  -9.4104868e-01   3.3827117e-01
  9.4087321e-01  -3.3875891e-01  -9.4087321e-01   3.3875891e-01
  9.4069684e-01  -3.3924837e-01  -9.4069684e-01   3.3924837e-01
  9.4051951e-01  -3.3973968e-01  -9.4051951e-01   3.3973968e-01
  9.4034116e-01  -3.4023300e-01  -9.4034116e-01   3.4023300e-01
  9.4016173e-01  -3.4072852e-01  -9.4016173e-01   3.4072852e-01
  9.3998114e-01  -3.4122641e-01  -9.3998114e-01   3.4122641e-01
  9.3979931e-01  -3.4172687e-01  -9.3979931e-01   3.4172687e-01
  9.3961617e-01  -3.4223011e-01  -9.3961617e-01   3.4223011e-01
  9.3943164e-01  -3.4273634e-01  -9.3943164e-01   3.4273634e-01
  9.3924561e-01  -3.4324581e-01  -9.3924561e-01   3.4324581e-01
  9.3905799e-01  -3.4375877e-01  -9.3905799e-01   3.4375877e-01
  9.3886867e-01  -3.4427549e-01  -9.3886867e-01   3.4427549e-01
  9.3867755e-01  -3.4479626e-01  -9.3867755e-01   3.4479626e-01
  9.3848449e-01  -3.4532138e-01  -9.3848449e-01   3.4532138e-01
  9.3828937e-01  -3.4585121e-01  -9.3828937e-01   3.4585121e-01
  9.3809204e-01  -3.4638610e-01  -9.3809204e-01   3.4638610e-01
  9.3789235e-01  -3.4692643e-01  -9.3789235e-01   3.4692643e-01
  9.3769012e-01  -3.4747264e-01  -9.3769012e-01   3.4747264e-01
  9.3748518e-01  -3.4802519e-01  -9.3748518e-01   3.4802519e-01
  9.3727733e-01  -3.4858457e-01  -9.3727733e-01   3.4858457e-01
  9.3706635e-01  -3.4915134e-01  -9.3706635e-01   3.4915134e-01
  9.3685199e-01  -3.4972610e-01  -9.3685199e-01   3.4972610e-01
  9.3663400e-01  -3.5030950e-01  -9.3663400e-01   3.5030950e-01
  9.3641208e-01  -3.5090228e-01  -9.3641208e-01   3.5090228e-01
  9.3618591e-01  -3.5150525e-01  -9.3618591e-01   3.5150525e-01
  9.3595513e-01  -3.5211929e-01  -9.3595513e-01   3.5211929e-01
  9.3571933e-01  -3.5274542e-01  -9.3571933e-01   3.5274542e-01
  9.3547807e-01  -3.5338476e-01  -9.3547807e-01   3.5338476e-01
  9.3523082e-01  -3.5403858e-01  -9.3523082e-01   3.5403858e-01
  9.3497701e-01  -3.5470832e-01  -9.3497701e-01   3.5470832e-01
  9.3471596e-01  -3.5539565e-01  -9.3471596e-01   3.5539565e-01
  9.3444692e-01  -3.5610245e-01  -9.3444692e-01   3.5610245e-01
  9.3416899e-01  -3.5683092e-01  -9.3416899e-01   3.5683092e-01
  9.3388112e-01  -3.5758363e-01  -9.3388112e-01   3.5758363e-01
  9.3358208e-01  -3.5836364e-01  -9.3358208e-01   3.5836364e-01
  9.3327040e-01  -3.5917454e-01  -9.3327040e-01   3.5917454e-01
  9.3294430e-01  -3.6002073e-01  -9.3294430e-01   3.6002073e-01
  9.3260159e-01  -3.6090757e-01  -9.3260159e-01   3.6090757e-01
  9.3223955e-01  -3.6184171e-01  -9.3223955e-01   3.6184171e-01
  9.3185472e-01  -3.6283161e-01  -9.3185472e-01   3.6283161e-01
  9.3144262e-01  -3.6388824e-01  -9.3144262e-01   3.6388824e-01
  9.3099725e-01  -3.6502620e-01  -9.3099725e-01   3.6502620e-01
  9.3051037e-01  -3.6626556e-01  -9.3051037e-01   3.6626556e-01
  9.2997010e-01  -3.6763516e-01  -9.2997010e-01   3.6763516e-01
  9.2935844e-01  -3.6917867e-01  -9.2935844e-01   3.6917867e-01
  9.2864593e-01  -3.7096731e-01  -9.2864593e-01   3.7096731e-01
  9.2777891e-01  -3.7313041e-01  -9.2777891e-01   3.7313041e-01
  9.2664127e-01  -3.7594675e-01  -9.2664127e-01   3.7594675e-01
  9.2488160e-01  -3.8025522e-01  -9.2488160e-01   3.8025522e-01
  9.6358565e-01  -2.6739987e-01  -9.6358565e-01   2.6739987e-01
  9.6175974e-01  -2.7389453e-01  -9.6175974e-01   2.7389453e-01
  9.6075931e-01  -2.7738339e-01  -9.6075931e-01   2.7738339e-01
  9.6003033e-01  -2.7989598e-01  -9.6003033e-01   2.7989598e-01
  9.5944200e-01  -2.8190611e-01  -9.5944200e-01   2.8190611e-01
  9.5894095e-01  -2.8360580e-01  -9.5894095e-01   2.8360580e-01
  9.5849982e-01  -2.8509314e-01  -9.5849982e-01   2.8509314e-01
  9.5810254e-01  -2.8642542e-01  -9.5810254e-01   2.8642542e-01
  9.5773885e-01  -2.8763916e-01  -9.5773885e-01   2.8763916e-01
  9.5740177e-01  -2.8875916e-01  -9.5740177e-01   2.8875916e-01
  9.5708629e-01  -2.8980309e-01  -9.5708629e-01   2.8980309e-01
  9.5678872e-01  -2.9078401e-01  -9.5678872e-01   2.9078401e-01
  9.5650625e-01  -2.9171185e-01  -9.5650625e-01   2.9171185e-01
  9.5623665e-01  -2.9259437e-01  -9.5623665e-01   2.9259437e-01
  9.5597818e-01  -2.9343774e-01  -9.5597818e-01   2.9343774e-01
  9.5572942e-01  -2.9424697e-01  -9.5572942e-01   2.9424697e-01
  9.5548918e-01  -2.9502616e-01  -9.5548918e-01   2.9502616e-01
  9.5525648e-01  -2.9577874e-01  -9.5525648e-01   2.9577874e-01
  9.5503049e-01  -2.9650759e-01  -9.5503049e-01   2.9650759e-01
  9.5481052e-01  -2.9721518e-01  -9.5481052e-01   2.9721518e-01
  9.5459596e-01  -2.9790360e-01  -9.5459596e-01   2.9790360e-01
  9.5438627e-01  -2.9857469e-01  -9.5438627e-01   2.9857469e-01
  9.5418100e-01  -2.9923004e-01  -9.5418100e-01   2.9923004e-01
  9.5397975e-01  -2.9987104e-01  -9.5397975e-01   2.9987104e-01
  9.5378215e-01  -3.0049893e-01  -9.5378215e-01   3.0049893e-01
  9.5358789e-01  -3.0111481e-01  -9.5358789e-01   3.0111481e-01
  9.5339669e-01  -3.0171965e-01  -9.5339669e-01   3.0171965e-01
  9.5320829e-01  -3.0231434e-01  -9.5320829e-01   3.0231434e-01
  9.5302245e-01  -3.0289966e-01  -9.5302245e-01   3.0289966e-01
  9.5283898e-01  -3.0347633e-01  -9.5283898e-01   3.0347633e-01
  9.5265767e-01  -3.0404500e-01  -9.5265767e-01   3.0404500e-01
  9.5247836e-01  -3.0460626e-01  -9.5247836e-01   3.0460626e-01
  9.5230089e-01  -3.0516064e-01  -9.5230089e-01   3.0516064e-01
  9.5212511e-01  -3.0570866e-01  -9.5212511e-01   3.0570866e-01
  9.5195088e-01  -3.0625075e-01  -9.5195088e-01   3.0625075e-01
  9.5177809e-01  -3.0678735e-01  -9.5177809e-01   3.0678735e-01
  9.5160661e-01  -3.0731883e-01  -9.5160661e-01   3.0731883e-01
  9.5143634e-01  -3.0784556e-01  -9.5143634e-01   3.0784556e-01
  9.5126718e-01  -3.0836788e-01  -9.5126718e-01   3.0836788e-01
  9.5109904e-01  -3.0888609e-01  -9.5109904e-01   3.0888609e-01
  9.5093183e-01  -3.0940048e-01  -9.5093183e-01   3.0940048e-01
  9.5076547e-01  -3.0991132e-01  -9.5076547e-01   3.0991132e-01
  9.5059988e-01  -3.1041886e-01  -9.5059988e-01   3.1041886e-01
  9.5043499e-01  -3.1092334e-01  -9.5043499e-01   3.1092334e-01
  9.5027074e-01  -3.1142499e-01  -9.5027074e-01   3.1142499e-01
  9.5010705e-01  -3.1192401e-01  -9.5010705e-01   3.1192401e-01
  9.4994388e-01  -3.1242059e-01  -9.4994388e-01   3.1242059e-01
  9.4978116e-01  -3.1291492e-01  -9.4978116e-01   3.1291492e-01
  9.4961884e-01  -3.1340717e-01  -9.4961884e-01   3.1340717e-01
  9.4945687e-01  -3.1389751e-01  -9.4945687e-01   3.1389751e-01
  9.4929521e-01  -3.1438608e-01  -9.4929521e-01   3.1438608e-01
  9.4913380e-01  -3.1487304e-01  -9.4913380e-01   3.1487304e-01
  9.4897260e-01  -3.1535852e-01  -9.4897260e-01   3.1535852e-01
  9.4881158e-01  -3.1584265e-01  -9.4881158e-01   3.1584265e-01
  9.4865070e-01  -3.1632555e-01  -9.4865070e-01   3.1632555e-01
  9.4848991e-01  -3.1680733e-01  -9.4848991e-01   3.1680733e-01
  9.4832919e-01  -3.1728811e-01  -9.4832919e-01   3.1728811e-01
  9.4816851e-01  -3.1776797e-01  -9.4816851e-01   3.1776797e-01
  9.4800782e-01  -3.1824703e-01  -9.4800782e-01   3.1824703e-01
  9.4784711e-01  -3.1872536e-01  -9.4784711e-01   3.1872536e-01
  9.4768635e-01  -3.1920305e-01  -9.4768635e-01   3.1920305e-01
  9.4752551e-01  -3.1968018e-01  -9.4752551e-01   3.1968018e-01
  9.4736456e-01  -3.2015681e-01  -9.4736456e-01   3.2015681e-01
  9.4720349e-01  -3.2063303e-01  -9.4720349e-01   3.2063303e-01
  9.4704228e-01  -3.2110888e-01  -9.4704228e-01   3.2110888e-01
  9.4688091e-01  -3.2158443e-01  -9.4688091e-01   3.2158443e-01
  9.4671935e-01  -3.2205972e-01  -9.4671935e-01   3.2205972e-01
  9.4655760e-01  -3.2253481e-01  -9.4655760e-01   3.2253481e-01
  9.4639564e-01  -3.2300974e-01  -9.4639564e-01   3.2300974e-01
  9.4623346e-01  -3.2348453e-01  -9.4623346e-01   3.2348453e-01
  9.4607104e-01  -3.2395923e-01  -9.4607104e-01   3.2395923e-01
  9.4590838e-01  -3.2443387e-01  -9.4590838e-01   3.2443387e-01
  9.4574547e-01  -3.2490846e-01  -9.4574547e-01   3.2490846e-01
  9.4558230e-01  -3.2538302e-01  -9.4558230e-01   3.2538302e-01
  9.4541887e-01  -3.2585757e-01  -9.4541887e-01   3.2585757e-01
  9.4525518e-01  -3.2633212e-01  -9.4525518e-01   3.2633212e-01
  9.4509121e-01  -3.2680667e-01  -9.4509121e-01   3.2680667e-01
  9.4492698e-01  -3.2728122e-01  -9.4492698e-01   3.2728122e-01
  9.4476249e-01  -3.2775577e-01  -9.4476249e-01   3.2775577e-01
  9.4459771e-01  -3.2823034e-01  -9.4459771e-01   3.2823034e-01
  9.4443266e-01  -3.2870495e-01  -9.4443266e-01   3.2870495e-01
  9.4426733e-01  -3.2917961e-01  -9.4426733e-01   3.2917961e-01
  9.4410170e-01  -3.2965434e-01  -9.4410170e-01   3.2965434e-01
  9.4393576e-01  -3.3012919e-01  -9.4393576e-01   3.3012919e-01
  9.4376951e-01  -3.3060417e-01  -9.4376951e-01   3.3060417e-01
  9.4360292e-01  -3.3107934e-01  -9.4360292e-01   3.3107934e-01
  9.4343599e-01  -3.3155473e-01  -9.4343599e-01   3.3155473e-01
  9.4326869e-01  -3.3203039e-01  -9.4326869e-01   3.3203039e-01
  9.4310100e-01  -3.3250639e-01  -9.4310100e-01   3.3250639e-01
  9.4293291e-01  -3.3298277e-01  -9.4293291e-01   3.3298277e-01
  9.4276439e-01  -3.3345961e-01  -9.4276439e-01   3.3345961e-01
  9.4259541e-01  -3.3393697e-01  -9.4259541e-01   3.3393697e-01
  9.4242594e-01  -3.3441493e-01  -9.4242594e-01   3.3441493e-01
  9.4225596e-01  -3.3489356e-01  -9.4225596e-01   3.3489356e-01
  9.4208544e-01  -3.3537297e-01  -9.4208544e-01   3.3537297e-01
  9.4191433e-01  -3.3585323e-01  -9.4191433e-01   3.3585323e-01
  9.4174260e-01  -3.3633446e-01  -9.4174260e-01   3.3633446e-01
  9.4157022e-01  -3.3681675e-01  -9.4157022e-01   3.3681675e-01
  9.4139714e-01  -3.3730021e-01  -9.4139714e-01   3.3730021e-01
  9.4122330e-01  -3.3778498e-01  -9.4122330e-01   3.3778498e-01
  9.4104868e-01  -3.3827117e-01  -9.4104868e-01   3.3827117e-01
  9.4087321e-01  -3.3875891e-01  -9.4087321e-01   3.3875891e-01
  9.4069684e-01  -3.3924837e-01  -9.4069684e-01   3.3924837e-01
  9.4051951e-01  -3.3973968e-01  -9.4051951e-01   3.3973968e-01
  9.4034116e-01  -3.4023300e-01  -9.4034116e-01   3.4023300e-01
  9.4016173e-01  -3.4072852e-01  -9.4016173e-01   3.4072852e-01
  9.3998114e-01  -3.4122641e-01  -9.3998114e-01   3.4122641e-01
  9.3979931e-01  -3.4172687e-01  -9.3979931e-01   3.4172687e-01
  9.3961617e-01  -3.4223011e-01  -9.3961617e-01   3.4223011e-01
  9.3943164e-01  -3.4273634e-01  -9.3943164e-01   3.4273634e-01
  9.3924561e-01  -3.4324581e-01  -9.3924561e-01   3.4324581e-01
  9.3905799e-01  -3.4375877e-01  -9.3905799e-01   3.4375877e-01
  9.3886867e-01  -3.4427549e-01  -9.3886867e-01   3.4427549e-01
  9.3867755e-01  -3.4479626e-01  -9.3867755e-01   3.4479626e-01
  9.3848449e-01  -3.4532138e-01  -9.3848449e-01   3.4532138e-01
  9.3828937e-01  -3.4585121e-01  -9.3828937e-01   3.4585121e-01
  9.3809204e-01  -3.4638610e-01  -9.3809204e-01   3.4638610e-01
  9.3789235e-01  -3.4692643e-01  -9.3789235e-01   3.4692643e-01
  9.3769012e-01  -3.4747264e-01  -9.3769012e-01   3.4747264e-01
  9.3748518e-01  -3.4802519e-01  -9.3748518e-01   3.4802519e-01
  9.3727733e-01  -3.4858457e-01  -9.3727733e-01   3.4858457e-01
  9.3706635e-01  -3.4915134e-01  -9.3706635e-01   3.4915134e-01
  9.3685199e-01  -3.4972610e-01  -9.3685199e-01   3.4972610e-01
  9.3663400e-01  -3.5030950e-01  -9.3663400e-01   3.5030950e-01
  9.3641208e-01  -3.5090228e-01  -9.3641208e-01   3.5090228e-01
  9.3618591e-01  -3.5150525e-01  -9.3618591e-01   3.5150525e-01
  9.3595513e-01  -3.5211929e-01  -9.3595513e-01   3.5211929e-01
  9.3571933e-01  -3.5274542e-01  -9.3571933e-01   3.5274542e-01
  9.3547807e-01  -3.5338476e-01  -9.3547807e-01   3.5338476e-01
  9.3523082e-01  -3.5403858e-01  -9.3523082e-01   3.5403858e-01
  9.3497701e-01  -3.5470832e-01  -9.3497701e-01   3.5470832e-01
  9.3471596e-01  -3.5539565e-01  -9.3471596e-01   3.5539565e-01
  9.3444692e-01  -3.5610245e-01  -9.3444692e-01   3.5610245e-01
  9.3416899e-01  -3.5683092e-01  -9.3416899e-01   3.5683092e-01
  9.3388112e-01  -3.5758363e-01  -9.3388112e-01   3.5758363e-01
  9.3358208e-01  -3.5836364e-01  -9.3358208e-01   3.5836364e-01
  9.3327040e-01  -3.5917454e-01  -9.3327040e-01   3.5917454e-01
  9.3294430e-01  -3.6002073e-01  -9.3294430e-01   3.6002073e-01
  9.3260159e-01  -3.6090757e-01  -9.3260159e-01   3.6090757e-01
  9.3223955e-01  -3.6184171e-01  -9.3223955e-01   3.6184171e-01
  9.3185472e-01  -3.6283161e-01  -9.3185472e-01   3.6283161e-01
  9.3144262e-01  -3.6388824e-01  -9.3144262e-01   3.6388824e-01
  9.3099725e-01  -3.6502620e-01  -9.3099725e-01   3.6502620e-01
  9.3051037e-01  -3.6626556e-01  -9.3051037e-01   3.6626556e-01
  9.2997010e-01  -3.6763516e-01  -9.2997010e-01   3.6763516e-01
  9.2935844e-01  -3.6917867e-01  -9.2935844e-01   3.6917867e-01
  9.2864593e-01  -3.7096731e-01  -9.2864593e-01   3.7096731e-01
  9.2777891e-01  -3.7313041e-01  -9.2777891e-01   3.7313041e-01
  9.2664127e-01  -3.7594675e-01  -9.2664127e-01   3.7594675e-01
  9.2488160e-01  -3.8025522e-01  -9.2488160e-01   3.8025522e-01
  9.6358565e-01  -2.6739987e-01  -9.6358565e-01   2.6739987e-01
  9.6175974e-01  -2.7389453e-01  -9.6175974e-01   2.7389453e-01
  9.6075931e-01  -2.7738339e-01  -9.6075931e-01   2.7738339e-01
  9.6003033e-01  -2.7989598e-01  -9.6003033e-01   2.7989598e-01
  9.5944200e-01  -2.8190611e-01  -9.5944200e-01   2.8190611e-01
  9.5894095e-01  -2.8360580e-01  -9.5894095e-01   2.8360580e-01
  9.5849982e-01  -2.8509314e-01  -9.5849982e-01   2.8509314e-01
  9.5810254e-01  -2.8642542e-01  -9.5810254e-01   2.8642542e-01
  9.5773885e-01  -2.8763916e-01  -9.5773885e-01   2.8763916e-01
  9.5740177e-01  -2.8875916e-01  -9.5740177e-01   2.8875916e-01
  9.5708629e-01  -2.8980309e-01  -9.5708629e-01   2.8980309e-01
  9.5678872e-01  -2.9078401e-01  -9.5678872e-01   2.9078401e-01
  9.5650625e-01  -2.9171185e-01  -9.5650625e-01   2.9171185e-01
  9.5623665e-01  -2.9259437e-01  -9.5623665e-01   2.9259437e-01
  9.5597818e-01  -2.9343774e-01  -9.5597818e-01   2.9343774e-01
  9.5572942e-01  -2.9424697e-01  -9.5572942e-01   2.9424697e-01
  9.5548918e-01  -2.9502616e-01  -9.5548918e-01   2.9502616e-01
  9.5525648e-01  -2.9577874e-01  -9.5525648e-01   2.9577874e-01
  9.5503049e-01  -2.9650759e-01  -9.5503049e-01   2.9650759e-01
  9.5481052e-01  -2.9721518e-01  -9.5481052e-01   2.9721518e-01
  9.5459596e-01  -2.9790360e-01  -9.5459596e-01   2.9790360e-01
  9.5438627e-01  -2.9857469e-01  -9.5438627e-01   2.9857469e-01
  9.5418100e-01  -2.9923004e-01  -9.5418100e-01   2.9923004e-01
  9.5397975e-01  -2.9987104e-01  -9.5397975e-01   2.9987104e-01
  9.5378215e-01  -3.0049893e-01  -9.5378215e-01   3.0049893e-01
  9.5358789e-01  -3.0111481e-01  -9.5358789e-01   3.0111481e-01
  9.5339669e-01  -3.0171965e-01  -9.5339669e-01   3.0171965e-01
  9.5320829e-01  -3.0231434e-01  -9.5320829e-01   3.0231434e-01
  9.5302245e-01  -3.0289966e-01  -9.5302245e-01   3.0289966e-01
  9.5283898e-01  -3.0347633e-01  -9.5283898e-01   3.0347633e-01
  9.5265767e-01  -3.0404500e-01  -9.5265767e-01   3.0404500e-01
  9.5247836e-01  -3.0460626e-01  -9.5247836e-01   3.0460626e-01
  9.5230089e-01  -3.0516064e-01  -9.5230089e-01   3.0516064e-01
  9.5212511e-01  -3.0570866e-01  -9.5212511e-01   3.0570866e-01
  9.5195088e-01  -3.0625075e-01  -9.5195088e-01   3.0625075e-01
  9.5177809e-01  -3.0678735e-01  -9.5177809e-01   3.0678735e-01
  9.5160661e-01  -3.0731883e-01  -9.5160661e-01   3.0731883e-01
  9.5143634e-01  -3.0784556e-01  -9.5143634e-01   3.0784556e-01
  9.5126718e-01  -3.0836788e-01  -9.5126718e-01   3.0836788e-01
  9.5109904e-01  -3.0888609e-01  -9.5109904e-01   3.0888609e-01
  9.5093183e-01  -3.0940048e-01  -9.5093183e-01   3.0940048e-01
  9.5076547e-01  -3.0991132e-01  -9.5076547e-01   3.0991132e-01
  9.5059988e-01  -3.1041886e-01  -9.5059988e-01   3.1041886e-01
  9.5043499e-01  -3.1092334e-01  -9.5043499e-01   3.1092334e-01
  9.5027074e-01  -3.1142499e-01  -9.5027074e-01   3.1142499e-01
  9.5010705e-01  -3.1192401e-01  -9.5010705e-01   3.1192401e-01
  9.4994388e-01  -3.1242059e-01  -9.4994388e-01   3.1242059e-01
  9.4978116e-01  -3.1291492e-01  -9.4978116e-01   3.1291492e-01
  9.4961884e-01  -3.1340717e-01  -9.4961884e-01   3.1340717e-01
  9.4945687e-01  -3.1389751e-01  -9.4945687e-01   3.1389751e-01
  9.4929521e-01  -3.1438608e-01  -9.4929521e-01   3.1438608e-01
  9.4913380e-01  -3.1487304e-01  -9.4913380e-01   3.1487304e-01
  9.4897260e-01  -3.1535852e-01  -9.4897260e-01   3.1535852e-01
  9.4881158e-01  -3.1584265e-01  -9.4881158e-01   3.1584265e-01
  9.4865070e-01  -3.1632555e-01  -9.4865070e-01   3.1632555e-01
  9.4848991e-01  -3.1680733e-01  -9.4848991e-01   3.1680733e-01
  9.4832919e-01  -3.1728811e-01  -9.4832919e-01   3.1728811e-01
  9.4816851e-01  -3.1776797e-01  -9.4816851e-01   3.1776797e-01
  9.4800782e-01  -3.1824703e-01  -9.4800782e-01   3.1824703e-01
  9.4784711e-01  -3.1872536e-01  -9.4784711e-01   3.1872536e-01
  9.4768635e-01  -3.1920305e-01  -9.4768635e-01   3.1920305e-01
  9.4752551e-01  -3.1968018e-01  -9.4752551e-01   3.1968018e-01
  9.4736456e-01  -3.2015681e-01  -9.4736456e-01   3.2015681e-01
  9.4720349e-01  -3.2063303e-01  -9.4720349e-01   3.2063303e-01
  9.4704228e-01  -3.2110888e-01  -9.4704228e-01   3.2110888e-01
  9.4688091e-01  -3.2158443e-01  -9.4688091e-01   3.2158443e-01
  9.4671935e-01  -3.2205972e-01  -9.4671935e-01   3.2205972e-01
  9.4655760e-01  -3.2253481e-01  -9.4655760e-01   3.2253481e-01
  9.4639564e-01  -3.2300974e-01  -9.4639564e-01   3.2300974e-01
  9.4623346e-01  -3.2348453e-01  -9.4623346e-01   3.2348453e-01
  9.4607104e-01  -3.2395923e-01  -9.4607104e-01   3.2395923e-01
  9.4590838e-01  -3.2443387e-01  -9.4590838e-01   3.2443387e-01
  9.4574547e-01  -3.2490846e-01  -9.4574547e-01   3.2490846e-01
  9.4558230e-01  -3.2538302e-01  -9.4558230e-01   3.2538302e-01
  9.4541887e-01  -3.2585757e-01  -9.4541887e-01   3.2585757e-01
  9.4525518e-01  -3.2633212e-01  -9.4525518e-01   3.2633212e-01
  9.4509121e-01  -3.2680667e-01  -9.4509121e-01   3.2680667e-01
  9.4492698e-01  -3.2728122e-01  -9.4492698e-01   3.2728122e-01
  9.4476249e-01  -3.2775577e-01  -9.4476249e-01   3.2775577e-01
  9.4459771e-01  -3.2823034e-01  -9.4459771e-01   3.2823034e-01
  9.4443266e-01  -3.2870495e-01  -9.4443266e-01   3.2870495e-01
  9.4426733e-01  -3.2917961e-01  -9.4426733e-01   3.2917961e-01
  9.4410170e-01  -3.2965434e-01  -9.4410170e-01   3.2965434e-01
  9.4393576e-01  -3.3012919e-01  -9.4393576e-01   3.3012919e-01
  9.4376951e-01  -3.3060417e-01  -9.4376951e-01   3.3060417e-01
  9.4360292e-01  -3.3107934e-01  -9.4360292e-01   3.3107934e-01
  9.4343599e-01  -3.3155473e-01  -9.4343599e-01   3.3155473e-01
  9.4326869e-01  -3.3203039e-01  -9.4326869e-01   3.3203039e-01
  9.4310100e-01  -3.3250639e-01  -9.4310100e-01   3.3250639e-01
  9.4293291e-01  -3.3298277e-01  -9.4293291e-01   3.3298277e-01
  9.4276439e-01  -3.3345961e-01  -9.4276439e-01   3.3345961e-01
  9.4259541e-01  -3.3393697e-01  -9.4259541e-01   3.3393697e-01
  9.4242594e-01  -3.3441493e-01  -9.4242594e-01   3.3441493e-01
  9.4225596e-01  -3.3489356e-01  -9.4225596e-01   3.3489356e-01
  9.4208544e-01  -3.3537297e-01  -9.4208544e-01   3.3537297e-01
  9.4191433e-01  -3.3585323e-01  -9.4191433e-01   3.3585323e-01
  9.4174260e-01  -3.3633446e-01  -9.4174260e-01   3.3633446e-01
  9.4157022e-01  -3.3681675e-01  -9.4157022e-01   3.3681675e-01
  9.4139714e-01  -3.3730021e-01  -9.4139714e-01   3.3730021e-01
  9.4122330e-01  -3.3778498e-01  -9.4122330e-01   3.3778498e-01
  9.4104868e-01  -3.3827117e-01  -9.4104868e-01   3.3827117e-01
  9.4087321e-01  -3.3875891e-01  -9.4087321e-01   3.3875891e-01
  9.4069684e-01  -3.3924837e-01  -9.4069684e-01   3.3924837e-01
  9.4051951e-01  -3.3973968e-01  -9.4051951e-01   3.3973968e-01
  9.4034116e-01  -3.4023300e-01  -9.4034116e-01   3.4023300e-01
  9.4016173e-01  -3.4072852e-01  -9.4016173e-01   3.4072852e-01
  9.3998114e-01  -3.4122641e-01  -9.3998114e-01   3.4122641e-01
  9.3979931e-01  -3.4172687e-01  -9.3979931e-01   3.4172687e-01
  9.3961617e-01  -3.4223011e-01  -9.3961617e-01   3.4223011e-01
  9.3943164e-01  -3.4273634e-01  -9.3943164e-01   3.4273634e-01
  9.3924561e-01  -3.4324581e-01  -9.3924561e-01   3.4324581e-01
  9.3905799e-01  -3.4375877e-01  -9.3905799e-01   3.4375877e-01
  9.3886867e-01  -3.4427549e-01  -9.3886867e-01   3.4427549e-01
  9.3867755e-01  -3.4479626e-01  -9.3867755e-01   3.4479626e-01
  9.3848449e-01  -3.4532138e-01  -9.3848449e-01   3.4532138e-01
  9.3828937e-01  -3.4585121e-01  -9.3828937e-01   3.4585121e-01
  9.3809204e-01  -3.4638610e-01  -9.3809204e-01   3.4638610e-01
  9.3789235e-01  -3.4692643e-01  -9.3789235e-01   3.4692643e-01
  9.3769012e-01  -3.4747264e-01  -9.3769012e-01   3.4747264e-01
  9.3748518e-01  -3.4802519e-01  -9.3748518e-01   3.4802519e-01
  9.3727733e-01  -3.4858457e-01  -9.3727733e-01   3.4858457e-01
  9.3706635e-01  -3.4915134e-01  -9.3706635e-01   3.4915134e-01
  9.3685199e-01  -3.4972610e-01  -9.3685199e-01   3.4972610e-01
  9.3663400e-01  -3.5030950e-01  -9.3663400e-01   3.5030950e-01
  9.3641208e-01  -3.5090228e-01  -9.3641208e-01   3.5090228e-01
  9.3618591e-01  -3.5150525e-01  -9.3618591e-01   3.5150525e-01
  9.3595513e-01  -3.5211929e-01  -9.3595513e-01   3.5211929e-01
  9.3571933e-01  -3.5274542e-01  -9.3571933e-01   3.5274542e-01
  9.3547807e-01  -3.5338476e-01  -9.3547807e-01   3.5338476e-01
  9.3523082e-01  -3.5403858e-01  -9.3523082e-01   3.5403858e-01
  9.3497701e-01  -3.5470832e-01  -9.3497701e-01   3.5470832e-01
  9.3471596e-01  -3.5539565e-01  -9.3471596e-01   3.5539565e-01
  9.3444692e-01  -3.5610245e-01  -9.3444692e-01   3.5610245e-01
  9.3416899e-01  -3.5683092e-01  -9.3416899e-01   3.5683092e-01
  9.3388112e-01  -3.5758363e-01  -9.3388112e-01   3.5758363e-01
  9.3358208e-01  -3.5836364e-01  -9.3358208e-01   3.5836364e-01
  9.3327040e-01  -3.5917454e-01  -9.3327040e-01   3.5917454e-01
  9.3294430e-01  -3.6002073e-01  -9.3294430e-01   3.6002073e-01
  9.3260159e-01  -3.6090757e-01  -9.3260159e-01   3.6090757e-01
  9.3223955e-01  -3.6184171e-01  -9.3223955e-01   3.6184171e-01
  9.3185472e-01  -3.6283161e-01  -9.3185472e-01   3.6283161e-01
  9.3144262e-01  -3.6388824e-01  -9.3144262e-01   3.6388824e-01
  9.3099725e-01  -3.6502620e-01  -9.3099725e-01   3.6502620e-01
  9.3051037e-01  -3.6626556e-01  -9.3051037e-01   3.6626556e-01
  9.2997010e-01  -3.6763516e-01  -9.2997010e-01   3.6763516e-01
  9.2935844e-01  -3.6917867e-01  -9.2935844e-01   3.6917867e-01
  9.2864593e-01  -3.7096731e-01  -9.2864593e-01   3.7096731e-01
  9.2777891e-01  -3.7313041e-01  -9.2777891e-01   3.7313041e-01
  9.2664127e-01  -3.7594675e-01  -9.2664127e-01   3.7594675e-01
  9.2488160e-01  -3.8025522e-01  -9.2488160e-01   3.8025522e-01
  9.6358565e-01  -2.6739987e-01  -9.6358565e-01   2.6739987e-01
  9.6175974e-01  -2.7389453e-01  -9.6175974e-01   2.7389453e-01
  9.6075931e-01  -2.7738339e-01  -9.6075931e-01   2.7738339e-01
  9.6003033e-01  -2.7989598e-01  -9.6003033e-01   2.7989598e-01
  9.5944200e-01  -2.8190611e-01  -9.5944200e-01   2.8190611e-01
  9.5894095e-01  -2.8360580e-01  -9.5894095e-01   2.8360580e-01
  9.5849982e-01  -2.8509314e-01  -9.5849982e-01   2.8509314e-01
  9.5810254e-01  -2.8642542e-01  -9.5810254e-01   2.8642542e-01
  9.5773885e-01  -2.8763916e-01  -9.5773885e-01   2.8763916e-01
  9.5740177e-01  -2.8875916e-01  -9.5740177e-01   2.8875916e-01
  9.5708629e-01  -2.8980309e-01  -9.5708629e-01   2.8980309e-01
  9.5678872e-01  -2.9078401e-01  -9.5678872e-01   2.9078401e-01
  9.5650625e-01  -2.9171185e-01  -9.5650625e-01   2.9171185e-01
  9.5623665e-01  -2.9259437e-01  -9.5623665e-01   2.9259437e-01
  9.5597818e-01  -2.9343774e-01  -9.5597818e-01   2.9343774e-01
  9.5572942e-01  -2.9424697e-01  -9.5572942e-01   2.9424697e-01
  9.5548918e-01  -2.9502616e-01  -9.5548918e-01   2.9502616e-01
  9.5525648e-01  -2.9577874e-01  -9.5525648e-01   2.9577874e-01
  9.5503049e-01  -2.9650759e-01  -9.5503049e-01   2.9650759e-01
  9.5481052e-01  -2.9721518e-01  -9.5481052e-01   2.9721518e-01
  9.5459596e-01  -2.9790360e-01  -9.5459596e-01   2.9790360e-01
  9.5438627e-01  -2.9857469e-01  -9.5438627e-01   2.9857469e-01
  9.5418100e-01  -2.9923004e-01  -9.5418100e-01   2.9923004e-01
  9.5397975e-01  -2.9987104e-01  -9.5397975e-01   2.9987104e-01
  9.5378215e-01  -3.0049893e-01  -9.5378215e-01   3.0049893e-01
  9.5358789e-01  -3.0111481e-01  -9.5358789e-01   3.0111481e-01
  9.5339669e-01  -3.0171965e-01  -9.5339669e-01   3.0171965e-01
  9.5320829e-01  -3.0231434e-01  -9.5320829e-01   3.0231434e-01
  9.5302245e-01  -3.0289966e-01  -9.5302245e-01   3.0289966e-01
  9.5283898e-01  -3.0347633e-01  -9.5283898e-01   3.0347633e-01
  9.5265767e-01  -3.0404500e-01  -9.5265767e-01   3.0404500e-01
  9.5247836e-01  -3.0460626e-01  -9.5247836e-01   3.0460626e-01
  9.5230089e-01  -3.0516064e-01  -9.5230089e-01   3.0516064e-01
  9.5212511e-01  -3.0570866e-01  -9.5212511e-01   3.0570866e-01
  9.5195088e-01  -3.0625075e-01  -9.5195088e-01   3.0625075e-01
  9.5177809e-01  -3.0678735e-01  -9.5177809e-01   3.0678735e-01
  9.5160661e-01  -3.0731883e-01  -9.5160661e-01   3.0731883e-01
  9.5143634e-01  -3.0784556e-01  -9.5143634e-01   3.0784556e-01
  9.5126718e-01  -3.0836788e-01  -9.5126718e-01   3.0836788e-01
  9.5109904e-01  -3.0888609e-01  -9.5109904e-01   3.0888609e-01
  9.5093183e-01  -3.0940048e-01  -9.5093183e-01   3.0940048e-01
  9.5076547e-01  -3.0991132e-01  -9.5076547e-01   3.0991132e-01
  9.5059988e-01  -3.1041886e-01  -9.5059988e-01   3.1041886e-01
  9.5043499e-01  -3.1092334e-01  -9.5043499e-01   3.1092334e-01
  9.5027074e-01  -3.1142499e-01  -9.5027074e-01   3.1142499e-01
  9.5010705e-01  -3.1192401e-01  -9.5010705e-01   3.1192401e-01
  9.4994388e-01  -3.1242059e-01  -9.4994388e-01   3.1242059e-01
  9.4978116e-01  -3.1291492e-01  -9.4978116e-01   3.1291492e-01
  9.4961884e-01  -3.1340717e-01  -9.4961884e-01   3.1340717e-01
  9.4945687e-01  -3.1389751e-01  -9.4945687e-01   3.1389751e-01
  9.4929521e-01  -3.1438608e-01  -9.4929521e-01   3.1438608e-01
  9.4913380e-01  -3.1487304e-01  -9.4913380e-01   3.1487304e-01
  9.4897260e-01  -3.1535852e-01  -9.4897260e-01   3.1535852e-01
  9.4881158e-01  -3.1584265e-01  -9.4881158e-01   3.1584265e-01
  9.4865070e-01  -3.1632555e-01  -9.4865070e-01   3.1632555e-01
  9.4848991e-01  -3.1680733e-01  -9.4848991e-01   3.1680733e-01
  9.4832919e-01  -3.1728811e-01  -9.4832919e-01   3.1728811e-01
  9.4816851e-01  -3.1776797e-01  -9.4816851e-01   3.1776797e-01
  9.4800782e-01  -3.1824703e-01  -9.4800782e-01   3.1824703e-01
  9.4784711e-01  -3.1872536e-01  -9.4784711e-01   3.1872536e-01
  9.4768635e-01  -3.1920305e-01  -9.4768635e-01   3.1920305e-01
  9.4752551e-01  -3.1968018e-01  -9.4752551e-01   3.1968018e-01
  9.4736456e-01  -3.2015681e-01  -9.4736456e-01   3.2015681e-01
  9.4720349e-01  -3.2063303e-01  -9.4720349e-01   3.2063303e-01
  9.4704228e-01  -3.2110888e-01  -9.4704228e-01   3.2110888e-01
  9.4688091e-01  -3.2158443e-01  -9.4688091e-01   3.2158443e-01
  9.4671935e-01  -3.2205972e-01  -9.4671935e-01   3.2205972e-01
  9.4655760e-01  -3.2253481e-01  -9.4655760e-01   3.2253481e-01
  9.4639564e-01  -3.2300974e-01  -9.4639564e-01   3.2300974e-01
  9.4623346e-01  -3.2348453e-01  -9.4623346e-01   3.2348453e-01
  9.4607104e-01  -3.2395923e-01  -9.4607104e-01   3.2395923e-01
  9.4590838e-01  -3.2443387e-01  -9.4590838e-01   3.2443387e-01
  9.4574547e-01  -3.2490846e-01  -9.4574547e-01   3.2490846e-01
  9.4558230e-01  -3.2538302e-01  -9.4558230e-01   3.2538302e-01
  9.4541887e-01  -3.2585757e-01  -9.4541887e-01   3.2585757e-01
  9.4525518e-01  -3.2633212e-01  -9.4525518e-01   3.2633212e-01
  9.4509121e-01  -3.2680667e-01  -9.4509121e-01   3.2680667e-01
  9.4492698e-01  -3.2728122e-01  -9.4492698e-01   3.2728122e-01
  9.4476249e-01  -3.2775577e-01  -9.4476249e-01   3.2775577e-01
  9.4459771e-01  -3.2823034e-01  -9.4459771e-01   3.2823034e-01
  9.4443266e-01  -3.2870495e-01  -9.4443266e-01   3.2870495e-01
  9.4426733e-01  -3.2917961e-01  -9.4426733e-01   3.2917961e-01
  9.4410170e-01  -3.2965434e-01  -9.4410170e-01   3.2965434e-01
  9.4393576e-01  -3.3012919e-01  -9.4393576e-01   3.3012919e-01
  9.4376951e-01  -3.3060417e-01  -9.4376951e-01   3.3060417e-01
  9.4360292e-01  -3.3107934e-01  -9.4360292e-01   3.3107934e-01
  9.4343599e-01  -3.3155473e-01  -9.4343599e-01   3.3155473e-01
  9.4326869e-01  -3.3203039e-01  -9.4326869e-01   3.3203039e-01
  9.4310100e-01  -3.3250639e-01  -9.4310100e-01   3.3250639e-01
  9.4293291e-01  -3.3298277e-01  -9.4293291e-01   3.3298277e-01
  9.4276439e-01  -3.3345961e-01  -9.4276439e-01   3.3345961e-01
  9.4259541e-01  -3.3393697e-01  -9.4259541e-01   3.3393697e-01
  9.4242594e-01  -3.3441493e-01  -9.4242594e-01   3.3441493e-01
  9.4225596e-01  -3.3489356e-01  -9.4225596e-01   3.3489356e-01
  9.4208544e-01  -3.3537297e-01  -9.4208544e-01   3.3537297e-01
  9.4191433e-01  -3.3585323e-01  -9.4191433e-01   3.3585323e-01
  9.4174260e-01  -3.3633446e-01  -9.4174260e-01   3.3633446e-01
  9.4157022e-01  -3.3681675e-01  -9.4157022e-01   3.3681675e-01
  9.4139714e-01  -3.3730021e-01  -9.4139714e-01   3.3730021e-01
  9.4122330e-01  -3.3778498e-01  -9.4122330e-01   3.3778498e-01
  9.4104868e-01  -3.3827117e-01  -9.4104868e-01   3.3827117e-01
  9.4087321e-01  -3.3875891e-01  -9.4087321e-01   3.3875891e-01
  9.4069684e-01  -3.3924837e-01  -9.4069684e-01   3.3924837e-01
  9.4051951e-01  -3.3973968e-01  -9.4051951e-01   3.3973968e-01
  9.4034116e-01  -3.4023300e-01  -9.4034116e-01   3.4023300e-01
  9.4016173e-01  -3.4072852e-01  -9.4016173e-01   3.4072852e-01
  9.3998114e-01  -3.4122641e-01  -9.3998114e-01   3.4122641e-01
  9.3979931e-01  -3.4172687e-01  -9.3979931e-01   3.4172687e-01
  9.3961617e-01  -3.4223011e-01  -9.3961617e-01   3.4223011e-01
  9.3943164e-01  -3.4273634e-01  -9.3943164e-01   3.4273634e-01
  9.3924561e-01  -3.4324581e-01  -9.3924561e-01   3.4324581e-01
  9.3905799e-01  -3.4375877e-01  -9.3905799e-01   3.4375877e-01
  9.3886867e-01  -3.4427549e-01  -9.3886867e-01   3.4427549e-01
  9.3867755e-01  -3.4479626e-01  -9.3867755e-01   3.4479626e-01
  9.3848449e-01  -3.4532138e-01  -9.3848449e-01   3.4532138e-01
  9.3828937e-01  -3.4585121e-01  -9.3828937e-01   3.4585121e-01
  9.3809204e-01  -3.4638610e-01  -9.3809204e-01   3.4638610e-01
  9.3789235e-01  -3.4692643e-01  -9.3789235e-01   3.4692643e-01
  9.3769012e-01  -3.4747264e-01  -9.3769012e-01   3.4747264e-01
  9.3748518e-01  -3.4802519e-01  -9.3748518e-01   3.4802519e-01
  9.3727733e-01  -3.4858457e-01  -9.3727733e-01   3.4858457e-01
  9.3706635e-01  -3.4915134e-01  -9.3706635e-01   3.4915134e-01
  9.3685199e-01  -3.4972610e-01  -9.3685199e-01   3.4972610e-01
  9.3663400e-01  -3.5030950e-01  -9.3663400e-01   3.5030950e-01
  9.3641208e-01  -3.5090228e-01  -9.3641208e-01   3.5090228e-01
  9.3618591e-01  -3.5150525e-01  -9.3618591e-01   3.5150525e-01
  9.3595513e-01  -3.5211929e-01  -9.3595513e-01   3.5211929e-01
  9.3571933e-01  -3.5274542e-01  -9.3571933e-01   3.5274542e-01
  9.3547807e-01  -3.5338476e-01  -9.3547807e-01   3.5338476e-01
  9.3523082e-01  -3.5403858e-01  -9.3523082e-01   3.5403858e-01
  9.3497701e-01  -3.5470832e-01  -9.3497701e-01   3.5470832e-01
  9.3471596e-01  -3.5539565e-01  -9.3471596e-01   3.5539565e-01
  9.3444692e-01  -3.5610245e-01  -9.3444692e-01   3.5610245e-01
  9.3416899e-01  -3.5683092e-01  -9.3416899e-01   3.5683092e-01
  9.3388112e-01  -3.5758363e-01  -9.3388112e-01   3.5758363e-01
  9.3358208e-01  -3.5836364e-01  -9.3358208e-01   3.5836364e-01
  9.3327040e-01  -3.5917454e-01  -9.3327040e-01   3.5917454e-01
  9.3294430e-01  -3.6002073e-01  -9.3294430e-01   3.6002073e-01
  9.3260159e-01  -3.6090757e-01  -9.3260159e-01   3.6090757e-01
  9.3223955e-01  -3.6184171e-01  -9.3223955e-01   3.6184171e-01
  9.3185472e-01  -3.6283161e-01  -9.3185472e-01   3.6283161e-01
  9.3144262e-01  -3.6388824e-01  -9.3144262e-01   3.6388824e-01
  9.3099725e-01  -3.6502620e-01  -9.3099725e-01   3.6502620e-01
  9.3051037e-01  -3.6626556e-01  -9.3051037e-01   3.6626556e-01
  9.2997010e-01  -3.6763516e-01  -9.2997010e-01   3.6763516e-01
  9.2935844e-01  -3.6917867e-01  -9.2935844e-01   3.6917867e-01
  9.2864593e-01  -3.7096731e-01  -9.2864593e-01   3.7096731e-01
  9.2777891e-01  -3.7313041e-01  -9.2777891e-01   3.7313041e-01
  9.2664127e-01  -3.7594675e-01  -9.2664127e-01   3.7594675e-01
  9.2488160e-01  -3.8025522e-01  -9.2488160e-01   3.8025522e-01
  9.3817516e-01  -3.4616090e-01  -9.3817516e-01   3.4616090e-01
  9.3581971e-01  -3.5247904e-01  -9.3581971e-01   3.5247904e-01
  9.3453497e-01  -3.5587131e-01  -9.3453497e-01   3.5587131e-01
  9.3360131e-01  -3.5831355e-01  -9.3360131e-01   3.5831355e-01
  9.3284927e-01  -3.6026691e-01  -9.3284927e-01   3.6026691e-01
  9.3220983e-01  -3.6191827e-01  -9.3220983e-01   3.6191827e-01
  9.3164762e-01  -3.6336307e-01  -9.3164762e-01   3.6336307e-01
  9.3114190e-01  -3.6465704e-01  -9.3114190e-01   3.6465704e-01
  9.3067945e-01  -3.6583571e-01  -9.3067945e-01   3.6583571e-01
  9.3025124e-01  -3.6692320e-01  -9.3025124e-01   3.6692320e-01
  9.2985083e-01  -3.6793672e-01  -9.2985083e-01   3.6793672e-01
  9.2947348e-01  -3.6888895e-01  -9.2947348e-01   3.6888895e-01
  9.2911553e-01  -3.6978957e-01  -9.2911553e-01   3.6978957e-01
  9.2877417e-01  -3.7064611e-01  -9.2877417e-01   3.7064611e-01
  9.2844713e-01  -3.7146457e-01  -9.2844713e-01   3.7146457e-01
  9.2813257e-01  -3.7224983e-01  -9.2813257e-01   3.7224983e-01
  9.2782898e-01  -3.7300587e-01  -9.2782898e-01   3.7300587e-01
  9.2753511e-01  -3.7373603e-01  -9.2753511e-01   3.7373603e-01
  9.2724989e-01  -3.7444312e-01  -9.2724989e-01   3.7444312e-01
  9.2697241e-01  -3.7512952e-01  -9.2697241e-01   3.7512952e-01
  9.2670190e-01  -3.7579728e-01  -9.2670190e-01   3.7579728e-01
  9.2643768e-01  -3.7644817e-01  -9.2643768e-01   3.7644817e-01
  9.2617916e-01  -3.7708376e-01  -9.2617916e-01   3.7708376e-01
  9.2592583e-01  -3.7770539e-01  -9.2592583e-01   3.7770539e-01
  9.2567722e-01  -3.7831426e-01  -9.2567722e-01   3.7831426e-01
  9.2543293e-01  -3.7891145e-01  -9.2543293e-01   3.7891145e-01
  9.2519260e-01  -3.7949789e-01  -9.2519260e-01   3.7949789e-01
  9.2495589e-01  -3.8007446e-01  -9.2495589e-01   3.8007446e-01
  9.2472252e-01  -3.8064191e-01  -9.2472252e-01   3.8064191e-01
  9.2449221e-01  -3.8120094e-01  -9.2449221e-01   3.8120094e-01
  9.2426472e-01  -3.8175218e-01  -9.2426472e-01   3.8175218e-01
  9.2403983e-01  -3.8229620e-01  -9.2403983e-01   3.8229620e-01
  9.2381734e-01  -3.8283354e-01  -9.2381734e-01   3.8283354e-01
  9.2359706e-01  -3.8336467e-01  -9.2359706e-01   3.8336467e-01
  9.2337882e-01  -3.8389004e-01  -9.2337882e-01   3.8389004e-01
  9.2316245e-01  -3.8441005e-01  -9.2316245e-01   3.8441005e-01
  9.2294782e-01  -3.8492508e-01  -9.2294782e-01   3.8492508e-01
  9.2273479e-01  -3.8543548e-01  -9.2273479e-01   3.8543548e-01
  9.2252323e-01  -3.8594157e-01  -9.2252323e-01   3.8594157e-01
  9.2231301e-01  -3.8644366e-01  -9.2231301e-01   3.8644366e-01
  9.2210404e-01  -3.8694203e-01  -9.2210404e-01   3.8694203e-01
  9.2189621e-01  -3.8743694e-01  -9.2189621e-01   3.8743694e-01
  9.2168941e-01  -3.8792863e-01  -9.2168941e-01   3.8792863e-01
  9.2148357e-01  -3.8841734e-01  -9.2148357e-01   3.8841734e-01
  9.2127859e-01  -3.8890328e-01  -9.2127859e-01   3.8890328e-01
  9.2107439e-01  -3.8938665e-01  -9.2107439e-01   3.8938665e-01
  9.2087090e-01  -3.8986764e-01  -9.2087090e-01   3.8986764e-01
  9.2066805e-01  -3.9034643e-01  -9.2066805e-01   3.9034643e-01
  9.2046577e-01  -3.9082320e-01  -9.2046577e-01   3.9082320e-01
  9.2026399e-01  -3.9129809e-01  -9.2026399e-01   3.9129809e-01
  9.2006265e-01  -3.9177126e-01  -9.2006265e-01   3.9177126e-01
  9.1986170e-01  -3.9224284e-01  -9.1986170e-01   3.9224284e-01
  9.1966109e-01  -3.9271298e-01  -9.1966109e-01   3.9271298e-01
  9.1946075e-01  -3.9318179e-01  -9.1946075e-01   3.9318179e-01
  9.1926065e-01  -3.9364940e-01  -9.1926065e-01   3.9364940e-01
  9.1906074e-01  -3.9411592e-01  -9.1906074e-01   3.9411592e-01
  9.1886097e-01  -3.9458144e-01  -9.1886097e-01   3.9458144e-01
  9.1866131e-01  -3.9504607e-01  -9.1866131e-01   3.9504607e-01
  9.1846171e-01  -3.9550991e-01  -9.1846171e-01   3.9550991e-01
  9.1826214e-01  -3.9597303e-01  -9.1826214e-01   3.9597303e-01
  9.1806257e-01  -3.9643552e-01  -9.1806257e-01   3.9643552e-01
  9.1786296e-01  -3.9689746e-01  -9.1786296e-01   3.9689746e-01
  9.1766328e-01  -3.9735891e-01  -9.1766328e-01   3.9735891e-01
  9.1746351e-01  -3.9781994e-01  -9.1746351e-01   3.9781994e-01
  9.1726362e-01  -3.9828061e-01  -9.1726362e-01   3.9828061e-01
  9.1706359e-01  -3.9874099e-01  -9.1706359e-01   3.9874099e-01
  9.1686339e-01  -3.9920111e-01  -9.1686339e-01   3.9920111e-01
  9.1666301e-01  -3.9966102e-01  -9.1666301e-01   3.9966102e-01
  9.1646242e-01  -4.0012077e-01  -9.1646242e-01   4.0012077e-01
  9.1626162e-01  -4.0058039e-01  -9.1626162e-01   4.0058039e-01
  9.1606058e-01  -4.0103991e-01  -9.1606058e-01   4.0103991e-01
  9.1585930e-01  -4.0149936e-01  -9.1585930e-01   4.0149936e-01
  9.1565777e-01  -4.0195877e-01  -9.1565777e-01   4.0195877e-01
  9.1545597e-01  -4.0241815e-01  -9.1545597e-01   4.0241815e-01
  9.1525390e-01  -4.0287752e-01  -9.1525390e-01   4.0287752e-01
  9.1505156e-01  -4.0333688e-01  -9.1505156e-01   4.0333688e-01
  9.1484895e-01  -4.0379624e-01  -9.1484895e-01   4.0379624e-01
  9.1464606e-01  -4.0425560e-01  -9.1464606e-01   4.0425560e-01
  9.1444289e-01  -4.0471497e-01  -9.1444289e-01   4.0471497e-01
  9.1423943e-01  -4.0517435e-01  -9.1423943e-01   4.0517435e-01
  9.1403569e-01  -4.0563377e-01  -9.1403569e-01   4.0563377e-01
  9.1383165e-01  -4.0609323e-01  -9.1383165e-01   4.0609323e-01
  9.1362731e-01  -4.0655276e-01  -9.1362731e-01   4.0655276e-01
  9.1342264e-01  -4.0701239e-01  -9.1342264e-01   4.0701239e-01
  9.1321763e-01  -4.0747215e-01  -9.1321763e-01   4.0747215e-01
  9.1301228e-01  -4.0793208e-01  -9.1301228e-01   4.0793208e-01
  9.1280655e-01  -4.0839222e-01  -9.1280655e-01   4.0839222e-01
  9.1260042e-01  -4.0885263e-01  -9.1260042e-01   4.0885263e-01
  9.1239388e-01  -4.0931334e-01  -9.1239388e-01   4.0931334e-01
  9.1218689e-01  -4.0977442e-01  -9.1218689e-01   4.0977442e-01
  9.1197943e-01  -4.1023592e-01  -9.1197943e-01   4.1023592e-01
  9.1177147e-01  -4.1069793e-01  -9.1177147e-01   4.1069793e-01
  9.1156297e-01  -4.1116050e-01  -9.1156297e-01   4.1116050e-01
  9.1135389e-01  -4.1162372e-01  -9.1135389e-01   4.1162372e-01
  9.1114420e-01  -4.1208767e-01  -9.1114420e-01   4.1208767e-01
  9.1093385e-01  -4.1255244e-01  -9.1093385e-01   4.1255244e-01
  9.1072281e-01  -4.1301813e-01  -9.1072281e-01   4.1301813e-01
  9.1051101e-01  -4.1348483e-01  -9.1051101e-01   4.1348483e-01
  9.1029841e-01  -4.1395265e-01  -9.1029841e-01   4.1395265e-01
  9.1008496e-01  -4.1442172e-01  -9.1008496e-01   4.1442172e-01
  9.0987060e-01  -4.1489215e-01  -9.0987060e-01   4.1489215e-01
  9.0965526e-01  -4.1536407e-01  -9.0965526e-01   4.1536407e-01
  9.0943888e-01  -4.1583763e-01  -9.0943888e-01   4.1583763e-01
  9.0922138e-01  -4.1631296e-01  -9.0922138e-01   4.1631296e-01
  9.0900270e-01  -4.1679023e-01  -9.0900270e-01   4.1679023e-01
  9.0878275e-01  -4.1726959e-01  -9.0878275e-01   4.1726959e-01
  9.0856145e-01  -4.1775124e-01  -9.0856145e-01   4.1775124e-01
  9.0833870e-01  -4.1823535e-01  -9.0833870e-01   4.1823535e-01
  9.0811441e-01  -4.1872212e-01  -9.0811441e-01   4.1872212e-01
  9.0788848e-01  -4.1921178e-01  -9.0788848e-01   4.1921178e-01
  9.0766079e-01  -4.1970454e-01  -9.0766079e-01   4.1970454e-01
  9.0743122e-01  -4.2020065e-01  -9.0743122e-01   4.2020065e-01
  9.0719965e-01  -4.2070037e-01  -9.0719965e-01   4.2070037e-01
  9.0696593e-01  -4.2120399e-01  -9.0696593e-01   4.2120399e-01
  9.0672993e-01  -4.2171179e-01  -9.0672993e-01   4.2171179e-01
  9.0649148e-01  -4.2222412e-01  -9.0649148e-01   4.2222412e-01
  9.0625040e-01  -4.2274130e-01  -9.0625040e-01   4.2274130e-01
  9.0600652e-01  -4.2326374e-01  -9.0600652e-01   4.2326374e-01
  9.0575962e-01  -4.2379182e-01  -9.0575962e-01   4.2379182e-01
  9.0550950e-01  -4.2432600e-01  -9.0550950e-01   4.2432600e-01
  9.0525590e-01  -4.2486675e-01  -9.0525590e-01   4.2486675e-01
  9.0499857e-01  -4.2541462e-01  -9.0499857e-01   4.2541462e-01
  9.0473721e-01  -4.2597017e-01  -9.0473721e-01   4.2597017e-01
  9.0447151e-01  -4.2653404e-01  -9.0447151e-01   4.2653404e-01
  9.0420112e-01  -4.2710694e-01  -9.0420112e-01   4.2710694e-01
  9.0392564e-01  -4.2768964e-01  -9.0392564e-01   4.2768964e-01
  9.0364465e-01  -4.2828302e-01  -9.0364465e-01   4.2828302e-01
  9.0335766e-01  -4.2888802e-01  -9.0335766e-01   4.2888802e-01
  9.0306412e-01  -4.2950575e-01  -9.0306412e-01   4.2950575e-01
  9.0276342e-01  -4.3013743e-01  -9.0276342e-01   4.3013743e-01
  9.0245485e-01  -4.3078444e-01  -9.0245485e-01   4.3078444e-01
  9.0213762e-01  -4.3144838e-01  -9.0213762e-01   4.3144838e-01
  9.0181081e-01  -4.3213108e-01  -9.0181081e-01   4.3213108e-01
  9.0147333e-01  -4.3283466e-01  -9.0147333e-01   4.3283466e-01
  9.0112394e-01  -4.3356159e-01  -9.0112394e-01   4.3356159e-01
  9.0076115e-01  -4.3431480e-01  -9.0076115e-01   4.3431480e-01
  9.0038321e-01  -4.3509778e-01  -9.0038321e-01   4.3509778e-01
  8.9998796e-01  -4.3591475e-01  -8.9998796e-01   4.3591475e-01
  8.9957279e-01  -4.3677087e-01  -8.9957279e-01   4.3677087e-01
  8.9913443e-01  -4.3767257e-01  -8.9913443e-01   4.3767257e-01
  8.9866873e-01  -4.3862798e-01  -8.9866873e-01   4.3862798e-01
  8.9817032e-01  -4.3964767e-01  -8.9817032e-01   4.3964767e-01
  8.9763202e-01  -4.4074569e-01  -8.9763202e-01   4.4074569e-01
  8.9704392e-01  -4.4194140e-01  -8.9704392e-01   4.4194140e-01
  8.9639183e-01  -4.4326254e-01  -8.9639183e-01   4.4326254e-01
  8.9565417e-01  -4.4475118e-01  -8.9565417e-01   4.4475118e-01
  8.9479566e-01  -4.4647589e-01  -8.9479566e-01   4.4647589e-01
  8.9375213e-01  -4.4856118e-01  -8.9375213e-01   4.4856118e-01
  8.9238474e-01  -4.5127540e-01  -8.9238474e-01   4.5127540e-01
  8.9027370e-01  -4.5542588e-01  -8.9027370e-01   4.5542588e-01
  9.3817516e-01  -3.4616090e-01  -9.3817516e-01   3.4616090e-01
  9.3581971e-01  -3.5247904e-01  -9.3581971e-01   3.5247904e-01
  9.3453497e-01  -3.5587131e-01  -9.3453497e-01   3.5587131e-01
  9.3360131e-01  -3.5831355e-01  -9.3360131e-01   3.5831355e-01
  9.3284927e-01  -3.6026691e-01  -9.3284927e-01   3.6026691e-01
  9.3220983e-01  -3.6191827e-01  -9.3220983e-01   3.6191827e-01
  9.3164762e-01  -3.6336307e-01  -9.3164762e-01   3.6336307e-01
  9.3114190e-01  -3.6465704e-01  -9.3114190e-01   3.6465704e-01
  9.3067945e-01  -3.6583571e-01  -9.3067945e-01   3.6583571e-01
  9.3025124e-01  -3.6692320e-01  -9.3025124e-01   3.6692320e-01
  9.2985083e-01  -3.6793672e-01  -9.2985083e-01   3.6793672e-01
  9.2947348e-01  -3.6888895e-01  -9.2947348e-01   3.6888895e-01
  9.2911553e-01  -3.6978957e-01  -9.2911553e-01   3.6978957e-01
  9.2877417e-01  -3.7064611e-01  -9.2877417e-01   3.7064611e-01
  9.2844713e-01  -3.7146457e-01  -9.2844713e-01   3.7146457e-01
  9.2813257e-01  -3.7224983e-01  -9.2813257e-01   3.7224983e-01
  9.2782898e-01  -3.7300587e-01  -9.2782898e-01   3.7300587e-01
  9.2753511e-01  -3.7373603e-01  -9.2753511e-01   3.7373603e-01
  9.2724989e-01  -3.7444312e-01  -9.2724989e-01   3.7444312e-01
  9.2697241e-01  -3.7512952e-01  -9.2697241e-01   3.7512952e-01
  9.2670190e-01  -3.7579728e-01  -9.2670190e-01   3.7579728e-01
  9.2643768e-01  -3.7644817e-01  -9.2643768e-01   3.7644817e-01
  9.2617916e-01  -3.7708376e-01  -9.2617916e-01   3.7708376e-01
  9.2592583e-01  -3.7770539e-01  -9.2592583e-01   3.7770539e-01
  9.2567722e-01  -3.7831426e-01  -9.2567722e-01   3.7831426e-01
  9.2543293e-01  -3.7891145e-01  -9.2543293e-01   3.7891145e-01
  9.2519260e-01  -3.7949789e-01  -9.2519260e-01   3.7949789e-01
  9.2495589e-01  -3.8007446e-01  -9.2495589e-01   3.8007446e-01
  9.2472252e-01  -3.8064191e-01  -9.2472252e-01   3.8064191e-01
  9.2449221e-01  -3.8120094e-01  -9.2449221e-01   3.8120094e-01
  9.2426472e-01  -3.8175218e-01  -9.2426472e-01   3.8175218e-01
  9.2403983e-01  -3.8229620e-01  -9.2403983e-01   3.8229620e-01
  9.2381734e-01  -3.8283354e-01  -9.2381734e-01   3.8283354e-01
  9.2359706e-01  -3.8336467e-01  -9.2359706e-01   3.8336467e-01
  9.2337882e-01  -3.8389004e-01  -9.2337882e-01   3.8389004e-01
  9.2316245e-01  -3.8441005e-01  -9.2316245e-01   3.8441005e-01
  9.2294782e-01  -3.8492508e-01  -9.2294782e-01   3.8492508e-01
  9.2273479e-01  -3.8543548e-01  -9.2273479e-01   3.8543548e-01
  9.2252323e-01  -3.8594157e-01  -9.2252323e-01   3.8594157e-01
  9.2231301e-01  -3.8644366e-01  -9.2231301e-01   3.8644366e-01
  9.2210404e-01  -3.8694203e-01  -9.2210404e-01   3.8694203e-01
  9.2189621e-01  -3.8743694e-01  -9.2189621e-01   3.8743694e-01
  9.2168941e-01  -3.8792863e-01  -9.2168941e-01   3.8792863e-01
  9.2148357e-01  -3.8841734e-01  -9.2148357e-01   3.8841734e-01
  9.2127859e-01  -3.8890328e-01  -9.2127859e-01   3.8890328e-01
  9.2107439e-01  -3.8938665e-01  -9.2107439e-01   3.8938665e-01
  9.2087090e-01  -3.8986764e-01  -9.2087090e-01   3.8986764e-01
  9.2066805e-01  -3.9034643e-01  -9.2066805e-01   3.9034643e-01
  9.2046577e-01  -3.9082320e-01  -9.2046577e-01   3.9082320e-01
  9.2026399e-01  -3.9129809e-01  -9.2026399e-01   3.9129809e-01
  9.2006265e-01  -3.9177126e-01  -9.2006265e-01   3.9177126e-01
  9.1986170e-01  -3.9224284e-01  -9.1986170e-01   3.9224284e-01
  9.1966109e-01  -3.9271298e-01  -9.1966109e-01   3.9271298e-01
  9.1946075e-01  -3.9318179e-01  -9.1946075e-01   3.9318179e-01
  9.1926065e-01  -3.9364940e-01  -9.1926065e-01   3.9364940e-01
  9.1906074e-01  -3.9411592e-01  -9.1906074e-01   3.9411592e-01
  9.1886097e-01  -3.9458144e-01  -9.1886097e-01   3.9458144e-01
  9.1866131e-01  -3.9504607e-01  -9.1866131e-01   3.9504607e-01
  9.1846171e-01  -3.9550991e-01  -9.1846171e-01   3.9550991e-01
  9.1826214e-01  -3.9597303e-01  -9.1826214e-01   3.9597303e-01
  9.1806257e-01  -3.9643552e-01  -9.1806257e-01   3.9643552e-01
  9.1786296e-01  -3.9689746e-01  -9.1786296e-01   3.9689746e-01
  9.1766328e-01  -3.9735891e-01  -9.1766328e-01   3.9735891e-01
  9.1746351e-01  -3.9781994e-01  -9.1746351e-01   3.9781994e-01
  9.1726362e-01  -3.9828061e-01  -9.1726362e-01   3.9828061e-01
  9.1706359e-01  -3.9874099e-01  -9.1706359e-01   3.9874099e-01
  9.1686339e-01  -3.9920111e-01  -9.1686339e-01   3.9920111e-01
  9.1666301e-01  -3.9966102e-01  -9.1666301e-01   3.9966102e-01
  9.1646242e-01  -4.0012077e-01  -9.1646242e-01   4.0012077e-01
  9.1626162e-01  -4.0058039e-01  -9.1626162e-01   4.0058039e-01
  9.1606058e-01  -4.0103991e-01  -9.1606058e-01   4.0103991e-01
  9.1585930e-01  -4.0149936e-01  -9.1585930e-01   4.0149936e-01
  9.1565777e-01  -4.0195877e-01  -9.1565777e-01   4.0195877e-01
  9.1545597e-01  -4.0241815e-01  -9.1545597e-01   4.0241815e-01
  9.1525390e-01  -4.0287752e-01  -9.1525390e-01   4.0287752e-01
  9.1505156e-01  -4.0333688e-01  -9.1505156e-01   4.0333688e-01
  9.1484895e-01  -4.0379624e-01  -9.1484895e-01   4.0379624e-01
  9.1464606e-01  -4.0425560e-01  -9.1464606e-01   4.0425560e-01
  9.1444289e-01  -4.0471497e-01  -9.1444289e-01   4.0471497e-01
  9.1423943e-01  -4.0517435e-01  -9.1423943e-01   4.0517435e-01
  9.1403569e-01  -4.0563377e-01  -9.1403569e-01   4.0563377e-01
  9.1383165e-01  -4.0609323e-01  -9.1383165e-01   4.0609323e-01
  9.1362731e-01  -4.0655276e-01  -9.1362731e-01   4.0655276e-01
  9.1342264e-01  -4.0701239e-01  -9.1342264e-01   4.0701239e-01
  9.1321763e-01  -4.0747215e-01  -9.1321763e-01   4.0747215e-01
  9.1301228e-01  -4.0793208e-01  -9.1301228e-01   4.0793208e-01
  9.1280655e-01  -4.0839222e-01  -9.1280655e-01   4.0839222e-01
  9.1260042e-01  -4.0885263e-01  -9.1260042e-01   4.0885263e-01
  9.1239388e-01  -4.0931334e-01  -9.1239388e-01   4.0931334e-01
  9.1218689e-01  -4.0977442e-01  -9.1218689e-01   4.0977442e-01
  9.1197943e-01  -4.1023592e-01  -9.1197943e-01   4.1023592e-01
  9.1177147e-01  -4.1069793e-01  -9.1177147e-01   4.1069793e-01
  9.1156297e-01  -4.1116050e-01  -9.1156297e-01   4.1116050e-01
  9.1135389e-01  -4.1162372e-01  -9.1135389e-01   4.1162372e-01
  9.1114420e-01  -4.1208767e-01  -9.1114420e-01   4.1208767e-01
  9.1093385e-01  -4.1255244e-01  -9.1093385e-01   4.1255244e-01
  9.1072281e-01  -4.1301813e-01  -9.1072281e-01   4.1301813e-01
  9.1051101e-01  -4.1348483e-01  -9.1051101e-01   4.1348483e-01
  9.1029841e-01  -4.1395265e-01  -9.1029841e-01   4.1395265e-01
  9.1008496e-01  -4.1442172e-01  -9.1008496e-01   4.1442172e-01
  9.0987060e-01  -4.1489215e-01  -9.0987060e-01   4.1489215e-01
  9.0965526e-01  -4.1536407e-01  -9.0965526e-01   4.1536407e-01
  9.0943888e-01  -4.1583763e-01  -9.0943888e-01   4.1583763e-01
  9.0922138e-01  -4.1631296e-01  -9.0922138e-01   4.1631296e-01
  9.0900270e-01  -4.1679023e-01  -9.0900270e-01   4.1679023e-01
  9.0878275e-01  -4.1726959e-01  -9.0878275e-01   4.1726959e-01
  9.0856145e-01  -4.1775124e-01  -9.0856145e-01   4.1775124e-01
  9.0833870e-01  -4.1823535e-01  -9.0833870e-01   4.1823535e-01
  9.0811441e-01  -4.1872212e-01  -9.0811441e-01   4.1872212e-01
  9.0788848e-01  -4.1921178e-01  -9.0788848e-01   4.1921178e-01
  9.0766079e-01  -4.1970454e-01  -9.0766079e-01   4.1970454e-01
  9.0743122e-01  -4.2020065e-01  -9.0743122e-01   4.2020065e-01
  9.0719965e-01  -4.2070037e-01  -9.0719965e-01   4.2070037e-01
  9.0696593e-01  -4.2120399e-01  -9.0696593e-01   4.2120399e-01
  9.0672993e-01  -4.2171179e-01  -9.0672993e-01   4.2171179e-01
  9.0649148e-01  -4.2222412e-01  -9.0649148e-01   4.2222412e-01
  9.0625040e-01  -4.2274130e-01  -9.0625040e-01   4.2274130e-01
  9.0600652e-01  -4.2326374e-01  -9.0600652e-01   4.2326374e-01
  9.0575962e-01  -4.2379182e-01  -9.0575962e-01   4.2379182e-01
  9.0550950e-01  -4.2432600e-01  -9.0550950e-01   4.2432600e-01
  9.0525590e-01  -4.2486675e-01  -9.0525590e-01   4.2486675e-01
  9.0499857e-01  -4.2541462e-01  -9.0499857e-01   4.2541462e-01
  9.0473721e-01  -4.2597017e-01  -9.0473721e-01   4.2597017e-01
  9.0447151e-01  -4.2653404e-01  -9.0447151e-01   4.2653404e-01
  9.0420112e-01  -4.2710694e-01  -9.0420112e-01   4.2710694e-01
  9.0392564e-01  -4.2768964e-01  -9.0392564e-01   4.2768964e-01
  9.0364465e-01  -4.2828302e-01  -9.0364465e-01   4.2828302e-01
  9.0335766e-01  -4.2888802e-01  -9.0335766e-01   4.2888802e-01
  9.0306412e-01  -4.2950575e-01  -9.0306412e-01   4.2950575e-01
  9.0276342e-01  -4.3013743e-01  -9.0276342e-01   4.3013743e-01
  9.0245485e-01  -4.3078444e-01  -9.0245485e-01   4.3078444e-01
  9.0213762e-01  -4.3144838e-01  -9.0213762e-01   4.3144838e-01
  9.0181081e-01  -4.3213108e-01  -9.0181081e-01   4.3213108e-01
  9.0147333e-01  -4.3283466e-01  -9.0147333e-01   4.3283466e-01
  9.0112394e-01  -4.3356159e-01  -9.0112394e-01   4.3356159e-01
  9.0076115e-01  -4.3431480e-01  -9.0076115e-01   4.3431480e-01
  9.0038321e-01  -4.3509778e-01  -9.0038321e-01   4.3509778e-01
  8.9998796e-01  -4.3591475e-01  -8.9998796e-01   4.3591475e-01
  8.9957279e-01  -4.3677087e-01  -8.9957279e-01   4.3677087e-01
  8.9913443e-01  -4.3767257e-01  -8.9913443e-01   4.3767257e-01
  8.9866873e-01  -4.3862798e-01  -8.9866873e-01   4.3862798e-01
  8.9817032e-01  -4.3964767e-01  -8.9817032e-01   4.3964767e-01
  8.9763202e-01  -4.4074569e-01  -8.9763202e-01   4.4074569e-01
  8.9704392e-01  -4.4194140e-01  -8.9704392e-01   4.4194140e-01
  8.9639183e-01  -4.4326254e-01  -8.9639183e-01   4.4326254e-01
  8.9565417e-01  -4.4475118e-01  -8.9565417e-01   4.4475118e-01
  8.9479566e-01  -4.4647589e-01  -8.9479566e-01   4.4647589e-01
  8.9375213e-01  -4.4856118e-01  -8.9375213e-01   4.4856118e-01
  8.9238474e-01  -4.5127540e-01  -8.9238474e-01   4.5127540e-01
  8.9027370e-01  -4.5542588e-01  -8.9027370e-01   4.5542588e-01
  9.3817516e-01  -3.4616090e-01  -9.3817516e-01   3.4616090e-01
  9.3581971e-01  -3.5247904e-01  -9.3581971e-01   3.5247904e-01
  9.3453497e-01  -3.5587131e-01  -9.3453497e-01   3.5587131e-01
  9.3360131e-01  -3.5831355e-01  -9.3360131e-01   3.5831355e-01
  9.3284927e-01  -3.6026691e-01  -9.3284927e-01   3.6026691e-01
  9.3220983e-01  -3.6191827e-01  -9.3220983e-01   3.6191827e-01
  9.3164762e-01  -3.6336307e-01  -9.3164762e-01   3.6336307e-01
  9.3114190e-01  -3.6465704e-01  -9.3114190e-01   3.6465704e-01
  9.3067945e-01  -3.6583571e-01  -9.3067945e-01   3.6583571e-01
  9.3025124e-01  -3.6692320e-01  -9.3025124e-01   3.6692320e-01
  9.2985083e-01  -3.6793672e-01  -9.2985083e-01   3.6793672e-01
  9.2947348e-01  -3.6888895e-01  -9.2947348e-01   3.6888895e-01
  9.2911553e-01  -3.6978957e-01  -9.2911553e-01   3.6978957e-01
  9.2877417e-01  -3.7064611e-01  -9.2877417e-01   3.7064611e-01
  9.2844713e-01  -3.7146457e-01  -9.2844713e-01   3.7146457e-01
  9.2813257e-01  -3.7224983e-01  -9.2813257e-01   3.7224983e-01
  9.2782898e-01  -3.7300587e-01  -9.2782898e-01   3.7300587e-01
  9.2753511e-01  -3.7373603e-01  -9.2753511e-01   3.7373603e-01
  9.2724989e-01  -3.7444312e-01  -9.2724989e-01   3.7444312e-01
  9.2697241e-01  -3.7512952e-01  -9.2697241e-01   3.7512952e-01
  9.2670190e-01  -3.7579728e-01  -9.2670190e-01   3.7579728e-01
  9.2643768e-01  -3.7644817e-01  -9.2643768e-01   3.7644817e-01
  9.2617916e-01  -3.7708376e-01  -9.2617916e-01   3.7708376e-01
  9.2592583e-01  -3.7770539e-01  -9.2592583e-01   3.7770539e-01
  9.2567722e-01  -3.7831426e-01  -9.2567722e-01   3.7831426e-01
  9.2543293e-01  -3.7891145e-01  -9.2543293e-01   3.7891145e-01
  9.2519260e-01  -3.7949789e-01  -9.2519260e-01   3.7949789e-01
  9.2495589e-01  -3.8007446e-01  -9.2495589e-01   3.8007446e-01
  9.2472252e-01  -3.8064191e-01  -9.2472252e-01   3.8064191e-01
  9.2449221e-01  -3.8120094e-01  -9.2449221e-01   3.8120094e-01
  9.2426472e-01  -3.8175218e-01  -9.2426472e-01   3.8175218e-01
  9.2403983e-01  -3.8229620e-01  -9.2403983e-01   3.8229620e-01
  9.2381734e-01  -3.8283354e-01  -9.2381734e-01   3.8283354e-01
  9.2359706e-01  -3.8336467e-01  -9.2359706e-01   3.8336467e-01
  9.2337882e-01  -3.8389004e-01  -9.2337882e-01   3.8389004e-01
  9.2316245e-01  -3.8441005e-01  -9.2316245e-01   3.8441005e-01
  9.2294782e-01  -3.8492508e-01  -9.2294782e-01   3.8492508e-01
  9.2273479e-01  -3.8543548e-01  -9.2273479e-01   3.8543548e-01
  9.2252323e-01  -3.8594157e-01  -9.2252323e-01   3.8594157e-01
  9.2231301e-01  -3.8644366e-01  -9.2231301e-01   3.8644366e-01
  9.2210404e-01  -3.8694203e-01  -9.2210404e-01   3.8694203e-01
  9.2189621e-01  -3.8743694e-01  -9.2189621e-01   3.8743694e-01
  9.2168941e-01  -3.8792863e-01  -9.2168941e-01   3.8792863e-01
  9.2148357e-01  -3.8841734e-01  -9.2148357e-01   3.8841734e-01
  9.2127859e-01  -3.8890328e-01  -9.2127859e-01   3.8890328e-01
  9.2107439e-01  -3.8938665e-01  -9.2107439e-01   3.8938665e-01
  9.2087090e-01  -3.8986764e-01  -9.2087090e-01   3.8986764e-01
  9.2066805e-01  -3.9034643e-01  -9.2066805e-01   3.9034643e-01
  9.2046577e-01  -3.9082320e-01  -9.2046577e-01   3.9082320e-01
  9.2026399e-01  -3.9129809e-01  -9.2026399e-01   3.9129809e-01
  9.2006265e-01  -3.9177126e-01  -9.2006265e-01   3.9177126e-01
  9.1986170e-01  -3.9224284e-01  -9.1986170e-01   3.9224284e-01
  9.1966109e-01  -3.9271298e-01  -9.1966109e-01   3.9271298e-01
  9.1946075e-01  -3.9318179e-01  -9.1946075e-01   3.9318179e-01
  9.1926065e-01  -3.9364940e-01  -9.1926065e-01   3.9364940e-01
  9.1906074e-01  -3.9411592e-01  -9.1906074e-01   3.9411592e-01
  9.1886097e-01  -3.9458144e-01  -9.1886097e-01   3.9458144e-01
  9.1866131e-01  -3.9504607e-01  -9.1866131e-01   3.9504607e-01
  9.1846171e-01  -3.9550991e-01  -9.1846171e-01   3.9550991e-01
  9.1826214e-01  -3.9597303e-01  -9.1826214e-01   3.9597303e-01
  9.1806257e-01  -3.9643552e-01  -9.1806257e-01   3.9643552e-01
  9.1786296e-01  -3.9689746e-01  -9.1786296e-01   3.9689746e-01
  9.1766328e-01  -3.9735891e-01  -9.1766328e-01   3.9735891e-01
  9.1746351e-01  -3.9781994e-01  -9.1746351e-01   3.9781994e-01
  9.1726362e-01  -3.9828061e-01  -9.1726362e-01   3.9828061e-01
  9.1706359e-01  -3.9874099e-01  -9.1706359e-01   3.9874099e-01
  9.1686339e-01  -3.9920111e-01  -9.1686339e-01   3.9920111e-01
  9.1666301e-01  -3.9966102e-01  -9.1666301e-01   3.9966102e-01
  9.1646242e-01  -4.0012077e-01  -9.1646242e-01   4.0012077e-01
  9.1626162e-01  -4.0058039e-01  -9.1626162e-01   4.0058039e-01
  9.1606058e-01  -4.0103991e-01  -9.1606058e-01   4.0103991e-01
  9.1585930e-01  -4.0149936e-01  -9.1585930e-01   4.0149936e-01
  9.1565777e-01  -4.0195877e-01  -9.1565777e-01   4.0195877e-01
  9.1545597e-01  -4.0241815e-01  -9.1545597e-01   4.0241815e-01
  9.1525390e-01  -4.0287752e-01  -9.1525390e-01   4.0287752e-01
  9.1505156e-01  -4.0333688e-01  -9.1505156e-01   4.0333688e-01
  9.1484895e-01  -4.0379624e-01  -9.1484895e-01   4.0379624e-01
  9.1464606e-01  -4.0425560e-01  -9.1464606e-01   4.0425560e-01
  9.1444289e-01  -4.0471497e-01  -9.1444289e-01   4.0471497e-01
  9.1423943e-01  -4.0517435e-01  -9.1423943e-01   4.0517435e-01
  9.1403569e-01  -4.0563377e-01  -9.1403569e-01   4.0563377e-01
  9.1383165e-01  -4.0609323e-01  -9.1383165e-01   4.0609323e-01
  9.1362731e-01  -4.0655276e-01  -9.1362731e-01   4.0655276e-01
  9.1342264e-01  -4.0701239e-01  -9.1342264e-01   4.0701239e-01
  9.1321763e-01  -4.0747215e-01  -9.1321763e-01   4.0747215e-01
  9.1301228e-01  -4.0793208e-01  -9.1301228e-01   4.0793208e-01
  9.1280655e-01  -4.0839222e-01  -9.1280655e-01   4.0839222e-01
  9.1260042e-01  -4.0885263e-01  -9.1260042e-01   4.0885263e-01
  9.1239388e-01  -4.0931334e-01  -9.1239388e-01   4.0931334e-01
  9.1218689e-01  -4.0977442e-01  -9.1218689e-01   4.0977442e-01
  9.1197943e-01  -4.1023592e-01  -9.1197943e-01   4.1023592e-01
  9.1177147e-01  -4.1069793e-01  -9.1177147e-01   4.1069793e-01
  9.1156297e-01  -4.1116050e-01  -9.1156297e-01   4.1116050e-01
  9.1135389e-01  -4.1162372e-01  -9.1135389e-01   4.1162372e-01
  9.1114420e-01  -4.1208767e-01  -9.1114420e-01   4.1208767e-01
  9.1093385e-01  -4.1255244e-01  -9.1093385e-01   4.1255244e-01
  9.1072281e-01  -4.1301813e-01  -9.1072281e-01   4.1301813e-01
  9.1051101e-01  -4.1348483e-01  -9.1051101e-01   4.1348483e-01
  9.1029841e-01  -4.1395265e-01  -9.1029841e-01   4.1395265e-01
  9.1008496e-01  -4.1442172e-01  -9.1008496e-01   4.1442172e-01
  9.0987060e-01  -4.1489215e-01  -9.0987060e-01   4.1489215e-01
  9.0965526e-01  -4.1536407e-01  -9.0965526e-01   4.1536407e-01
  9.0943888e-01  -4.1583763e-01  -9.0943888e-01   4.1583763e-01
  9.0922138e-01  -4.1631296e-01  -9.0922138e-01   4.1631296e-01
  9.0900270e-01  -4.1679023e-01  -9.0900270e-01   4.1679023e-01
  9.0878275e-01  -4.1726959e-01  -9.0878275e-01   4.1726959e-01
  9.0856145e-01  -4.1775124e-01  -9.0856145e-01   4.1775124e-01
  9.0833870e-01  -4.1823535e-01  -9.0833870e-01   4.1823535e-01
  9.0811441e-01  -4.1872212e-01  -9.0811441e-01   4.1872212e-01
  9.0788848e-01  -4.1921178e-01  -9.0788848e-01   4.1921178e-01
  9.0766079e-01  -4.1970454e-01  -9.0766079e-01   4.1970454e-01
  9.0743122e-01  -4.2020065e-01  -9.0743122e-01   4.2020065e-01
  9.0719965e-01  -4.2070037e-01  -9.0719965e-01   4.2070037e-01
  9.0696593e-01  -4.2120399e-01  -9.0696593e-01   4.2120399e-01
  9.0672993e-01  -4.2171179e-01  -9.0672993e-01   4.2171179e-01
  9.0649148e-01  -4.2222412e-01  -9.0649148e-01   4.2222412e-01
  9.0625040e-01  -4.2274130e-01  -9.0625040e-01   4.2274130e-01
  9.0600652e-01  -4.2326374e-01  -9.0600652e-01   4.2326374e-01
  9.0575962e-01  -4.2379182e-01  -9.0575962e-01   4.2379182e-01
  9.0550950e-01  -4.2432600e-01  -9.0550950e-01   4.2432600e-01
  9.0525590e-01  -4.2486675e-01  -9.0525590e-01   4.2486675e-01
  9.0499857e-01  -4.2541462e-01  -9.0499857e-01   4.2541462e-01
  9.0473721e-01  -4.2597017e-01  -9.0473721e-01   4.2597017e-01
  9.0447151e-01  -4.2653404e-01  -9.0447151e-01   4.2653404e-01
  9.0420112e-01  -4.2710694e-01  -9.0420112e-01   4.2710694e-01
  9.0392564e-01  -4.2768964e-01  -9.0392564e-01   4.2768964e-01
  9.0364465e-01  -4.2828302e-01  -9.0364465e-01   4.2828302e-01
  9.0335766e-01  -4.2888802e-01  -9.0335766e-01   4.2888802e-01
  9.0306412e-01  -4.2950575e-01  -9.0306412e-01   4.2950575e-01
  9.0276342e-01  -4.3013743e-01  -9.0276342e-01   4.3013743e-01
  9.0245485e-01  -4.3078444e-01  -9.0245485e-01   4.3078444e-01
  9.0213762e-01  -4.3144838e-01  -9.0213762e-01   4.3144838e-01
  9.0181081e-01  -4.3213108e-01  -9.0181081e-01   4.3213108e-01
  9.0147333e-01  -4.3283466e-01  -9.0147333e-01   4.3283466e-01
  9.0112394e-01  -4.3356159e-01  -9.0112394e-01   4.3356159e-01
  9.0076115e-01  -4.3431480e-01  -9.0076115e-01   4.3431480e-01
  9.0038321e-01  -4.3509778e-01  -9.0038321e-01   4.3509778e-01
  8.9998796e-01  -4.3591475e-01  -8.9998796e-01   4.3591475e-01
  8.9957279e-01  -4.3677087e-01  -8.9957279e-01   4.3677087e-01
  8.9913443e-01  -4.3767257e-01  -8.9913443e-01   4.3767257e-01
  8.9866873e-01  -4.3862798e-01  -8.9866873e-01   4.3862798e-01
  8.9817032e-01  -4.3964767e-01  -8.9817032e-01   4.3964767e-01
  8.9763202e-01  -4.4074569e-01  -8.9763202e-01   4.4074569e-01
  8.9704392e-01  -4.4194140e-01  -8.9704392e-01   4.4194140e-01
  8.9639183e-01  -4.4326254e-01  -8.9639183e-01   4.4326254e-01
  8.9565417e-01  -4.4475118e-01  -8.9565417e-01   4.4475118e-01
  8.9479566e-01  -4.4647589e-01  -8.9479566e-01   4.4647589e-01
  8.9375213e-01  -4.4856118e-01  -8.9375213e-01   4.4856118e-01
  8.9238474e-01  -4.5127540e-01  -8.9238474e-01   4.5127540e-01
  8.9027370e-01  -4.5542588e-01  -8.9027370e-01   4.5542588e-01
  9.3817516e-01  -3.4616090e-01  -9.3817516e-01   3.4616090e-01
  9.3581971e-01  -3.5247904e-01  -9.3581971e-01   3.5247904e-01
  9.3453497e-01  -3.5587131e-01  -9.3453497e-01   3.5587131e-01
  9.3360131e-01  -3.5831355e-01  -9.3360131e-01   3.5831355e-01
  9.3284927e-01  -3.6026691e-01  -9.3284927e-01   3.6026691e-01
  9.3220983e-01  -3.6191827e-01  -9.3220983e-01   3.6191827e-01
  9.3164762e-01  -3.6336307e-01  -9.3164762e-01   3.6336307e-01
  9.3114190e-01  -3.6465704e-01  -9.3114190e-01   3.6465704e-01
  9.3067945e-01  -3.6583571e-01  -9.3067945e-01   3.6583571e-01
  9.3025124e-01  -3.6692320e-01  -9.3025124e-01   3.6692320e-01
  9.2985083e-01  -3.6793672e-01  -9.2985083e-01   3.6793672e-01
  9.2947348e-01  -3.6888895e-01  -9.2947348e-01   3.6888895e-01
  9.2911553e-01  -3.6978957e-01  -9.2911553e-01   3.6978957e-01
  9.2877417e-01  -3.7064611e-01  -9.2877417e-01   3.7064611e-01
  9.2844713e-01  -3.7146457e-01  -9.2844713e-01   3.7146457e-01
  9.2813257e-01  -3.7224983e-01  -9.2813257e-01   3.7224983e-01
  9.2782898e-01  -3.7300587e-01  -9.2782898e-01   3.7300587e-01
  9.2753511e-01  -3.7373603e-01  -9.2753511e-01   3.7373603e-01
  9.2724989e-01  -3.7444312e-01  -9.2724989e-01   3.7444312e-01
  9.2697241e-01  -3.7512952e-01  -9.2697241e-01   3.7512952e-01
  9.2670190e-01  -3.7579728e-01  -9.2670190e-01   3.7579728e-01
  9.2643768e-01  -3.7644817e-01  -9.2643768e-01   3.7644817e-01
  9.2617916e-01  -3.7708376e-01  -9.2617916e-01   3.7708376e-01
  9.2592583e-01  -3.7770539e-01  -9.2592583e-01   3.7770539e-01
  9.2567722e-01  -3.7831426e-01  -9.2567722e-01   3.7831426e-01
  9.2543293e-01  -3.7891145e-01  -9.2543293e-01   3.7891145e-01
  9.2519260e-01  -3.7949789e-01  -9.2519260e-01   3.7949789e-01
  9.2495589e-01  -3.8007446e-01  -9.2495589e-01   3.8007446e-01
  9.2472252e-01  -3.8064191e-01  -9.2472252e-01   3.8064191e-01
  9.2449221e-01  -3.8120094e-01  -9.2449221e-01   3.8120094e-01
  9.2426472e-01  -3.8175218e-01  -9.2426472e-01   3.8175218e-01
  9.2403983e-01  -3.8229620e-01  -9.2403983e-01   3.8229620e-01
  9.2381734e-01  -3.8283354e-01  -9.2381734e-01   3.8283354e-01
  9.2359706e-01  -3.8336467e-01  -9.2359706e-01   3.8336467e-01
  9.2337882e-01  -3.8389004e-01  -9.2337882e-01   3.8389004e-01
  9.2316245e-01  -3.8441005e-01  -9.2316245e-01   3.8441005e-01
  9.2294782e-01  -3.8492508e-01  -9.2294782e-01   3.8492508e-01
  9.2273479e-01  -3.8543548e-01  -9.2273479e-01   3.8543548e-01
  9.2252323e-01  -3.8594157e-01  -9.2252323e-01   3.8594157e-01
  9.2231301e-01  -3.8644366e-01  -9.2231301e-01   3.8644366e-01
  9.2210404e-01  -3.8694203e-01  -9.2210404e-01   3.8694203e-01
  9.2189621e-01  -3.8743694e-01  -9.2189621e-01   3.8743694e-01
  9.2168941e-01  -3.8792863e-01  -9.2168941e-01   3.8792863e-01
  9.2148357e-01  -3.8841734e-01  -9.2148357e-01   3.8841734e-01
  9.2127859e-01  -3.8890328e-01  -9.2127859e-01   3.8890328e-01
  9.2107439e-01  -3.8938665e-01  -9.2107439e-01   3.8938665e-01
  9.2087090e-01  -3.8986764e-01  -9.2087090e-01   3.8986764e-01
  9.2066805e-01  -3.9034643e-01  -9.2066805e-01   3.9034643e-01
  9.2046577e-01  -3.9082320e-01  -9.2046577e-01   3.9082320e-01
  9.2026399e-01  -3.9129809e-01  -9.2026399e-01   3.9129809e-01
  9.2006265e-01  -3.9177126e-01  -9.2006265e-01   3.9177126e-01
  9.1986170e-01  -3.9224284e-01  -9.1986170e-01   3.9224284e-01
  9.1966109e-01  -3.9271298e-01  -9.1966109e-01   3.9271298e-01
  9.1946075e-01  -3.9318179e-01  -9.1946075e-01   3.9318179e-01
  9.1926065e-01  -3.9364940e-01  -9.1926065e-01   3.9364940e-01
  9.1906074e-01  -3.9411592e-01  -9.1906074e-01   3.9411592e-01
  9.1886097e-01  -3.9458144e-01  -9.1886097e-01   3.9458144e-01
  9.1866131e-01  -3.9504607e-01  -9.1866131e-01   3.9504607e-01
  9.1846171e-01  -3.9550991e-01  -9.1846171e-01   3.9550991e-01
  9.1826214e-01  -3.9597303e-01  -9.1826214e-01   3.9597303e-01
  9.1806257e-01  -3.9643552e-01  -9.1806257e-01   3.9643552e-01
  9.1786296e-01  -3.9689746e-01  -9.1786296e-01   3.9689746e-01
  9.1766328e-01  -3.9735891e-01  -9.1766328e-01   3.9735891e-01
  9.1746351e-01  -3.9781994e-01  -9.1746351e-01   3.9781994e-01
  9.1726362e-01  -3.9828061e-01  -9.1726362e-01   3.9828061e-01
  9.1706359e-01  -3.9874099e-01  -9.1706359e-01   3.9874099e-01
  9.1686339e-01  -3.9920111e-01  -9.1686339e-01   3.9920111e-01
  9.1666301e-01  -3.9966102e-01  -9.1666301e-01   3.9966102e-01
  9.1646242e-01  -4.0012077e-01  -9.1646242e-01   4.0012077e-01
  9.1626162e-01  -4.0058039e-01  -9.1626162e-01   4.0058039e-01
  9.1606058e-01  -4.0103991e-01  -9.1606058e-01   4.0103991e-01
  9.1585930e-01  -4.0149936e-01  -9.1585930e-01   4.0149936e-01
  9.1565777e-01  -4.0195877e-01  -9.1565777e-01   4.0195877e-01
  9.1545597e-01  -4.0241815e-01  -9.1545597e-01   4.0241815e-01
  9.1525390e-01  -4.0287752e-01  -9.1525390e-01   4.0287752e-01
  9.1505156e-01  -4.0333688e-01  -9.1505156e-01   4.0333688e-01
  9.1484895e-01  -4.0379624e-01  -9.1484895e-01   4.0379624e-01
  9.1464606e-01  -4.0425560e-01  -9.1464606e-01   4.0425560e-01
  9.1444289e-01  -4.0471497e-01  -9.1444289e-01   4.0471497e-01
  9.1423943e-01  -4.0517435e-01  -9.1423943e-01   4.0517435e-01
  9.1403569e-01  -4.0563377e-01  -9.1403569e-01   4.0563377e-01
  9.1383165e-01  -4.0609323e-01  -9.1383165e-01   4.0609323e-01
  9.1362731e-01  -4.0655276e-01  -9.1362731e-01   4.0655276e-01
  9.1342264e-01  -4.0701239e-01  -9.1342264e-01   4.0701239e-01
  9.1321763e-01  -4.0747215e-01  -9.1321763e-01   4.0747215e-01
  9.1301228e-01  -4.0793208e-01  -9.1301228e-01   4.0793208e-01
  9.1280655e-01  -4.0839222e-01  -9.1280655e-01   4.0839222e-01
  9.1260042e-01  -4.0885263e-01  -9.1260042e-01   4.0885263e-01
  9.1239388e-01  -4.0931334e-01  -9.1239388e-01   4.0931334e-01
  9.1218689e-01  -4.0977442e-01  -9.1218689e-01   4.0977442e-01
  9.1197943e-01  -4.1023592e-01  -9.1197943e-01   4.1023592e-01
  9.1177147e-01  -4.1069793e-01  -9.1177147e-01   4.1069793e-01
  9.1156297e-01  -4.1116050e-01  -9.1156297e-01   4.1116050e-01
  9.1135389e-01  -4.1162372e-01  -9.1135389e-01   4.1162372e-01
  9.1114420e-01  -4.1208767e-01  -9.1114420e-01   4.1208767e-01
  9.1093385e-01  -4.1255244e-01  -9.1093385e-01   4.1255244e-01
  9.1072281e-01  -4.1301813e-01  -9.1072281e-01   4.1301813e-01
  9.1051101e-01  -4.1348483e-01  -9.1051101e-01   4.1348483e-01
  9.1029841e-01  -4.1395265e-01  -9.1029841e-01   4.1395265e-01
  9.1008496e-01  -4.1442172e-01  -9.1008496e-01   4.1442172e-01
  9.0987060e-01  -4.1489215e-01  -9.0987060e-01   4.1489215e-01
  9.0965526e-01  -4.1536407e-01  -9.0965526e-01   4.1536407e-01
  9.0943888e-01  -4.1583763e-01  -9.0943888e-01   4.1583763e-01
  9.0922138e-01  -4.1631296e-01  -9.0922138e-01   4.1631296e-01
  9.0900270e-01  -4.1679023e-01  -9.0900270e-01   4.1679023e-01
  9.0878275e-01  -4.1726959e-01  -9.0878275e-01   4.1726959e-01
  9.0856145e-01  -4.1775124e-01  -9.0856145e-01   4.1775124e-01
  9.0833870e-01  -4.1823535e-01  -9.0833870e-01   4.1823535e-01
  9.0811441e-01  -4.1872212e-01  -9.0811441e-01   4.1872212e-01
  9.0788848e-01  -4.1921178e-01  -9.0788848e-01   4.1921178e-01
  9.0766079e-01  -4.1970454e-01  -9.0766079e-01   4.1970454e-01
  9.0743122e-01  -4.2020065e-01  -9.0743122e-01   4.2020065e-01
  9.0719965e-01  -4.2070037e-01  -9.0719965e-01   4.2070037e-01
  9.0696593e-01  -4.2120399e-01  -9.0696593e-01   4.2120399e-01
  9.0672993e-01  -4.2171179e-01  -9.0672993e-01   4.2171179e-01
  9.0649148e-01  -4.2222412e-01  -9.0649148e-01   4.2222412e-01
  9.0625040e-01  -4.2274130e-01  -9.0625040e-01   4.2274130e-01
  9.0600652e-01  -4.2326374e-01  -9.0600652e-01   4.2326374e-01
  9.0575962e-01  -4.2379182e-01  -9.0575962e-01   4.2379182e-01
  9.0550950e-01  -4.2432600e-01  -9.0550950e-01   4.2432600e-01
  9.0525590e-01  -4.2486675e-01  -9.0525590e-01   4.2486675e-01
  9.0499857e-01  -4.2541462e-01  -9.0499857e-01   4.2541462e-01
  9.0473721e-01  -4.2597017e-01  -9.0473721e-01   4.2597017e-01
  9.0447151e-01  -4.2653404e-01  -9.0447151e-01   4.2653404e-01
  9.0420112e-01  -4.2710694e-01  -9.0420112e-01   4.2710694e-01
  9.0392564e-01  -4.2768964e-01  -9.0392564e-01   4.2768964e-01
  9.0364465e-01  -4.2828302e-01  -9.0364465e-01   4.2828302e-01
  9.0335766e-01  -4.2888802e-01  -9.0335766e-01   4.2888802e-01
  9.0306412e-01  -4.2950575e-01  -9.0306412e-01   4.2950575e-01
  9.0276342e-01  -4.3013743e-01  -9.0276342e-01   4.3013743e-01
  9.0245485e-01  -4.3078444e-01  -9.0245485e-01   4.3078444e-01
  9.0213762e-01  -4.3144838e-01  -9.0213762e-01   4.3144838e-01
  9.0181081e-01  -4.3213108e-01  -9.0181081e-01   4.3213108e-01
  9.0147333e-01  -4.3283466e-01  -9.0147333e-01   4.3283466e-01
  9.0112394e-01  -4.3356159e-01  -9.0112394e-01   4.3356159e-01
  9.0076115e-01  -4.3431480e-01  -9.0076115e-01   4.3431480e-01
  9.0038321e-01  -4.3509778e-01  -9.0038321e-01   4.3509778e-01
  8.9998796e-01  -4.3591475e-01  -8.9998796e-01   4.3591475e-01
  8.9957279e-01  -4.3677087e-01  -8.9957279e-01   4.3677087e-01
  8.9913443e-01  -4.3767257e-01  -8.9913443e-01   4.3767257e-01
  8.9866873e-01  -4.3862798e-01  -8.9866873e-01   4.3862798e-01
  8.9817032e-01  -4.3964767e-01  -8.9817032e-01   4.3964767e-01
  8.9763202e-01  -4.4074569e-01  -8.9763202e-01   4.4074569e-01
  8.9704392e-01  -4.4194140e-01  -8.9704392e-01   4.4194140e-01
  8.9639183e-01  -4.4326254e-01  -8.9639183e-01   4.4326254e-01
  8.9565417e-01  -4.4475118e-01  -8.9565417e-01   4.4475118e-01
  8.9479566e-01  -4.4647589e-01  -8.9479566e-01   4.4647589e-01
  8.9375213e-01  -4.4856118e-01  -8.9375213e-01   4.4856118e-01
  8.9238474e-01  -4.5127540e-01  -8.9238474e-01   4.5127540e-01
  8.9027370e-01  -4.5542588e-01  -8.9027370e-01   4.5542588e-01
  7.9643943e-01  -6.0471831e-01  -7.9643943e-01   6.0471831e-01
  7.9235322e-01  -6.1006260e-01  -7.9235322e-01   6.1006260e-01
  7.9014064e-01  -6.1292558e-01  -7.9014064e-01   6.1292558e-01
  7.8853966e-01  -6.1498391e-01  -7.8853966e-01   6.1498391e-01
  7.8725429e-01  -6.1662848e-01  -7.8725429e-01   6.1662848e-01
  7.8616429e-01  -6.1801757e-01  -7.8616429e-01   6.1801757e-01
  7.8520808e-01  -6.1923200e-01  -7.8520808e-01   6.1923200e-01
  7.8434970e-01  -6.2031891e-01  -7.8434970e-01   6.2031891e-01
  7.8356614e-01  -6.2130838e-01  -7.8356614e-01   6.2130838e-01
  7.8284179e-01  -6.2222081e-01  -7.8284179e-01   6.2222081e-01
  7.8216551e-01  -6.2307072e-01  -7.8216551e-01   6.2307072e-01
  7.8152905e-01  -6.2386886e-01  -7.8152905e-01   6.2386886e-01
  7.8092613e-01  -6.2462338e-01  -7.8092613e-01   6.2462338e-01
  7.8035187e-01  -6.2534068e-01  -7.8035187e-01   6.2534068e-01
  7.7980234e-01  -6.2602580e-01  -7.7980234e-01   6.2602580e-01
  7.7927439e-01  -6.2668287e-01  -7.7927439e-01   6.2668287e-01
  7.7876541e-01  -6.2731526e-01  -7.7876541e-01   6.2731526e-01
  7.7827323e-01  -6.2792577e-01  -7.7827323e-01   6.2792577e-01
  7.7779602e-01  -6.2851679e-01  -7.7779602e-01   6.2851679e-01
  7.7733222e-01  -6.2909031e-01  -7.7733222e-01   6.2909031e-01
  7.7688049e-01  -6.2964809e-01  -7.7688049e-01   6.2964809e-01
  7.7643966e-01  -6.3019160e-01  -7.7643966e-01   6.3019160e-01
  7.7600873e-01  -6.3072216e-01  -7.7600873e-01   6.3072216e-01
  7.7558681e-01  -6.3124092e-01  -7.7558681e-01   6.3124092e-01
  7.7517310e-01  -6.3174889e-01  -7.7517310e-01   6.3174889e-01
  7.7476692e-01  -6.3224696e-01  -7.7476692e-01   6.3224696e-01
  7.7436763e-01  -6.3273594e-01  -7.7436763e-01   6.3273594e-01
  7.7397468e-01  -6.3321655e-01  -7.7397468e-01   6.3321655e-01
  7.7358755e-01  -6.3368944e-01  -7.7358755e-01   6.3368944e-01
  7.7320579e-01  -6.3415519e-01  -7.7320579e-01   6.3415519e-01
  7.7282899e-01  -6.3461433e-01  -7.7282899e-01   6.3461433e-01
  7.7245677e-01  -6.3506735e-01  -7.7245677e-01   6.3506735e-01
  7.7208877e-01  -6.3551470e-01  -7.7208877e-01   6.3551470e-01
  7.7172468e-01  -6.3595677e-01  -7.7172468e-01   6.3595677e-01
  7.7136422e-01  -6.3639394e-01  -7.7136422e-01   6.3639394e-01
  7.7100709e-01  -6.3682656e-01  -7.7100709e-01   6.3682656e-01
  7.7065306e-01  -6.3725494e-01  -7.7065306e-01   6.3725494e-01
  7.7030190e-01  -6.3767937e-01  -7.7030190e-01   6.3767937e-01
  7.6995338e-01  -6.3810014e-01  -7.6995338e-01   6.3810014e-01
  7.6960731e-01  -6.3851749e-01  -7.6960731e-01   6.3851749e-01
  7.6926350e-01  -6.3893167e-01  -7.6926350e-01   6.3893167e-01
  7.6892176e-01  -6.3934288e-01  -7.6892176e-01   6.3934288e-01
  7.6858195e-01  -6.3975135e-01  -7.6858195e-01   6.3975135e-01
  7.6824390e-01  -6.4015725e-01  -7.6824390e-01   6.4015725e-01
  7.6790747e-01  -6.4056079e-01  -7.6790747e-01   6.4056079e-01
  7.6757251e-01  -6.4096212e-01  -7.6757251e-01   6.4096212e-01
  7.6723892e-01  -6.4136140e-01  -7.6723892e-01   6.4136140e-01
  7.6690655e-01  -6.4175879e-01  -7.6690655e-01   6.4175879e-01
  7.6657530e-01  -6.4215443e-01  -7.6657530e-01   6.4215443e-01
  7.6624506e-01  -6.4254845e-01  -7.6624506e-01   6.4254845e-01
  7.6591572e-01  -6.4294099e-01  -7.6591572e-01   6.4294099e-01
  7.6558719e-01  -6.4333215e-01  -7.6558719e-01   6.4333215e-01
  7.6525938e-01  -6.4372205e-01  -7.6525938e-01   6.4372205e-01
  7.6493221e-01  -6.4411079e-01  -7.6493221e-01   6.4411079e-01
  7.6460558e-01  -6.4449849e-01  -7.6460558e-01   6.4449849e-01
  7.6427943e-01  -6.4488523e-01  -7.6427943e-01   6.4488523e-01
  7.6395367e-01  -6.4527109e-01  -7.6395367e-01   6.4527109e-01
  7.6362825e-01  -6.4565617e-01  -7.6362825e-01   6.4565617e-01
  7.6330309e-01  -6.4604055e-01  -7.6330309e-01   6.4604055e-01
  7.6297814e-01  -6.4642429e-01  -7.6297814e-01   6.4642429e-01
  7.6265333e-01  -6.4680747e-01  -7.6265333e-01   6.4680747e-01
  7.6232861e-01  -6.4719015e-01  -7.6232861e-01   6.4719015e-01
  7.6200393e-01  -6.4757239e-01  -7.6200393e-01   6.4757239e-01
  7.6167925e-01  -6.4795426e-01  -7.6167925e-01   6.4795426e-01
  7.6135452e-01  -6.4833579e-01  -7.6135452e-01   6.4833579e-01
  7.6102970e-01  -6.4871704e-01  -7.6102970e-01   6.4871704e-01
  7.6070474e-01  -6.4909806e-01  -7.6070474e-01   6.4909806e-01
  7.6037963e-01  -6.4947889e-01  -7.6037963e-01   6.4947889e-01
  7.6005432e-01  -6.4985955e-01  -7.6005432e-01   6.4985955e-01
  7.5972879e-01  -6.5024009e-01  -7.5972879e-01   6.5024009e-01
  7.5940301e-01  -6.5062053e-01  -7.5940301e-01   6.5062053e-01
  7.5907696e-01  -6.5100090e-01  -7.5907696e-01   6.5100090e-01
  7.5875062e-01  -6.5138122e-01  -7.5875062e-01   6.5138122e-01
  7.5842398e-01  -6.5176151e-01  -7.5842398e-01   6.5176151e-01
  7.5809703e-01  -6.5214177e-01  -7.5809703e-01   6.5214177e-01
  7.5776975e-01  -6.5252203e-01  -7.5776975e-01   6.5252203e-01
  7.5744214e-01  -6.5290229e-01  -7.5744214e-01   6.5290229e-01
  7.5711420e-01  -6.5328255e-01  -7.5711420e-01   6.5328255e-01
  7.5678593e-01  -6.5366280e-01  -7.5678593e-01   6.5366280e-01
  7.5645731e-01  -6.5404307e-01  -7.5645731e-01   6.5404307e-01
  7.5612835e-01  -6.5442335e-01  -7.5612835e-01   6.5442335e-01
  7.5579903e-01  -6.5480366e-01  -7.5579903e-01   6.5480366e-01
  7.5546933e-01  -6.5518401e-01  -7.5546933e-01   6.5518401e-01
  7.5513924e-01  -6.5556443e-01  -7.5513924e-01   6.5556443e-01
  7.5480874e-01  -6.5594495e-01  -7.5480874e-01   6.5594495e-01
  7.5447779e-01  -6.5632558e-01  -7.5447779e-01   6.5632558e-01
  7.5414638e-01  -6.5670636e-01  -7.5414638e-01   6.5670636e-01
  7.5381446e-01  -6.5708733e-01  -7.5381446e-01   6.5708733e-01
  7.5348201e-01  -6.5746853e-01  -7.5348201e-01   6.5746853e-01
  7.5314898e-01  -6.5785000e-01  -7.5314898e-01   6.5785000e-01
  7.5281532e-01  -6.5823179e-01  -7.5281532e-01   6.5823179e-01
  7.5248100e-01  -6.5861396e-01  -7.5248100e-01   6.5861396e-01
  7.5214595e-01  -6.5899656e-01  -7.5214595e-01   6.5899656e-01
  7.5181013e-01  -6.5937966e-01  -7.5181013e-01   6.5937966e-01
  7.5147347e-01  -6.5976331e-01  -7.5147347e-01   6.5976331e-01
  7.5113590e-01  -6.6014760e-01  -7.5113590e-01   6.6014760e-01
  7.5079736e-01  -6.6053260e-01  -7.5079736e-01   6.6053260e-01
  7.5045778e-01  -6.6091839e-01  -7.5045778e-01   6.6091839e-01
  7.5011707e-01  -6.6130506e-01  -7.5011707e-01   6.6130506e-01
  7.4977515e-01  -6.6169270e-01  -7.4977515e-01   6.6169270e-01
  7.4943193e-01  -6.6208140e-01  -7.4943193e-01   6.6208140e-01
  7.4908731e-01  -6.6247129e-01  -7.4908731e-01   6.6247129e-01
  7.4874119e-01  -6.6286246e-01  -7.4874119e-01   6.6286246e-01
  7.4839346e-01  -6.6325503e-01  -7.4839346e-01   6.6325503e-01
  7.4804400e-01  -6.6364914e-01  -7.4804400e-01   6.6364914e-01
  7.4769269e-01  -6.6404491e-01  -7.4769269e-01   6.6404491e-01
  7.4733940e-01  -6.6444249e-01  -7.4733940e-01   6.6444249e-01
  7.4698398e-01  -6.6484203e-01  -7.4698398e-01   6.6484203e-01
  7.4662629e-01  -6.6524370e-01  -7.4662629e-01   6.6524370e-01
  7.4626616e-01  -6.6564766e-01  -7.4626616e-01   6.6564766e-01
  7.4590343e-01  -6.6605411e-01  -7.4590343e-01   6.6605411e-01
  7.4553790e-01  -6.6646323e-01  -7.4553790e-01   6.6646323e-01
  7.4516937e-01  -6.6687525e-01  -7.4516937e-01   6.6687525e-01
  7.4479765e-01  -6.6729039e-01  -7.4479765e-01   6.6729039e-01
  7.4442249e-01  -6.6770889e-01  -7.4442249e-01   6.6770889e-01
  7.4404364e-01  -6.6813102e-01  -7.4404364e-01   6.6813102e-01
  7.4366085e-01  -6.6855705e-01  -7.4366085e-01   6.6855705e-01
  7.4327383e-01  -6.6898731e-01  -7.4327383e-01   6.6898731e-01
  7.4288225e-01  -6.6942211e-01  -7.4288225e-01   6.6942211e-01
  7.4248579e-01  -6.6986182e-01  -7.4248579e-01   6.6986182e-01
  7.4208406e-01  -6.7030683e-01  -7.4208406e-01   6.7030683e-01
  7.4167667e-01  -6.7075757e-01  -7.4167667e-01   6.7075757e-01
  7.4126316e-01  -6.7121452e-01  -7.4126316e-01   6.7121452e-01
  7.4084305e-01  -6.7167818e-01  -7.4084305e-01   6.7167818e-01
  7.4041579e-01  -6.7214913e-01  -7.4041579e-01   6.7214913e-01
  7.3998079e-01  -6.7262800e-01  -7.3998079e-01   6.7262800e-01
  7.3953738e-01  -6.7311549e-01  -7.3953738e-01   6.7311549e-01
  7.3908481e-01  -6.7361239e-01  -7.3908481e-01   6.7361239e-01
  7.3862223e-01  -6.7411958e-01  -7.3862223e-01   6.7411958e-01
  7.3814870e-01  -6.7463805e-01  -7.3814870e-01   6.7463805e-01
  7.3766315e-01  -6.7516893e-01  -7.3766315e-01   6.7516893e-01
  7.3716433e-01  -6.7571351e-01  -7.3716433e-01   6.7571351e-01
  7.3665084e-01  -6.7627327e-01  -7.3665084e-01   6.7627327e-01
  7.3612102e-01  -6.7684994e-01  -7.3612102e-01   6.7684994e-01
  7.3557295e-01  -6.7744552e-01  -7.3557295e-01   6.7744552e-01
  7.3500435e-01  -6.7806239e-01  -7.3500435e-01   6.7806239e-01
  7.3441251e-01  -6.7870337e-01  -7.3441251e-01   6.7870337e-01
  7.3379414e-01  -6.7937189e-01  -7.3379414e-01   6.7937189e-01
  7.3314523e-01  -6.8007211e-01  -7.3314523e-01   6.8007211e-01
  7.3246075e-01  -6.8080926e-01  -7.3246075e-01   6.8080926e-01
  7.3173437e-01  -6.8158991e-01  -7.3173437e-01   6.8158991e-01
  7.3095783e-01  -6.8242263e-01  -7.3095783e-01   6.8242263e-01
  7.3012015e-01  -6.8331879e-01  -7.3012015e-01   6.8331879e-01
  7.2920618e-01  -6.8429404e-01  -7.2920618e-01   6.8429404e-01
  7.2819420e-01  -6.8537086e-01  -7.2819420e-01   6.8537086e-01
  7.2705122e-01  -6.8658322e-01  -7.2705122e-01   6.8658322e-01
  7.2572340e-01  -6.8798658e-01  -7.2572340e-01   6.8798658e-01
  7.2411284e-01  -6.8968152e-01  -7.2411284e-01   6.8968152e-01
  7.2200803e-01  -6.9188467e-01  -7.2200803e-01   6.9188467e-01
  7.1877073e-01  -6.9524718e-01  -7.1877073e-01   6.9524718e-01
  7.9643943e-01  -6.0471831e-01  -7.9643943e-01   6.0471831e-01
  7.9235322e-01  -6.1006260e-01  -7.9235322e-01   6.1006260e-01
  7.9014064e-01  -6.1292558e-01  -7.9014064e-01   6.1292558e-01
  7.8853966e-01  -6.1498391e-01  -7.8853966e-01   6.1498391e-01
  7.8725429e-01  -6.1662848e-01  -7.8725429e-01   6.1662848e-01
  7.8616429e-01  -6.1801757e-01  -7.8616429e-01   6.1801757e-01
  7.8520808e-01  -6.1923200e-01  -7.8520808e-01   6.1923200e-01
  7.8434970e-01  -6.2031891e-01  -7.8434970e-01   6.2031891e-01
  7.8356614e-01  -6.2130838e-01  -7.8356614e-01   6.2130838e-01
  7.8284179e-01  -6.2222081e-01  -7.8284179e-01   6.2222081e-01
  7.8216551e-01  -6.2307072e-01  -7.8216551e-01   6.2307072e-01
  7.8152905e-01  -6.2386886e-01  -7.8152905e-01   6.2386886e-01
  7.8092613e-01  -6.2462338e-01  -7.8092613e-01   6.2462338e-01
  7.8035187e-01  -6.2534068e-01  -7.8035187e-01   6.2534068e-01
  7.7980234e-01  -6.2602580e-01  -7.7980234e-01   6.2602580e-01
  7.7927439e-01  -6.2668287e-01  -7.7927439e-01   6.2668287e-01
  7.7876541e-01  -6.2731526e-01  -7.7876541e-01   6.2731526e-01
  7.7827323e-01  -6.2792577e-01  -7.7827323e-01   6.2792577e-01
  7.7779602e-01  -6.2851679e-01  -7.7779602e-01   6.2851679e-01
  7.7733222e-01  -6.2909031e-01  -7.7733222e-01   6.2909031e-01
  7.7688049e-01  -6.2964809e-01  -7.7688049e-01   6.2964809e-01
  7.7643966e-01  -6.3019160e-01  -7.7643966e-01   6.3019160e-01
  7.7600873e-01  -6.3072216e-01  -7.7600873e-01   6.3072216e-01
  7.7558681e-01  -6.3124092e-01  -7.7558681e-01   6.3124092e-01
  7.7517310e-01  -6.3174889e-01  -7.7517310e-01   6.3174889e-01
  7.7476692e-01  -6.3224696e-01  -7.7476692e-01   6.3224696e-01
  7.7436763e-01  -6.3273594e-01  -7.7436763e-01   6.3273594e-01
  7.7397468e-01  -6.3321655e-01  -7.7397468e-01   6.3321655e-01
  7.7358755e-01  -6.3368944e-01  -7.7358755e-01   6.3368944e-01
  7.7320579e-01  -6.3415519e-01  -7.7320579e-01   6.3415519e-01
  7.7282899e-01  -6.3461433e-01  -7.7282899e-01   6.3461433e-01
  7.7245677e-01  -6.3506735e-01  -7.7245677e-01   6.3506735e-01
  7.7208877e-01  -6.3551470e-01  -7.7208877e-01   6.3551470e-01
  7.7172468e-01  -6.3595677e-01  -7.7172468e-01   6.3595677e-01
  7.7136422e-01  -6.3639394e-01  -7.7136422e-01   6.3639394e-01
  7.7100709e-01  -6.3682656e-01  -7.7100709e-01   6.3682656e-01
  7.7065306e-01  -6.3725494e-01  -7.7065306e-01   6.3725494e-01
  7.7030190e-01  -6.3767937e-01  -7.7030190e-01   6.3767937e-01
  7.6995338e-01  -6.3810014e-01  -7.6995338e-01   6.3810014e-01
  7.6960731e-01  -6.3851749e-01  -7.6960731e-01   6.3851749e-01
  7.6926350e-01  -6.3893167e-01  -7.6926350e-01   6.3893167e-01
  7.6892176e-01  -6.3934288e-01  -7.6892176e-01   6.3934288e-01
  7.6858195e-01  -6.3975135e-01  -7.6858195e-01   6.3975135e-01
  7.6824390e-01  -6.4015725e-01  -7.6824390e-01   6.4015725e-01
  7.6790747e-01  -6.4056079e-01  -7.6790747e-01   6.4056079e-01
  7.6757251e-01  -6.4096212e-01  -7.6757251e-01   6.4096212e-01
  7.6723892e-01  -6.4136140e-01  -7.6723892e-01   6.4136140e-01
  7.6690655e-01  -6.4175879e-01  -7.6690655e-01   6.4175879e-01
  7.6657530e-01  -6.4215443e-01  -7.6657530e-01   6.4215443e-01
  7.6624506e-01  -6.4254845e-01  -7.6624506e-01   6.4254845e-01
  7.6591572e-01  -6.4294099e-01  -7.6591572e-01   6.4294099e-01
  7.6558719e-01  -6.4333215e-01  -7.6558719e-01   6.4333215e-01
  7.6525938e-01  -6.4372205e-01  -7.6525938e-01   6.4372205e-01
  7.6493221e-01  -6.4411079e-01  -7.6493221e-01   6.4411079e-01
  7.6460558e-01  -6.4449849e-01  -7.6460558e-01   6.4449849e-01
  7.6427943e-01  -6.4488523e-01  -7.6427943e-01   6.4488523e-01
  7.6395367e-01  -6.4527109e-01  -7.6395367e-01   6.4527109e-01
  7.6362825e-01  -6.4565617e-01  -7.6362825e-01   6.4565617e-01
  7.6330309e-01  -6.4604055e-01  -7.6330309e-01   6.4604055e-01
  7.6297814e-01  -6.4642429e-01  -7.6297814e-01   6.4642429e-01
  7.6265333e-01  -6.4680747e-01  -7.6265333e-01   6.4680747e-01
  7.6232861e-01  -6.4719015e-01  -7.6232861e-01   6.4719015e-01
  7.6200393e-01  -6.4757239e-01  -7.6200393e-01   6.4757239e-01
  7.6167925e-01  -6.4795426e-01  -7.6167925e-01   6.4795426e-01
  7.6135452e-01  -6.4833579e-01  -7.6135452e-01   6.4833579e-01
  7.6102970e-01  -6.4871704e-01  -7.6102970e-01   6.4871704e-01
  7.6070474e-01  -6.4909806e-01  -7.6070474e-01   6.4909806e-01
  7.6037963e-01  -6.4947889e-01  -7.6037963e-01   6.4947889e-01
  7.6005432e-01  -6.4985955e-01  -7.6005432e-01   6.4985955e-01
  7.5972879e-01  -6.5024009e-01  -7.5972879e-01   6.5024009e-01
  7.5940301e-01  -6.5062053e-01  -7.5940301e-01   6.5062053e-01
  7.5907696e-01  -6.5100090e-01  -7.5907696e-01   6.5100090e-01
  7.5875062e-01  -6.5138122e-01  -7.5875062e-01   6.5138122e-01
  7.5842398e-01  -6.5176151e-01  -7.5842398e-01   6.5176151e-01
  7.5809703e-01  -6.5214177e-01  -7.5809703e-01   6.5214177e-01
  7.5776975e-01  -6.5252203e-01  -7.5776975e-01   6.5252203e-01
  7.5744214e-01  -6.5290229e-01  -7.5744214e-01   6.5290229e-01
  7.5711420e-01  -6.5328255e-01  -7.5711420e-01   6.5328255e-01
  7.5678593e-01  -6.5366280e-01  -7.5678593e-01   6.5366280e-01
  7.5645731e-01  -6.5404307e-01  -7.5645731e-01   6.5404307e-01
  7.5612835e-01  -6.5442335e-01  -7.5612835e-01   6.5442335e-01
  7.5579903e-01  -6.5480366e-01  -7.5579903e-01   6.5480366e-01
  7.5546933e-01  -6.5518401e-01  -7.5546933e-01   6.5518401e-01
  7.5513924e-01  -6.5556443e-01  -7.5513924e-01   6.5556443e-01
  7.5480874e-01  -6.5594495e-01  -7.5480874e-01   6.5594495e-01
  7.5447779e-01  -6.5632558e-01  -7.5447779e-01   6.5632558e-01
  7.5414638e-01  -6.5670636e-01  -7.5414638e-01   6.5670636e-01
  7.5381446e-01  -6.5708733e-01  -7.5381446e-01   6.5708733e-01
  7.5348201e-01  -6.5746853e-01  -7.5348201e-01   6.5746853e-01
  7.5314898e-01  -6.5785000e-01  -7.5314898e-01   6.5785000e-01
  7.5281532e-01  -6.5823179e-01  -7.5281532e-01   6.5823179e-01
  7.5248100e-01  -6.5861396e-01  -7.5248100e-01   6.5861396e-01
  7.5214595e-01  -6.5899656e-01  -7.5214595e-01   6.5899656e-01
  7.5181013e-01  -6.5937966e-01  -7.5181013e-01   6.5937966e-01
  7.5147347e-01  -6.5976331e-01  -7.5147347e-01   6.5976331e-01
  7.5113590e-01  -6.6014760e-01  -7.5113590e-01   6.6014760e-01
  7.5079736e-01  -6.6053260e-01  -7.5079736e-01   6.6053260e-01
  7.5045778e-01  -6.6091839e-01  -7.5045778e-01   6.6091839e-01
  7.5011707e-01  -6.6130506e-01  -7.5011707e-01   6.6130506e-01
  7.4977515e-01  -6.6169270e-01  -7.4977515e-01   6.6169270e-01
  7.4943193e-01  -6.6208140e-01  -7.4943193e-01   6.6208140e-01
  7.4908731e-01  -6.6247129e-01  -7.4908731e-01   6.6247129e-01
  7.4874119e-01  -6.6286246e-01  -7.4874119e-01   6.6286246e-01
  7.4839346e-01  -6.6325503e-01  -7.4839346e-01   6.6325503e-01
  7.4804400e-01  -6.6364914e-01  -7.4804400e-01   6.6364914e-01
  7.4769269e-01  -6.6404491e-01  -7.4769269e-01   6.6404491e-01
  7.4733940e-01  -6.6444249e-01  -7.4733940e-01   6.6444249e-01
  7.4698398e-01  -6.6484203e-01  -7.4698398e-01   6.6484203e-01
  7.4662629e-01  -6.6524370e-01  -7.4662629e-01   6.6524370e-01
  7.4626616e-01  -6.6564766e-01  -7.4626616e-01   6.6564766e-01
  7.4590343e-01  -6.6605411e-01  -7.4590343e-01   6.6605411e-01
  7.4553790e-01  -6.6646323e-01  -7.4553790e-01   6.6646323e-01
  7.4516937e-01  -6.6687525e-01  -7.4516937e-01   6.6687525e-01
  7.4479765e-01  -6.6729039e-01  -7.4479765e-01   6.6729039e-01
  7.4442249e-01  -6.6770889e-01  -7.4442249e-01   6.6770889e-01
  7.4404364e-01  -6.6813102e-01  -7.4404364e-01   6.6813102e-01
  7.4366085e-01  -6.6855705e-01  -7.4366085e-01   6.6855705e-01
  7.4327383e-01  -6.6898731e-01  -7.4327383e-01   6.6898731e-01
  7.4288225e-01  -6.6942211e-01  -7.4288225e-01   6.6942211e-01
  7.4248579e-01  -6.6986182e-01  -7.4248579e-01   6.6986182e-01
  7.4208406e-01  -6.7030683e-01  -7.4208406e-01   6.7030683e-01
  7.4167667e-01  -6.7075757e-01  -7.4167667e-01   6.7075757e-01
  7.4126316e-01  -6.7121452e-01  -7.4126316e-01   6.7121452e-01
  7.4084305e-01  -6.7167818e-01  -7.4084305e-01   6.7167818e-01
  7.4041579e-01  -6.7214913e-01  -7.4041579e-01   6.7214913e-01
  7.3998079e-01  -6.7262800e-01  -7.3998079e-01   6.7262800e-01
  7.3953738e-01  -6.7311549e-01  -7.3953738e-01   6.7311549e-01
  7.3908481e-01  -6.7361239e-01  -7.3908481e-01   6.7361239e-01
  7.3862223e-01  -6.7411958e-01  -7.3862223e-01   6.7411958e-01
  7.3814870e-01  -6.7463805e-01  -7.3814870e-01   6.7463805e-01
  7.3766315e-01  -6.7516893e-01  -7.3766315e-01   6.7516893e-01
  7.3716433e-01  -6.7571351e-01  -7.3716433e-01   6.7571351e-01
  7.3665084e-01  -6.7627327e-01  -7.3665084e-01   6.7627327e-01
  7.3612102e-01  -6.7684994e-01  -7.3612102e-01   6.7684994e-01
  7.3557295e-01  -6.7744552e-01  -7.3557295e-01   6.7744552e-01
  7.3500435e-01  -6.7806239e-01  -7.3500435e-01   6.7806239e-01
  7.3441251e-01  -6.7870337e-01  -7.3441251e-01   6.7870337e-01
  7.3379414e-01  -6.7937189e-01  -7.3379414e-01   6.7937189e-01
  7.3314523e-01  -6.8007211e-01  -7.3314523e-01   6.8007211e-01
  7.3246075e-01  -6.8080926e-01  -7.3246075e-01   6.8080926e-01
  7.3173437e-01  -6.8158991e-01  -7.3173437e-01   6.8158991e-01
  7.3095783e-01  -6.8242263e-01  -7.3095783e-01   6.8242263e-01
  7.3012015e-01  -6.8331879e-01  -7.3012015e-01   6.8331879e-01
  7.2920618e-01  -6.8429404e-01  -7.2920618e-01   6.8429404e-01
  7.2819420e-01  -6.8537086e-01  -7.2819420e-01   6.8537086e-01
  7.2705122e-01  -6.8658322e-01  -7.2705122e-01   6.8658322e-01
  7.2572340e-01  -6.8798658e-01  -7.2572340e-01   6.8798658e-01
  7.2411284e-01  -6.8968152e-01  -7.2411284e-01   6.8968152e-01
  7.2200803e-01  -6.9188467e-01  -7.2200803e-01   6.9188467e-01
  7.1877073e-01  -6.9524718e-01  -7.1877073e-01   6.9524718e-01
  7.9643943e-01  -6.0471831e-01  -7.9643943e-01   6.0471831e-01
  7.9235322e-01  -6.1006260e-01  -7.9235322e-01   6.1006260e-01
  7.9014064e-01  -6.1292558e-01  -7.9014064e-01   6.1292558e-01
  7.8853966e-01  -6.1498391e-01  -7.8853966e-01   6.1498391e-01
  7.8725429e-01  -6.1662848e-01  -7.8725429e-01   6.1662848e-01
  7.8616429e-01  -6.1801757e-01  -7.8616429e-01   6.1801757e-01
  7.8520808e-01  -6.1923200e-01  -7.8520808e-01   6.1923200e-01
  7.8434970e-01  -6.2031891e-01  -7.8434970e-01   6.2031891e-01
  7.8356614e-01  -6.2130838e-01  -7.8356614e-01   6.2130838e-01
  7.8284179e-01  -6.2222081e-01  -7.8284179e-01   6.2222081e-01
  7.8216551e-01  -6.2307072e-01  -7.8216551e-01   6.2307072e-01
  7.8152905e-01  -6.2386886e-01  -7.8152905e-01   6.2386886e-01
  7.8092613e-01  -6.2462338e-01  -7.8092613e-01   6.2462338e-01
  7.8035187e-01  -6.2534068e-01  -7.8035187e-01   6.2534068e-01
  7.7980234e-01  -6.2602580e-01  -7.7980234e-01   6.2602580e-01
  7.7927439e-01  -6.2668287e-01  -7.7927439e-01   6.2668287e-01
  7.7876541e-01  -6.2731526e-01  -7.7876541e-01   6.2731526e-01
  7.7827323e-01  -6.2792577e-01  -7.7827323e-01   6.2792577e-01
  7.7779602e-01  -6.2851679e-01  -7.7779602e-01   6.2851679e-01
  7.7733222e-01  -6.2909031e-01  -7.7733222e-01   6.2909031e-01
  7.7688049e-01  -6.2964809e-01  -7.7688049e-01   6.2964809e-01
  7.7643966e-01  -6.3019160e-01  -7.7643966e-01   6.3019160e-01
  7.7600873e-01  -6.3072216e-01  -7.7600873e-01   6.3072216e-01
  7.7558681e-01  -6.3124092e-01  -7.7558681e-01   6.3124092e-01
  7.7517310e-01  -6.3174889e-01  -7.7517310e-01   6.3174889e-01
  7.7476692e-01  -6.3224696e-01  -7.7476692e-01   6.3224696e-01
  7.7436763e-01  -6.3273594e-01  -7.7436763e-01   6.3273594e-01
  7.7397468e-01  -6.3321655e-01  -7.7397468e-01   6.3321655e-01
  7.7358755e-01  -6.3368944e-01  -7.7358755e-01   6.3368944e-01
  7.7320579e-01  -6.3415519e-01  -7.7320579e-01   6.3415519e-01
  7.7282899e-01  -6.3461433e-01  -7.7282899e-01   6.3461433e-01
  7.7245677e-01  -6.3506735e-01  -7.7245677e-01   6.3506735e-01
  7.7208877e-01  -6.3551470e-01  -7.7208877e-01   6.3551470e-01
  7.7172468e-01  -6.3595677e-01  -7.7172468e-01   6.3595677e-01
  7.7136422e-01  -6.3639394e-01  -7.7136422e-01   6.3639394e-01
  7.7100709e-01  -6.3682656e-01  -7.7100709e-01   6.3682656e-01
  7.7065306e-01  -6.3725494e-01  -7.7065306e-01   6.3725494e-01
  7.7030190e-01  -6.3767937e-01  -7.7030190e-01   6.3767937e-01
  7.6995338e-01  -6.3810014e-01  -7.6995338e-01   6.3810014e-01
  7.6960731e-01  -6.3851749e-01  -7.6960731e-01   6.3851749e-01
  7.6926350e-01  -6.3893167e-01  -7.6926350e-01   6.3893167e-01
  7.6892176e-01  -6.3934288e-01  -7.6892176e-01   6.3934288e-01
  7.6858195e-01  -6.3975135e-01  -7.6858195e-01   6.3975135e-01
  7.6824390e-01  -6.4015725e-01  -7.6824390e-01   6.4015725e-01
  7.6790747e-01  -6.4056079e-01  -7.6790747e-01   6.4056079e-01
  7.6757251e-01  -6.4096212e-01  -7.6757251e-01   6.4096212e-01
  7.6723892e-01  -6.4136140e-01  -7.6723892e-01   6.4136140e-01
  7.6690655e-01  -6.4175879e-01  -7.6690655e-01   6.4175879e-01
  7.6657530e-01  -6.4215443e-01  -7.6657530e-01   6.4215443e-01
  7.6624506e-01  -6.4254845e-01  -7.6624506e-01   6.4254845e-01
  7.6591572e-01  -6.4294099e-01  -7.6591572e-01   6.4294099e-01
  7.6558719e-01  -6.4333215e-01  -7.6558719e-01   6.4333215e-01
  7.6525938e-01  -6.4372205e-01  -7.6525938e-01   6.4372205e-01
  7.6493221e-01  -6.4411079e-01  -7.6493221e-01   6.4411079e-01
  7.6460558e-01  -6.4449849e-01  -7.6460558e-01   6.4449849e-01
  7.6427943e-01  -6.4488523e-01  -7.6427943e-01   6.4488523e-01
  7.6395367e-01  -6.4527109e-01  -7.6395367e-01   6.4527109e-01
  7.6362825e-01  -6.4565617e-01  -7.6362825e-01   6.4565617e-01
  7.6330309e-01  -6.4604055e-01  -7.6330309e-01   6.4604055e-01
  7.6297814e-01  -6.4642429e-01  -7.6297814e-01   6.4642429e-01
  7.6265333e-01  -6.4680747e-01  -7.6265333e-01   6.4680747e-01
  7.6232861e-01  -6.4719015e-01  -7.6232861e-01   6.4719015e-01
  7.6200393e-01  -6.4757239e-01  -7.6200393e-01   6.4757239e-01
  7.6167925e-01  -6.4795426e-01  -7.6167925e-01   6.4795426e-01
  7.6135452e-01  -6.4833579e-01  -7.6135452e-01   6.4833579e-01
  7.6102970e-01  -6.4871704e-01  -7.6102970e-01   6.4871704e-01
  7.6070474e-01  -6.4909806e-01  -7.6070474e-01   6.4909806e-01
  7.6037963e-01  -6.4947889e-01  -7.6037963e-01   6.4947889e-01
  7.6005432e-01  -6.4985955e-01  -7.6005432e-01   6.4985955e-01
  7.5972879e-01  -6.5024009e-01  -7.5972879e-01   6.5024009e-01
  7.5940301e-01  -6.5062053e-01  -7.5940301e-01   6.5062053e-01
  7.5907696e-01  -6.5100090e-01  -7.5907696e-01   6.5100090e-01
  7.5875062e-01  -6.5138122e-01  -7.5875062e-01   6.5138122e-01
  7.5842398e-01  -6.5176151e-01  -7.5842398e-01   6.5176151e-01
  7.5809703e-01  -6.5214177e-01  -7.5809703e-01   6.5214177e-01
  7.5776975e-01  -6.5252203e-01  -7.5776975e-01   6.5252203e-01
  7.5744214e-01  -6.5290229e-01  -7.5744214e-01   6.5290229e-01
  7.5711420e-01  -6.5328255e-01  -7.5711420e-01   6.5328255e-01
  7.5678593e-01  -6.5366280e-01  -7.5678593e-01   6.5366280e-01
  7.5645731e-01  -6.5404307e-01  -7.5645731e-01   6.5404307e-01
  7.5612835e-01  -6.5442335e-01  -7.5612835e-01   6.5442335e-01
  7.5579903e-01  -6.5480366e-01  -7.5579903e-01   6.5480366e-01
  7.5546933e-01  -6.5518401e-01  -7.5546933e-01   6.5518401e-01
  7.5513924e-01  -6.5556443e-01  -7.5513924e-01   6.5556443e-01
  7.5480874e-01  -6.5594495e-01  -7.5480874e-01   6.5594495e-01
  7.5447779e-01  -6.5632558e-01  -7.5447779e-01   6.5632558e-01
  7.5414638e-01  -6.5670636e-01  -7.5414638e-01   6.5670636e-01
  7.5381446e-01  -6.5708733e-01  -7.5381446e-01   6.5708733e-01
  7.5348201e-01  -6.5746853e-01  -7.5348201e-01   6.5746853e-01
  7.5314898e-01  -6.5785000e-01  -7.5314898e-01   6.5785000e-01
  7.5281532e-01  -6.5823179e-01  -7.5281532e-01   6.5823179e-01
  7.5248100e-01  -6.5861396e-01  -7.5248100e-01   6.5861396e-01
  7.5214595e-01  -6.5899656e-01  -7.5214595e-01   6.5899656e-01
  7.5181013e-01  -6.5937966e-01  -7.5181013e-01   6.5937966e-01
  7.5147347e-01  -6.5976331e-01  -7.5147347e-01   6.5976331e-01
  7.5113590e-01  -6.6014760e-01  -7.5113590e-01   6.6014760e-01
  7.5079736e-01  -6.6053260e-01  -7.5079736e-01   6.6053260e-01
  7.5045778e-01  -6.6091839e-01  -7.5045778e-01   6.6091839e-01
  7.5011707e-01  -6.6130506e-01  -7.5011707e-01   6.6130506e-01
  7.4977515e-01  -6.6169270e-01  -7.4977515e-01   6.6169270e-01
  7.4943193e-01  -6.6208140e-01  -7.4943193e-01   6.6208140e-01
  7.4908731e-01  -6.6247129e-01  -7.4908731e-01   6.6247129e-01
  7.4874119e-01  -6.6286246e-01  -7.4874119e-01   6.6286246e-01
  7.4839346e-01  -6.6325503e-01  -7.4839346e-01   6.6325503e-01
  7.4804400e-01  -6.6364914e-01  -7.4804400e-01   6.6364914e-01
  7.4769269e-01  -6.6404491e-01  -7.4769269e-01   6.6404491e-01
  7.4733940e-01  -6.6444249e-01  -7.4733940e-01   6.6444249e-01
  7.4698398e-01  -6.6484203e-01  -7.4698398e-01   6.6484203e-01
  7.4662629e-01  -6.6524370e-01  -7.4662629e-01   6.6524370e-01
  7.4626616e-01  -6.6564766e-01  -7.4626616e-01   6.6564766e-01
  7.4590343e-01  -6.6605411e-01  -7.4590343e-01   6.6605411e-01
  7.4553790e-01  -6.6646323e-01  -7.4553790e-01   6.6646323e-01
  7.4516937e-01  -6.6687525e-01  -7.4516937e-01   6.6687525e-01
  7.4479765e-01  -6.6729039e-01  -7.4479765e-01   6.6729039e-01
  7.4442249e-01  -6.6770889e-01  -7.4442249e-01   6.6770889e-01
  7.4404364e-01  -6.6813102e-01  -7.4404364e-01   6.6813102e-01
  7.4366085e-01  -6.6855705e-01  -7.4366085e-01   6.6855705e-01
  7.4327383e-01  -6.6898731e-01  -7.4327383e-01   6.6898731e-01
  7.4288225e-01  -6.6942211e-01  -7.4288225e-01   6.6942211e-01
  7.4248579e-01  -6.6986182e-01  -7.4248579e-01   6.6986182e-01
  7.4208406e-01  -6.7030683e-01  -7.4208406e-01   6.7030683e-01
  7.4167667e-01  -6.7075757e-01  -7.4167667e-01   6.7075757e-01
  7.4126316e-01  -6.7121452e-01  -7.4126316e-01   6.7121452e-01
  7.4084305e-01  -6.7167818e-01  -7.4084305e-01   6.7167818e-01
  7.4041579e-01  -6.7214913e-01  -7.4041579e-01   6.7214913e-01
  7.3998079e-01  -6.7262800e-01  -7.3998079e-01   6.7262800e-01
  7.3953738e-01  -6.7311549e-01  -7.3953738e-01   6.7311549e-01
  7.3908481e-01  -6.7361239e-01  -7.3908481e-01   6.7361239e-01
  7.3862223e-01  -6.7411958e-01  -7.3862223e-01   6.7411958e-01
  7.3814870e-01  -6.7463805e-01  -7.3814870e-01   6.7463805e-01
  7.3766315e-01  -6.7516893e-01  -7.3766315e-01   6.7516893e-01
  7.3716433e-01  -6.7571351e-01  -7.3716433e-01   6.7571351e-01
  7.3665084e-01  -6.7627327e-01  -7.3665084e-01   6.7627327e-01
  7.3612102e-01  -6.7684994e-01  -7.3612102e-01   6.7684994e-01
  7.3557295e-01  -6.7744552e-01  -7.3557295e-01   6.7744552e-01
  7.3500435e-01  -6.7806239e-01  -7.3500435e-01   6.7806239e-01
  7.3441251e-01  -6.7870337e-01  -7.3441251e-01   6.7870337e-01
  7.3379414e-01  -6.7937189e-01  -7.3379414e-01   6.7937189e-01
  7.3314523e-01  -6.8007211e-01  -7.3314523e-01   6.8007211e-01
  7.3246075e-01  -6.8080926e-01  -7.3246075e-01   6.8080926e-01
  7.3173437e-01  -6.8158991e-01  -7.3173437e-01   6.8158991e-01
  7.3095783e-01  -6.8242263e-01  -7.3095783e-01   6.8242263e-01
  7.3012015e-01  -6.8331879e-01  -7.3012015e-01   6.8331879e-01
  7.2920618e-01  -6.8429404e-01  -7.2920618e-01   6.8429404e-01
  7.2819420e-01  -6.8537086e-01  -7.2819420e-01   6.8537086e-01
  7.2705122e-01  -6.8658322e-01  -7.2705122e-01   6.8658322e-01
  7.2572340e-01  -6.8798658e-01  -7.2572340e-01   6.8798658e-01
  7.2411284e-01  -6.8968152e-01  -7.2411284e-01   6.8968152e-01
  7.2200803e-01  -6.9188467e-01  -7.2200803e-01   6.9188467e-01
  7.1877073e-01  -6.9524718e-01  -7.1877073e-01   6.9524718e-01
  7.9643943e-01  -6.0471831e-01  -7.9643943e-01   6.0471831e-01
  7.9235322e-01  -6.1006260e-01  -7.9235322e-01   6.1006260e-01
  7.9014064e-01  -6.1292558e-01  -7.9014064e-01   6.1292558e-01
  7.8853966e-01  -6.1498391e-01  -7.8853966e-01   6.1498391e-01
  7.8725429e-01  -6.1662848e-01  -7.8725429e-01   6.1662848e-01
  7.8616429e-01  -6.1801757e-01  -7.8616429e-01   6.1801757e-01
  7.8520808e-01  -6.1923200e-01  -7.8520808e-01   6.1923200e-01
  7.8434970e-01  -6.2031891e-01  -7.8434970e-01   6.2031891e-01
  7.8356614e-01  -6.2130838e-01  -7.8356614e-01   6.2130838e-01
  7.8284179e-01  -6.2222081e-01  -7.8284179e-01   6.2222081e-01
  7.8216551e-01  -6.2307072e-01  -7.8216551e-01   6.2307072e-01
  7.8152905e-01  -6.2386886e-01  -7.8152905e-01   6.2386886e-01
  7.8092613e-01  -6.2462338e-01  -7.8092613e-01   6.2462338e-01
  7.8035187e-01  -6.2534068e-01  -7.8035187e-01   6.2534068e-01
  7.7980234e-01  -6.2602580e-01  -7.7980234e-01   6.2602580e-01
  7.7927439e-01  -6.2668287e-01  -7.7927439e-01   6.2668287e-01
  7.7876541e-01  -6.2731526e-01  -7.7876541e-01   6.2731526e-01
  7.7827323e-01  -6.2792577e-01  -7.7827323e-01   6.2792577e-01
  7.7779602e-01  -6.2851679e-01  -7.7779602e-01   6.2851679e-01
  7.7733222e-01  -6.2909031e-01  -7.7733222e-01   6.2909031e-01
  7.7688049e-01  -6.2964809e-01  -7.7688049e-01   6.2964809e-01
  7.7643966e-01  -6.3019160e-01  -7.7643966e-01   6.3019160e-01
  7.7600873e-01  -6.3072216e-01  -7.7600873e-01   6.3072216e-01
  7.7558681e-01  -6.3124092e-01  -7.7558681e-01   6.3124092e-01
  7.7517310e-01  -6.3174889e-01  -7.7517310e-01   6.3174889e-01
  7.7476692e-01  -6.3224696e-01  -7.7476692e-01   6.3224696e-01
  7.7436763e-01  -6.3273594e-01  -7.7436763e-01   6.3273594e-01
  7.7397468e-01  -6.3321655e-01  -7.7397468e-01   6.3321655e-01
  7.7358755e-01  -6.3368944e-01  -7.7358755e-01   6.3368944e-01
  7.7320579e-01  -6.3415519e-01  -7.7320579e-01   6.3415519e-01
  7.7282899e-01  -6.3461433e-01  -7.7282899e-01   6.3461433e-01
  7.7245677e-01  -6.3506735e-01  -7.7245677e-01   6.3506735e-01
  7.7208877e-01  -6.3551470e-01  -7.7208877e-01   6.3551470e-01
  7.7172468e-01  -6.3595677e-01  -7.7172468e-01   6.3595677e-01
  7.7136422e-01  -6.3639394e-01  -7.7136422e-01   6.3639394e-01
  7.7100709e-01  -6.3682656e-01  -7.7100709e-01   6.3682656e-01
  7.7065306e-01  -6.3725494e-01  -7.7065306e-01   6.3725494e-01
  7.7030190e-01  -6.3767937e-01  -7.7030190e-01   6.3767937e-01
  7.6995338e-01  -6.3810014e-01  -7.6995338e-01   6.3810014e-01
  7.6960731e-01  -6.3851749e-01  -7.6960731e-01   6.3851749e-01
  7.6926350e-01  -6.3893167e-01  -7.6926350e-01   6.3893167e-01
  7.6892176e-01  -6.3934288e-01  -7.6892176e-01   6.3934288e-01
  7.6858195e-01  -6.3975135e-01  -7.6858195e-01   6.3975135e-01
  7.6824390e-01  -6.4015725e-01  -7.6824390e-01   6.4015725e-01
  7.6790747e-01  -6.4056079e-01  -7.6790747e-01   6.4056079e-01
  7.6757251e-01  -6.4096212e-01  -7.6757251e-01   6.4096212e-01
  7.6723892e-01  -6.4136140e-01  -7.6723892e-01   6.4136140e-01
  7.6690655e-01  -6.4175879e-01  -7.6690655e-01   6.4175879e-01
  7.6657530e-01  -6.4215443e-01  -7.6657530e-01   6.4215443e-01
  7.6624506e-01  -6.4254845e-01  -7.6624506e-01   6.4254845e-01
  7.6591572e-01  -6.4294099e-01  -7.6591572e-01   6.4294099e-01
  7.6558719e-01  -6.4333215e-01  -7.6558719e-01   6.4333215e-01
  7.6525938e-01  -6.4372205e-01  -7.6525938e-01   6.4372205e-01
  7.6493221e-01  -6.4411079e-01  -7.6493221e-01   6.4411079e-01
  7.6460558e-01  -6.4449849e-01  -7.6460558e-01   6.4449849e-01
  7.6427943e-01  -6.4488523e-01  -7.6427943e-01   6.4488523e-01
  7.6395367e-01  -6.4527109e-01  -7.6395367e-01   6.4527109e-01
  7.6362825e-01  -6.4565617e-01  -7.6362825e-01   6.4565617e-01
  7.6330309e-01  -6.4604055e-01  -7.6330309e-01   6.4604055e-01
  7.6297814e-01  -6.4642429e-01  -7.6297814e-01   6.4642429e-01
  7.6265333e-01  -6.4680747e-01  -7.6265333e-01   6.4680747e-01
  7.6232861e-01  -6.4719015e-01  -7.6232861e-01   6.4719015e-01
  7.6200393e-01  -6.4757239e-01  -7.6200393e-01   6.4757239e-01
  7.6167925e-01  -6.4795426e-01  -7.6167925e-01   6.4795426e-01
  7.6135452e-01  -6.4833579e-01  -7.6135452e-01   6.4833579e-01
  7.6102970e-01  -6.4871704e-01  -7.6102970e-01   6.4871704e-01
  7.6070474e-01  -6.4909806e-01  -7.6070474e-01   6.4909806e-01
  7.6037963e-01  -6.4947889e-01  -7.6037963e-01   6.4947889e-01
  7.6005432e-01  -6.4985955e-01  -7.6005432e-01   6.4985955e-01
  7.5972879e-01  -6.5024009e-01  -7.5972879e-01   6.5024009e-01
  7.5940301e-01  -6.5062053e-01  -7.5940301e-01   6.5062053e-01
  7.5907696e-01  -6.5100090e-01  -7.5907696e-01   6.5100090e-01
  7.5875062e-01  -6.5138122e-01  -7.5875062e-01   6.5138122e-01
  7.5842398e-01  -6.5176151e-01  -7.5842398e-01   6.5176151e-01
  7.5809703e-01  -6.5214177e-01  -7.5809703e-01   6.5214177e-01
  7.5776975e-01  -6.5252203e-01  -7.5776975e-01   6.5252203e-01
  7.5744214e-01  -6.5290229e-01  -7.5744214e-01   6.5290229e-01
  7.5711420e-01  -6.5328255e-01  -7.5711420e-01   6.5328255e-01
  7.5678593e-01  -6.5366280e-01  -7.5678593e-01   6.5366280e-01
  7.5645731e-01  -6.5404307e-01  -7.5645731e-01   6.5404307e-01
  7.5612835e-01  -6.5442335e-01  -7.5612835e-01   6.5442335e-01
  7.5579903e-01  -6.5480366e-01  -7.5579903e-01   6.5480366e-01
  7.5546933e-01  -6.5518401e-01  -7.5546933e-01   6.5518401e-01
  7.5513924e-01  -6.5556443e-01  -7.5513924e-01   6.5556443e-01
  7.5480874e-01  -6.5594495e-01  -7.5480874e-01   6.5594495e-01
  7.5447779e-01  -6.5632558e-01  -7.5447779e-01   6.5632558e-01
  7.5414638e-01  -6.5670636e-01  -7.5414638e-01   6.5670636e-01
  7.5381446e-01  -6.5708733e-01  -7.5381446e-01   6.5708733e-01
  7.5348201e-01  -6.5746853e-01  -7.5348201e-01   6.5746853e-01
  7.5314898e-01  -6.5785000e-01  -7.5314898e-01   6.5785000e-01
  7.5281532e-01  -6.5823179e-01  -7.5281532e-01   6.5823179e-01
  7.5248100e-01  -6.5861396e-01  -7.5248100e-01   6.5861396e-01
  7.5214595e-01  -6.5899656e-01  -7.5214595e-01   6.5899656e-01
  7.5181013e-01  -6.5937966e-01  -7.5181013e-01   6.5937966e-01
  7.5147347e-01  -6.5976331e-01  -7.5147347e-01   6.5976331e-01
  7.5113590e-01  -6.6014760e-01  -7.5113590e-01   6.6014760e-01
  7.5079736e-01  -6.6053260e-01  -7.5079736e-01   6.6053260e-01
  7.5045778e-01  -6.6091839e-01  -7.5045778e-01   6.6091839e-01
  7.5011707e-01  -6.6130506e-01  -7.5011707e-01   6.6130506e-01
  7.4977515e-01  -6.6169270e-01  -7.4977515e-01   6.6169270e-01
  7.4943193e-01  -6.6208140e-01  -7.4943193e-01   6.6208140e-01
  7.4908731e-01  -6.6247129e-01  -7.4908731e-01   6.6247129e-01
  7.4874119e-01  -6.6286246e-01  -7.4874119e-01   6.6286246e-01
  7.4839346e-01  -6.6325503e-01  -7.4839346e-01   6.6325503e-01
  7.4804400e-01  -6.6364914e-01  -7.4804400e-01   6.6364914e-01
  7.4769269e-01  -6.6404491e-01  -7.4769269e-01   6.6404491e-01
  7.4733940e-01  -6.6444249e-01  -7.4733940e-01   6.6444249e-01
  7.4698398e-01  -6.6484203e-01  -7.4698398e-01   6.6484203e-01
  7.4662629e-01  -6.6524370e-01  -7.4662629e-01   6.6524370e-01
  7.4626616e-01  -6.6564766e-01  -7.4626616e-01   6.6564766e-01
  7.4590343e-01  -6.6605411e-01  -7.4590343e-01   6.6605411e-01
  7.4553790e-01  -6.6646323e-01  -7.4553790e-01   6.6646323e-01
  7.4516937e-01  -6.6687525e-01  -7.4516937e-01   6.6687525e-01
  7.4479765e-01  -6.6729039e-01  -7.4479765e-01   6.6729039e-01
  7.4442249e-01  -6.6770889e-01  -7.4442249e-01   6.6770889e-01
  7.4404364e-01  -6.6813102e-01  -7.4404364e-01   6.6813102e-01
  7.4366085e-01  -6.6855705e-01  -7.4366085e-01   6.6855705e-01
  7.4327383e-01  -6.6898731e-01  -7.4327383e-01   6.6898731e-01
  7.4288225e-01  -6.6942211e-01  -7.4288225e-01   6.6942211e-01
  7.4248579e-01  -6.6986182e-01  -7.4248579e-01   6.6986182e-01
  7.4208406e-01  -6.7030683e-01  -7.4208406e-01   6.7030683e-01
  7.4167667e-01  -6.7075757e-01  -7.4167667e-01   6.7075757e-01
  7.4126316e-01  -6.7121452e-01  -7.4126316e-01   6.7121452e-01
  7.4084305e-01  -6.7167818e-01  -7.4084305e-01   6.7167818e-01
  7.4041579e-01  -6.7214913e-01  -7.4041579e-01   6.7214913e-01
  7.3998079e-01  -6.7262800e-01  -7.3998079e-01   6.7262800e-01
  7.3953738e-01  -6.7311549e-01  -7.3953738e-01   6.7311549e-01
  7.3908481e-01  -6.7361239e-01  -7.3908481e-01   6.7361239e-01
  7.3862223e-01  -6.7411958e-01  -7.3862223e-01   6.7411958e-01
  7.3814870e-01  -6.7463805e-01  -7.3814870e-01   6.7463805e-01
  7.3766315e-01  -6.7516893e-01  -7.3766315e-01   6.7516893e-01
  7.3716433e-01  -6.7571351e-01  -7.3716433e-01   6.7571351e-01
  7.3665084e-01  -6.7627327e-01  -7.3665084e-01   6.7627327e-01
  7.3612102e-01  -6.7684994e-01  -7.3612102e-01   6.7684994e-01
  7.3557295e-01  -6.7744552e-01  -7.3557295e-01   6.7744552e-01
  7.3500435e-01  -6.7806239e-01  -7.3500435e-01   6.7806239e-01
  7.3441251e-01  -6.7870337e-01  -7.3441251e-01   6.7870337e-01
  7.3379414e-01  -6.7937189e-01  -7.3379414e-01   6.7937189e-01
  7.3314523e-01  -6.8007211e-01  -7.3314523e-01   6.8007211e-01
  7.3246075e-01  -6.8080926e-01  -7.3246075e-01   6.8080926e-01
  7.3173437e-01  -6.8158991e-01  -7.3173437e-01   6.8158991e-01
  7.3095783e-01  -6.8242263e-01  -7.3095783e-01   6.8242263e-01
  7.3012015e-01  -6.8331879e-01  -7.3012015e-01   6.8331879e-01
  7.2920618e-01  -6.8429404e-01  -7.2920618e-01   6.8429404e-01
  7.2819420e-01  -6.8537086e-01  -7.2819420e-01   6.8537086e-01
  7.2705122e-01  -6.8658322e-01  -7.2705122e-01   6.8658322e-01
  7.2572340e-01  -6.8798658e-01  -7.2572340e-01   6.8798658e-01
  7.2411284e-01  -6.8968152e-01  -7.2411284e-01   6.8968152e-01
  7.2200803e-01  -6.9188467e-01  -7.2200803e-01   6.9188467e-01
  7.1877073e-01  -6.9524718e-01  -7.1877073e-01   6.9524718e-01
  7.2743504e-01  -6.8617655e-01  -7.2743504e-01   6.8617655e-01
  7.2280762e-01  -6.9104931e-01  -7.2280762e-01   6.9104931e-01
  7.2030555e-01  -6.9365692e-01  -7.2030555e-01   6.9365692e-01
  7.1849665e-01  -6.9553042e-01  -7.1849665e-01   6.9553042e-01
  7.1704531e-01  -6.9702656e-01  -7.1704531e-01   6.9702656e-01
  7.1581520e-01  -6.9828976e-01  -7.1581520e-01   6.9828976e-01
  7.1473660e-01  -6.9939373e-01  -7.1473660e-01   6.9939373e-01
  7.1376873e-01  -7.0038147e-01  -7.1376873e-01   7.0038147e-01
  7.1288555e-01  -7.0128039e-01  -7.1288555e-01   7.0128039e-01
  7.1206938e-01  -7.0210910e-01  -7.1206938e-01   7.0210910e-01
  7.1130761e-01  -7.0288085e-01  -7.1130761e-01   7.0288085e-01
  7.1059090e-01  -7.0360541e-01  -7.1059090e-01   7.0360541e-01
  7.0991216e-01  -7.0429023e-01  -7.0991216e-01   7.0429023e-01
  7.0926583e-01  -7.0494112e-01  -7.0926583e-01   7.0494112e-01
  7.0864749e-01  -7.0556271e-01  -7.0864749e-01   7.0556271e-01
  7.0805357e-01  -7.0615872e-01  -7.0805357e-01   7.0615872e-01
  7.0748112e-01  -7.0673224e-01  -7.0748112e-01   7.0673224e-01
  7.0692769e-01  -7.0728583e-01  -7.0692769e-01   7.0728583e-01
  7.0639119e-01  -7.0782164e-01  -7.0639119e-01   7.0782164e-01
  7.0586988e-01  -7.0834152e-01  -7.0586988e-01   7.0834152e-01
  7.0536223e-01  -7.0884704e-01  -7.0536223e-01   7.0884704e-01
  7.0486693e-01  -7.0933956e-01  -7.0486693e-01   7.0933956e-01
  7.0438284e-01  -7.0982027e-01  -7.0438284e-01   7.0982027e-01
  7.0390894e-01  -7.1029022e-01  -7.0390894e-01   7.1029022e-01
  7.0344436e-01  -7.1075033e-01  -7.0344436e-01   7.1075033e-01
  7.0298830e-01  -7.1120141e-01  -7.0298830e-01   7.1120141e-01
  7.0254006e-01  -7.1164420e-01  -7.0254006e-01   7.1164420e-01
  7.0209899e-01  -7.1207935e-01  -7.0209899e-01   7.1207935e-01
  7.0166454e-01  -7.1250746e-01  -7.0166454e-01   7.1250746e-01
  7.0123617e-01  -7.1292905e-01  -7.0123617e-01   7.1292905e-01
  7.0081343e-01  -7.1334461e-01  -7.0081343e-01   7.1334461e-01
  7.0039589e-01  -7.1375458e-01  -7.0039589e-01   7.1375458e-01
  6.9998314e-01  -7.1415937e-01  -6.9998314e-01   7.1415937e-01
  6.9957484e-01  -7.1455934e-01  -6.9957484e-01   7.1455934e-01
  6.9917065e-01  -7.1495483e-01  -6.9917065e-01   7.1495483e-01
  6.9877026e-01  -7.1534616e-01  -6.9877026e-01   7.1534616e-01
  6.9837340e-01  -7.1573361e-01  -6.9837340e-01   7.1573361e-01
  6.9797979e-01  -7.1611746e-01  -6.9797979e-01   7.1611746e-01
  6.9758920e-01  -7.1649794e-01  -6.9758920e-01   7.1649794e-01
  6.9720140e-01  -7.1687531e-01  -6.9720140e-01   7.1687531e-01
  6.9681618e-01  -7.1724976e-01  -6.9681618e-01   7.1724976e-01
  6.9643333e-01  -7.1762150e-01  -6.9643333e-01   7.1762150e-01
  6.9605268e-01  -7.1799072e-01  -6.9605268e-01   7.1799072e-01
  6.9567404e-01  -7.1835759e-01  -6.9567404e-01   7.1835759e-01
  6.9529726e-01  -7.1872229e-01  -6.9529726e-01   7.1872229e-01
  6.9492217e-01  -7.1908496e-01  -6.9492217e-01   7.1908496e-01
  6.9454864e-01  -7.1944575e-01  -6.9454864e-01   7.1944575e-01
  6.9417653e-01  -7.1980480e-01  -6.9417653e-01   7.1980480e-01
  6.9380570e-01  -7.2016224e-01  -6.9380570e-01   7.2016224e-01
  6.9343604e-01  -7.2051819e-01  -6.9343604e-01   7.2051819e-01
  6.9306742e-01  -7.2087277e-01  -6.9306742e-01   7.2087277e-01
  6.9269975e-01  -7.2122608e-01  -6.9269975e-01   7.2122608e-01
  6.9233291e-01  -7.2157823e-01  -6.9233291e-01   7.2157823e-01
  6.9196681e-01  -7.2192931e-01  -6.9196681e-01   7.2192931e-01
  6.9160136e-01  -7.2227942e-01  -6.9160136e-01   7.2227942e-01
  6.9123646e-01  -7.2262864e-01  -6.9123646e-01   7.2262864e-01
  6.9087204e-01  -7.2297705e-01  -6.9087204e-01   7.2297705e-01
  6.9050802e-01  -7.2332473e-01  -6.9050802e-01   7.2332473e-01
  6.9014432e-01  -7.2367176e-01  -6.9014432e-01   7.2367176e-01
  6.8978088e-01  -7.2401819e-01  -6.8978088e-01   7.2401819e-01
  6.8941762e-01  -7.2436410e-01  -6.8941762e-01   7.2436410e-01
  6.8905449e-01  -7.2470954e-01  -6.8905449e-01   7.2470954e-01
  6.8869142e-01  -7.2505457e-01  -6.8869142e-01   7.2505457e-01
  6.8832837e-01  -7.2539924e-01  -6.8832837e-01   7.2539924e-01
  6.8796528e-01  -7.2574360e-01  -6.8796528e-01   7.2574360e-01
  6.8760211e-01  -7.2608769e-01  -6.8760211e-01   7.2608769e-01
  6.8723882e-01  -7.2643156e-01  -6.8723882e-01   7.2643156e-01
  6.8687535e-01  -7.2677524e-01  -6.8687535e-01   7.2677524e-01
  6.8651169e-01  -7.2711877e-01  -6.8651169e-01   7.2711877e-01
  6.8614779e-01  -7.2746217e-01  -6.8614779e-01   7.2746217e-01
  6.8578363e-01  -7.2780548e-01  -6.8578363e-01   7.2780548e-01
  6.8541917e-01  -7.2814872e-01  -6.8541917e-01   7.2814872e-01
  6.8505441e-01  -7.2849190e-01  -6.8505441e-01   7.2849190e-01
  6.8468932e-01  -7.2883506e-01  -6.8468932e-01   7.2883506e-01
  6.8432388e-01  -7.2917819e-01  -6.8432388e-01   7.2917819e-01
  6.8395809e-01  -7.2952131e-01  -6.8395809e-01   7.2952131e-01
  6.8359193e-01  -7.2986442e-01  -6.8359193e-01   7.2986442e-01
  6.8322540e-01  -7.3020754e-01  -6.8322540e-01   7.3020754e-01
  6.8285851e-01  -7.3055065e-01  -6.8285851e-01   7.3055065e-01
  6.8249124e-01  -7.3089377e-01  -6.8249124e-01   7.3089377e-01
  6.8212359e-01  -7.3123690e-01  -6.8212359e-01   7.3123690e-01
  6.8175554e-01  -7.3158006e-01  -6.8175554e-01   7.3158006e-01
  6.8138709e-01  -7.3192325e-01  -6.8138709e-01   7.3192325e-01
  6.8101820e-01  -7.3226649e-01  -6.8101820e-01   7.3226649e-01
  6.8064886e-01  -7.3260981e-01  -6.8064886e-01   7.3260981e-01
  6.8027904e-01  -7.3295322e-01  -6.8027904e-01   7.3295322e-01
  6.7990871e-01  -7.3329676e-01  -6.7990871e-01   7.3329676e-01
  6.7953784e-01  -7.3364046e-01  -6.7953784e-01   7.3364046e-01
  6.7916637e-01  -7.3398436e-01  -6.7916637e-01   7.3398436e-01
  6.7879428e-01  -7.3432849e-01  -6.7879428e-01   7.3432849e-01
  6.7842151e-01  -7.3467289e-01  -6.7842151e-01   7.3467289e-01
  6.7804801e-01  -7.3501762e-01  -6.7804801e-01   7.3501762e-01
  6.7767372e-01  -7.3536272e-01  -6.7767372e-01   7.3536272e-01
  6.7729859e-01  -7.3570825e-01  -6.7729859e-01   7.3570825e-01
  6.7692254e-01  -7.3605426e-01  -6.7692254e-01   7.3605426e-01
  6.7654550e-01  -7.3640083e-01  -6.7654550e-01   7.3640083e-01
  6.7616741e-01  -7.3674802e-01  -6.7616741e-01   7.3674802e-01
  6.7578816e-01  -7.3709589e-01  -6.7578816e-01   7.3709589e-01
  6.7540769e-01  -7.3744454e-01  -6.7540769e-01   7.3744454e-01
  6.7502589e-01  -7.3779404e-01  -6.7502589e-01   7.3779404e-01
  6.7464267e-01  -7.3814448e-01  -6.7464267e-01   7.3814448e-01
  6.7425791e-01  -7.3849595e-01  -6.7425791e-01   7.3849595e-01
  6.7387151e-01  -7.3884856e-01  -6.7387151e-01   7.3884856e-01
  6.7348334e-01  -7.3920240e-01  -6.7348334e-01   7.3920240e-01
  6.7309328e-01  -7.3955759e-01  -6.7309328e-01   7.3955759e-01
  6.7270119e-01  -7.3991426e-01  -6.7270119e-01   7.3991426e-01
  6.7230691e-01  -7.4027253e-01  -6.7230691e-01   7.4027253e-01
  6.7191031e-01  -7.4063253e-01  -6.7191031e-01   7.4063253e-01
  6.7151120e-01  -7.4099441e-01  -6.7151120e-01   7.4099441e-01
  6.7110941e-01  -7.4135833e-01  -6.7110941e-01   7.4135833e-01
  6.7070474e-01  -7.4172444e-01  -6.7070474e-01   7.4172444e-01
  6.7029701e-01  -7.4209294e-01  -6.7029701e-01   7.4209294e-01
  6.6988597e-01  -7.4246400e-01  -6.6988597e-01   7.4246400e-01
  6.6947141e-01  -7.4283782e-01  -6.6947141e-01   7.4283782e-01
  6.6905306e-01  -7.4321464e-01  -6.6905306e-01   7.4321464e-01
  6.6863065e-01  -7.4359468e-01  -6.6863065e-01   7.4359468e-01
  6.6820389e-01  -7.4397820e-01  -6.6820389e-01   7.4397820e-01
  6.6777246e-01  -7.4436546e-01  -6.6777246e-01   7.4436546e-01
  6.6733600e-01  -7.4475678e-01  -6.6733600e-01   7.4475678e-01
  6.6689415e-01  -7.4515246e-01  -6.6689415e-01   7.4515246e-01
  6.6644649e-01  -7.4555286e-01  -6.6644649e-01   7.4555286e-01
  6.6599258e-01  -7.4595837e-01  -6.6599258e-01   7.4595837e-01
  6.6553191e-01  -7.4636940e-01  -6.6553191e-01   7.4636940e-01
  6.6506394e-01  -7.4678641e-01  -6.6506394e-01   7.4678641e-01
  6.6458809e-01  -7.4720993e-01  -6.6458809e-01   7.4720993e-01
  6.6410367e-01  -7.4764050e-01  -6.6410367e-01   7.4764050e-01
  6.6360996e-01  -7.4807876e-01  -6.6360996e-01   7.4807876e-01
  6.6310611e-01  -7.4852540e-01  -6.6310611e-01   7.4852540e-01
  6.6259122e-01  -7.4898123e-01  -6.6259122e-01   7.4898123e-01
  6.6206421e-01  -7.4944712e-01  -6.6206421e-01   7.4944712e-01
  6.6152390e-01  -7.4992408e-01  -6.6152390e-01   7.4992408e-01
  6.6096893e-01  -7.5041327e-01  -6.6096893e-01   7.5041327e-01
  6.6039773e-01  -7.5091600e-01  -6.6039773e-01   7.5091600e-01
  6.5980846e-01  -7.5143382e-01  -6.5980846e-01   7.5143382e-01
  6.5919901e-01  -7.5196853e-01  -6.5919901e-01   7.5196853e-01
  6.5856685e-01  -7.5252223e-01  -6.5856685e-01   7.5252223e-01
  6.5790898e-01  -7.5309745e-01  -6.5790898e-01   7.5309745e-01
  6.5722176e-01  -7.5369726e-01  -6.5722176e-01   7.5369726e-01
  6.5650075e-01  -7.5432537e-01  -6.5650075e-01   7.5432537e-01
  6.5574041e-01  -7.5498644e-01  -6.5574041e-01   7.5498644e-01
  6.5493370e-01  -7.5568634e-01  -6.5493370e-01   7.5568634e-01
  6.5407151e-01  -7.5643272e-01  -6.5407151e-01   7.5643272e-01
  6.5314168e-01  -7.5723573e-01  -6.5314168e-01   7.5723573e-01
  6.5212748e-01  -7.5810933e-01  -6.5212748e-01   7.5810933e-01
  6.5100487e-01  -7.5907355e-01  -6.5100487e-01   7.5907355e-01
  6.4973741e-01  -7.6015873e-01  -6.4973741e-01   7.6015873e-01
  6.4826559e-01  -7.6141429e-01  -6.4826559e-01   7.6141429e-01
  6.4648122e-01  -7.6292990e-01  -6.4648122e-01   7.6292990e-01
  6.4415069e-01  -7.6489861e-01  -6.4415069e-01   7.6489861e-01
  6.4056928e-01  -7.6790038e-01  -6.4056928e-01   7.6790038e-01
  7.2743504e-01  -6.8617655e-01  -7.2743504e-01   6.8617655e-01
  7.2280762e-01  -6.9104931e-01  -7.2280762e-01   6.9104931e-01
  7.2030555e-01  -6.9365692e-01  -7.2030555e-01   6.9365692e-01
  7.1849665e-01  -6.9553042e-01  -7.1849665e-01   6.9553042e-01
  7.1704531e-01  -6.9702656e-01  -7.1704531e-01   6.9702656e-01
  7.1581520e-01  -6.9828976e-01  -7.1581520e-01   6.9828976e-01
  7.1473660e-01  -6.9939373e-01  -7.1473660e-01   6.9939373e-01
  7.1376873e-01  -7.0038147e-01  -7.1376873e-01   7.0038147e-01
  7.1288555e-01  -7.0128039e-01  -7.1288555e-01   7.0128039e-01
  7.1206938e-01  -7.0210910e-01  -7.1206938e-01   7.0210910e-01
  7.1130761e-01  -7.0288085e-01  -7.1130761e-01   7.0288085e-01
  7.1059090e-01  -7.0360541e-01  -7.1059090e-01   7.0360541e-01
  7.0991216e-01  -7.0429023e-01  -7.0991216e-01   7.0429023e-01
  7.0926583e-01  -7.0494112e-01  -7.0926583e-01   7.0494112e-01
  7.0864749e-01  -7.0556271e-01  -7.0864749e-01   7.0556271e-01
  7.0805357e-01  -7.0615872e-01  -7.0805357e-01   7.0615872e-01
  7.0748112e-01  -7.0673224e-01  -7.0748112e-01   7.0673224e-01
  7.0692769e-01  -7.0728583e-01  -7.0692769e-01   7.0728583e-01
  7.0639119e-01  -7.0782164e-01  -7.0639119e-01   7.0782164e-01
  7.0586988e-01  -7.0834152e-01  -7.0586988e-01   7.0834152e-01
  7.0536223e-01  -7.0884704e-01  -7.0536223e-01   7.0884704e-01
  7.0486693e-01  -7.0933956e-01  -7.0486693e-01   7.0933956e-01
  7.0438284e-01  -7.0982027e-01  -7.0438284e-01   7.0982027e-01
  7.0390894e-01  -7.1029022e-01  -7.0390894e-01   7.1029022e-01
  7.0344436e-01  -7.1075033e-01  -7.0344436e-01   7.1075033e-01
  7.0298830e-01  -7.1120141e-01  -7.0298830e-01   7.1120141e-01
  7.0254006e-01  -7.1164420e-01  -7.0254006e-01   7.1164420e-01
  7.0209899e-01  -7.1207935e-01  -7.0209899e-01   7.1207935e-01
  7.0166454e-01  -7.1250746e-01  -7.0166454e-01   7.1250746e-01
  7.0123617e-01  -7.1292905e-01  -7.0123617e-01   7.1292905e-01
  7.0081343e-01  -7.1334461e-01  -7.0081343e-01   7.1334461e-01
  7.0039589e-01  -7.1375458e-01  -7.0039589e-01   7.1375458e-01
  6.9998314e-01  -7.1415937e-01  -6.9998314e-01   7.1415937e-01
  6.9957484e-01  -7.1455934e-01  -6.9957484e-01   7.1455934e-01
  6.9917065e-01  -7.1495483e-01  -6.9917065e-01   7.1495483e-01
  6.9877026e-01  -7.1534616e-01  -6.9877026e-01   7.1534616e-01
  6.9837340e-01  -7.1573361e-01  -6.9837340e-01   7.1573361e-01
  6.9797979e-01  -7.1611746e-01  -6.9797979e-01   7.1611746e-01
  6.9758920e-01  -7.1649794e-01  -6.9758920e-01   7.1649794e-01
  6.9720140e-01  -7.1687531e-01  -6.9720140e-01   7.1687531e-01
  6.9681618e-01  -7.1724976e-01  -6.9681618e-01   7.1724976e-01
  6.9643333e-01  -7.1762150e-01  -6.9643333e-01   7.1762150e-01
  6.9605268e-01  -7.1799072e-01  -6.9605268e-01   7.1799072e-01
  6.9567404e-01  -7.1835759e-01  -6.9567404e-01   7.1835759e-01
  6.9529726e-01  -7.1872229e-01  -6.9529726e-01   7.1872229e-01
  6.9492217e-01  -7.1908496e-01  -6.9492217e-01   7.1908496e-01
  6.9454864e-01  -7.1944575e-01  -6.9454864e-01   7.1944575e-01
  6.9417653e-01  -7.1980480e-01  -6.9417653e-01   7.1980480e-01
  6.9380570e-01  -7.2016224e-01  -6.9380570e-01   7.2016224e-01
  6.9343604e-01  -7.2051819e-01  -6.9343604e-01   7.2051819e-01
  6.9306742e-01  -7.2087277e-01  -6.9306742e-01   7.2087277e-01
  6.9269975e-01  -7.2122608e-01  -6.9269975e-01   7.2122608e-01
  6.9233291e-01  -7.2157823e-01  -6.9233291e-01   7.2157823e-01
  6.9196681e-01  -7.2192931e-01  -6.9196681e-01   7.2192931e-01
  6.9160136e-01  -7.2227942e-01  -6.9160136e-01   7.2227942e-01
  6.9123646e-01  -7.2262864e-01  -6.9123646e-01   7.2262864e-01
  6.9087204e-01  -7.2297705e-01  -6.9087204e-01   7.2297705e-01
  6.9050802e-01  -7.2332473e-01  -6.9050802e-01   7.2332473e-01
  6.9014432e-01  -7.2367176e-01  -6.9014432e-01   7.2367176e-01
  6.8978088e-01  -7.2401819e-01  -6.8978088e-01   7.2401819e-01
  6.8941762e-01  -7.2436410e-01  -6.8941762e-01   7.2436410e-01
  6.8905449e-01  -7.2470954e-01  -6.8905449e-01   7.2470954e-01
  6.8869142e-01  -7.2505457e-01  -6.8869142e-01   7.2505457e-01
  6.8832837e-01  -7.2539924e-01  -6.8832837e-01   7.2539924e-01
  6.8796528e-01  -7.2574360e-01  -6.8796528e-01   7.2574360e-01
  6.8760211e-01  -7.2608769e-01  -6.8760211e-01   7.2608769e-01
  6.8723882e-01  -7.2643156e-01  -6.8723882e-01   7.2643156e-01
  6.8687535e-01  -7.2677524e-01  -6.8687535e-01   7.2677524e-01
  6.8651169e-01  -7.2711877e-01  -6.8651169e-01   7.2711877e-01
  6.8614779e-01  -7.2746217e-01  -6.8614779e-01   7.2746217e-01
  6.8578363e-01  -7.2780548e-01  -6.8578363e-01   7.2780548e-01
  6.8541917e-01  -7.2814872e-01  -6.8541917e-01   7.2814872e-01
  6.8505441e-01  -7.2849190e-01  -6.8505441e-01   7.2849190e-01
  6.8468932e-01  -7.2883506e-01  -6.8468932e-01   7.2883506e-01
  6.8432388e-01  -7.2917819e-01  -6.8432388e-01   7.2917819e-01
  6.8395809e-01  -7.2952131e-01  -6.8395809e-01   7.2952131e-01
  6.8359193e-01  -7.2986442e-01  -6.8359193e-01   7.2986442e-01
  6.8322540e-01  -7.3020754e-01  -6.8322540e-01   7.3020754e-01
  6.8285851e-01  -7.3055065e-01  -6.8285851e-01   7.3055065e-01
  6.8249124e-01  -7.3089377e-01  -6.8249124e-01   7.3089377e-01
  6.8212359e-01  -7.3123690e-01  -6.8212359e-01   7.3123690e-01
  6.8175554e-01  -7.3158006e-01  -6.8175554e-01   7.3158006e-01
  6.8138709e-01  -7.3192325e-01  -6.8138709e-01   7.3192325e-01
  6.8101820e-01  -7.3226649e-01  -6.8101820e-01   7.3226649e-01
  6.8064886e-01  -7.3260981e-01  -6.8064886e-01   7.3260981e-01
  6.8027904e-01  -7.3295322e-01  -6.8027904e-01   7.3295322e-01
  6.7990871e-01  -7.3329676e-01  -6.7990871e-01   7.3329676e-01
  6.7953784e-01  -7.3364046e-01  -6.7953784e-01   7.3364046e-01
  6.7916637e-01  -7.3398436e-01  -6.7916637e-01   7.3398436e-01
  6.7879428e-01  -7.3432849e-01  -6.7879428e-01   7.3432849e-01
  6.7842151e-01  -7.3467289e-01  -6.7842151e-01   7.3467289e-01
  6.7804801e-01  -7.3501762e-01  -6.7804801e-01   7.3501762e-01
  6.7767372e-01  -7.3536272e-01  -6.7767372e-01   7.3536272e-01
  6.7729859e-01  -7.3570825e-01  -6.7729859e-01   7.3570825e-01
  6.7692254e-01  -7.3605426e-01  -6.7692254e-01   7.3605426e-01
  6.7654550e-01  -7.3640083e-01  -6.7654550e-01   7.3640083e-01
  6.7616741e-01  -7.3674802e-01  -6.7616741e-01   7.3674802e-01
  6.7578816e-01  -7.3709589e-01  -6.7578816e-01   7.3709589e-01
  6.7540769e-01  -7.3744454e-01  -6.7540769e-01   7.3744454e-01
  6.7502589e-01  -7.3779404e-01  -6.7502589e-01   7.3779404e-01
  6.7464267e-01  -7.3814448e-01  -6.7464267e-01   7.3814448e-01
  6.7425791e-01  -7.3849595e-01  -6.7425791e-01   7.3849595e-01
  6.7387151e-01  -7.3884856e-01  -6.7387151e-01   7.3884856e-01
  6.7348334e-01  -7.3920240e-01  -6.7348334e-01   7.3920240e-01
  6.7309328e-01  -7.3955759e-01  -6.7309328e-01   7.3955759e-01
  6.7270119e-01  -7.3991426e-01  -6.7270119e-01   7.3991426e-01
  6.7230691e-01  -7.4027253e-01  -6.7230691e-01   7.4027253e-01
  6.7191031e-01  -7.4063253e-01  -6.7191031e-01   7.4063253e-01
  6.7151120e-01  -7.4099441e-01  -6.7151120e-01   7.4099441e-01
  6.7110941e-01  -7.4135833e-01  -6.7110941e-01   7.4135833e-01
  6.7070474e-01  -7.4172444e-01  -6.7070474e-01   7.4172444e-01
  6.7029701e-01  -7.4209294e-01  -6.7029701e-01   7.4209294e-01
  6.6988597e-01  -7.4246400e-01  -6.6988597e-01   7.4246400e-01
  6.6947141e-01  -7.4283782e-01  -6.6947141e-01   7.4283782e-01
  6.6905306e-01  -7.4321464e-01  -6.6905306e-01   7.4321464e-01
  6.6863065e-01  -7.4359468e-01  -6.6863065e-01   7.4359468e-01
  6.6820389e-01  -7.4397820e-01  -6.6820389e-01   7.4397820e-01
  6.6777246e-01  -7.4436546e-01  -6.6777246e-01   7.4436546e-01
  6.6733600e-01  -7.4475678e-01  -6.6733600e-01   7.4475678e-01
  6.6689415e-01  -7.4515246e-01  -6.6689415e-01   7.4515246e-01
  6.6644649e-01  -7.4555286e-01  -6.6644649e-01   7.4555286e-01
  6.6599258e-01  -7.4595837e-01  -6.6599258e-01   7.4595837e-01
  6.6553191e-01  -7.4636940e-01  -6.6553191e-01   7.4636940e-01
  6.6506394e-01  -7.4678641e-01  -6.6506394e-01   7.4678641e-01
  6.6458809e-01  -7.4720993e-01  -6.6458809e-01   7.4720993e-01
  6.6410367e-01  -7.4764050e-01  -6.6410367e-01   7.4764050e-01
  6.6360996e-01  -7.4807876e-01  -6.6360996e-01   7.4807876e-01
  6.6310611e-01  -7.4852540e-01  -6.6310611e-01   7.4852540e-01
  6.6259122e-01  -7.4898123e-01  -6.6259122e-01   7.4898123e-01
  6.6206421e-01  -7.4944712e-01  -6.6206421e-01   7.4944712e-01
  6.6152390e-01  -7.4992408e-01  -6.6152390e-01   7.4992408e-01
  6.6096893e-01  -7.5041327e-01  -6.6096893e-01   7.5041327e-01
  6.6039773e-01  -7.5091600e-01  -6.6039773e-01   7.5091600e-01
  6.5980846e-01  -7.5143382e-01  -6.5980846e-01   7.5143382e-01
  6.5919901e-01  -7.5196853e-01  -6.5919901e-01   7.5196853e-01
  6.5856685e-01  -7.5252223e-01  -6.5856685e-01   7.5252223e-01
  6.5790898e-01  -7.5309745e-01  -6.5790898e-01   7.5309745e-01
  6.5722176e-01  -7.5369726e-01  -6.5722176e-01   7.5369726e-01
  6.5650075e-01  -7.5432537e-01  -6.5650075e-01   7.5432537e-01
  6.5574041e-01  -7.5498644e-01  -6.5574041e-01   7.5498644e-01
  6.5493370e-01  -7.5568634e-01  -6.5493370e-01   7.5568634e-01
  6.5407151e-01  -7.5643272e-01  -6.5407151e-01   7.5643272e-01
  6.5314168e-01  -7.5723573e-01  -6.5314168e-01   7.5723573e-01
  6.5212748e-01  -7.5810933e-01  -6.5212748e-01   7.5810933e-01
  6.5100487e-01  -7.5907355e-01  -6.5100487e-01   7.5907355e-01
  6.4973741e-01  -7.6015873e-01  -6.4973741e-01   7.6015873e-01
  6.4826559e-01  -7.6141429e-01  -6.4826559e-01   7.6141429e-01
  6.4648122e-01  -7.6292990e-01  -6.4648122e-01   7.6292990e-01
  6.4415069e-01  -7.6489861e-01  -6.4415069e-01   7.6489861e-01
  6.4056928e-01  -7.6790038e-01  -6.4056928e-01   7.6790038e-01
  7.2743504e-01  -6.8617655e-01  -7.2743504e-01   6.8617655e-01
  7.2280762e-01  -6.9104931e-01  -7.2280762e-01   6.9104931e-01
  7.2030555e-01  -6.9365692e-01  -7.2030555e-01   6.9365692e-01
  7.1849665e-01  -6.9553042e-01  -7.1849665e-01   6.9553042e-01
  7.1704531e-01  -6.9702656e-01  -7.1704531e-01   6.9702656e-01
  7.1581520e-01  -6.9828976e-01  -7.1581520e-01   6.9828976e-01
  7.1473660e-01  -6.9939373e-01  -7.1473660e-01   6.9939373e-01
  7.1376873e-01  -7.0038147e-01  -7.1376873e-01   7.0038147e-01
  7.1288555e-01  -7.0128039e-01  -7.1288555e-01   7.0128039e-01
  7.1206938e-01  -7.0210910e-01  -7.1206938e-01   7.0210910e-01
  7.1130761e-01  -7.0288085e-01  -7.1130761e-01   7.0288085e-01
  7.1059090e-01  -7.0360541e-01  -7.1059090e-01   7.0360541e-01
  7.0991216e-01  -7.0429023e-01  -7.0991216e-01   7.0429023e-01
  7.0926583e-01  -7.0494112e-01  -7.0926583e-01   7.0494112e-01
  7.0864749e-01  -7.0556271e-01  -7.0864749e-01   7.0556271e-01
  7.0805357e-01  -7.0615872e-01  -7.0805357e-01   7.0615872e-01
  7.0748112e-01  -7.0673224e-01  -7.0748112e-01   7.0673224e-01
  7.0692769e-01  -7.0728583e-01  -7.0692769e-01   7.0728583e-01
  7.0639119e-01  -7.0782164e-01  -7.0639119e-01   7.0782164e-01
  7.0586988e-01  -7.0834152e-01  -7.0586988e-01   7.0834152e-01
  7.0536223e-01  -7.0884704e-01  -7.0536223e-01   7.0884704e-01
  7.0486693e-01  -7.0933956e-01  -7.0486693e-01   7.0933956e-01
  7.0438284e-01  -7.0982027e-01  -7.0438284e-01   7.0982027e-01
  7.0390894e-01  -7.1029022e-01  -7.0390894e-01   7.1029022e-01
  7.0344436e-01  -7.1075033e-01  -7.0344436e-01   7.1075033e-01
  7.0298830e-01  -7.1120141e-01  -7.0298830e-01   7.1120141e-01
  7.0254006e-01  -7.1164420e-01  -7.0254006e-01   7.1164420e-01
  7.0209899e-01  -7.1207935e-01  -7.0209899e-01   7.1207935e-01
  7.0166454e-01  -7.1250746e-01  -7.0166454e-01   7.1250746e-01
  7.0123617e-01  -7.1292905e-01  -7.0123617e-01   7.1292905e-01
  7.0081343e-01  -7.1334461e-01  -7.0081343e-01   7.1334461e-01
  7.0039589e-01  -7.1375458e-01  -7.0039589e-01   7.1375458e-01
  6.9998314e-01  -7.1415937e-01  -6.9998314e-01   7.1415937e-01
  6.9957484e-01  -7.1455934e-01  -6.9957484e-01   7.1455934e-01
  6.9917065e-01  -7.1495483e-01  -6.9917065e-01   7.1495483e-01
  6.9877026e-01  -7.1534616e-01  -6.9877026e-01   7.1534616e-01
  6.9837340e-01  -7.1573361e-01  -6.9837340e-01   7.1573361e-01
  6.9797979e-01  -7.1611746e-01  -6.9797979e-01   7.1611746e-01
  6.9758920e-01  -7.1649794e-01  -6.9758920e-01   7.1649794e-01
  6.9720140e-01  -7.1687531e-01  -6.9720140e-01   7.1687531e-01
  6.9681618e-01  -7.1724976e-01  -6.9681618e-01   7.1724976e-01
  6.9643333e-01  -7.1762150e-01  -6.9643333e-01   7.1762150e-01
  6.9605268e-01  -7.1799072e-01  -6.9605268e-01   7.1799072e-01
  6.9567404e-01  -7.1835759e-01  -6.9567404e-01   7.1835759e-01
  6.9529726e-01  -7.1872229e-01  -6.9529726e-01   7.1872229e-01
  6.9492217e-01  -7.1908496e-01  -6.9492217e-01   7.1908496e-01
  6.9454864e-01  -7.1944575e-01  -6.9454864e-01   7.1944575e-01
  6.9417653e-01  -7.1980480e-01  -6.9417653e-01   7.1980480e-01
  6.9380570e-01  -7.2016224e-01  -6.9380570e-01   7.2016224e-01
  6.9343604e-01  -7.2051819e-01  -6.9343604e-01   7.2051819e-01
  6.9306742e-01  -7.2087277e-01  -6.9306742e-01   7.2087277e-01
  6.9269975e-01  -7.2122608e-01  -6.9269975e-01   7.2122608e-01
  6.9233291e-01  -7.2157823e-01  -6.9233291e-01   7.2157823e-01
  6.9196681e-01  -7.2192931e-01  -6.9196681e-01   7.2192931e-01
  6.9160136e-01  -7.2227942e-01  -6.9160136e-01   7.2227942e-01
  6.9123646e-01  -7.2262864e-01  -6.9123646e-01   7.2262864e-01
  6.9087204e-01  -7.2297705e-01  -6.9087204e-01   7.2297705e-01
  6.9050802e-01  -7.2332473e-01  -6.9050802e-01   7.2332473e-01
  6.9014432e-01  -7.2367176e-01  -6.9014432e-01   7.2367176e-01
  6.8978088e-01  -7.2401819e-01  -6.8978088e-01   7.2401819e-01
  6.8941762e-01  -7.2436410e-01  -6.8941762e-01   7.2436410e-01
  6.8905449e-01  -7.2470954e-01  -6.8905449e-01   7.2470954e-01
  6.8869142e-01  -7.2505457e-01  -6.8869142e-01   7.2505457e-01
  6.8832837e-01  -7.2539924e-01  -6.8832837e-01   7.2539924e-01
  6.8796528e-01  -7.2574360e-01  -6.8796528e-01   7.2574360e-01
  6.8760211e-01  -7.2608769e-01  -6.8760211e-01   7.2608769e-01
  6.8723882e-01  -7.2643156e-01  -6.8723882e-01   7.2643156e-01
  6.8687535e-01  -7.2677524e-01  -6.8687535e-01   7.2677524e-01
  6.8651169e-01  -7.2711877e-01  -6.8651169e-01   7.2711877e-01
  6.8614779e-01  -7.2746217e-01  -6.8614779e-01   7.2746217e-01
  6.8578363e-01  -7.2780548e-01  -6.8578363e-01   7.2780548e-01
  6.8541917e-01  -7.2814872e-01  -6.8541917e-01   7.2814872e-01
  6.8505441e-01  -7.2849190e-01  -6.8505441e-01   7.2849190e-01
  6.8468932e-01  -7.2883506e-01  -6.8468932e-01   7.2883506e-01
  6.8432388e-01  -7.2917819e-01  -6.8432388e-01   7.2917819e-01
  6.8395809e-01  -7.2952131e-01  -6.8395809e-01   7.2952131e-01
  6.8359193e-01  -7.2986442e-01  -6.8359193e-01   7.2986442e-01
  6.8322540e-01  -7.3020754e-01  -6.8322540e-01   7.3020754e-01
  6.8285851e-01  -7.3055065e-01  -6.8285851e-01   7.3055065e-01
  6.8249124e-01  -7.3089377e-01  -6.8249124e-01   7.3089377e-01
  6.8212359e-01  -7.3123690e-01  -6.8212359e-01   7.3123690e-01
  6.8175554e-01  -7.3158006e-01  -6.8175554e-01   7.3158006e-01
  6.8138709e-01  -7.3192325e-01  -6.8138709e-01   7.3192325e-01
  6.8101820e-01  -7.3226649e-01  -6.8101820e-01   7.3226649e-01
  6.8064886e-01  -7.3260981e-01  -6.8064886e-01   7.3260981e-01
  6.8027904e-01  -7.3295322e-01  -6.8027904e-01   7.3295322e-01
  6.7990871e-01  -7.3329676e-01  -6.7990871e-01   7.3329676e-01
  6.7953784e-01  -7.3364046e-01  -6.7953784e-01   7.3364046e-01
  6.7916637e-01  -7.3398436e-01  -6.7916637e-01   7.3398436e-01
  6.7879428e-01  -7.3432849e-01  -6.7879428e-01   7.3432849e-01
  6.7842151e-01  -7.3467289e-01  -6.7842151e-01   7.3467289e-01
  6.7804801e-01  -7.3501762e-01  -6.7804801e-01   7.3501762e-01
  6.7767372e-01  -7.3536272e-01  -6.7767372e-01   7.3536272e-01
  6.7729859e-01  -7.3570825e-01  -6.7729859e-01   7.3570825e-01
  6.7692254e-01  -7.3605426e-01  -6.7692254e-01   7.3605426e-01
  6.7654550e-01  -7.3640083e-01  -6.7654550e-01   7.3640083e-01
  6.7616741e-01  -7.3674802e-01  -6.7616741e-01   7.3674802e-01
  6.7578816e-01  -7.3709589e-01  -6.7578816e-01   7.3709589e-01
  6.7540769e-01  -7.3744454e-01  -6.7540769e-01   7.3744454e-01
  6.7502589e-01  -7.3779404e-01  -6.7502589e-01   7.3779404e-01
  6.7464267e-01  -7.3814448e-01  -6.7464267e-01   7.3814448e-01
  6.7425791e-01  -7.3849595e-01  -6.7425791e-01   7.3849595e-01
  6.7387151e-01  -7.3884856e-01  -6.7387151e-01   7.3884856e-01
  6.7348334e-01  -7.3920240e-01  -6.7348334e-01   7.3920240e-01
  6.7309328e-01  -7.3955759e-01  -6.7309328e-01   7.3955759e-01
  6.7270119e-01  -7.3991426e-01  -6.7270119e-01   7.3991426e-01
  6.7230691e-01  -7.4027253e-01  -6.7230691e-01   7.4027253e-01
  6.7191031e-01  -7.4063253e-01  -6.7191031e-01   7.4063253e-01
  6.7151120e-01  -7.4099441e-01  -6.7151120e-01   7.4099441e-01
  6.7110941e-01  -7.4135833e-01  -6.7110941e-01   7.4135833e-01
  6.7070474e-01  -7.4172444e-01  -6.7070474e-01   7.4172444e-01
  6.7029701e-01  -7.4209294e-01  -6.7029701e-01   7.4209294e-01
  6.6988597e-01  -7.4246400e-01  -6.6988597e-01   7.4246400e-01
  6.6947141e-01  -7.4283782e-01  -6.6947141e-01   7.4283782e-01
  6.6905306e-01  -7.4321464e-01  -6.6905306e-01   7.4321464e-01
  6.6863065e-01  -7.4359468e-01  -6.6863065e-01   7.4359468e-01
  6.6820389e-01  -7.4397820e-01  -6.6820389e-01   7.4397820e-01
  6.6777246e-01  -7.4436546e-01  -6.6777246e-01   7.4436546e-01
  6.6733600e-01  -7.4475678e-01  -6.6733600e-01   7.4475678e-01
  6.6689415e-01  -7.4515246e-01  -6.6689415e-01   7.4515246e-01
  6.6644649e-01  -7.4555286e-01  -6.6644649e-01   7.4555286e-01
  6.6599258e-01  -7.4595837e-01  -6.6599258e-01   7.4595837e-01
  6.6553191e-01  -7.4636940e-01  -6.6553191e-01   7.4636940e-01
  6.6506394e-01  -7.4678641e-01  -6.6506394e-01   7.4678641e-01
  6.6458809e-01  -7.4720993e-01  -6.6458809e-01   7.4720993e-01
  6.6410367e-01  -7.4764050e-01  -6.6410367e-01   7.4764050e-01
  6.6360996e-01  -7.4807876e-01  -6.6360996e-01   7.4807876e-01
  6.6310611e-01  -7.4852540e-01  -6.6310611e-01   7.4852540e-01
  6.6259122e-01  -7.4898123e-01  -6.6259122e-01   7.4898123e-01
  6.6206421e-01  -7.4944712e-01  -6.6206421e-01   7.4944712e-01
  6.6152390e-01  -7.4992408e-01  -6.6152390e-01   7.4992408e-01
  6.6096893e-01  -7.5041327e-01  -6.6096893e-01   7.5041327e-01
  6.6039773e-01  -7.5091600e-01  -6.6039773e-01   7.5091600e-01
  6.5980846e-01  -7.5143382e-01  -6.5980846e-01   7.5143382e-01
  6.5919901e-01  -7.5196853e-01  -6.5919901e-01   7.5196853e-01
  6.5856685e-01  -7.5252223e-01  -6.5856685e-01   7.5252223e-01
  6.5790898e-01  -7.5309745e-01  -6.5790898e-01   7.5309745e-01
  6.5722176e-01  -7.5369726e-01  -6.5722176e-01   7.5369726e-01
  6.5650075e-01  -7.5432537e-01  -6.5650075e-01   7.5432537e-01
  6.5574041e-01  -7.5498644e-01  -6.5574041e-01   7.5498644e-01
  6.5493370e-01  -7.5568634e-01  -6.5493370e-01   7.5568634e-01
  6.5407151e-01  -7.5643272e-01  -6.5407151e-01   7.5643272e-01
  6.5314168e-01  -7.5723573e-01  -6.5314168e-01   7.5723573e-01
  6.5212748e-01  -7.5810933e-01  -6.5212748e-01   7.5810933e-01
  6.5100487e-01  -7.5907355e-01  -6.5100487e-01   7.5907355e-01
  6.4973741e-01  -7.6015873e-01  -6.4973741e-01   7.6015873e-01
  6.4826559e-01  -7.6141429e-01  -6.4826559e-01   7.6141429e-01
  6.4648122e-01  -7.6292990e-01  -6.4648122e-01   7.6292990e-01
  6.4415069e-01  -7.6489861e-01  -6.4415069e-01   7.6489861e-01
  6.4056928e-01  -7.6790038e-01  -6.4056928e-01   7.6790038e-01
  7.2743504e-01  -6.8617655e-01  -7.2743504e-01   6.8617655e-01
  7.2280762e-01  -6.9104931e-01  -7.2280762e-01   6.9104931e-01
  7.2030555e-01  -6.9365692e-01  -7.2030555e-01   6.9365692e-01
  7.1849665e-01  -6.9553042e-01  -7.1849665e-01   6.9553042e-01
  7.1704531e-01  -6.9702656e-01  -7.1704531e-01   6.9702656e-01
  7.1581520e-01  -6.9828976e-01  -7.1581520e-01   6.9828976e-01
  7.1473660e-01  -6.9939373e-01  -7.1473660e-01   6.9939373e-01
  7.1376873e-01  -7.0038147e-01  -7.1376873e-01   7.0038147e-01
  7.1288555e-01  -7.0128039e-01  -7.1288555e-01   7.0128039e-01
  7.1206938e-01  -7.0210910e-01  -7.1206938e-01   7.0210910e-01
  7.1130761e-01  -7.0288085e-01  -7.1130761e-01   7.0288085e-01
  7.1059090e-01  -7.0360541e-01  -7.1059090e-01   7.0360541e-01
  7.0991216e-01  -7.0429023e-01  -7.0991216e-01   7.0429023e-01
  7.0926583e-01  -7.0494112e-01  -7.0926583e-01   7.0494112e-01
  7.0864749e-01  -7.0556271e-01  -7.0864749e-01   7.0556271e-01
  7.0805357e-01  -7.0615872e-01  -7.0805357e-01   7.0615872e-01
  7.0748112e-01  -7.0673224e-01  -7.0748112e-01   7.0673224e-01
  7.0692769e-01  -7.0728583e-01  -7.0692769e-01   7.0728583e-01
  7.0639119e-01  -7.0782164e-01  -7.0639119e-01   7.0782164e-01
  7.0586988e-01  -7.0834152e-01  -7.0586988e-01   7.0834152e-01
  7.0536223e-01  -7.0884704e-01  -7.0536223e-01   7.0884704e-01
  7.0486693e-01  -7.0933956e-01  -7.0486693e-01   7.0933956e-01
  7.0438284e-01  -7.0982027e-01  -7.0438284e-01   7.0982027e-01
  7.0390894e-01  -7.1029022e-01  -7.0390894e-01   7.1029022e-01
  7.0344436e-01  -7.1075033e-01  -7.0344436e-01   7.1075033e-01
  7.0298830e-01  -7.1120141e-01  -7.0298830e-01   7.1120141e-01
  7.0254006e-01  -7.1164420e-01  -7.0254006e-01   7.1164420e-01
  7.0209899e-01  -7.1207935e-01  -7.0209899e-01   7.1207935e-01
  7.0166454e-01  -7.1250746e-01  -7.0166454e-01   7.1250746e-01
  7.0123617e-01  -7.1292905e-01  -7.0123617e-01   7.1292905e-01
  7.0081343e-01  -7.1334461e-01  -7.0081343e-01   7.1334461e-01
  7.0039589e-01  -7.1375458e-01  -7.0039589e-01   7.1375458e-01
  6.9998314e-01  -7.1415937e-01  -6.9998314e-01   7.1415937e-01
  6.9957484e-01  -7.1455934e-01  -6.9957484e-01   7.1455934e-01
  6.9917065e-01  -7.1495483e-01  -6.9917065e-01   7.1495483e-01
  6.9877026e-01  -7.1534616e-01  -6.9877026e-01   7.1534616e-01
  6.9837340e-01  -7.1573361e-01  -6.9837340e-01   7.1573361e-01
  6.9797979e-01  -7.1611746e-01  -6.9797979e-01   7.1611746e-01
  6.9758920e-01  -7.1649794e-01  -6.9758920e-01   7.1649794e-01
  6.9720140e-01  -7.1687531e-01  -6.9720140e-01   7.1687531e-01
  6.9681618e-01  -7.1724976e-01  -6.9681618e-01   7.1724976e-01
  6.9643333e-01  -7.1762150e-01  -6.9643333e-01   7.1762150e-01
  6.9605268e-01  -7.1799072e-01  -6.9605268e-01   7.1799072e-01
  6.9567404e-01  -7.1835759e-01  -6.9567404e-01   7.1835759e-01
  6.9529726e-01  -7.1872229e-01  -6.9529726e-01   7.1872229e-01
  6.9492217e-01  -7.1908496e-01  -6.9492217e-01   7.1908496e-01
  6.9454864e-01  -7.1944575e-01  -6.9454864e-01   7.1944575e-01
  6.9417653e-01  -7.1980480e-01  -6.9417653e-01   7.1980480e-01
  6.9380570e-01  -7.2016224e-01  -6.9380570e-01   7.2016224e-01
  6.9343604e-01  -7.2051819e-01  -6.9343604e-01   7.2051819e-01
  6.9306742e-01  -7.2087277e-01  -6.9306742e-01   7.2087277e-01
  6.9269975e-01  -7.2122608e-01  -6.9269975e-01   7.2122608e-01
  6.9233291e-01  -7.2157823e-01  -6.9233291e-01   7.2157823e-01
  6.9196681e-01  -7.2192931e-01  -6.9196681e-01   7.2192931e-01
  6.9160136e-01  -7.2227942e-01  -6.9160136e-01   7.2227942e-01
  6.9123646e-01  -7.2262864e-01  -6.9123646e-01   7.2262864e-01
  6.9087204e-01  -7.2297705e-01  -6.9087204e-01   7.2297705e-01
  6.9050802e-01  -7.2332473e-01  -6.9050802e-01   7.2332473e-01
  6.9014432e-01  -7.2367176e-01  -6.9014432e-01   7.2367176e-01
  6.8978088e-01  -7.2401819e-01  -6.8978088e-01   7.2401819e-01
  6.8941762e-01  -7.2436410e-01  -6.8941762e-01   7.2436410e-01
  6.8905449e-01  -7.2470954e-01  -6.8905449e-01   7.2470954e-01
  6.8869142e-01  -7.2505457e-01  -6.8869142e-01   7.2505457e-01
  6.8832837e-01  -7.2539924e-01  -6.8832837e-01   7.2539924e-01
  6.8796528e-01  -7.2574360e-01  -6.8796528e-01   7.2574360e-01
  6.8760211e-01  -7.2608769e-01  -6.8760211e-01   7.2608769e-01
  6.8723882e-01  -7.2643156e-01  -6.8723882e-01   7.2643156e-01
  6.8687535e-01  -7.2677524e-01  -6.8687535e-01   7.2677524e-01
  6.8651169e-01  -7.2711877e-01  -6.8651169e-01   7.2711877e-01
  6.8614779e-01  -7.2746217e-01  -6.8614779e-01   7.2746217e-01
  6.8578363e-01  -7.2780548e-01  -6.8578363e-01   7.2780548e-01
  6.8541917e-01  -7.2814872e-01  -6.8541917e-01   7.2814872e-01
  6.8505441e-01  -7.2849190e-01  -6.8505441e-01   7.2849190e-01
  6.8468932e-01  -7.2883506e-01  -6.8468932e-01   7.2883506e-01
  6.8432388e-01  -7.2917819e-01  -6.8432388e-01   7.2917819e-01
  6.8395809e-01  -7.2952131e-01  -6.8395809e-01   7.2952131e-01
  6.8359193e-01  -7.2986442e-01  -6.8359193e-01   7.2986442e-01
  6.8322540e-01  -7.3020754e-01  -6.8322540e-01   7.3020754e-01
  6.8285851e-01  -7.3055065e-01  -6.8285851e-01   7.3055065e-01
  6.8249124e-01  -7.3089377e-01  -6.8249124e-01   7.3089377e-01
  6.8212359e-01  -7.3123690e-01  -6.8212359e-01   7.3123690e-01
  6.8175554e-01  -7.3158006e-01  -6.8175554e-01   7.3158006e-01
  6.8138709e-01  -7.3192325e-01  -6.8138709e-01   7.3192325e-01
  6.8101820e-01  -7.3226649e-01  -6.8101820e-01   7.3226649e-01
  6.8064886e-01  -7.3260981e-01  -6.8064886e-01   7.3260981e-01
  6.8027904e-01  -7.3295322e-01  -6.8027904e-01   7.3295322e-01
  6.7990871e-01  -7.3329676e-01  -6.7990871e-01   7.3329676e-01
  6.7953784e-01  -7.3364046e-01  -6.7953784e-01   7.3364046e-01
  6.7916637e-01  -7.3398436e-01  -6.7916637e-01   7.3398436e-01
  6.7879428e-01  -7.3432849e-01  -6.7879428e-01   7.3432849e-01
  6.7842151e-01  -7.3467289e-01  -6.7842151e-01   7.3467289e-01
  6.7804801e-01  -7.3501762e-01  -6.7804801e-01   7.3501762e-01
  6.7767372e-01  -7.3536272e-01  -6.7767372e-01   7.3536272e-01
  6.7729859e-01  -7.3570825e-01  -6.7729859e-01   7.3570825e-01
  6.7692254e-01  -7.3605426e-01  -6.7692254e-01   7.3605426e-01
  6.7654550e-01  -7.3640083e-01  -6.7654550e-01   7.3640083e-01
  6.7616741e-01  -7.3674802e-01  -6.7616741e-01   7.3674802e-01
  6.7578816e-01  -7.3709589e-01  -6.7578816e-01   7.3709589e-01
  6.7540769e-01  -7.3744454e-01  -6.7540769e-01   7.3744454e-01
  6.7502589e-01  -7.3779404e-01  -6.7502589e-01   7.3779404e-01
  6.7464267e-01  -7.3814448e-01  -6.7464267e-01   7.3814448e-01
  6.7425791e-01  -7.3849595e-01  -6.7425791e-01   7.3849595e-01
  6.7387151e-01  -7.3884856e-01  -6.7387151e-01   7.3884856e-01
  6.7348334e-01  -7.3920240e-01  -6.7348334e-01   7.3920240e-01
  6.7309328e-01  -7.3955759e-01  -6.7309328e-01   7.3955759e-01
  6.7270119e-01  -7.3991426e-01  -6.7270119e-01   7.3991426e-01
  6.7230691e-01  -7.4027253e-01  -6.7230691e-01   7.4027253e-01
  6.7191031e-01  -7.4063253e-01  -6.7191031e-01   7.4063253e-01
  6.7151120e-01  -7.4099441e-01  -6.7151120e-01   7.4099441e-01
  6.7110941e-01  -7.4135833e-01  -6.7110941e-01   7.4135833e-01
  6.7070474e-01  -7.4172444e-01  -6.7070474e-01   7.4172444e-01
  6.7029701e-01  -7.4209294e-01  -6.7029701e-01   7.4209294e-01
  6.6988597e-01  -7.4246400e-01  -6.6988597e-01   7.4246400e-01
  6.6947141e-01  -7.4283782e-01  -6.6947141e-01   7.4283782e-01
  6.6905306e-01  -7.4321464e-01  -6.6905306e-01   7.4321464e-01
  6.6863065e-01  -7.4359468e-01  -6.6863065e-01   7.4359468e-01
  6.6820389e-01  -7.4397820e-01  -6.6820389e-01   7.4397820e-01
  6.6777246e-01  -7.4436546e-01  -6.6777246e-01   7.4436546e-01
  6.6733600e-01  -7.4475678e-01  -6.6733600e-01   7.4475678e-01
  6.6689415e-01  -7.4515246e-01  -6.6689415e-01   7.4515246e-01
  6.6644649e-01  -7.4555286e-01  -6.6644649e-01   7.4555286e-01
  6.6599258e-01  -7.4595837e-01  -6.6599258e-01   7.4595837e-01
  6.6553191e-01  -7.4636940e-01  -6.6553191e-01   7.4636940e-01
  6.6506394e-01  -7.4678641e-01  -6.6506394e-01   7.4678641e-01
  6.6458809e-01  -7.4720993e-01  -6.6458809e-01   7.4720993e-01
  6.6410367e-01  -7.4764050e-01  -6.6410367e-01   7.4764050e-01
  6.6360996e-01  -7.4807876e-01  -6.6360996e-01   7.4807876e-01
  6.6310611e-01  -7.4852540e-01  -6.6310611e-01   7.4852540e-01
  6.6259122e-01  -7.4898123e-01  -6.6259122e-01   7.4898123e-01
  6.6206421e-01  -7.4944712e-01  -6.6206421e-01   7.4944712e-01
  6.6152390e-01  -7.4992408e-01  -6.6152390e-01   7.4992408e-01
  6.6096893e-01  -7.5041327e-01  -6.6096893e-01   7.5041327e-01
  6.6039773e-01  -7.5091600e-01  -6.6039773e-01   7.5091600e-01
  6.5980846e-01  -7.5143382e-01  -6.5980846e-01   7.5143382e-01
  6.5919901e-01  -7.5196853e-01  -6.5919901e-01   7.5196853e-01
  6.5856685e-01  -7.5252223e-01  -6.5856685e-01   7.5252223e-01
  6.5790898e-01  -7.5309745e-01  -6.5790898e-01   7.5309745e-01
  6.5722176e-01  -7.5369726e-01  -6.5722176e-01   7.5369726e-01
  6.5650075e-01  -7.5432537e-01  -6.5650075e-01   7.5432537e-01
  6.5574041e-01  -7.5498644e-01  -6.5574041e-01   7.5498644e-01
  6.5493370e-01  -7.5568634e-01  -6.5493370e-01   7.5568634e-01
  6.5407151e-01  -7.5643272e-01  -6.5407151e-01   7.5643272e-01
  6.5314168e-01  -7.5723573e-01  -6.5314168e-01   7.5723573e-01
  6.5212748e-01  -7.5810933e-01  -6.5212748e-01   7.5810933e-01
  6.5100487e-01  -7.5907355e-01  -6.5100487e-01   7.5907355e-01
  6.4973741e-01  -7.6015873e-01  -6.4973741e-01   7.6015873e-01
  6.4826559e-01  -7.6141429e-01  -6.4826559e-01   7.6141429e-01
  6.4648122e-01  -7.6292990e-01  -6.4648122e-01   7.6292990e-01
  6.4415069e-01  -7.6489861e-01  -6.4415069e-01   7.6489861e-01
  6.4056928e-01  -7.6790038e-01  -6.4056928e-01   7.6790038e-01
  5.7131430e-01  -8.2073136e-01  -5.7131430e-01   8.2073136e-01
  5.6580367e-01  -8.2454000e-01  -5.6580367e-01   8.2454000e-01
  5.6283050e-01  -8.2657233e-01  -5.6283050e-01   8.2657233e-01
  5.6068390e-01  -8.2802993e-01  -5.6068390e-01   8.2802993e-01
  5.5896336e-01  -8.2919235e-01  -5.5896336e-01   8.2919235e-01
  5.5750633e-01  -8.3017269e-01  -5.5750633e-01   8.3017269e-01
  5.5622967e-01  -8.3102862e-01  -5.5622967e-01   8.3102862e-01
  5.5508480e-01  -8.3179376e-01  -5.5508480e-01   8.3179376e-01
  5.5404073e-01  -8.3248956e-01  -5.5404073e-01   8.3248956e-01
  5.5307639e-01  -8.3313055e-01  -5.5307639e-01   8.3313055e-01
  5.5217676e-01  -8.3372707e-01  -5.5217676e-01   8.3372707e-01
  5.5133074e-01  -8.3428677e-01  -5.5133074e-01   8.3428677e-01
  5.5052988e-01  -8.3481546e-01  -5.5052988e-01   8.3481546e-01
  5.4976758e-01  -8.3531767e-01  -5.4976758e-01   8.3531767e-01
  5.4903858e-01  -8.3579700e-01  -5.4903858e-01   8.3579700e-01
  5.4833863e-01  -8.3625639e-01  -5.4833863e-01   8.3625639e-01
  5.4766423e-01  -8.3669821e-01  -5.4766423e-01   8.3669821e-01
  5.4701244e-01  -8.3712448e-01  -5.4701244e-01   8.3712448e-01
  5.4638081e-01  -8.3753687e-01  -5.4638081e-01   8.3753687e-01
  5.4576725e-01  -8.3793682e-01  -5.4576725e-01   8.3793682e-01
  5.4516995e-01  -8.3832555e-01  -5.4516995e-01   8.3832555e-01
  5.4458736e-01  -8.3870412e-01  -5.4458736e-01   8.3870412e-01
  5.4401811e-01  -8.3907347e-01  -5.4401811e-01   8.3907347e-01
  5.4346102e-01  -8.3943441e-01  -5.4346102e-01   8.3943441e-01
  5.4291501e-01  -8.3978765e-01  -5.4291501e-01   8.3978765e-01
  5.4237916e-01  -8.4013383e-01  -5.4237916e-01   8.4013383e-01
  5.4185262e-01  -8.4047352e-01  -5.4185262e-01   8.4047352e-01
  5.4133465e-01  -8.4080723e-01  -5.4133465e-01   8.4080723e-01
  5.4082456e-01  -8.4113542e-01  -5.4082456e-01   8.4113542e-01
  5.4032174e-01  -8.4145851e-01  -5.4032174e-01   8.4145851e-01
  5.3982563e-01  -8.4177686e-01  -5.3982563e-01   8.4177686e-01
  5.3933573e-01  -8.4209083e-01  -5.3933573e-01   8.4209083e-01
  5.3885156e-01  -8.4240073e-01  -5.3885156e-01   8.4240073e-01
  5.3837271e-01  -8.4270685e-01  -5.3837271e-01   8.4270685e-01
  5.3789877e-01  -8.4300944e-01  -5.3789877e-01   8.4300944e-01
  5.3742939e-01  -8.4330875e-01  -5.3742939e-01   8.4330875e-01
  5.3696422e-01  -8.4360502e-01  -5.3696422e-01   8.4360502e-01
  5.3650296e-01  -8.4389844e-01  -5.3650296e-01   8.4389844e-01
  5.3604532e-01  -8.4418921e-01  -5.3604532e-01   8.4418921e-01
  5.3559102e-01  -8.4447751e-01  -5.3559102e-01   8.4447751e-01
  5.3513982e-01  -8.4476350e-01  -5.3513982e-01   8.4476350e-01
  5.3469147e-01  -8.4504735e-01  -5.3469147e-01   8.4504735e-01
  5.3424576e-01  -8.4532921e-01  -5.3424576e-01   8.4532921e-01
  5.3380248e-01  -8.4560919e-01  -5.3380248e-01   8.4560919e-01
  5.3336144e-01  -8.4588745e-01  -5.3336144e-01   8.4588745e-01
  5.3292244e-01  -8.4616409e-01  -5.3292244e-01   8.4616409e-01
  5.3248532e-01  -8.4643924e-01  -5.3248532e-01   8.4643924e-01
  5.3204992e-01  -8.4671299e-01  -5.3204992e-01   8.4671299e-01
  5.3161607e-01  -8.4698545e-01  -5.3161607e-01   8.4698545e-01
  5.3118364e-01  -8.4725671e-01  -5.3118364e-01   8.4725671e-01
  5.3075248e-01  -8.4752687e-01  -5.3075248e-01   8.4752687e-01
  5.3032247e-01  -8.4779601e-01  -5.3032247e-01   8.4779601e-01
  5.2989347e-01  -8.4806421e-01  -5.2989347e-01   8.4806421e-01
  5.2946538e-01  -8.4833155e-01  -5.2946538e-01   8.4833155e-01
  5.2903808e-01  -8.4859809e-01  -5.2903808e-01   8.4859809e-01
  5.2861146e-01  -8.4886390e-01  -5.2861146e-01   8.4886390e-01
  5.2818543e-01  -8.4912906e-01  -5.2818543e-01   8.4912906e-01
  5.2775989e-01  -8.4939361e-01  -5.2775989e-01   8.4939361e-01
  5.2733475e-01  -8.4965761e-01  -5.2733475e-01   8.4965761e-01
  5.2690993e-01  -8.4992113e-01  -5.2690993e-01   8.4992113e-01
  5.2648534e-01  -8.5018421e-01  -5.2648534e-01   8.5018421e-01
  5.2606091e-01  -8.5044689e-01  -5.2606091e-01   8.5044689e-01
  5.2563657e-01  -8.5070923e-01  -5.2563657e-01   8.5070923e-01
  5.2521226e-01  -8.5097126e-01  -5.2521226e-01   8.5097126e-01
  5.2478791e-01  -8.5123302e-01  -5.2478791e-01   8.5123302e-01
  5.2436346e-01  -8.5149455e-01  -5.2436346e-01   8.5149455e-01
  5.2393885e-01  -8.5175588e-01  -5.2393885e-01   8.5175588e-01
  5.2351405e-01  -8.5201704e-01  -5.2351405e-01   8.5201704e-01
  5.2308899e-01  -8.5227807e-01  -5.2308899e-01   8.5227807e-01
  5.2266365e-01  -8.5253898e-01  -5.2266365e-01   8.5253898e-01
  5.2223798e-01  -8.5279979e-01  -5.2223798e-01   8.5279979e-01
  5.2181195e-01  -8.5306054e-01  -5.2181195e-01   8.5306054e-01
  5.2138553e-01  -8.5332124e-01  -5.2138553e-01   8.5332124e-01
  5.2095869e-01  -8.5358189e-01  -5.2095869e-01   8.5358189e-01
  5.2053141e-01  -8.5384252e-01  -5.2053141e-01   8.5384252e-01
  5.2010367e-01  -8.5410314e-01  -5.2010367e-01   8.5410314e-01
  5.1967546e-01  -8.5436375e-01  -5.1967546e-01   8.5436375e-01
  5.1924678e-01  -8.5462435e-01  -5.1924678e-01   8.5462435e-01
  5.1881761e-01  -8.5488496e-01  -5.1881761e-01   8.5488496e-01
  5.1838795e-01  -8.5514556e-01  -5.1838795e-01   8.5514556e-01
  5.1795780e-01  -8.5540617e-01  -5.1795780e-01   8.5540617e-01
  5.1752715e-01  -8.5566679e-01  -5.1752715e-01   8.5566679e-01
  5.1709597e-01  -8.5592742e-01  -5.1709597e-01   8.5592742e-01
  5.1666426e-01  -8.5618809e-01  -5.1666426e-01   8.5618809e-01
  5.1623199e-01  -8.5644879e-01  -5.1623199e-01   8.5644879e-01
  5.1579913e-01  -8.5670956e-01  -5.1579913e-01   8.5670956e-01
  5.1536564e-01  -8.5697039e-01  -5.1536564e-01   8.5697039e-01
  5.1493149e-01  -8.5723133e-01  -5.1493149e-01   8.5723133e-01
  5.1449664e-01  -8.5749239e-01  -5.1449664e-01   8.5749239e-01
  5.1406104e-01  -8.5775360e-01  -5.1406104e-01   8.5775360e-01
  5.1362464e-01  -8.5801499e-01  -5.1362464e-01   8.5801499e-01
  5.1318737e-01  -8.5827660e-01  -5.1318737e-01   8.5827660e-01
  5.1274918e-01  -8.5853845e-01  -5.1274918e-01   8.5853845e-01
  5.1231000e-01  -8.5880060e-01  -5.1231000e-01   8.5880060e-01
  5.1186974e-01  -8.5906307e-01  -5.1186974e-01   8.5906307e-01
  5.1142834e-01  -8.5932593e-01  -5.1142834e-01   8.5932593e-01
  5.1098571e-01  -8.5958921e-01  -5.1098571e-01   8.5958921e-01
  5.1054175e-01  -8.5985296e-01  -5.1054175e-01   8.5985296e-01
  5.1009636e-01  -8.6011726e-01  -5.1009636e-01   8.6011726e-01
  5.0964945e-01  -8.6038215e-01  -5.0964945e-01   8.6038215e-01
  5.0920088e-01  -8.6064770e-01  -5.0920088e-01   8.6064770e-01
  5.0875055e-01  -8.6091398e-01  -5.0875055e-01   8.6091398e-01
  5.0829832e-01  -8.6118106e-01  -5.0829832e-01   8.6118106e-01
  5.0784406e-01  -8.6144902e-01  -5.0784406e-01   8.6144902e-01
  5.0738762e-01  -8.6171794e-01  -5.0738762e-01   8.6171794e-01
  5.0692883e-01  -8.6198791e-01  -5.0692883e-01   8.6198791e-01
  5.0646754e-01  -8.6225903e-01  -5.0646754e-01   8.6225903e-01
  5.0600356e-01  -8.6253139e-01  -5.0600356e-01   8.6253139e-01
  5.0553670e-01  -8.6280510e-01  -5.0553670e-01   8.6280510e-01
  5.0506676e-01  -8.6308028e-01  -5.0506676e-01   8.6308028e-01
  5.0459351e-01  -8.6335705e-01  -5.0459351e-01   8.6335705e-01
  5.0411672e-01  -8.6363553e-01  -5.0411672e-01   8.6363553e-01
  5.0363614e-01  -8.6391587e-01  -5.0363614e-01   8.6391587e-01
  5.0315150e-01  -8.6419822e-01  -5.0315150e-01   8.6419822e-01
  5.0266250e-01  -8.6448274e-01  -5.0266250e-01   8.6448274e-01
  5.0216883e-01  -8.6476960e-01  -5.0216883e-01   8.6476960e-01
  5.0167014e-01  -8.6505900e-01  -5.0167014e-01   8.6505900e-01
  5.0116608e-01  -8.6535112e-01  -5.0116608e-01   8.6535112e-01
  5.0065623e-01  -8.6564620e-01  -5.0065623e-01   8.6564620e-01
  5.0014016e-01  -8.6594446e-01  -5.0014016e-01   8.6594446e-01
  4.9961741e-01  -8.6624618e-01  -4.9961741e-01   8.6624618e-01
  4.9908744e-01  -8.6655163e-01  -4.9908744e-01   8.6655163e-01
  4.9854969e-01  -8.6686113e-01  -4.9854969e-01   8.6686113e-01
  4.9800353e-01  -8.6717500e-01  -4.9800353e-01   8.6717500e-01
  4.9744827e-01  -8.6749364e-01  -4.9744827e-01   8.6749364e-01
  4.9688314e-01  -8.6781746e-01  -4.9688314e-01   8.6781746e-01
  4.9630728e-01  -8.6814692e-01  -4.9630728e-01   8.6814692e-01
  4.9571975e-01  -8.6848255e-01  -4.9571975e-01   8.6848255e-01
  4.9511946e-01  -8.6882491e-01  -4.9511946e-01   8.6882491e-01
  4.9450520e-01  -8.6917467e-01  -4.9450520e-01   8.6917467e-01
  4.9387560e-01  -8.6953257e-01  -4.9387560e-01   8.6953257e-01
  4.9322907e-01  -8.6989947e-01  -4.9322907e-01   8.6989947e-01
  4.9256381e-01  -8.7027633e-01  -4.9256381e-01   8.7027633e-01
  4.9187770e-01  -8.7066430e-01  -4.9187770e-01   8.7066430e-01
  4.9116830e-01  -8.7106469e-01  -4.9116830e-01   8.7106469e-01
  4.9043269e-01  -8.7147908e-01  -4.9043269e-01   8.7147908e-01
  4.8966739e-01  -8.7190931e-01  -4.8966739e-01   8.7190931e-01
  4.8886823e-01  -8.7235764e-01  -4.8886823e-01   8.7235764e-01
  4.8803006e-01  -8.7282682e-01  -4.8803006e-01   8.7282682e-01
  4.8714648e-01  -8.7332028e-01  -4.8714648e-01   8.7332028e-01
  4.8620940e-01  -8.7384233e-01  -4.8620940e-01   8.7384233e-01
  4.8520828e-01  -8.7439861e-01  -4.8520828e-01   8.7439861e-01
  4.8412911e-01  -8.7499658e-01  -4.8412911e-01   8.7499658e-01
  4.8295258e-01  -8.7564650e-01  -4.8295258e-01   8.7564650e-01
  4.8165100e-01  -8.7636312e-01  -4.8165100e-01   8.7636312e-01
  4.8018233e-01  -8.7716870e-01  -4.8018233e-01   8.7716870e-01
  4.7847802e-01  -8.7809953e-01  -4.7847802e-01   8.7809953e-01
  4.7641344e-01  -8.7922138e-01  -4.7641344e-01   8.7922138e-01
  4.7371962e-01  -8.8067572e-01  -4.7371962e-01   8.8067572e-01
  4.6958572e-01  -8.8288688e-01  -4.6958572e-01   8.8288688e-01
  5.7131430e-01  -8.2073136e-01  -5.7131430e-01   8.2073136e-01
  5.6580367e-01  -8.2454000e-01  -5.6580367e-01   8.2454000e-01
  5.6283050e-01  -8.2657233e-01  -5.6283050e-01   8.2657233e-01
  5.6068390e-01  -8.2802993e-01  -5.6068390e-01   8.2802993e-01
  5.5896336e-01  -8.2919235e-01  -5.5896336e-01   8.2919235e-01
  5.5750633e-01  -8.3017269e-01  -5.5750633e-01   8.3017269e-01
  5.5622967e-01  -8.3102862e-01  -5.5622967e-01   8.3102862e-01
  5.5508480e-01  -8.3179376e-01  -5.5508480e-01   8.3179376e-01
  5.5404073e-01  -8.3248956e-01  -5.5404073e-01   8.3248956e-01
  5.5307639e-01  -8.3313055e-01  -5.5307639e-01   8.3313055e-01
  5.5217676e-01  -8.3372707e-01  -5.5217676e-01   8.3372707e-01
  5.5133074e-01  -8.3428677e-01  -5.5133074e-01   8.3428677e-01
  5.5052988e-01  -8.3481546e-01  -5.5052988e-01   8.3481546e-01
  5.4976758e-01  -8.3531767e-01  -5.4976758e-01   8.3531767e-01
  5.4903858e-01  -8.3579700e-01  -5.4903858e-01   8.3579700e-01
  5.4833863e-01  -8.3625639e-01  -5.4833863e-01   8.3625639e-01
  5.4766423e-01  -8.3669821e-01  -5.4766423e-01   8.3669821e-01
  5.4701244e-01  -8.3712448e-01  -5.4701244e-01   8.3712448e-01
  5.4638081e-01  -8.3753687e-01  -5.4638081e-01   8.3753687e-01
  5.4576725e-01  -8.3793682e-01  -5.4576725e-01   8.3793682e-01
  5.4516995e-01  -8.3832555e-01  -5.4516995e-01   8.3832555e-01
  5.4458736e-01  -8.3870412e-01  -5.4458736e-01   8.3870412e-01
  5.4401811e-01  -8.3907347e-01  -5.4401811e-01   8.3907347e-01
  5.4346102e-01  -8.3943441e-01  -5.4346102e-01   8.3943441e-01
  5.4291501e-01  -8.3978765e-01  -5.4291501e-01   8.3978765e-01
  5.4237916e-01  -8.4013383e-01  -5.4237916e-01   8.4013383e-01
  5.4185262e-01  -8.4047352e-01  -5.4185262e-01   8.4047352e-01
  5.4133465e-01  -8.4080723e-01  -5.4133465e-01   8.4080723e-01
  5.4082456e-01  -8.4113542e-01  -5.4082456e-01   8.4113542e-01
  5.4032174e-01  -8.4145851e-01  -5.4032174e-01   8.4145851e-01
  5.3982563e-01  -8.4177686e-01  -5.3982563e-01   8.4177686e-01
  5.3933573e-01  -8.4209083e-01  -5.3933573e-01   8.4209083e-01
  5.3885156e-01  -8.4240073e-01  -5.3885156e-01   8.4240073e-01
  5.3837271e-01  -8.4270685e-01  -5.3837271e-01   8.4270685e-01
  5.3789877e-01  -8.4300944e-01  -5.3789877e-01   8.4300944e-01
  5.3742939e-01  -8.4330875e-01  -5.3742939e-01   8.4330875e-01
  5.3696422e-01  -8.4360502e-01  -5.3696422e-01   8.4360502e-01
  5.3650296e-01  -8.4389844e-01  -5.3650296e-01   8.4389844e-01
  5.3604532e-01  -8.4418921e-01  -5.3604532e-01   8.4418921e-01
  5.3559102e-01  -8.4447751e-01  -5.3559102e-01   8.4447751e-01
  5.3513982e-01  -8.4476350e-01  -5.3513982e-01   8.4476350e-01
  5.3469147e-01  -8.4504735e-01  -5.3469147e-01   8.4504735e-01
  5.3424576e-01  -8.4532921e-01  -5.3424576e-01   8.4532921e-01
  5.3380248e-01  -8.4560919e-01  -5.3380248e-01   8.4560919e-01
  5.3336144e-01  -8.4588745e-01  -5.3336144e-01   8.4588745e-01
  5.3292244e-01  -8.4616409e-01  -5.3292244e-01   8.4616409e-01
  5.3248532e-01  -8.4643924e-01  -5.3248532e-01   8.4643924e-01
  5.3204992e-01  -8.4671299e-01  -5.3204992e-01   8.4671299e-01
  5.3161607e-01  -8.4698545e-01  -5.3161607e-01   8.4698545e-01
  5.3118364e-01  -8.4725671e-01  -5.3118364e-01   8.4725671e-01
  5.3075248e-01  -8.4752687e-01  -5.3075248e-01   8.4752687e-01
  5.3032247e-01  -8.4779601e-01  -5.3032247e-01   8.4779601e-01
  5.2989347e-01  -8.4806421e-01  -5.2989347e-01   8.4806421e-01
  5.2946538e-01  -8.4833155e-01  -5.2946538e-01   8.4833155e-01
  5.2903808e-01  -8.4859809e-01  -5.2903808e-01   8.4859809e-01
  5.2861146e-01  -8.4886390e-01  -5.2861146e-01   8.4886390e-01
  5.2818543e-01  -8.4912906e-01  -5.2818543e-01   8.4912906e-01
  5.2775989e-01  -8.4939361e-01  -5.2775989e-01   8.4939361e-01
  5.2733475e-01  -8.4965761e-01  -5.2733475e-01   8.4965761e-01
  5.2690993e-01  -8.4992113e-01  -5.2690993e-01   8.4992113e-01
  5.2648534e-01  -8.5018421e-01  -5.2648534e-01   8.5018421e-01
  5.2606091e-01  -8.5044689e-01  -5.2606091e-01   8.5044689e-01
  5.2563657e-01  -8.5070923e-01  -5.2563657e-01   8.5070923e-01
  5.2521226e-01  -8.5097126e-01  -5.2521226e-01   8.5097126e-01
  5.2478791e-01  -8.5123302e-01  -5.2478791e-01   8.5123302e-01
  5.2436346e-01  -8.5149455e-01  -5.2436346e-01   8.5149455e-01
  5.2393885e-01  -8.5175588e-01  -5.2393885e-01   8.5175588e-01
  5.2351405e-01  -8.5201704e-01  -5.2351405e-01   8.5201704e-01
  5.2308899e-01  -8.5227807e-01  -5.2308899e-01   8.5227807e-01
  5.2266365e-01  -8.5253898e-01  -5.2266365e-01   8.5253898e-01
  5.2223798e-01  -8.5279979e-01  -5.2223798e-01   8.5279979e-01
  5.2181195e-01  -8.5306054e-01  -5.2181195e-01   8.5306054e-01
  5.2138553e-01  -8.5332124e-01  -5.2138553e-01   8.5332124e-01
  5.2095869e-01  -8.5358189e-01  -5.2095869e-01   8.5358189e-01
  5.2053141e-01  -8.5384252e-01  -5.2053141e-01   8.5384252e-01
  5.2010367e-01  -8.5410314e-01  -5.2010367e-01   8.5410314e-01
  5.1967546e-01  -8.5436375e-01  -5.1967546e-01   8.5436375e-01
  5.1924678e-01  -8.5462435e-01  -5.1924678e-01   8.5462435e-01
  5.1881761e-01  -8.5488496e-01  -5.1881761e-01   8.5488496e-01
  5.1838795e-01  -8.5514556e-01  -5.1838795e-01   8.5514556e-01
  5.1795780e-01  -8.5540617e-01  -5.1795780e-01   8.5540617e-01
  5.1752715e-01  -8.5566679e-01  -5.1752715e-01   8.5566679e-01
  5.1709597e-01  -8.5592742e-01  -5.1709597e-01   8.5592742e-01
  5.1666426e-01  -8.5618809e-01  -5.1666426e-01   8.5618809e-01
  5.1623199e-01  -8.5644879e-01  -5.1623199e-01   8.5644879e-01
  5.1579913e-01  -8.5670956e-01  -5.1579913e-01   8.5670956e-01
  5.1536564e-01  -8.5697039e-01  -5.1536564e-01   8.5697039e-01
  5.1493149e-01  -8.5723133e-01  -5.1493149e-01   8.5723133e-01
  5.1449664e-01  -8.5749239e-01  -5.1449664e-01   8.5749239e-01
  5.1406104e-01  -8.5775360e-01  -5.1406104e-01   8.5775360e-01
  5.1362464e-01  -8.5801499e-01  -5.1362464e-01   8.5801499e-01
  5.1318737e-01  -8.5827660e-01  -5.1318737e-01   8.5827660e-01
  5.1274918e-01  -8.5853845e-01  -5.1274918e-01   8.5853845e-01
  5.1231000e-01  -8.5880060e-01  -5.1231000e-01   8.5880060e-01
  5.1186974e-01  -8.5906307e-01  -5.1186974e-01   8.5906307e-01
  5.1142834e-01  -8.5932593e-01  -5.1142834e-01   8.5932593e-01
  5.1098571e-01  -8.5958921e-01  -5.1098571e-01   8.5958921e-01
  5.1054175e-01  -8.5985296e-01  -5.1054175e-01   8.5985296e-01
  5.1009636e-01  -8.6011726e-01  -5.1009636e-01   8.6011726e-01
  5.0964945e-01  -8.6038215e-01  -5.0964945e-01   8.6038215e-01
  5.0920088e-01  -8.6064770e-01  -5.0920088e-01   8.6064770e-01
  5.0875055e-01  -8.6091398e-01  -5.0875055e-01   8.6091398e-01
  5.0829832e-01  -8.6118106e-01  -5.0829832e-01   8.6118106e-01
  5.0784406e-01  -8.6144902e-01  -5.0784406e-01   8.6144902e-01
  5.0738762e-01  -8.6171794e-01  -5.0738762e-01   8.6171794e-01
  5.0692883e-01  -8.6198791e-01  -5.0692883e-01   8.6198791e-01
  5.0646754e-01  -8.6225903e-01  -5.0646754e-01   8.6225903e-01
  5.0600356e-01  -8.6253139e-01  -5.0600356e-01   8.6253139e-01
  5.0553670e-01  -8.6280510e-01  -5.0553670e-01   8.6280510e-01
  5.0506676e-01  -8.6308028e-01  -5.0506676e-01   8.6308028e-01
  5.0459351e-01  -8.6335705e-01  -5.0459351e-01   8.6335705e-01
  5.0411672e-01  -8.6363553e-01  -5.0411672e-01   8.6363553e-01
  5.0363614e-01  -8.6391587e-01  -5.0363614e-01   8.6391587e-01
  5.0315150e-01  -8.6419822e-01  -5.0315150e-01   8.6419822e-01
  5.0266250e-01  -8.6448274e-01  -5.0266250e-01   8.6448274e-01
  5.0216883e-01  -8.6476960e-01  -5.0216883e-01   8.6476960e-01
  5.0167014e-01  -8.6505900e-01  -5.0167014e-01   8.6505900e-01
  5.0116608e-01  -8.6535112e-01  -5.0116608e-01   8.6535112e-01
  5.0065623e-01  -8.6564620e-01  -5.0065623e-01   8.6564620e-01
  5.0014016e-01  -8.6594446e-01  -5.0014016e-01   8.6594446e-01
  4.9961741e-01  -8.6624618e-01  -4.9961741e-01   8.6624618e-01
  4.9908744e-01  -8.6655163e-01  -4.9908744e-01   8.6655163e-01
  4.9854969e-01  -8.6686113e-01  -4.9854969e-01   8.6686113e-01
  4.9800353e-01  -8.6717500e-01  -4.9800353e-01   8.6717500e-01
  4.9744827e-01  -8.6749364e-01  -4.9744827e-01   8.6749364e-01
  4.9688314e-01  -8.6781746e-01  -4.9688314e-01   8.6781746e-01
  4.9630728e-01  -8.6814692e-01  -4.9630728e-01   8.6814692e-01
  4.9571975e-01  -8.6848255e-01  -4.9571975e-01   8.6848255e-01
  4.9511946e-01  -8.6882491e-01  -4.9511946e-01   8.6882491e-01
  4.9450520e-01  -8.6917467e-01  -4.9450520e-01   8.6917467e-01
  4.9387560e-01  -8.6953257e-01  -4.9387560e-01   8.6953257e-01
  4.9322907e-01  -8.6989947e-01  -4.9322907e-01   8.6989947e-01
  4.9256381e-01  -8.7027633e-01  -4.9256381e-01   8.7027633e-01
  4.9187770e-01  -8.7066430e-01  -4.9187770e-01   8.7066430e-01
  4.9116830e-01  -8.7106469e-01  -4.9116830e-01   8.7106469e-01
  4.9043269e-01  -8.7147908e-01  -4.9043269e-01   8.7147908e-01
  4.8966739e-01  -8.7190931e-01  -4.8966739e-01   8.7190931e-01
  4.8886823e-01  -8.7235764e-01  -4.8886823e-01   8.7235764e-01
  4.8803006e-01  -8.7282682e-01  -4.8803006e-01   8.7282682e-01
  4.8714648e-01  -8.7332028e-01  -4.8714648e-01   8.7332028e-01
  4.8620940e-01  -8.7384233e-01  -4.8620940e-01   8.7384233e-01
  4.8520828e-01  -8.7439861e-01  -4.8520828e-01   8.7439861e-01
  4.8412911e-01  -8.7499658e-01  -4.8412911e-01   8.7499658e-01
  4.8295258e-01  -8.7564650e-01  -4.8295258e-01   8.7564650e-01
  4.8165100e-01  -8.7636312e-01  -4.8165100e-01   8.7636312e-01
  4.8018233e-01  -8.7716870e-01  -4.8018233e-01   8.7716870e-01
  4.7847802e-01  -8.7809953e-01  -4.7847802e-01   8.7809953e-01
  4.7641344e-01  -8.7922138e-01  -4.7641344e-01   8.7922138e-01
  4.7371962e-01  -8.8067572e-01  -4.7371962e-01   8.8067572e-01
  4.6958572e-01  -8.8288688e-01  -4.6958572e-01   8.8288688e-01
  5.7131430e-01  -8.2073136e-01  -5.7131430e-01   8.2073136e-01
  5.6580367e-01  -8.2454000e-01  -5.6580367e-01   8.2454000e-01
  5.6283050e-01  -8.2657233e-01  -5.6283050e-01   8.2657233e-01
  5.6068390e-01  -8.2802993e-01  -5.6068390e-01   8.2802993e-01
  5.5896336e-01  -8.2919235e-01  -5.5896336e-01   8.2919235e-01
  5.5750633e-01  -8.3017269e-01  -5.5750633e-01   8.3017269e-01
  5.5622967e-01  -8.3102862e-01  -5.5622967e-01   8.3102862e-01
  5.5508480e-01  -8.3179376e-01  -5.5508480e-01   8.3179376e-01
  5.5404073e-01  -8.3248956e-01  -5.5404073e-01   8.3248956e-01
  5.5307639e-01  -8.3313055e-01  -5.5307639e-01   8.3313055e-01
  5.5217676e-01  -8.3372707e-01  -5.5217676e-01   8.3372707e-01
  5.5133074e-01  -8.3428677e-01  -5.5133074e-01   8.3428677e-01
  5.5052988e-01  -8.3481546e-01  -5.5052988e-01   8.3481546e-01
  5.4976758e-01  -8.3531767e-01  -5.4976758e-01   8.3531767e-01
  5.4903858e-01  -8.3579700e-01  -5.4903858e-01   8.3579700e-01
  5.4833863e-01  -8.3625639e-01  -5.4833863e-01   8.3625639e-01
  5.4766423e-01  -8.3669821e-01  -5.4766423e-01   8.3669821e-01
  5.4701244e-01  -8.3712448e-01  -5.4701244e-01   8.3712448e-01
  5.4638081e-01  -8.3753687e-01  -5.4638081e-01   8.3753687e-01
  5.4576725e-01  -8.3793682e-01  -5.4576725e-01   8.3793682e-01
  5.4516995e-01  -8.3832555e-01  -5.4516995e-01   8.3832555e-01
  5.4458736e-01  -8.3870412e-01  -5.4458736e-01   8.3870412e-01
  5.4401811e-01  -8.3907347e-01  -5.4401811e-01   8.3907347e-01
  5.4346102e-01  -8.3943441e-01  -5.4346102e-01   8.3943441e-01
  5.4291501e-01  -8.3978765e-01  -5.4291501e-01   8.3978765e-01
  5.4237916e-01  -8.4013383e-01  -5.4237916e-01   8.4013383e-01
  5.4185262e-01  -8.4047352e-01  -5.4185262e-01   8.4047352e-01
  5.4133465e-01  -8.4080723e-01  -5.4133465e-01   8.4080723e-01
  5.4082456e-01  -8.4113542e-01  -5.4082456e-01   8.4113542e-01
  5.4032174e-01  -8.4145851e-01  -5.4032174e-01   8.4145851e-01
  5.3982563e-01  -8.4177686e-01  -5.3982563e-01   8.4177686e-01
  5.3933573e-01  -8.4209083e-01  -5.3933573e-01   8.4209083e-01
  5.3885156e-01  -8.4240073e-01  -5.3885156e-01   8.4240073e-01
  5.3837271e-01  -8.4270685e-01  -5.3837271e-01   8.4270685e-01
  5.3789877e-01  -8.4300944e-01  -5.3789877e-01   8.4300944e-01
  5.3742939e-01  -8.4330875e-01  -5.3742939e-01   8.4330875e-01
  5.3696422e-01  -8.4360502e-01  -5.3696422e-01   8.4360502e-01
  5.3650296e-01  -8.4389844e-01  -5.3650296e-01   8.4389844e-01
  5.3604532e-01  -8.4418921e-01  -5.3604532e-01   8.4418921e-01
  5.3559102e-01  -8.4447751e-01  -5.3559102e-01   8.4447751e-01
  5.3513982e-01  -8.4476350e-01  -5.3513982e-01   8.4476350e-01
  5.3469147e-01  -8.4504735e-01  -5.3469147e-01   8.4504735e-01
  5.3424576e-01  -8.4532921e-01  -5.3424576e-01   8.4532921e-01
  5.3380248e-01  -8.4560919e-01  -5.3380248e-01   8.4560919e-01
  5.3336144e-01  -8.4588745e-01  -5.3336144e-01   8.4588745e-01
  5.3292244e-01  -8.4616409e-01  -5.3292244e-01   8.4616409e-01
  5.3248532e-01  -8.4643924e-01  -5.3248532e-01   8.4643924e-01
  5.3204992e-01  -8.4671299e-01  -5.3204992e-01   8.4671299e-01
  5.3161607e-01  -8.4698545e-01  -5.3161607e-01   8.4698545e-01
  5.3118364e-01  -8.4725671e-01  -5.3118364e-01   8.4725671e-01
  5.3075248e-01  -8.4752687e-01  -5.3075248e-01   8.4752687e-01
  5.3032247e-01  -8.4779601e-01  -5.3032247e-01   8.4779601e-01
  5.2989347e-01  -8.4806421e-01  -5.2989347e-01   8.4806421e-01
  5.2946538e-01  -8.4833155e-01  -5.2946538e-01   8.4833155e-01
  5.2903808e-01  -8.4859809e-01  -5.2903808e-01   8.4859809e-01
  5.2861146e-01  -8.4886390e-01  -5.2861146e-01   8.4886390e-01
  5.2818543e-01  -8.4912906e-01  -5.2818543e-01   8.4912906e-01
  5.2775989e-01  -8.4939361e-01  -5.2775989e-01   8.4939361e-01
  5.2733475e-01  -8.4965761e-01  -5.2733475e-01   8.4965761e-01
  5.2690993e-01  -8.4992113e-01  -5.2690993e-01   8.4992113e-01
  5.2648534e-01  -8.5018421e-01  -5.2648534e-01   8.5018421e-01
  5.2606091e-01  -8.5044689e-01  -5.2606091e-01   8.5044689e-01
  5.2563657e-01  -8.5070923e-01  -5.2563657e-01   8.5070923e-01
  5.2521226e-01  -8.5097126e-01  -5.2521226e-01   8.5097126e-01
  5.2478791e-01  -8.5123302e-01  -5.2478791e-01   8.5123302e-01
  5.2436346e-01  -8.5149455e-01  -5.2436346e-01   8.5149455e-01
  5.2393885e-01  -8.5175588e-01  -5.2393885e-01   8.5175588e-01
  5.2351405e-01  -8.5201704e-01  -5.2351405e-01   8.5201704e-01
  5.2308899e-01  -8.5227807e-01  -5.2308899e-01   8.5227807e-01
  5.2266365e-01  -8.5253898e-01  -5.2266365e-01   8.5253898e-01
  5.2223798e-01  -8.5279979e-01  -5.2223798e-01   8.5279979e-01
  5.2181195e-01  -8.5306054e-01  -5.2181195e-01   8.5306054e-01
  5.2138553e-01  -8.5332124e-01  -5.2138553e-01   8.5332124e-01
  5.2095869e-01  -8.5358189e-01  -5.2095869e-01   8.5358189e-01
  5.2053141e-01  -8.5384252e-01  -5.2053141e-01   8.5384252e-01
  5.2010367e-01  -8.5410314e-01  -5.2010367e-01   8.5410314e-01
  5.1967546e-01  -8.5436375e-01  -5.1967546e-01   8.5436375e-01
  5.1924678e-01  -8.5462435e-01  -5.1924678e-01   8.5462435e-01
  5.1881761e-01  -8.5488496e-01  -5.1881761e-01   8.5488496e-01
  5.1838795e-01  -8.5514556e-01  -5.1838795e-01   8.5514556e-01
  5.1795780e-01  -8.5540617e-01  -5.1795780e-01   8.5540617e-01
  5.1752715e-01  -8.5566679e-01  -5.1752715e-01   8.5566679e-01
  5.1709597e-01  -8.5592742e-01  -5.1709597e-01   8.5592742e-01
  5.1666426e-01  -8.5618809e-01  -5.1666426e-01   8.5618809e-01
  5.1623199e-01  -8.5644879e-01  -5.1623199e-01   8.5644879e-01
  5.1579913e-01  -8.5670956e-01  -5.1579913e-01   8.5670956e-01
  5.1536564e-01  -8.5697039e-01  -5.1536564e-01   8.5697039e-01
  5.1493149e-01  -8.5723133e-01  -5.1493149e-01   8.5723133e-01
  5.1449664e-01  -8.5749239e-01  -5.1449664e-01   8.5749239e-01
  5.1406104e-01  -8.5775360e-01  -5.1406104e-01   8.5775360e-01
  5.1362464e-01  -8.5801499e-01  -5.1362464e-01   8.5801499e-01
  5.1318737e-01  -8.5827660e-01  -5.1318737e-01   8.5827660e-01
  5.1274918e-01  -8.5853845e-01  -5.1274918e-01   8.5853845e-01
  5.1231000e-01  -8.5880060e-01  -5.1231000e-01   8.5880060e-01
  5.1186974e-01  -8.5906307e-01  -5.1186974e-01   8.5906307e-01
  5.1142834e-01  -8.5932593e-01  -5.1142834e-01   8.5932593e-01
  5.1098571e-01  -8.5958921e-01  -5.1098571e-01   8.5958921e-01
  5.1054175e-01  -8.5985296e-01  -5.1054175e-01   8.5985296e-01
  5.1009636e-01  -8.6011726e-01  -5.1009636e-01   8.6011726e-01
  5.0964945e-01  -8.6038215e-01  -5.0964945e-01   8.6038215e-01
  5.0920088e-01  -8.6064770e-01  -5.0920088e-01   8.6064770e-01
  5.0875055e-01  -8.6091398e-01  -5.0875055e-01   8.6091398e-01
  5.0829832e-01  -8.6118106e-01  -5.0829832e-01   8.6118106e-01
  5.0784406e-01  -8.6144902e-01  -5.0784406e-01   8.6144902e-01
  5.0738762e-01  -8.6171794e-01  -5.0738762e-01   8.6171794e-01
  5.0692883e-01  -8.6198791e-01  -5.0692883e-01   8.6198791e-01
  5.0646754e-01  -8.6225903e-01  -5.0646754e-01   8.6225903e-01
  5.0600356e-01  -8.6253139e-01  -5.0600356e-01   8.6253139e-01
  5.0553670e-01  -8.6280510e-01  -5.0553670e-01   8.6280510e-01
  5.0506676e-01  -8.6308028e-01  -5.0506676e-01   8.6308028e-01
  5.0459351e-01  -8.6335705e-01  -5.0459351e-01   8.6335705e-01
  5.0411672e-01  -8.6363553e-01  -5.0411672e-01   8.6363553e-01
  5.0363614e-01  -8.6391587e-01  -5.0363614e-01   8.6391587e-01
  5.0315150e-01  -8.6419822e-01  -5.0315150e-01   8.6419822e-01
  5.0266250e-01  -8.6448274e-01  -5.0266250e-01   8.6448274e-01
  5.0216883e-01  -8.6476960e-01  -5.0216883e-01   8.6476960e-01
  5.0167014e-01  -8.6505900e-01  -5.0167014e-01   8.6505900e-01
  5.0116608e-01  -8.6535112e-01  -5.0116608e-01   8.6535112e-01
  5.0065623e-01  -8.6564620e-01  -5.0065623e-01   8.6564620e-01
  5.0014016e-01  -8.6594446e-01  -5.0014016e-01   8.6594446e-01
  4.9961741e-01  -8.6624618e-01  -4.9961741e-01   8.6624618e-01
  4.9908744e-01  -8.6655163e-01  -4.9908744e-01   8.6655163e-01
  4.9854969e-01  -8.6686113e-01  -4.9854969e-01   8.6686113e-01
  4.9800353e-01  -8.6717500e-01  -4.9800353e-01   8.6717500e-01
  4.9744827e-01  -8.6749364e-01  -4.9744827e-01   8.6749364e-01
  4.9688314e-01  -8.6781746e-01  -4.9688314e-01   8.6781746e-01
  4.9630728e-01  -8.6814692e-01  -4.9630728e-01   8.6814692e-01
  4.9571975e-01  -8.6848255e-01  -4.9571975e-01   8.6848255e-01
  4.9511946e-01  -8.6882491e-01  -4.9511946e-01   8.6882491e-01
  4.9450520e-01  -8.6917467e-01  -4.9450520e-01   8.6917467e-01
  4.9387560e-01  -8.6953257e-01  -4.9387560e-01   8.6953257e-01
  4.9322907e-01  -8.6989947e-01  -4.9322907e-01   8.6989947e-01
  4.9256381e-01  -8.7027633e-01  -4.9256381e-01   8.7027633e-01
  4.9187770e-01  -8.7066430e-01  -4.9187770e-01   8.7066430e-01
  4.9116830e-01  -8.7106469e-01  -4.9116830e-01   8.7106469e-01
  4.9043269e-01  -8.7147908e-01  -4.9043269e-01   8.7147908e-01
  4.8966739e-01  -8.7190931e-01  -4.8966739e-01   8.7190931e-01
  4.8886823e-01  -8.7235764e-01  -4.8886823e-01   8.7235764e-01
  4.8803006e-01  -8.7282682e-01  -4.8803006e-01   8.7282682e-01
  4.8714648e-01  -8.7332028e-01  -4.8714648e-01   8.7332028e-01
  4.8620940e-01  -8.7384233e-01  -4.8620940e-01   8.7384233e-01
  4.8520828e-01  -8.7439861e-01  -4.8520828e-01   8.7439861e-01
  4.8412911e-01  -8.7499658e-01  -4.8412911e-01   8.7499658e-01
  4.8295258e-01  -8.7564650e-01  -4.8295258e-01   8.7564650e-01
  4.8165100e-01  -8.7636312e-01  -4.8165100e-01   8.7636312e-01
  4.8018233e-01  -8.7716870e-01  -4.8018233e-01   8.7716870e-01
  4.7847802e-01  -8.7809953e-01  -4.7847802e-01   8.7809953e-01
  4.7641344e-01  -8.7922138e-01  -4.7641344e-01   8.7922138e-01
  4.7371962e-01  -8.8067572e-01  -4.7371962e-01   8.8067572e-01
  4.6958572e-01  -8.8288688e-01  -4.6958572e-01   8.8288688e-01
  5.7131430e-01  -8.2073136e-01  -5.7131430e-01   8.2073136e-01
  5.6580367e-01  -8.2454000e-01  -5.6580367e-01   8.2454000e-01
  5.6283050e-01  -8.2657233e-01  -5.6283050e-01   8.2657233e-01
  5.6068390e-01  -8.2802993e-01  -5.6068390e-01   8.2802993e-01
  5.5896336e-01  -8.2919235e-01  -5.5896336e-01   8.2919235e-01
  5.5750633e-01  -8.3017269e-01  -5.5750633e-01   8.3017269e-01
  5.5622967e-01  -8.3102862e-01  -5.5622967e-01   8.3102862e-01
  5.5508480e-01  -8.3179376e-01  -5.5508480e-01   8.3179376e-01
  5.5404073e-01  -8.3248956e-01  -5.5404073e-01   8.3248956e-01
  5.5307639e-01  -8.3313055e-01  -5.5307639e-01   8.3313055e-01
  5.5217676e-01  -8.3372707e-01  -5.5217676e-01   8.3372707e-01
  5.5133074e-01  -8.3428677e-01  -5.5133074e-01   8.3428677e-01
  5.5052988e-01  -8.3481546e-01  -5.5052988e-01   8.3481546e-01
  5.4976758e-01  -8.3531767e-01  -5.4976758e-01   8.3531767e-01
  5.4903858e-01  -8.3579700e-01  -5.4903858e-01   8.3579700e-01
  5.4833863e-01  -8.3625639e-01  -5.4833863e-01   8.3625639e-01
  5.4766423e-01  -8.3669821e-01  -5.4766423e-01   8.3669821e-01
  5.4701244e-01  -8.3712448e-01  -5.4701244e-01   8.3712448e-01
  5.4638081e-01  -8.3753687e-01  -5.4638081e-01   8.3753687e-01
  5.4576725e-01  -8.3793682e-01  -5.4576725e-01   8.3793682e-01
  5.4516995e-01  -8.3832555e-01  -5.4516995e-01   8.3832555e-01
  5.4458736e-01  -8.3870412e-01  -5.4458736e-01   8.3870412e-01
  5.4401811e-01  -8.3907347e-01  -5.4401811e-01   8.3907347e-01
  5.4346102e-01  -8.3943441e-01  -5.4346102e-01   8.3943441e-01
  5.4291501e-01  -8.3978765e-01  -5.4291501e-01   8.3978765e-01
  5.4237916e-01  -8.4013383e-01  -5.4237916e-01   8.4013383e-01
  5.4185262e-01  -8.4047352e-01  -5.4185262e-01   8.4047352e-01
  5.4133465e-01  -8.4080723e-01  -5.4133465e-01   8.4080723e-01
  5.4082456e-01  -8.4113542e-01  -5.4082456e-01   8.4113542e-01
  5.4032174e-01  -8.4145851e-01  -5.4032174e-01   8.4145851e-01
  5.3982563e-01  -8.4177686e-01  -5.3982563e-01   8.4177686e-01
  5.3933573e-01  -8.4209083e-01  -5.3933573e-01   8.4209083e-01
  5.3885156e-01  -8.4240073e-01  -5.3885156e-01   8.4240073e-01
  5.3837271e-01  -8.4270685e-01  -5.3837271e-01   8.4270685e-01
  5.3789877e-01  -8.4300944e-01  -5.3789877e-01   8.4300944e-01
  5.3742939e-01  -8.4330875e-01  -5.3742939e-01   8.4330875e-01
  5.3696422e-01  -8.4360502e-01  -5.3696422e-01   8.4360502e-01
  5.3650296e-01  -8.4389844e-01  -5.3650296e-01   8.4389844e-01
  5.3604532e-01  -8.4418921e-01  -5.3604532e-01   8.4418921e-01
  5.3559102e-01  -8.4447751e-01  -5.3559102e-01   8.4447751e-01
  5.3513982e-01  -8.4476350e-01  -5.3513982e-01   8.4476350e-01
  5.3469147e-01  -8.4504735e-01  -5.3469147e-01   8.4504735e-01
  5.3424576e-01  -8.4532921e-01  -5.3424576e-01   8.4532921e-01
  5.3380248e-01  -8.4560919e-01  -5.3380248e-01   8.4560919e-01
  5.3336144e-01  -8.4588745e-01  -5.3336144e-01   8.4588745e-01
  5.3292244e-01  -8.4616409e-01  -5.3292244e-01   8.4616409e-01
  5.3248532e-01  -8.4643924e-01  -5.3248532e-01   8.4643924e-01
  5.3204992e-01  -8.4671299e-01  -5.3204992e-01   8.4671299e-01
  5.3161607e-01  -8.4698545e-01  -5.3161607e-01   8.4698545e-01
  5.3118364e-01  -8.4725671e-01  -5.3118364e-01   8.4725671e-01
  5.3075248e-01  -8.4752687e-01  -5.3075248e-01   8.4752687e-01
  5.3032247e-01  -8.4779601e-01  -5.3032247e-01   8.4779601e-01
  5.2989347e-01  -8.4806421e-01  -5.2989347e-01   8.4806421e-01
  5.2946538e-01  -8.4833155e-01  -5.2946538e-01   8.4833155e-01
  5.2903808e-01  -8.4859809e-01  -5.2903808e-01   8.4859809e-01
  5.2861146e-01  -8.4886390e-01  -5.2861146e-01   8.4886390e-01
  5.2818543e-01  -8.4912906e-01  -5.2818543e-01   8.4912906e-01
  5.2775989e-01  -8.4939361e-01  -5.2775989e-01   8.4939361e-01
  5.2733475e-01  -8.4965761e-01  -5.2733475e-01   8.4965761e-01
  5.2690993e-01  -8.4992113e-01  -5.2690993e-01   8.4992113e-01
  5.2648534e-01  -8.5018421e-01  -5.2648534e-01   8.5018421e-01
  5.2606091e-01  -8.5044689e-01  -5.2606091e-01   8.5044689e-01
  5.2563657e-01  -8.5070923e-01  -5.2563657e-01   8.5070923e-01
  5.2521226e-01  -8.5097126e-01  -5.2521226e-01   8.5097126e-01
  5.2478791e-01  -8.5123302e-01  -5.2478791e-01   8.5123302e-01
  5.2436346e-01  -8.5149455e-01  -5.2436346e-01   8.5149455e-01
  5.2393885e-01  -8.5175588e-01  -5.2393885e-01   8.5175588e-01
  5.2351405e-01  -8.5201704e-01  -5.2351405e-01   8.5201704e-01
  5.2308899e-01  -8.5227807e-01  -5.2308899e-01   8.5227807e-01
  5.2266365e-01  -8.5253898e-01  -5.2266365e-01   8.5253898e-01
  5.2223798e-01  -8.5279979e-01  -5.2223798e-01   8.5279979e-01
  5.2181195e-01  -8.5306054e-01  -5.2181195e-01   8.5306054e-01
  5.2138553e-01  -8.5332124e-01  -5.2138553e-01   8.5332124e-01
  5.2095869e-01  -8.5358189e-01  -5.2095869e-01   8.5358189e-01
  5.2053141e-01  -8.5384252e-01  -5.2053141e-01   8.5384252e-01
  5.2010367e-01  -8.5410314e-01  -5.2010367e-01   8.5410314e-01
  5.1967546e-01  -8.5436375e-01  -5.1967546e-01   8.5436375e-01
  5.1924678e-01  -8.5462435e-01  -5.1924678e-01   8.5462435e-01
  5.1881761e-01  -8.5488496e-01  -5.1881761e-01   8.5488496e-01
  5.1838795e-01  -8.5514556e-01  -5.1838795e-01   8.5514556e-01
  5.1795780e-01  -8.5540617e-01  -5.1795780e-01   8.5540617e-01
  5.1752715e-01  -8.5566679e-01  -5.1752715e-01   8.5566679e-01
  5.1709597e-01  -8.5592742e-01  -5.1709597e-01   8.5592742e-01
  5.1666426e-01  -8.5618809e-01  -5.1666426e-01   8.5618809e-01
  5.1623199e-01  -8.5644879e-01  -5.1623199e-01   8.5644879e-01
  5.1579913e-01  -8.5670956e-01  -5.1579913e-01   8.5670956e-01
  5.1536564e-01  -8.5697039e-01  -5.1536564e-01   8.5697039e-01
  5.1493149e-01  -8.5723133e-01  -5.1493149e-01   8.5723133e-01
  5.1449664e-01  -8.5749239e-01  -5.1449664e-01   8.5749239e-01
  5.1406104e-01  -8.5775360e-01  -5.1406104e-01   8.5775360e-01
  5.1362464e-01  -8.5801499e-01  -5.1362464e-01   8.5801499e-01
  5.1318737e-01  -8.5827660e-01  -5.1318737e-01   8.5827660e-01
  5.1274918e-01  -8.5853845e-01  -5.1274918e-01   8.5853845e-01
  5.1231000e-01  -8.5880060e-01  -5.1231000e-01   8.5880060e-01
  5.1186974e-01  -8.5906307e-01  -5.1186974e-01   8.5906307e-01
  5.1142834e-01  -8.5932593e-01  -5.1142834e-01   8.5932593e-01
  5.1098571e-01  -8.5958921e-01  -5.1098571e-01   8.5958921e-01
  5.1054175e-01  -8.5985296e-01  -5.1054175e-01   8.5985296e-01
  5.1009636e-01  -8.6011726e-01  -5.1009636e-01   8.6011726e-01
  5.0964945e-01  -8.6038215e-01  -5.0964945e-01   8.6038215e-01
  5.0920088e-01  -8.6064770e-01  -5.0920088e-01   8.6064770e-01
  5.0875055e-01  -8.6091398e-01  -5.0875055e-01   8.6091398e-01
  5.0829832e-01  -8.6118106e-01  -5.0829832e-01   8.6118106e-01
  5.0784406e-01  -8.6144902e-01  -5.0784406e-01   8.6144902e-01
  5.0738762e-01  -8.6171794e-01  -5.0738762e-01   8.6171794e-01
  5.0692883e-01  -8.6198791e-01  -5.0692883e-01   8.6198791e-01
  5.0646754e-01  -8.6225903e-01  -5.0646754e-01   8.6225903e-01
  5.0600356e-01  -8.6253139e-01  -5.0600356e-01   8.6253139e-01
  5.0553670e-01  -8.6280510e-01  -5.0553670e-01   8.6280510e-01
  5.0506676e-01  -8.6308028e-01  -5.0506676e-01   8.6308028e-01
  5.0459351e-01  -8.6335705e-01  -5.0459351e-01   8.6335705e-01
  5.0411672e-01  -8.6363553e-01  -5.0411672e-01   8.6363553e-01
  5.0363614e-01  -8.6391587e-01  -5.0363614e-01   8.6391587e-01
  5.0315150e-01  -8.6419822e-01  -5.0315150e-01   8.6419822e-01
  5.0266250e-01  -8.6448274e-01  -5.0266250e-01   8.6448274e-01
  5.0216883e-01  -8.6476960e-01  -5.0216883e-01   8.6476960e-01
  5.0167014e-01  -8.6505900e-01  -5.0167014e-01   8.6505900e-01
  5.0116608e-01  -8.6535112e-01  -5.0116608e-01   8.6535112e-01
  5.0065623e-01  -8.6564620e-01  -5.0065623e-01   8.6564620e-01
  5.0014016e-01  -8.6594446e-01  -5.0014016e-01   8.6594446e-01
  4.9961741e-01  -8.6624618e-01  -4.9961741e-01   8.6624618e-01
  4.9908744e-01  -8.6655163e-01  -4.9908744e-01   8.6655163e-01
  4.9854969e-01  -8.6686113e-01  -4.9854969e-01   8.6686113e-01
  4.9800353e-01  -8.6717500e-01  -4.9800353e-01   8.6717500e-01
  4.9744827e-01  -8.6749364e-01  -4.9744827e-01   8.6749364e-01
  4.9688314e-01  -8.6781746e-01  -4.9688314e-01   8.6781746e-01
  4.9630728e-01  -8.6814692e-01  -4.9630728e-01   8.6814692e-01
  4.9571975e-01  -8.6848255e-01  -4.9571975e-01   8.6848255e-01
  4.9511946e-01  -8.6882491e-01  -4.9511946e-01   8.6882491e-01
  4.9450520e-01  -8.6917467e-01  -4.9450520e-01   8.6917467e-01
  4.9387560e-01  -8.6953257e-01  -4.9387560e-01   8.6953257e-01
  4.9322907e-01  -8.6989947e-01  -4.9322907e-01   8.6989947e-01
  4.9256381e-01  -8.7027633e-01  -4.9256381e-01   8.7027633e-01
  4.9187770e-01  -8.7066430e-01  -4.9187770e-01   8.7066430e-01
  4.9116830e-01  -8.7106469e-01  -4.9116830e-01   8.7106469e-01
  4.9043269e-01  -8.7147908e-01  -4.9043269e-01   8.7147908e-01
  4.8966739e-01  -8.7190931e-01  -4.8966739e-01   8.7190931e-01
  4.8886823e-01  -8.7235764e-01  -4.8886823e-01   8.7235764e-01
  4.8803006e-01  -8.7282682e-01  -4.8803006e-01   8.7282682e-01
  4.8714648e-01  -8.7332028e-01  -4.8714648e-01   8.7332028e-01
  4.8620940e-01  -8.7384233e-01  -4.8620940e-01   8.7384233e-01
  4.8520828e-01  -8.7439861e-01  -4.8520828e-01   8.7439861e-01
  4.8412911e-01  -8.7499658e-01  -4.8412911e-01   8.7499658e-01
  4.8295258e-01  -8.7564650e-01  -4.8295258e-01   8.7564650e-01
  4.8165100e-01  -8.7636312e-01  -4.8165100e-01   8.7636312e-01
  4.8018233e-01  -8.7716870e-01  -4.8018233e-01   8.7716870e-01
  4.7847802e-01  -8.7809953e-01  -4.7847802e-01   8.7809953e-01
  4.7641344e-01  -8.7922138e-01  -4.7641344e-01   8.7922138e-01
  4.7371962e-01  -8.8067572e-01  -4.7371962e-01   8.8067572e-01
  4.6958572e-01  -8.8288688e-01  -4.6958572e-01   8.8288688e-01
  2.6335007e-01  -9.6470034e-01  -2.6335007e-01   9.6470034e-01
  2.5699234e-01  -9.6641344e-01  -2.5699234e-01   9.6641344e-01
  2.5357547e-01  -9.6731561e-01  -2.5357547e-01   9.6731561e-01
  2.5111488e-01  -9.6795729e-01  -2.5111488e-01   9.6795729e-01
  2.4914667e-01  -9.6846577e-01  -2.4914667e-01   9.6846577e-01
  2.4748273e-01  -9.6889230e-01  -2.4748273e-01   9.6889230e-01
  2.4602696e-01  -9.6926299e-01  -2.4602696e-01   9.6926299e-01
  2.4472322e-01  -9.6959298e-01  -2.4472322e-01   9.6959298e-01
  2.4353572e-01  -9.6989193e-01  -2.4353572e-01   9.6989193e-01
  2.4244014e-01  -9.7016637e-01  -2.4244014e-01   9.7016637e-01
  2.4141915e-01  -9.7042094e-01  -2.4141915e-01   9.7042094e-01
  2.4045995e-01  -9.7065906e-01  -2.4045995e-01   9.7065906e-01
  2.3955280e-01  -9.7088334e-01  -2.3955280e-01   9.7088334e-01
  2.3869008e-01  -9.7109580e-01  -2.3869008e-01   9.7109580e-01
  2.3786576e-01  -9.7129804e-01  -2.3786576e-01   9.7129804e-01
  2.3707491e-01  -9.7149137e-01  -2.3707491e-01   9.7149137e-01
  2.3631351e-01  -9.7167686e-01  -2.3631351e-01   9.7167686e-01
  2.3557819e-01  -9.7185540e-01  -2.3557819e-01   9.7185540e-01
  2.3486612e-01  -9.7202773e-01  -2.3486612e-01   9.7202773e-01
  2.3417488e-01  -9.7219449e-01  -2.3417488e-01   9.7219449e-01
  2.3350241e-01  -9.7235622e-01  -2.3350241e-01   9.7235622e-01
  2.3284691e-01  -9.7251340e-01  -2.3284691e-01   9.7251340e-01
  2.3220682e-01  -9.7266643e-01  -2.3220682e-01   9.7266643e-01
  2.3158075e-01  -9.7281568e-01  -2.3158075e-01   9.7281568e-01
  2.3096750e-01  -9.7296147e-01  -2.3096750e-01   9.7296147e-01
  2.3036598e-01  -9.7310406e-01  -2.3036598e-01   9.7310406e-01
  2.2977523e-01  -9.7324372e-01  -2.2977523e-01   9.7324372e-01
  2.2919438e-01  -9.7338067e-01  -2.2919438e-01   9.7338067e-01
  2.2862265e-01  -9.7351512e-01  -2.2862265e-01   9.7351512e-01
  2.2805933e-01  -9.7364724e-01  -2.2805933e-01   9.7364724e-01
  2.2750378e-01  -9.7377720e-01  -2.2750378e-01   9.7377720e-01
  2.2695541e-01  -9.7390515e-01  -2.2695541e-01   9.7390515e-01
  2.2641369e-01  -9.7403123e-01  -2.2641369e-01   9.7403123e-01
  2.2587812e-01  -9.7415557e-01  -2.2587812e-01   9.7415557e-01
  2.2534825e-01  -9.7427828e-01  -2.2534825e-01   9.7427828e-01
  2.2482365e-01  -9.7439947e-01  -2.2482365e-01   9.7439947e-01
  2.2430394e-01  -9.7451924e-01  -2.2430394e-01   9.7451924e-01
  2.2378875e-01  -9.7463767e-01  -2.2378875e-01   9.7463767e-01
  2.2327776e-01  -9.7475486e-01  -2.2327776e-01   9.7475486e-01
  2.2277064e-01  -9.7487089e-01  -2.2277064e-01   9.7487089e-01
  2.2226709e-01  -9.7498581e-01  -2.2226709e-01   9.7498581e-01
  2.2176686e-01  -9.7509972e-01  -2.2176686e-01   9.7509972e-01
  2.2126967e-01  -9.7521266e-01  -2.2126967e-01   9.7521266e-01
  2.2077528e-01  -9.7532470e-01  -2.2077528e-01   9.7532470e-01
  2.2028346e-01  -9.7543590e-01  -2.2028346e-01   9.7543590e-01
  2.1979399e-01  -9.7554631e-01  -2.1979399e-01   9.7554631e-01
  2.1930668e-01  -9.7565597e-01  -2.1930668e-01   9.7565597e-01
  2.1882132e-01  -9.7576495e-01  -2.1882132e-01   9.7576495e-01
  2.1833772e-01  -9.7587327e-01  -2.1833772e-01   9.7587327e-01
  2.1785572e-01  -9.7598099e-01  -2.1785572e-01   9.7598099e-01
  2.1737514e-01  -9.7608813e-01  -2.1737514e-01   9.7608813e-01
  2.1689583e-01  -9.7619475e-01  -2.1689583e-01   9.7619475e-01
  2.1641763e-01  -9.7630088e-01  -2.1641763e-01   9.7630088e-01
  2.1594041e-01  -9.7640654e-01  -2.1594041e-01   9.7640654e-01
  2.1546401e-01  -9.7651178e-01  -2.1546401e-01   9.7651178e-01
  2.1498830e-01  -9.7661662e-01  -2.1498830e-01   9.7661662e-01
  2.1451317e-01  -9.7672110e-01  -2.1451317e-01   9.7672110e-01
  2.1403849e-01  -9.7682523e-01  -2.1403849e-01   9.7682523e-01
  2.1356414e-01  -9.7692905e-01  -2.1356414e-01   9.7692905e-01
  2.1309000e-01  -9.7703257e-01  -2.1309000e-01   9.7703257e-01
  2.1261599e-01  -9.7713584e-01  -2.1261599e-01   9.7713584e-01
  2.1214198e-01  -9.7723886e-01  -2.1214198e-01   9.7723886e-01
  2.1166789e-01  -9.7734165e-01  -2.1166789e-01   9.7734165e-01
  2.1119361e-01  -9.7744425e-01  -2.1119361e-01   9.7744425e-01
  2.1071907e-01  -9.7754666e-01  -2.1071907e-01   9.7754666e-01
  2.1024416e-01  -9.7764891e-01  -2.1024416e-01   9.7764891e-01
  2.0976882e-01  -9.7775101e-01  -2.0976882e-01   9.7775101e-01
  2.0929297e-01  -9.7785298e-01  -2.0929297e-01   9.7785298e-01
  2.0881652e-01  -9.7795484e-01  -2.0881652e-01   9.7795484e-01
  2.0833941e-01  -9.7805659e-01  -2.0833941e-01   9.7805659e-01
  2.0786157e-01  -9.7815825e-01  -2.0786157e-01   9.7815825e-01
  2.0738294e-01  -9.7825984e-01  -2.0738294e-01   9.7825984e-01
  2.0690346e-01  -9.7836136e-01  -2.0690346e-01   9.7836136e-01
  2.0642308e-01  -9.7846283e-01  -2.0642308e-01   9.7846283e-01
  2.0594173e-01  -9.7856426e-01  -2.0594173e-01   9.7856426e-01
  2.0545938e-01  -9.7866564e-01  -2.0545938e-01   9.7866564e-01
  2.0497597e-01  -9.7876701e-01  -2.0497597e-01   9.7876701e-01
  2.0449148e-01  -9.7886834e-01  -2.0449148e-01   9.7886834e-01
  2.0400585e-01  -9.7896967e-01  -2.0400585e-01   9.7896967e-01
  2.0351907e-01  -9.7907098e-01  -2.0351907e-01   9.7907098e-01
  2.0303111e-01  -9.7917229e-01  -2.0303111e-01   9.7917229e-01
  2.0254193e-01  -9.7927359e-01  -2.0254193e-01   9.7927359e-01
  2.0205152e-01  -9.7937489e-01  -2.0205152e-01   9.7937489e-01
  2.0155987e-01  -9.7947620e-01  -2.0155987e-01   9.7947620e-01
  2.0106697e-01  -9.7957750e-01  -2.0106697e-01   9.7957750e-01
  2.0057280e-01  -9.7967880e-01  -2.0057280e-01   9.7967880e-01
  2.0007734e-01  -9.7978011e-01  -2.0007734e-01   9.7978011e-01
  1.9958057e-01  -9.7988142e-01  -1.9958057e-01   9.7988142e-01
  1.9908245e-01  -9.7998274e-01  -1.9908245e-01   9.7998274e-01
  1.9858296e-01  -9.8008408e-01  -1.9858296e-01   9.8008408e-01
  1.9808205e-01  -9.8018544e-01  -1.9808205e-01   9.8018544e-01
  1.9757968e-01  -9.8028683e-01  -1.9757968e-01   9.8028683e-01
  1.9707578e-01  -9.8038826e-01  -1.9707578e-01   9.8038826e-01
  1.9657030e-01  -9.8048973e-01  -1.9657030e-01   9.8048973e-01
  1.9606317e-01  -9.8059127e-01  -1.9606317e-01   9.8059127e-01
  1.9555432e-01  -9.8069287e-01  -1.9555432e-01   9.8069287e-01
  1.9504367e-01  -9.8079456e-01  -1.9504367e-01   9.8079456e-01
  1.9453112e-01  -9.8089635e-01  -1.9453112e-01   9.8089635e-01
  1.9401658e-01  -9.8099825e-01  -1.9401658e-01   9.8099825e-01
  1.9349994e-01  -9.8110029e-01  -1.9349994e-01   9.8110029e-01
  1.9298110e-01  -9.8120247e-01  -1.9298110e-01   9.8120247e-01
  1.9245992e-01  -9.8130484e-01  -1.9245992e-01   9.8130484e-01
  1.9193627e-01  -9.8140739e-01  -1.9193627e-01   9.8140739e-01
  1.9141002e-01  -9.8151017e-01  -1.9141002e-01   9.8151017e-01
  1.9088100e-01  -9.8161318e-01  -1.9088100e-01   9.8161318e-01
  1.9034905e-01  -9.8171648e-01  -1.9034905e-01   9.8171648e-01
  1.8981399e-01  -9.8182007e-01  -1.8981399e-01   9.8182007e-01
  1.8927562e-01  -9.8192400e-01  -1.8927562e-01   9.8192400e-01
  1.8873375e-01  -9.8202829e-01  -1.8873375e-01   9.8202829e-01
  1.8818815e-01  -9.8213300e-01  -1.8818815e-01   9.8213300e-01
  1.8763857e-01  -9.8223814e-01  -1.8763857e-01   9.8223814e-01
  1.8708477e-01  -9.8234377e-01  -1.8708477e-01   9.8234377e-01
  1.8652646e-01  -9.8244994e-01  -1.8652646e-01   9.8244994e-01
  1.8596334e-01  -9.8255668e-01  -1.8596334e-01   9.8255668e-01
  1.8539509e-01  -9.8266406e-01  -1.8539509e-01   9.8266406e-01
  1.8482136e-01  -9.8277213e-01  -1.8482136e-01   9.8277213e-01
  1.8424177e-01  -9.8288095e-01  -1.8424177e-01   9.8288095e-01
  1.8365590e-01  -9.8299060e-01  -1.8365590e-01   9.8299060e-01
  1.8306331e-01  -9.8310113e-01  -1.8306331e-01   9.8310113e-01
  1.8246351e-01  -9.8321263e-01  -1.8246351e-01   9.8321263e-01
  1.8185596e-01  -9.8332518e-01  -1.8185596e-01   9.8332518e-01
  1.8124007e-01  -9.8343888e-01  -1.8124007e-01   9.8343888e-01
  1.8061521e-01  -9.8355383e-01  -1.8061521e-01   9.8355383e-01
  1.7998067e-01  -9.8367015e-01  -1.7998067e-01   9.8367015e-01
  1.7933565e-01  -9.8378795e-01  -1.7933565e-01   9.8378795e-01
  1.7867929e-01  -9.8390737e-01  -1.7867929e-01   9.8390737e-01
  1.7801063e-01  -9.8402857e-01  -1.7801063e-01   9.8402857e-01
  1.7732856e-01  -9.8415171e-01  -1.7732856e-01   9.8415171e-01
  1.7663188e-01  -9.8427698e-01  -1.7663188e-01   9.8427698e-01
  1.7591921e-01  -9.8440461e-01  -1.7591921e-01   9.8440461e-01
  1.7518897e-01  -9.8453483e-01  -1.7518897e-01   9.8453483e-01
  1.7443937e-01  -9.8466792e-01  -1.7443937e-01   9.8466792e-01
  1.7366835e-01  -9.8480420e-01  -1.7366835e-01   9.8480420e-01
  1.7287352e-01  -9.8494403e-01  -1.7287352e-01   9.8494403e-01
  1.7205207e-01  -9.8508786e-01  -1.7205207e-01   9.8508786e-01
  1.7120069e-01  -9.8523618e-01  -1.7120069e-01   9.8523618e-01
  1.7031543e-01  -9.8538959e-01  -1.7031543e-01   9.8538959e-01
  1.6939152e-01  -9.8554884e-01  -1.6939152e-01   9.8554884e-01
  1.6842311e-01  -9.8571479e-01  -1.6842311e-01   9.8571479e-01
  1.6740292e-01  -9.8588856e-01  -1.6740292e-01   9.8588856e-01
  1.6632173e-01  -9.8607154e-01  -1.6632173e-01   9.8607154e-01
  1.6516755e-01  -9.8626552e-01  -1.6516755e-01   9.8626552e-01
  1.6392446e-01  -9.8647290e-01  -1.6392446e-01   9.8647290e-01
  1.6257049e-01  -9.8669693e-01  -1.6257049e-01   9.8669693e-01
  1.6107415e-01  -9.8694231e-01  -1.6107415e-01   9.8694231e-01
  1.5938771e-01  -9.8721607e-01  -1.5938771e-01   9.8721607e-01
  1.5743330e-01  -9.8752962e-01  -1.5743330e-01   9.8752962e-01
  1.5506953e-01  -9.8790356e-01  -1.5506953e-01   9.8790356e-01
  1.5199141e-01  -9.8838182e-01  -1.5199141e-01   9.8838182e-01
  1.4728057e-01  -9.8909475e-01  -1.4728057e-01   9.8909475e-01
  2.6335007e-01  -9.6470034e-01  -2.6335007e-01   9.6470034e-01
  2.5699234e-01  -9.6641344e-01  -2.5699234e-01   9.6641344e-01
  2.5357547e-01  -9.6731561e-01  -2.5357547e-01   9.6731561e-01
  2.5111488e-01  -9.6795729e-01  -2.5111488e-01   9.6795729e-01
  2.4914667e-01  -9.6846577e-01  -2.4914667e-01   9.6846577e-01
  2.4748273e-01  -9.6889230e-01  -2.4748273e-01   9.6889230e-01
  2.4602696e-01  -9.6926299e-01  -2.4602696e-01   9.6926299e-01
  2.4472322e-01  -9.6959298e-01  -2.4472322e-01   9.6959298e-01
  2.4353572e-01  -9.6989193e-01  -2.4353572e-01   9.6989193e-01
  2.4244014e-01  -9.7016637e-01  -2.4244014e-01   9.7016637e-01
  2.4141915e-01  -9.7042094e-01  -2.4141915e-01   9.7042094e-01
  2.4045995e-01  -9.7065906e-01  -2.4045995e-01   9.7065906e-01
  2.3955280e-01  -9.7088334e-01  -2.3955280e-01   9.7088334e-01
  2.3869008e-01  -9.7109580e-01  -2.3869008e-01   9.7109580e-01
  2.3786576e-01  -9.7129804e-01  -2.3786576e-01   9.7129804e-01
  2.3707491e-01  -9.7149137e-01  -2.3707491e-01   9.7149137e-01
  2.3631351e-01  -9.7167686e-01  -2.3631351e-01   9.7167686e-01
  2.3557819e-01  -9.7185540e-01  -2.3557819e-01   9.7185540e-01
  2.3486612e-01  -9.7202773e-01  -2.3486612e-01   9.7202773e-01
  2.3417488e-01  -9.7219449e-01  -2.3417488e-01   9.7219449e-01
  2.3350241e-01  -9.7235622e-01  -2.3350241e-01   9.7235622e-01
  2.3284691e-01  -9.7251340e-01  -2.3284691e-01   9.7251340e-01
  2.3220682e-01  -9.7266643e-01  -2.3220682e-01   9.7266643e-01
  2.3158075e-01  -9.7281568e-01  -2.3158075e-01   9.7281568e-01
  2.3096750e-01  -9.7296147e-01  -2.3096750e-01   9.7296147e-01
  2.3036598e-01  -9.7310406e-01  -2.3036598e-01   9.7310406e-01
  2.2977523e-01  -9.7324372e-01  -2.2977523e-01   9.7324372e-01
  2.2919438e-01  -9.7338067e-01  -2.2919438e-01   9.7338067e-01
  2.2862265e-01  -9.7351512e-01  -2.2862265e-01   9.7351512e-01
  2.2805933e-01  -9.7364724e-01  -2.2805933e-01   9.7364724e-01
  2.2750378e-01  -9.7377720e-01  -2.2750378e-01   9.7377720e-01
  2.2695541e-01  -9.7390515e-01  -2.2695541e-01   9.7390515e-01
  2.2641369e-01  -9.7403123e-01  -2.2641369e-01   9.7403123e-01
  2.2587812e-01  -9.7415557e-01  -2.2587812e-01   9.7415557e-01
  2.2534825e-01  -9.7427828e-01  -2.2534825e-01   9.7427828e-01
  2.2482365e-01  -9.7439947e-01  -2.2482365e-01   9.7439947e-01
  2.2430394e-01  -9.7451924e-01  -2.2430394e-01   9.7451924e-01
  2.2378875e-01  -9.7463767e-01  -2.2378875e-01   9.7463767e-01
  2.2327776e-01  -9.7475486e-01  -2.2327776e-01   9.7475486e-01
  2.2277064e-01  -9.7487089e-01  -2.2277064e-01   9.7487089e-01
  2.2226709e-01  -9.7498581e-01  -2.2226709e-01   9.7498581e-01
  2.2176686e-01  -9.7509972e-01  -2.2176686e-01   9.7509972e-01
  2.2126967e-01  -9.7521266e-01  -2.2126967e-01   9.7521266e-01
  2.2077528e-01  -9.7532470e-01  -2.2077528e-01   9.7532470e-01
  2.2028346e-01  -9.7543590e-01  -2.2028346e-01   9.7543590e-01
  2.1979399e-01  -9.7554631e-01  -2.1979399e-01   9.7554631e-01
  2.1930668e-01  -9.7565597e-01  -2.1930668e-01   9.7565597e-01
  2.1882132e-01  -9.7576495e-01  -2.1882132e-01   9.7576495e-01
  2.1833772e-01  -9.7587327e-01  -2.1833772e-01   9.7587327e-01
  2.1785572e-01  -9.7598099e-01  -2.1785572e-01   9.7598099e-01
  2.1737514e-01  -9.7608813e-01  -2.1737514e-01   9.7608813e-01
  2.1689583e-01  -9.7619475e-01  -2.1689583e-01   9.7619475e-01
  2.1641763e-01  -9.7630088e-01  -2.1641763e-01   9.7630088e-01
  2.1594041e-01  -9.7640654e-01  -2.1594041e-01   9.7640654e-01
  2.1546401e-01  -9.7651178e-01  -2.1546401e-01   9.7651178e-01
  2.1498830e-01  -9.7661662e-01  -2.1498830e-01   9.7661662e-01
  2.1451317e-01  -9.7672110e-01  -2.1451317e-01   9.7672110e-01
  2.1403849e-01  -9.7682523e-01  -2.1403849e-01   9.7682523e-01
  2.1356414e-01  -9.7692905e-01  -2.1356414e-01   9.7692905e-01
  2.1309000e-01  -9.7703257e-01  -2.1309000e-01   9.7703257e-01
  2.1261599e-01  -9.7713584e-01  -2.1261599e-01   9.7713584e-01
  2.1214198e-01  -9.7723886e-01  -2.1214198e-01   9.7723886e-01
  2.1166789e-01  -9.7734165e-01  -2.1166789e-01   9.7734165e-01
  2.1119361e-01  -9.7744425e-01  -2.1119361e-01   9.7744425e-01
  2.1071907e-01  -9.7754666e-01  -2.1071907e-01   9.7754666e-01
  2.1024416e-01  -9.7764891e-01  -2.1024416e-01   9.7764891e-01
  2.0976882e-01  -9.7775101e-01  -2.0976882e-01   9.7775101e-01
  2.0929297e-01  -9.7785298e-01  -2.0929297e-01   9.7785298e-01
  2.0881652e-01  -9.7795484e-01  -2.0881652e-01   9.7795484e-01
  2.0833941e-01  -9.7805659e-01  -2.0833941e-01   9.7805659e-01
  2.0786157e-01  -9.7815825e-01  -2.0786157e-01   9.7815825e-01
  2.0738294e-01  -9.7825984e-01  -2.0738294e-01   9.7825984e-01
  2.0690346e-01  -9.7836136e-01  -2.0690346e-01   9.7836136e-01
  2.0642308e-01  -9.7846283e-01  -2.0642308e-01   9.7846283e-01
  2.0594173e-01  -9.7856426e-01  -2.0594173e-01   9.7856426e-01
  2.0545938e-01  -9.7866564e-01  -2.0545938e-01   9.7866564e-01
  2.0497597e-01  -9.7876701e-01  -2.0497597e-01   9.7876701e-01
  2.0449148e-01  -9.7886834e-01  -2.0449148e-01   9.7886834e-01
  2.0400585e-01  -9.7896967e-01  -2.0400585e-01   9.7896967e-01
  2.0351907e-01  -9.7907098e-01  -2.0351907e-01   9.7907098e-01
  2.0303111e-01  -9.7917229e-01  -2.0303111e-01   9.7917229e-01
  2.0254193e-01  -9.7927359e-01  -2.0254193e-01   9.7927359e-01
  2.0205152e-01  -9.7937489e-01  -2.0205152e-01   9.7937489e-01
  2.0155987e-01  -9.7947620e-01  -2.0155987e-01   9.7947620e-01
  2.0106697e-01  -9.7957750e-01  -2.0106697e-01   9.7957750e-01
  2.0057280e-01  -9.7967880e-01  -2.0057280e-01   9.7967880e-01
  2.0007734e-01  -9.7978011e-01  -2.0007734e-01   9.7978011e-01
  1.9958057e-01  -9.7988142e-01  -1.9958057e-01   9.7988142e-01
  1.9908245e-01  -9.7998274e-01  -1.9908245e-01   9.7998274e-01
  1.9858296e-01  -9.8008408e-01  -1.9858296e-01   9.8008408e-01
  1.9808205e-01  -9.8018544e-01  -1.9808205e-01   9.8018544e-01
  1.9757968e-01  -9.8028683e-01  -1.9757968e-01   9.8028683e-01
  1.9707578e-01  -9.8038826e-01  -1.9707578e-01   9.8038826e-01
  1.9657030e-01  -9.8048973e-01  -1.9657030e-01   9.8048973e-01
  1.9606317e-01  -9.8059127e-01  -1.9606317e-01   9.8059127e-01
  1.9555432e-01  -9.8069287e-01  -1.9555432e-01   9.8069287e-01
  1.9504367e-01  -9.8079456e-01  -1.9504367e-01   9.8079456e-01
  1.9453112e-01  -9.8089635e-01  -1.9453112e-01   9.8089635e-01
  1.9401658e-01  -9.8099825e-01  -1.9401658e-01   9.8099825e-01
  1.9349994e-01  -9.8110029e-01  -1.9349994e-01   9.8110029e-01
  1.9298110e-01  -9.8120247e-01  -1.9298110e-01   9.8120247e-01
  1.9245992e-01  -9.8130484e-01  -1.9245992e-01   9.8130484e-01
  1.9193627e-01  -9.8140739e-01  -1.9193627e-01   9.8140739e-01
  1.9141002e-01  -9.8151017e-01  -1.9141002e-01   9.8151017e-01
  1.9088100e-01  -9.8161318e-01  -1.9088100e-01   9.8161318e-01
  1.9034905e-01  -9.8171648e-01  -1.9034905e-01   9.8171648e-01
  1.8981399e-01  -9.8182007e-01  -1.8981399e-01   9.8182007e-01
  1.8927562e-01  -9.8192400e-01  -1.8927562e-01   9.8192400e-01
  1.8873375e-01  -9.8202829e-01  -1.8873375e-01   9.8202829e-01
  1.8818815e-01  -9.8213300e-01  -1.8818815e-01   9.8213300e-01
  1.8763857e-01  -9.8223814e-01  -1.8763857e-01   9.8223814e-01
  1.8708477e-01  -9.8234377e-01  -1.8708477e-01   9.8234377e-01
  1.8652646e-01  -9.8244994e-01  -1.8652646e-01   9.8244994e-01
  1.8596334e-01  -9.8255668e-01  -1.8596334e-01   9.8255668e-01
  1.8539509e-01  -9.8266406e-01  -1.8539509e-01   9.8266406e-01
  1.8482136e-01  -9.8277213e-01  -1.8482136e-01   9.8277213e-01
  1.8424177e-01  -9.8288095e-01  -1.8424177e-01   9.8288095e-01
  1.8365590e-01  -9.8299060e-01  -1.8365590e-01   9.8299060e-01
  1.8306331e-01  -9.8310113e-01  -1.8306331e-01   9.8310113e-01
  1.8246351e-01  -9.8321263e-01  -1.8246351e-01   9.8321263e-01
  1.8185596e-01  -9.8332518e-01  -1.8185596e-01   9.8332518e-01
  1.8124007e-01  -9.8343888e-01  -1.8124007e-01   9.8343888e-01
  1.8061521e-01  -9.8355383e-01  -1.8061521e-01   9.8355383e-01
  1.7998067e-01  -9.8367015e-01  -1.7998067e-01   9.8367015e-01
  1.7933565e-01  -9.8378795e-01  -1.7933565e-01   9.8378795e-01
  1.7867929e-01  -9.8390737e-01  -1.7867929e-01   9.8390737e-01
  1.7801063e-01  -9.8402857e-01  -1.7801063e-01   9.8402857e-01
  1.7732856e-01  -9.8415171e-01  -1.7732856e-01   9.8415171e-01
  1.7663188e-01  -9.8427698e-01  -1.7663188e-01   9.8427698e-01
  1.7591921e-01  -9.8440461e-01  -1.7591921e-01   9.8440461e-01
  1.7518897e-01  -9.8453483e-01  -1.7518897e-01   9.8453483e-01
  1.7443937e-01  -9.8466792e-01  -1.7443937e-01   9.8466792e-01
  1.7366835e-01  -9.8480420e-01  -1.7366835e-01   9.8480420e-01
  1.7287352e-01  -9.8494403e-01  -1.7287352e-01   9.8494403e-01
  1.7205207e-01  -9.8508786e-01  -1.7205207e-01   9.8508786e-01
  1.7120069e-01  -9.8523618e-01  -1.7120069e-01   9.8523618e-01
  1.7031543e-01  -9.8538959e-01  -1.7031543e-01   9.8538959e-01
  1.6939152e-01  -9.8554884e-01  -1.6939152e-01   9.8554884e-01
  1.6842311e-01  -9.8571479e-01  -1.6842311e-01   9.8571479e-01
  1.6740292e-01  -9.8588856e-01  -1.6740292e-01   9.8588856e-01
  1.6632173e-01  -9.8607154e-01  -1.6632173e-01   9.8607154e-01
  1.6516755e-01  -9.8626552e-01  -1.6516755e-01   9.8626552e-01
  1.6392446e-01  -9.8647290e-01  -1.6392446e-01   9.8647290e-01
  1.6257049e-01  -9.8669693e-01  -1.6257049e-01   9.8669693e-01
  1.6107415e-01  -9.8694231e-01  -1.6107415e-01   9.8694231e-01
  1.5938771e-01  -9.8721607e-01  -1.5938771e-01   9.8721607e-01
  1.5743330e-01  -9.8752962e-01  -1.5743330e-01   9.8752962e-01
  1.5506953e-01  -9.8790356e-01  -1.5506953e-01   9.8790356e-01
  1.5199141e-01  -9.8838182e-01  -1.5199141e-01   9.8838182e-01
  1.4728057e-01  -9.8909475e-01  -1.4728057e-01   9.8909475e-01
